start_time,end_time,text,event_class,highlight_score
0,4,paul williams of new zealand is the man in the middle today taking charge of his second match at his rugby world cup,kick_off,0.5159
2,6,paul williams of new zealand is the man in the middle today taking charge of his second match at his rugby world cup,kick_off,0.5159
4,8,paul williams of new zealand is the man in the middle today taking charge of his second match at his rugby world cup two old adversaries draw swords inside the greatest rugby playing arena of them all,kick_off,0.5159
6,10,paul williams of new zealand is the man in the middle today taking charge of his second match at his rugby world cup two old adversaries draw swords inside the greatest rugby playing arena of them all,kick_off,0.5159
8,12,two old adversaries draw swords inside the greatest rugby playing arena of them all,kick_off,0.5159
10,14,two old adversaries draw swords inside the greatest rugby playing arena of them all,kick_off,0.5159
12,16,two old adversaries draw swords inside the greatest rugby playing arena of them all george in the red kicked us off,normal_play,0.0
14,18,george in the red kicked us off,normal_play,0.0
16,20,george in the red kicked us off,normal_play,0.4032
18,22,weve just listened to the portuguese fans already,normal_play,0.4032
20,24,weve just listened to the portuguese fans already,normal_play,0.4032
22,26,weve just listened to the portuguese fans already match with a high testing box kick,normal_play,0.4032
24,28,match with a high testing box kick,normal_play,0.4032
26,30,match with a high testing box kick lost forward apresidze has it to his halfback partner abjadadze,normal_play,0.4032
28,32,match with a high testing box kick lost forward apresidze has it to his halfback partner abjadadze,normal_play,0.4032
30,34,lost forward apresidze has it to his halfback partner abjadadze the youngest man ever to play it fly off in a rugby world cup,normal_play,0.4032
32,36,lost forward apresidze has it to his halfback partner abjadadze the youngest man ever to play it fly off in a rugby world cup,normal_play,0.3345
34,38,the youngest man ever to play it fly off in a rugby world cup,normal_play,0.3345
36,40,the youngest man ever to play it fly off in a rugby world cup apresidze in his 50th game for georgia to mamoukashvili who has over 100,normal_play,0.3345
38,42,apresidze in his 50th game for georgia to mamoukashvili who has over 100,normal_play,0.3345
40,44,apresidze in his 50th game for georgia to mamoukashvili who has over 100 gigaashvili stealing through the middle,normal_play,0.4032
42,46,apresidze in his 50th game for georgia to mamoukashvili who has over 100 gigaashvili stealing through the middle,normal_play,0.4032
44,48,gigaashvili stealing through the middle just shackled by a portuguese trap,normal_play,0.4032
46,50,just shackled by a portuguese trap,normal_play,0.4032
48,52,just shackled by a portuguese trap georgia begin to move this wide,normal_play,0.4032
50,54,georgia begin to move this wide niniashvili todawa the 36 year old to saki nadze,normal_play,0.4032
52,56,georgia begin to move this wide niniashvili todawa the 36 year old to saki nadze,normal_play,0.4032
54,58,niniashvili todawa the 36 year old to saki nadze his first game since june after a troublesome injury,normal_play,0.4032
56,60,niniashvili todawa the 36 year old to saki nadze his first game since june after a troublesome injury,normal_play,0.4023
58,62,his first game since june after a troublesome injury nadiashvili 53 year old gnarled loose head,normal_play,0.4023
60,64,his first game since june after a troublesome injury nadiashvili 53 year old gnarled loose head,normal_play,0.4023
62,66,nadiashvili 53 year old gnarled loose head,normal_play,0.4023
64,68,nadiashvili 53 year old gnarled loose head abjadadze to krasiladze who is rocked by that shot,normal_play,0.3841
66,70,abjadadze to krasiladze who is rocked by that shot,normal_play,0.3841
68,72,abjadadze to krasiladze who is rocked by that shot quick ball for georgia abjadadze gigaashvili shoveling it on,normal_play,0.3841
70,74,abjadadze to krasiladze who is rocked by that shot quick ball for georgia abjadadze gigaashvili shoveling it on,normal_play,0.3841
72,76,quick ball for georgia abjadadze gigaashvili shoveling it on niniashvilis in the line what a pass,normal_play,0.4032
74,78,quick ball for georgia abjadadze gigaashvili shoveling it on niniashvilis in the line what a pass,normal_play,0.4032
76,80,niniashvilis in the line what a pass tabutsadzes away,normal_play,0.4032
78,82,tabutsadzes away,normal_play,0.4032
80,84,tabutsadzes away the georgian globetrotters have arrived in toulouse,normal_play,0.0
82,86,the georgian globetrotters have arrived in toulouse,normal_play,0.0
84,88,the georgian globetrotters have arrived in toulouse,normal_play,0.0
86,90,the georgian globetrotters have arrived in toulouse what a statement from georgia,normal_play,0.0
88,92,what a statement from georgia and their sharpest tool akaki tabutsadze the record triscorer,normal_play,0.0
90,94,what a statement from georgia and their sharpest tool akaki tabutsadze the record triscorer,normal_play,0.0
92,96,and their sharpest tool akaki tabutsadze the record triscorer,normal_play,0.0
94,98,and their sharpest tool akaki tabutsadze the record triscorer splinters the deadlock inside 90 seconds,normal_play,0.0
96,100,splinters the deadlock inside 90 seconds,normal_play,0.0
98,102,splinters the deadlock inside 90 seconds,normal_play,0.0
100,104,well it was clinical stuff,normal_play,0.0
102,106,well it was clinical stuff side line to side line the big men doing their job,normal_play,0.0
104,108,well it was clinical stuff side line to side line the big men doing their job,normal_play,0.0
106,110,side line to side line the big men doing their job spilled ball there,normal_play,0.0
108,112,side line to side line the big men doing their job spilled ball there and that gave the men in red an opportunity,normal_play,0.4032
110,114,spilled ball there and that gave the men in red an opportunity,normal_play,0.4032
112,116,and that gave the men in red an opportunity you can see nathan korsh just asking for help,normal_play,0.4032
114,118,you can see nathan korsh just asking for help look hes calling we need more men out here we need more men,normal_play,0.4032
116,120,look hes calling we need more men out here we need more men and in the end they did because there were too many red jerseys lined up,normal_play,0.0
118,122,look hes calling we need more men out here we need more men and in the end they did because there were too many red jerseys lined up,normal_play,0.0
120,124,and in the end they did because there were too many red jerseys lined up look at this sublime offload out the back door,normal_play,0.0
122,126,look at this sublime offload out the back door a beautiful and a perfect start for georgia,normal_play,0.0
124,128,look at this sublime offload out the back door a beautiful and a perfect start for georgia,normal_play,0.0
126,130,a beautiful and a perfect start for georgia 30th try and 34 tests for akaki tabutsadze,normal_play,0.0
128,132,30th try and 34 tests for akaki tabutsadze,goal_kick,0.8688
130,134,30th try and 34 tests for akaki tabutsadze,goal_kick,0.8688
132,136,30th try and 34 tests for akaki tabutsadze,goal_kick,0.8688
134,138,abjadadze slots the extras,goal_kick,0.8688
136,140,abjadadze slots the extras georgia 7 portugal 0,goal_kick,0.8688
138,142,abjadadze slots the extras georgia 7 portugal 0,goal_kick,0.8688
140,144,georgia 7 portugal 0 statement made,goal_kick,0.8688
142,146,statement made,goal_kick,0.8688
144,148,well as you see theres just not enough white jerseys,normal_play,0.4032
146,150,well as you see theres just not enough white jerseys great footwork there to step out of the initial tackle,normal_play,0.4032
148,152,great footwork there to step out of the initial tackle and the presence of mind keep that ball alive,normal_play,0.4032
150,154,and the presence of mind keep that ball alive nice and early,normal_play,0.4032
152,156,and the presence of mind keep that ball alive nice and early great stuff and rob thats daunting if youre a portuguese fan,normal_play,0.0
154,158,great stuff and rob thats daunting if youre a portuguese fan,normal_play,0.0
156,160,great stuff and rob thats daunting if youre a portuguese fan alright staggering start gotta say tactically georgia rewritten the script,normal_play,0.0
158,162,alright staggering start gotta say tactically georgia rewritten the script,normal_play,0.0
160,164,gotta say tactically georgia rewritten the script last week against australia it was 2 7 kicks to passes,normal_play,0.0
162,166,last week against australia it was 2 7 kicks to passes theyve already played more rugby than we saw last week,normal_play,0.0
164,168,last week against australia it was 2 7 kicks to passes theyve already played more rugby than we saw last week,kick_off,0.5097
166,170,theyve already played more rugby than we saw last week incredible start from them,kick_off,0.5097
168,172,incredible start from them,kick_off,0.5097
180,184,scrum half for georgia closes,normal_play,0.4032
182,186,scrum half for georgia closes rugby in montpellier not too far from here,normal_play,0.4032
184,188,rugby in montpellier not too far from here top 14 winner a year ago,normal_play,0.4032
186,190,top 14 winner a year ago,normal_play,0.4032
188,192,portela responds,normal_play,0.4032
190,194,portela responds rene ashvili architect of that tabutsadze try,normal_play,0.4032
192,196,rene ashvili architect of that tabutsadze try looking for a 50 22,normal_play,0.4032
194,198,rene ashvili architect of that tabutsadze try looking for a 50 22,normal_play,0.4032
196,200,looking for a 50 22 ninos whos against gets back in time,normal_play,0.4032
198,202,ninos whos against gets back in time hes a nifty customer as well,normal_play,0.4032
200,204,ninos whos against gets back in time hes a nifty customer as well,normal_play,0.0845
202,206,hes a nifty customer as well,normal_play,0.0845
206,210,rene ashvili,normal_play,0.4032
208,212,rene ashvili throws the ball down the tram lines,normal_play,0.4032
210,214,throws the ball down the tram lines was that a 50 22 not quite,normal_play,0.4032
212,216,was that a 50 22 not quite its awkward from portugal,normal_play,0.3993
214,218,was that a 50 22 not quite its awkward from portugal march puts portela in all sorts of trouble,normal_play,0.3993
216,220,its awkward from portugal march puts portela in all sorts of trouble and george and ransack them at the base,normal_play,0.3993
218,222,march puts portela in all sorts of trouble and george and ransack them at the base knock on advantage to the ninos,normal_play,0.3993
220,224,and george and ransack them at the base knock on advantage to the ninos they too cough it up,normal_play,0.4032
222,226,knock on advantage to the ninos they too cough it up,normal_play,0.4032
224,228,they too cough it up,normal_play,0.4032
226,230,portugal being caught in some georgian traps at the moment,normal_play,0.4032
228,232,portugal being caught in some georgian traps at the moment,normal_play,0.4032
230,234,portugal being caught in some georgian traps at the moment well credit to georgians they got downfield here,normal_play,0.4032
232,236,well credit to georgians they got downfield here a little bit careless the pass is low,normal_play,0.4032
234,238,a little bit careless the pass is low thought he had more time than he did,normal_play,0.4032
236,240,thought he had more time than he did good pressure downfield,normal_play,0.4032
238,242,good pressure downfield from the georgian fullback,normal_play,0.4032
240,244,from the georgian fullback ashvili and it wont be the last time he calls his name,normal_play,0.4032
242,246,ashvili and it wont be the last time he calls his name he looked for the offload couldnt quite come off,normal_play,0.4032
244,248,ashvili and it wont be the last time he calls his name he looked for the offload couldnt quite come off but not a strong start from this portuguese outfit,normal_play,0.4032
246,250,he looked for the offload couldnt quite come off but not a strong start from this portuguese outfit,normal_play,0.4032
248,252,but not a strong start from this portuguese outfit space imbalance,normal_play,0.0
250,254,space imbalance the width that georgia are looking to play with,normal_play,0.0
252,256,the width that georgia are looking to play with befits a team who really are coming out to make a statement,normal_play,0.0
254,258,the width that georgia are looking to play with befits a team who really are coming out to make a statement,normal_play,0.0
256,260,befits a team who really are coming out to make a statement theyre playing wide theyre running with real power and pace in these outside tunnels,normal_play,0.0
258,262,theyre playing wide theyre running with real power and pace in these outside tunnels,normal_play,0.0
260,264,theyre playing wide theyre running with real power and pace in these outside tunnels its going to be difficult for portugal unless they up their defence,normal_play,0.0
262,266,its going to be difficult for portugal unless they up their defence,normal_play,0.0
264,268,its going to be difficult for portugal unless they up their defence and rob they add that to this component of the game,normal_play,0.0
266,270,and rob they add that to this component of the game the scrimmagingues were going to see here,normal_play,0.0
268,272,the scrimmagingues were going to see here world renowned obviously,normal_play,0.0
270,274,world renowned obviously the georgian coach will be so happy with that,normal_play,0.0
272,276,the georgian coach will be so happy with that ashvili he knows this element of the game scrimmaging,normal_play,0.3829
274,278,ashvili he knows this element of the game scrimmaging but hes trying to add the other element so they can win and compete,normal_play,0.3829
276,280,ashvili he knows this element of the game scrimmaging but hes trying to add the other element so they can win and compete,normal_play,0.3829
278,282,but hes trying to add the other element so they can win and compete if there was one complaint they got that loss against australia,normal_play,0.3829
280,284,if there was one complaint they got that loss against australia as you noted they just didnt have the width and the multi dimension to their game,normal_play,0.3829
282,286,if there was one complaint they got that loss against australia as you noted they just didnt have the width and the multi dimension to their game,normal_play,0.3829
284,288,as you noted they just didnt have the width and the multi dimension to their game lajuske already frustrated,normal_play,0.3829
286,290,as you noted they just didnt have the width and the multi dimension to their game lajuske already frustrated understandable,normal_play,0.3829
288,292,lajuske already frustrated understandable five penalty given away by portugal at scrim time against the welsh,scrum,0.2267
290,294,understandable five penalty given away by portugal at scrim time against the welsh,scrum,0.2267
292,296,five penalty given away by portugal at scrim time against the welsh this would be an area the georgians will look to not just strangle,scrum,0.2267
294,298,five penalty given away by portugal at scrim time against the welsh this would be an area the georgians will look to not just strangle,scrum,0.2267
296,300,this would be an area the georgians will look to not just strangle theyll look to actually keep hold of it throughout,scrum,0.2267
298,302,theyll look to actually keep hold of it throughout both sides in,scrum,0.2267
300,304,both sides in good side,scrum,0.2267
302,306,both sides in good side you two are excellent,scrum,0.2267
304,308,you two are excellent excellent you two not good,normal_play,0.0
306,310,excellent you two not good more space please,normal_play,0.0
308,312,you two not good more space please heres your mark theres the front of the report card issued early doors,normal_play,0.0
310,314,heres your mark theres the front of the report card issued early doors,normal_play,0.0
312,316,theres the front of the report card issued early doors a very experienced set of players in there,normal_play,0.0
314,318,a very experienced set of players in there nari ashvili mamouk ashvili gigashvili all over 30,normal_play,0.0
316,320,a very experienced set of players in there nari ashvili mamouk ashvili gigashvili all over 30,normal_play,0.0
318,322,nari ashvili mamouk ashvili gigashvili all over 30 francisco fernandes on the lucid side with the mop of hair,normal_play,0.0
320,324,francisco fernandes on the lucid side with the mop of hair,scrum,0.4877
322,326,francisco fernandes on the lucid side with the mop of hair the right of your pictures 38 years old,scrum,0.4877
324,328,the right of your pictures 38 years old right tager 34,scrum,0.4877
326,330,right tager 34,scrum,0.4877
328,332,hes going to be very good for it,scrum,0.4877
330,334,hes going to be very good for it theyve got the two shirts,scrum,0.4877
332,336,theyve got the two shirts this is the game,scrum,0.4877
334,338,theyve got the two shirts this is the game the aspect of play that georgia have built their name on,scrum,0.4877
336,340,this is the game the aspect of play that georgia have built their name on,scrum,0.2959
338,342,the aspect of play that georgia have built their name on apresidze to abzhandadze,scrum,0.2959
340,344,apresidze to abzhandadze taboud sadzi off his line when hes wrapped up in a big shot by nicola martins,scrum,0.2959
342,346,apresidze to abzhandadze taboud sadzi off his line when hes wrapped up in a big shot by nicola martins,scrum,0.2959
344,348,taboud sadzi off his line when hes wrapped up in a big shot by nicola martins,normal_play,0.4032
346,350,taboud sadzi off his line when hes wrapped up in a big shot by nicola martins apresidze to gorgadze,normal_play,0.4032
348,352,apresidze to gorgadze,normal_play,0.4032
350,354,apresidze to gorgadze,normal_play,0.4032
352,356,apresidze,normal_play,0.4032
354,358,apresidze nari ashvili took a year out of rugby to deal with some problems with his knee and his ankle,normal_play,0.4032
356,360,nari ashvili took a year out of rugby to deal with some problems with his knee and his ankle,normal_play,0.4032
358,362,took a year out of rugby to deal with some problems with his knee and his ankle but hes back at 33 in another rugby world cup,normal_play,0.4032
360,364,took a year out of rugby to deal with some problems with his knee and his ankle but hes back at 33 in another rugby world cup,normal_play,0.4032
362,366,but hes back at 33 in another rugby world cup apresidze to abzhandadze,normal_play,0.4032
364,368,apresidze to abzhandadze options shot down outside him,normal_play,0.4032
366,370,apresidze to abzhandadze options shot down outside him he went it alone,normal_play,0.4032
368,372,options shot down outside him he went it alone yeah yeah hes lost it coach gloamal stole it back,normal_play,0.4032
370,374,yeah yeah hes lost it coach gloamal stole it back mamouk ashvili,normal_play,0.4032
372,376,coach gloamal stole it back mamouk ashvili played all over england and france,normal_play,0.4032
374,378,mamouk ashvili played all over england and france now back in georgia,normal_play,0.4032
376,380,played all over england and france now back in georgia gignashvili to janahonia,normal_play,0.4032
378,382,gignashvili to janahonia grangey blindside flanker,normal_play,0.4032
380,384,gignashvili to janahonia grangey blindside flanker,normal_play,0.4032
382,386,grangey blindside flanker faces mounting for georgia,normal_play,0.4032
384,388,faces mounting for georgia chris eladze on his 50th,normal_play,0.2931
386,390,chris eladze on his 50th last fight here,normal_play,0.2931
388,392,last fight here janahonia stepping but cant get away from diogo hasfaraira,normal_play,0.2931
390,394,janahonia stepping but cant get away from diogo hasfaraira,normal_play,0.2931
392,396,janahonia stepping but cant get away from diogo hasfaraira,normal_play,0.4032
394,398,janahonia stepping but cant get away from diogo hasfaraira mikhail khadze,normal_play,0.4032
396,400,mikhail khadze,normal_play,0.4032
398,402,into double figure face count here,normal_play,0.4032
400,404,into double figure face count here sharik khadze to ninashvili whos almost shadow boxing with portela,normal_play,0.0
402,406,sharik khadze to ninashvili whos almost shadow boxing with portela,normal_play,0.0
404,408,sharik khadze to ninashvili whos almost shadow boxing with portela neither man able to land a killer blow,penalty,0.4889
406,410,neither man able to land a killer blow,penalty,0.4889
408,412,neither man able to land a killer blow big penalty for portugal,penalty,0.4889
410,414,big penalty for portugal and the two nines are going at it,penalty,0.4889
412,416,and the two nines are going at it,normal_play,0.0
414,418,and the two nines are going at it a couple of meerkats jousting in amongst the big boys from the french plains,normal_play,0.0
416,420,a couple of meerkats jousting in amongst the big boys from the french plains,normal_play,0.0
418,422,a couple of meerkats jousting in amongst the big boys from the french plains,normal_play,0.0
420,424,a couple of meerkats jousting in amongst the big boys from the french plains,normal_play,0.0
422,426,well these sides wont back down listen to this,normal_play,0.0
424,428,well these sides wont back down listen to this,normal_play,0.0
430,434,well samuel marques had right to be more dependent,normal_play,0.0
432,436,well samuel marques had right to be more dependent that man there he was looking for the ball,normal_play,0.0
434,438,that man there he was looking for the ball i hope hes going to have a little chat here lets listen to him,normal_play,0.0
436,440,i hope hes going to have a little chat here lets listen to him then red nine pulled into the four which started it,normal_play,0.22
438,442,then red nine pulled into the four which started it and hes advanced it ten if you want but its red nine who caused the issue,normal_play,0.22
440,444,then red nine pulled into the four which started it and hes advanced it ten if you want but its red nine who caused the issue,normal_play,0.22
442,446,and hes advanced it ten if you want but its red nine who caused the issue yeah i think so,normal_play,0.22
444,448,and hes advanced it ten if you want but its red nine who caused the issue yeah i think so here you go boys,normal_play,0.0
446,450,yeah i think so here you go boys thats it three power williams,normal_play,0.0
448,452,here you go boys thats it three power williams red nine has actually stopped them from being able to go quickly,normal_play,0.2877
450,454,thats it three power williams red nine has actually stopped them from being able to go quickly,normal_play,0.2877
452,456,red nine has actually stopped them from being able to go quickly so were going to advance the penalty,normal_play,0.2877
454,458,red nine has actually stopped them from being able to go quickly so were going to advance the penalty and listen just while were here we dont need any more of that okay,normal_play,0.2877
456,460,so were going to advance the penalty and listen just while were here we dont need any more of that okay,normal_play,0.4032
458,462,and listen just while were here we dont need any more of that okay it stops now,normal_play,0.4032
460,464,and listen just while were here we dont need any more of that okay it stops now,normal_play,0.4032
462,466,it stops now these teams do battle every single year,normal_play,0.4032
464,468,these teams do battle every single year they are the fiercest of rivals theyre the two strongest teams,normal_play,0.4032
466,470,these teams do battle every single year they are the fiercest of rivals theyre the two strongest teams,normal_play,0.4032
468,472,they are the fiercest of rivals theyre the two strongest teams toms going to go back on,normal_play,0.4032
470,474,toms going to go back on which sits beneath the six nations,normal_play,0.4032
472,476,which sits beneath the six nations i wonder that the two smallest blokes on the field those two pesky scrum halves,normal_play,0.4032
474,478,which sits beneath the six nations i wonder that the two smallest blokes on the field those two pesky scrum halves,normal_play,0.4032
476,480,i wonder that the two smallest blokes on the field those two pesky scrum halves the heart of the tummels,normal_play,0.4032
478,482,i wonder that the two smallest blokes on the field those two pesky scrum halves the heart of the tummels but lets not forget that penalty came as a reward for good portuguese defence,normal_play,0.4032
480,484,the heart of the tummels but lets not forget that penalty came as a reward for good portuguese defence,normal_play,0.4008
482,486,but lets not forget that penalty came as a reward for good portuguese defence,normal_play,0.4008
484,488,but lets not forget that penalty came as a reward for good portuguese defence he started out here he wants to go quickly and thats his right,normal_play,0.4008
486,490,he started out here he wants to go quickly and thats his right hes lucky he doesnt have a yellow there actually because hes prevented some action,normal_play,0.4008
488,492,he started out here he wants to go quickly and thats his right hes lucky he doesnt have a yellow there actually because hes prevented some action,normal_play,0.4032
490,494,hes lucky he doesnt have a yellow there actually because hes prevented some action and portugal need to play with up tempo,normal_play,0.4032
492,496,and portugal need to play with up tempo if i was the portuguese skipper id be planting that seed in referee williams head and say,lineout,0.4726
494,498,if i was the portuguese skipper id be planting that seed in referee williams head and say,lineout,0.4726
496,500,if i was the portuguese skipper id be planting that seed in referee williams head and say hey dont let them take this game away from us,lineout,0.4726
498,502,hey dont let them take this game away from us scrappy line out ball for portugal,lineout,0.4726
500,504,hey dont let them take this game away from us scrappy line out ball for portugal but they do have their first meaningful possession of the match,normal_play,0.0
502,506,scrappy line out ball for portugal but they do have their first meaningful possession of the match,normal_play,0.0
504,508,but they do have their first meaningful possession of the match match,normal_play,0.4032
506,510,but they do have their first meaningful possession of the match match portela off of the corner,normal_play,0.4032
508,512,match portela off of the corner covered by nini ashwini,normal_play,0.4032
510,514,portela off of the corner covered by nini ashwini hold,normal_play,0.4032
512,516,covered by nini ashwini hold he chases,normal_play,0.4032
514,518,hold he chases george will fly off all the way back,normal_play,0.4032
516,520,george will fly off all the way back portugal want this to go dead,normal_play,0.4032
518,522,portugal want this to go dead and it does scrum back from where nini ashwini kicked it,normal_play,0.4032
520,524,and it does scrum back from where nini ashwini kicked it,normal_play,0.4032
522,526,scrum back from where nini ashwini kicked it and from a dazzling assist,normal_play,0.4032
524,528,and from a dazzling assist to an over kicked kick,normal_play,0.0
526,530,and from a dazzling assist to an over kicked kick well perhaps a cruel first bounce,normal_play,0.0
528,532,to an over kicked kick well perhaps a cruel first bounce,normal_play,0.0
530,534,well perhaps a cruel first bounce this is the stadium to lose,normal_play,0.0
532,536,this is the stadium to lose not the home of stad,normal_play,0.4032
534,538,not the home of stad it is the soccer home,normal_play,0.4032
536,540,not the home of stad it is the soccer home so its a little bit firmer than the eastern,normal_play,0.4032
538,542,so its a little bit firmer than the eastern this ball just takes off a bit cruel there,normal_play,0.4032
540,544,this ball just takes off a bit cruel there it will be a great turn of events for the portuguese,normal_play,0.0
542,546,it will be a great turn of events for the portuguese just look at the distance that is kicked there,normal_play,0.0
544,548,it will be a great turn of events for the portuguese just look at the distance that is kicked there,normal_play,0.0
546,550,just look at the distance that is kicked there understandably heading home,normal_play,0.0
548,552,just look at the distance that is kicked there understandably heading home but thats just outside his 22,normal_play,0.0
550,554,understandably heading home but thats just outside his 22 if that did go into the 22 it would have been georges ball,normal_play,0.0
552,556,but thats just outside his 22 if that did go into the 22 it would have been georges ball a real tactic for both of these teams is to kick territorially,normal_play,0.0
554,558,if that did go into the 22 it would have been georges ball a real tactic for both of these teams is to kick territorially,normal_play,0.0
556,560,a real tactic for both of these teams is to kick territorially they like to kick long,normal_play,0.0
558,562,they like to kick long and theyve got some absolute power in these legs as well,normal_play,0.0
560,564,and theyve got some absolute power in these legs as well,scrum,0.4877
562,566,and theyve got some absolute power in these legs as well,scrum,0.4877
564,568,portugals attack feels beautifully against the welsh,scrum,0.4877
566,570,portugals attack feels beautifully against the welsh,scrum,0.4877
568,572,portugals attack feels beautifully against the welsh,scrum,0.4877
570,574,and really impressed with ball in hand,scrum,0.4877
572,576,and really impressed with ball in hand they love to give it some air to use the expansive,scrum,0.4877
574,578,and really impressed with ball in hand they love to give it some air to use the expansive,scrum,0.4877
576,580,they love to give it some air to use the expansive dangerous players in their back line,scrum,0.4877
578,582,they love to give it some air to use the expansive dangerous players in their back line theres match,scrum,0.4877
580,584,dangerous players in their back line theres match portela plenty of options,scrum,0.4877
582,586,theres match portela plenty of options and he hits one of them its put on court,scrum,0.4877
584,588,portela plenty of options and he hits one of them its put on court release now tecla,normal_play,0.0
586,590,and he hits one of them its put on court release now tecla good roll good roll,normal_play,0.0
588,592,release now tecla good roll good roll match holding it up well for jose madeira,normal_play,0.4032
590,594,good roll good roll match holding it up well for jose madeira,normal_play,0.4032
592,596,match holding it up well for jose madeira match just loses it,normal_play,0.4032
594,598,match holding it up well for jose madeira match just loses it it didnt go backwards,normal_play,0.4032
596,600,match just loses it it didnt go backwards advantage,normal_play,0.4032
598,602,it didnt go backwards advantage and then it went forward and george is staffing it back,normal_play,0.4032
600,604,and then it went forward and george is staffing it back got the advantage of the knock on,normal_play,0.4032
602,606,got the advantage of the knock on yeah hes taken it there,normal_play,0.4032
604,608,yeah hes taken it there,normal_play,0.4032
606,610,thats really trascor of against australia,normal_play,0.4032
608,612,thats really trascor of against australia former soldier,normal_play,0.4032
610,614,former soldier former soldier in the georgian army,normal_play,0.4032
612,616,former soldier in the georgian army only took up rugby about 10 years ago in his early 20s,normal_play,0.4032
614,618,only took up rugby about 10 years ago in his early 20s the recommendation of a friend,normal_play,0.4032
616,620,only took up rugby about 10 years ago in his early 20s the recommendation of a friend dragged him along to training,normal_play,0.4032
618,622,the recommendation of a friend dragged him along to training here is big beck at 30 odd caps later,normal_play,0.4032
620,624,dragged him along to training here is big beck at 30 odd caps later,normal_play,0.4032
622,626,here is big beck at 30 odd caps later shes against knocks it forwards,normal_play,0.4032
624,628,shes against knocks it forwards just a knock on,normal_play,0.0
626,630,knocks it forwards just a knock on he was never going to be able to react to that,normal_play,0.0
628,632,just a knock on he was never going to be able to react to that nice bit of refereeing there,normal_play,0.0
630,634,he was never going to be able to react to that nice bit of refereeing there it went forward off a white players hand,normal_play,0.0
632,636,nice bit of refereeing there it went forward off a white players hand and caught by another white player,normal_play,0.0
634,638,it went forward off a white players hand and caught by another white player but as he said no time to react,normal_play,0.0
636,640,and caught by another white player but as he said no time to react its not going to be a penalty which would have been an option there,normal_play,0.0
638,642,but as he said no time to react its not going to be a penalty which would have been an option there,normal_play,0.0
640,644,its not going to be a penalty which would have been an option there not much that stotti having knocked it on could do there,normal_play,0.0
642,646,not much that stotti having knocked it on could do there just to explain the kicks recently,normal_play,0.0
644,648,not much that stotti having knocked it on could do there just to explain the kicks recently,normal_play,0.0
646,650,just to explain the kicks recently this is really interesting stats when we look at it,normal_play,0.0
648,652,this is really interesting stats when we look at it georgia against australia had 2 7 kicks per pass,normal_play,0.0
650,654,georgia against australia had 2 7 kicks per pass that means they didnt have up to three passes before they kicked it,normal_play,0.0
652,656,georgia against australia had 2 7 kicks per pass that means they didnt have up to three passes before they kicked it,normal_play,0.0
654,658,that means they didnt have up to three passes before they kicked it already weve seen the impact of these,normal_play,0.0
656,660,that means they didnt have up to three passes before they kicked it already weve seen the impact of these the high boxers as its known tactically and territorially working well for them so far georgia,normal_play,0.0
658,662,already weve seen the impact of these the high boxers as its known tactically and territorially working well for them so far georgia,normal_play,0.0
660,664,the high boxers as its known tactically and territorially working well for them so far georgia,normal_play,0.0
662,666,the high boxers as its known tactically and territorially working well for them so far georgia yeah georgia kicked 55 times in the open round of fixtures,normal_play,0.0
664,668,yeah georgia kicked 55 times in the open round of fixtures,normal_play,0.0
666,670,yeah georgia kicked 55 times in the open round of fixtures theyre not going to beat any team besides england,normal_play,0.0
668,672,theyre not going to beat any team besides england the average are around 25 kicks per game in the rupert europe championship,normal_play,0.0
670,674,the average are around 25 kicks per game in the rupert europe championship,normal_play,0.0
672,676,the average are around 25 kicks per game in the rupert europe championship they like to put boot to ball and use that mighty pack to get them in the right areas of the pitch,scrum,0.2901
674,678,they like to put boot to ball and use that mighty pack to get them in the right areas of the pitch,scrum,0.2901
676,680,they like to put boot to ball and use that mighty pack to get them in the right areas of the pitch,scrum,0.2901
678,682,they like to put boot to ball and use that mighty pack to get them in the right areas of the pitch,scrum,0.2901
682,686,penalty advantage to georgia,scrum,0.2901
684,688,penalty advantage to georgia abzandadze front football for kwe eladze,scrum,0.2901
686,690,abzandadze front football for kwe eladze,scrum,0.2901
688,692,abzandadze front football for kwe eladze ninny ashvili puts the hammers down,normal_play,0.4032
690,694,ninny ashvili puts the hammers down tabudzadze gets back to his feet,normal_play,0.4032
692,696,ninny ashvili puts the hammers down tabudzadze gets back to his feet abzandadze inside,normal_play,0.4032
694,698,tabudzadze gets back to his feet abzandadze inside ninny ashvili climbs on,normal_play,0.4032
696,700,abzandadze inside ninny ashvili climbs on i dont think so mate,normal_play,0.4032
698,702,ninny ashvili climbs on i dont think so mate fabulous rugby from the georgians,normal_play,0.4032
700,704,i dont think so mate fabulous rugby from the georgians but there was a little fumble,normal_play,0.4032
702,706,fabulous rugby from the georgians but there was a little fumble paul williams wasnt sure,normal_play,0.4032
704,708,but there was a little fumble paul williams wasnt sure the ball is in the red and it attacks the white player,normal_play,0.0
706,710,paul williams wasnt sure the ball is in the red and it attacks the white player chris busby helping him out with the far side assistant referee,normal_play,0.0
708,712,the ball is in the red and it attacks the white player chris busby helping him out with the far side assistant referee,normal_play,0.0
710,714,chris busby helping him out with the far side assistant referee knocked on georgia weaving some lovely stuff,normal_play,0.0
712,716,knocked on georgia weaving some lovely stuff,normal_play,0.0
714,718,georgia weaving some lovely stuff well portugal had faulted,normal_play,0.0
716,720,well portugal had faulted their line speed is really poor theyre not coming forward,normal_play,0.0
718,722,their line speed is really poor theyre not coming forward as a result they have to receive this pressure and some good hard running,normal_play,0.0
720,724,as a result they have to receive this pressure and some good hard running no substitute for that,normal_play,0.4032
722,726,as a result they have to receive this pressure and some good hard running no substitute for that from the georgians in their back they sit themselves up here,normal_play,0.4032
724,728,no substitute for that from the georgians in their back they sit themselves up here just a slight knock on there,normal_play,0.4032
726,730,from the georgians in their back they sit themselves up here just a slight knock on there the assistant official has seen it and radioed it in,normal_play,0.4032
728,732,just a slight knock on there the assistant official has seen it and radioed it in,normal_play,0.4032
730,734,the assistant official has seen it and radioed it in what a luxury it is for these backs to be able to build a house upon the rocks,normal_play,0.4032
732,736,what a luxury it is for these backs to be able to build a house upon the rocks,normal_play,0.4032
734,738,what a luxury it is for these backs to be able to build a house upon the rocks because this scrum is so incredibly solid from georgia,normal_play,0.4032
736,740,what a luxury it is for these backs to be able to build a house upon the rocks because this scrum is so incredibly solid from georgia,normal_play,0.0
738,742,because this scrum is so incredibly solid from georgia you know you can get your set piece nailed,normal_play,0.0
740,744,you know you can get your set piece nailed your backs moves can flow on the back of it,normal_play,0.0
742,746,your backs moves can flow on the back of it,normal_play,0.0
752,756,75 of the opening 12 minutes,scrum,0.3987
754,758,75 of the opening 12 minutes,scrum,0.3987
756,760,75 of the opening 12 minutes georgia possession,scrum,0.3987
758,762,georgia possession,scrum,0.3987
762,766,portugal scarce they had a sniff,penalty,0.3581
764,768,portugal scarce they had a sniff they will have a preview with this free kick,penalty,0.3581
766,770,they will have a preview with this free kick so thats a free kick the georgians not listening to the referees commands,penalty,0.3581
768,772,so thats a free kick the georgians not listening to the referees commands,normal_play,0.0
770,774,so thats a free kick the georgians not listening to the referees commands they will have a meeting before him,normal_play,0.0
772,776,they will have a meeting before him and a quick tap and go,normal_play,0.0
774,778,and a quick tap and go,normal_play,0.0
776,780,its unorthodox but he wheels it in,normal_play,0.4032
778,782,its unorthodox but he wheels it in,normal_play,0.4032
780,784,its unorthodox but he wheels it in holding red,normal_play,0.4032
782,786,holding red the rookie of the year in 2022,normal_play,0.4032
784,788,the rookie of the year in 2022 weve all seen what he can do,normal_play,0.4032
786,790,the rookie of the year in 2022 weve all seen what he can do ball in hands,normal_play,0.4032
788,792,weve all seen what he can do ball in hands yours is opposite man suza gij,normal_play,0.4032
790,794,ball in hands yours is opposite man suza gij,normal_play,0.4032
792,796,yours is opposite man suza gij hell feel the bite,normal_play,0.4032
794,798,hell feel the bite he stays inside,normal_play,0.4032
796,800,he stays inside its 22,normal_play,0.4032
798,802,its 22 portela keeps it in,normal_play,0.4032
800,804,portela keeps it in,normal_play,0.4032
802,806,father one of the 2007 contingent,normal_play,0.4032
804,808,father one of the 2007 contingent miguel portela,normal_play,0.4032
806,810,father one of the 2007 contingent miguel portela red,normal_play,0.4032
808,812,miguel portela red portugal are now treading,normal_play,0.4032
810,814,red portugal are now treading and ninni ashwili can pick his spots,normal_play,0.4032
812,816,portugal are now treading and ninni ashwili can pick his spots the pounce of the pops so cruel for him,normal_play,0.4032
814,818,and ninni ashwili can pick his spots the pounce of the pops so cruel for him acres of unguarded toulouse real estates,normal_play,0.4032
816,820,the pounce of the pops so cruel for him acres of unguarded toulouse real estates,normal_play,0.4032
818,822,acres of unguarded toulouse real estates but march cap make much distance with his own clearance,normal_play,0.4032
820,824,but march cap make much distance with his own clearance,normal_play,0.4032
822,826,but march cap make much distance with his own clearance thats clever play from david ninni ashwili,normal_play,0.4032
824,828,thats clever play from david ninni ashwili,normal_play,0.4032
826,830,yeah i just noted it,normal_play,0.4032
828,832,yeah i just noted it theres no one back there to cover after the bit of the kicking duel,normal_play,0.4032
830,834,theres no one back there to cover after the bit of the kicking duel and actually not that well executed kick,normal_play,0.4032
832,836,and actually not that well executed kick you dont want to be the old guy,normal_play,0.0
834,838,you dont want to be the old guy when some people are talking about the role of the spiral kick to get it to pick up and roll,normal_play,0.0
836,840,you dont want to be the old guy when some people are talking about the role of the spiral kick to get it to pick up and roll,normal_play,0.0
838,842,when some people are talking about the role of the spiral kick to get it to pick up and roll and that shows the dominance from this georgian team,normal_play,0.0
840,844,when some people are talking about the role of the spiral kick to get it to pick up and roll and that shows the dominance from this georgian team,normal_play,0.0
842,846,and that shows the dominance from this georgian team with ball in hand,normal_play,0.0
844,848,and that shows the dominance from this georgian team with ball in hand six canes from portugal,lineout,0.1248
846,850,with ball in hand six canes from portugal,lineout,0.1248
848,852,six canes from portugal feeding off scraps,lineout,0.1248
850,854,feeding off scraps,lineout,0.1248
852,856,feeding off scraps and georgia,maul,0.263
854,858,and georgia with this big lead tank,maul,0.263
856,860,and georgia with this big lead tank and motoring,lineout,0.4724
858,862,with this big lead tank and motoring,lineout,0.4724
860,864,and motoring portela at the back for port gadset,lineout,0.4724
862,866,portela at the back for port gadset,lineout,0.4724
864,868,portela at the back for port gadset and gadset,normal_play,0.0
866,870,and gadset,normal_play,0.0
868,872,and gadset gadset,normal_play,0.0
870,874,gadset makes a couple more meters,normal_play,0.0
872,876,gadset makes a couple more meters,normal_play,0.4032
874,878,makes a couple more meters gadset again,normal_play,0.4032
876,880,gadset again too long prop,normal_play,0.4032
878,882,gadset again too long prop the european challenge cup winner,normal_play,0.4032
880,884,too long prop the european challenge cup winner portugal infringing at the base,normal_play,0.4032
882,886,the european challenge cup winner portugal infringing at the base so merab shariq gadset the captain,normal_play,0.4032
884,888,portugal infringing at the base so merab shariq gadset the captain trundles further,normal_play,0.4032
886,890,so merab shariq gadset the captain trundles further abzandadze,normal_play,0.4032
888,892,trundles further abzandadze its going to be toroa to get after that,normal_play,0.4032
890,894,abzandadze its going to be toroa to get after that but its never likely to get hold of it,normal_play,0.4032
892,896,its going to be toroa to get after that but its never likely to get hold of it and we will go back for the portuguese infringements,normal_play,0.4032
894,898,but its never likely to get hold of it and we will go back for the portuguese infringements,normal_play,0.4032
896,900,and we will go back for the portuguese infringements yeah going back for the penalty at the breakdown,normal_play,0.0
898,902,yeah going back for the penalty at the breakdown i think it was granada who just got on the wrong side,normal_play,0.0
900,904,yeah going back for the penalty at the breakdown i think it was granada who just got on the wrong side and didnt get out of the way,normal_play,0.0
902,906,i think it was granada who just got on the wrong side and didnt get out of the way wasnt rolling away,normal_play,0.0
904,908,and didnt get out of the way wasnt rolling away and that became material because georgia couldnt recycle the ball,normal_play,0.0
906,910,wasnt rolling away and that became material because georgia couldnt recycle the ball,normal_play,0.0
908,912,and that became material because georgia couldnt recycle the ball,normal_play,0.0
910,914,lets watch here,normal_play,0.0
912,916,lets watch here this is after these big hits coming in from both sides,normal_play,0.0
914,918,lets watch here this is after these big hits coming in from both sides there he is wrong side,normal_play,0.0
916,920,this is after these big hits coming in from both sides there he is wrong side hes got to get out of there a bit quicker,normal_play,0.0
918,922,there he is wrong side hes got to get out of there a bit quicker and the scrim half is maybe holding him in there,normal_play,0.0
920,924,hes got to get out of there a bit quicker and the scrim half is maybe holding him in there and thats the one,normal_play,0.0
922,926,and the scrim half is maybe holding him in there and thats the one material,normal_play,0.0
924,928,and thats the one material here we are,normal_play,0.0
926,930,material here we are i havent shot,normal_play,0.0
928,932,here we are i havent shot i shot corgot,normal_play,0.0
930,934,i havent shot i shot corgot pointing to the posts,normal_play,0.0
932,936,i shot corgot pointing to the posts,normal_play,0.0
934,938,pointing to the posts trying to turn this pressure into points,normal_play,0.0
936,940,trying to turn this pressure into points,normal_play,0.0
938,942,trying to turn this pressure into points,normal_play,0.0
940,944,well as you mentioned off the top this is one of the great rugby cities in the world,normal_play,0.0
942,946,well as you mentioned off the top this is one of the great rugby cities in the world this is the football stadium,normal_play,0.0
944,948,well as you mentioned off the top this is one of the great rugby cities in the world this is the football stadium but our drone giving us some incredible shots,goal_kick,0.8688
946,950,this is the football stadium but our drone giving us some incredible shots a sellout here,goal_kick,0.8688
948,952,but our drone giving us some incredible shots a sellout here and thats the game for all the french,goal_kick,0.8688
950,954,a sellout here and thats the game for all the french obviously georgia and portugal,goal_kick,0.8688
952,956,and thats the game for all the french obviously georgia and portugal but their love of the game their knowledge of the game,goal_kick,0.8688
954,958,obviously georgia and portugal but their love of the game their knowledge of the game theyve already had the wave going,goal_kick,0.8688
956,960,but their love of the game their knowledge of the game theyve already had the wave going and its really what world cups are all about,goal_kick,0.8688
958,962,theyve already had the wave going and its really what world cups are all about coming to venues like this,goal_kick,0.8688
960,964,and its really what world cups are all about coming to venues like this and the incredible support the french have given right across the country,goal_kick,0.8688
962,966,coming to venues like this and the incredible support the french have given right across the country,goal_kick,0.8688
964,968,and the incredible support the french have given right across the country the first george and fly half,goal_kick,0.8688
966,970,the first george and fly half to play in the french top 14,goal_kick,0.8688
968,972,the first george and fly half to play in the french top 14,goal_kick,0.8688
970,974,to play in the french top 14 over 300 points for this country now,goal_kick,0.8688
972,976,over 300 points for this country now and he adds another three,goal_kick,0.8688
974,978,over 300 points for this country now and he adds another three georgia 10 portugal 0,goal_kick,0.8688
976,980,and he adds another three georgia 10 portugal 0,normal_play,0.0
978,982,georgia 10 portugal 0,normal_play,0.0
982,986,the st george cross is not just for england,normal_play,0.0
984,988,the st george cross is not just for england georgia will want to build on this,normal_play,0.0
986,990,the st george cross is not just for england georgia will want to build on this a strong start 16 minutes in,normal_play,0.0
988,992,georgia will want to build on this a strong start 16 minutes in interesting they took the three,normal_play,0.0
990,994,a strong start 16 minutes in interesting they took the three theyre going to keep that scoreboard ticking over,normal_play,0.0
992,996,interesting they took the three theyre going to keep that scoreboard ticking over rob im not sure what you take is in that,kick_off,0.5159
994,998,theyre going to keep that scoreboard ticking over rob im not sure what you take is in that yeah very much a case of them trying to get these possessions theyve got down in pointscoring,kick_off,0.5159
996,1000,rob im not sure what you take is in that yeah very much a case of them trying to get these possessions theyve got down in pointscoring portugal havent really been down in the georgia territory to score,kick_off,0.5159
998,1002,yeah very much a case of them trying to get these possessions theyve got down in pointscoring portugal havent really been down in the georgia territory to score they might get a chance here,kick_off,0.5159
1000,1004,portugal havent really been down in the georgia territory to score they might get a chance here its all very untidy,kick_off,0.5159
1002,1006,they might get a chance here its all very untidy ninny ashveili is in a dark old corridor,kick_off,0.5159
1004,1008,its all very untidy ninny ashveili is in a dark old corridor and stevie cerchera envelops him in his octopus like arms,kick_off,0.5159
1006,1010,ninny ashveili is in a dark old corridor and stevie cerchera envelops him in his octopus like arms and then he doesnt roll away,kick_off,0.5159
1008,1012,and stevie cerchera envelops him in his octopus like arms and then he doesnt roll away its hard to get out of the way when youre 6 foot 10,normal_play,0.0
1010,1014,and then he doesnt roll away its hard to get out of the way when youre 6 foot 10 arms and legs everywhere from big stevie cerchera,normal_play,0.0
1012,1016,its hard to get out of the way when youre 6 foot 10 arms and legs everywhere from big stevie cerchera but hes got to get out of the way,normal_play,0.0
1014,1018,arms and legs everywhere from big stevie cerchera but hes got to get out of the way and hes got to get out of the way,normal_play,0.0
1016,1020,but hes got to get out of the way and hes got to get out of the way and hes got to get out of the way,penalty,0.4471
1018,1022,and hes got to get out of the way and hes got to get out of the way and hes got to get out of the way,penalty,0.4471
1020,1024,and hes got to get out of the way and hes got to get out of the way and hes got to get out of the way,penalty,0.4471
1022,1026,and hes got to get out of the way and hes got to get out of the way and hes got to get out of the way,penalty,0.4471
1024,1028,and hes got to get out of the way and hes got to get out of the way arms and legs everywhere from big stevie cerchera,normal_play,0.0
1026,1030,and hes got to get out of the way arms and legs everywhere from big stevie cerchera but george i have to jail here,normal_play,0.0
1028,1032,arms and legs everywhere from big stevie cerchera but george i have to jail here yeah hes deemed not releasing there,normal_play,0.0
1030,1034,but george i have to jail here yeah hes deemed not releasing there i thought the georgian player may have taken an extra roll,normal_play,0.0
1032,1036,yeah hes deemed not releasing there i thought the georgian player may have taken an extra roll which makes it hard,normal_play,0.0
1034,1038,i thought the georgian player may have taken an extra roll which makes it hard but it will be a penalty to georgia,normal_play,0.0
1036,1040,which makes it hard but it will be a penalty to georgia again a chance for him to calm down clear the lines and look at this stadium,normal_play,0.0
1038,1042,but it will be a penalty to georgia again a chance for him to calm down clear the lines and look at this stadium,normal_play,0.0
1040,1044,again a chance for him to calm down clear the lines and look at this stadium,normal_play,0.0
1044,1048,this was the tackle,normal_play,0.0
1046,1050,this was the tackle off the kickoff loose ball,normal_play,0.0
1048,1052,this was the tackle off the kickoff loose ball georgia will want to clean this up,normal_play,0.0
1050,1054,off the kickoff loose ball georgia will want to clean this up they look for a second like portugal might have a run in,normal_play,0.0
1052,1056,georgia will want to clean this up they look for a second like portugal might have a run in the tackle comes in here,normal_play,0.4032
1054,1058,they look for a second like portugal might have a run in the tackle comes in here theres the hard tackle and theres one roll,normal_play,0.4032
1056,1060,the tackle comes in here theres the hard tackle and theres one roll and the second roll by the georgian,normal_play,0.4032
1058,1062,theres the hard tackle and theres one roll and the second roll by the georgian not much big stevie can do to get out of the way,normal_play,0.4032
1060,1064,and the second roll by the georgian not much big stevie can do to get out of the way,normal_play,0.0
1062,1066,not much big stevie can do to get out of the way,normal_play,0.0
1066,1070,love the throw to the tail from mamoukashvili,lineout,0.4726
1068,1072,love the throw to the tail from mamoukashvili love the throw to the tail from mamoukashvili,lineout,0.4726
1070,1074,love the throw to the tail from mamoukashvili love the throw to the tail from mamoukashvili abshantadze at the back for sharikadze and kveseladze,lineout,0.4726
1072,1076,love the throw to the tail from mamoukashvili abshantadze at the back for sharikadze and kveseladze abshantadze at the back for sharikadze and kveseladze,normal_play,0.0
1074,1078,abshantadze at the back for sharikadze and kveseladze abshantadze at the back for sharikadze and kveseladze pierces the portuguese defence,normal_play,0.0
1076,1080,abshantadze at the back for sharikadze and kveseladze pierces the portuguese defence a placida for gagashvili,normal_play,0.4032
1078,1082,pierces the portuguese defence a placida for gagashvili a placida for gagashvili,normal_play,0.4032
1080,1084,a placida for gagashvili a placida for gagashvili gagashvili takes some stopping,normal_play,0.4032
1082,1086,a placida for gagashvili gagashvili takes some stopping they pull that line side with nini ashvili in the line again,normal_play,0.4032
1084,1088,gagashvili takes some stopping they pull that line side with nini ashvili in the line again gagashvili is coming through a mountain of early work,normal_play,0.4032
1086,1090,they pull that line side with nini ashvili in the line again gagashvili is coming through a mountain of early work gagashvili is coming through a mountain of early work,normal_play,0.4032
1088,1092,gagashvili is coming through a mountain of early work gagashvili is coming through a mountain of early work gagashvili is coming through a mountain of early work,normal_play,0.4032
1090,1094,gagashvili is coming through a mountain of early work gagashvili is coming through a mountain of early work and theyre up to five carries,normal_play,0.4032
1092,1096,gagashvili is coming through a mountain of early work and theyre up to five carries nini ashvili holds it up,normal_play,0.4032
1094,1098,and theyre up to five carries nini ashvili holds it up janahonya galloping away,normal_play,0.4032
1096,1100,nini ashvili holds it up janahonya galloping away didnt give the pass but does now,try,1.0
1098,1102,janahonya galloping away didnt give the pass but does now and might not be given,try,1.0
1100,1104,didnt give the pass but does now and might not be given and might not be given,try,1.0
1102,1106,and might not be given and might not be given it is,try,1.0
1104,1108,and might not be given it is nini ashvili pounces on the loose ball,try,1.0
1106,1110,it is nini ashvili pounces on the loose ball its apracidze in fact,try,1.0
1108,1112,nini ashvili pounces on the loose ball its apracidze in fact its apracidze in fact,try,1.0
1110,1114,its apracidze in fact its apracidze in fact he grounds it,try,1.0
1112,1116,its apracidze in fact he grounds it we just need to check,try,1.0
1114,1118,he grounds it we just need to check by red into a white player,try,1.0
1116,1120,we just need to check by red into a white player and then went forward,try,1.0
1118,1122,by red into a white player and then went forward if there was a knock on in the lead up,try,1.0
1120,1124,and then went forward if there was a knock on in the lead up the referee thinks hes seen it clean,normal_play,0.0
1122,1126,if there was a knock on in the lead up the referee thinks hes seen it clean hes not going to have a look he hasnt signalled up to the tmo,normal_play,0.0
1124,1128,the referee thinks hes seen it clean hes not going to have a look he hasnt signalled up to the tmo in our crew here,normal_play,0.0
1126,1130,hes not going to have a look he hasnt signalled up to the tmo in our crew here i must admit i thought it came off the chest,normal_play,0.0
1128,1132,in our crew here i must admit i thought it came off the chest,normal_play,0.0
1130,1134,i must admit i thought it came off the chest and maybe having a look here,normal_play,0.0
1132,1136,and maybe having a look here tmo are trying to help him out,normal_play,0.0
1134,1138,and maybe having a look here tmo are trying to help him out theyre having a look in there,normal_play,0.0
1136,1140,tmo are trying to help him out theyre having a look in there thats it,tmo_replay,0.85
1138,1142,theyre having a look in there thats it the tmo will just sweep this up in the background,tmo_replay,0.85
1140,1144,thats it the tmo will just sweep this up in the background whether or not paul williams signals for the tmo review,tmo_replay,0.85
1142,1146,the tmo will just sweep this up in the background whether or not paul williams signals for the tmo review which he is doing now,tmo_replay,0.85
1144,1148,whether or not paul williams signals for the tmo review which he is doing now all these incidents are always monitored by our officials on slightly ground,tmo_replay,0.85
1146,1150,which he is doing now all these incidents are always monitored by our officials on slightly ground all these incidents are always monitored by our officials on slightly ground,tmo_replay,0.85
1148,1152,all these incidents are always monitored by our officials on slightly ground all these incidents are always monitored by our officials on slightly ground,tmo_replay,0.85
1150,1154,all these incidents are always monitored by our officials on slightly ground now were going to take a more formal look at things,tmo_replay,0.85
1152,1156,now were going to take a more formal look at things now were going to take a more formal look at things,tmo_replay,0.85
1154,1158,now were going to take a more formal look at things now were going to take a more formal look at things portuguese fans gave a relief,tmo_replay,0.85
1156,1160,now were going to take a more formal look at things portuguese fans gave a relief there when the signal came in,tmo_replay,0.85
1158,1162,portuguese fans gave a relief there when the signal came in and theres joy neville,tmo_replay,0.85
1160,1164,there when the signal came in and theres joy neville heres your first angle,tmo_replay,0.85
1162,1166,and theres joy neville heres your first angle clearly comes off the right arm,tmo_replay,0.85
1164,1168,heres your first angle clearly comes off the right arm of the right arm,tmo_replay,0.85
1166,1170,clearly comes off the right arm of the right arm of the red player,tmo_replay,0.85
1168,1172,of the right arm of the red player,tmo_replay,0.85
1170,1174,of the red player,tmo_replay,0.85
1172,1176,clearly a knock on,tmo_replay,0.85
1174,1178,clearly a knock on yeah i agree,tmo_replay,0.85
1176,1180,clearly a knock on yeah i agree ok thank you back to me,tmo_replay,0.85
1178,1182,yeah i agree ok thank you back to me,tmo_replay,0.85
1180,1184,ok thank you back to me ok so no try,tmo_replay,0.85
1182,1186,ok so no try knock on,tmo_replay,0.85
1184,1188,ok so no try knock on its gone wide,normal_play,0.0
1186,1190,knock on its gone wide the night of trying is 50th outing for georgia,normal_play,0.0
1188,1192,its gone wide the night of trying is 50th outing for georgia and the only reason theyre in that position is an incredible try saving tackle,normal_play,0.0
1190,1194,the night of trying is 50th outing for georgia and the only reason theyre in that position is an incredible try saving tackle and the only reason theyre in that position is an incredible try saving tackle,normal_play,0.0
1192,1196,and the only reason theyre in that position is an incredible try saving tackle and the only reason theyre in that position is an incredible try saving tackle just before this,normal_play,0.0
1194,1198,and the only reason theyre in that position is an incredible try saving tackle just before this as they bust through the line,normal_play,0.0
1196,1200,just before this as they bust through the line sosa gets his last man back,normal_play,0.0
1198,1202,as they bust through the line sosa gets his last man back big powerful running,normal_play,0.0
1200,1204,sosa gets his last man back big powerful running from the back row forward,normal_play,0.0
1202,1206,big powerful running from the back row forward he decides to keep it,normal_play,0.0
1204,1208,from the back row forward he decides to keep it and look at the cover coming for the demeanour,normal_play,0.0
1206,1210,he decides to keep it and look at the cover coming for the demeanour its the fly half actually,normal_play,0.0
1208,1212,and look at the cover coming for the demeanour its the fly half actually corrections,normal_play,0.0
1210,1214,its the fly half actually corrections what a tackle and that saved 7 points for portugal for sure,normal_play,0.0
1212,1216,corrections what a tackle and that saved 7 points for portugal for sure the concern is how theyre defending out wide,normal_play,0.0
1214,1218,what a tackle and that saved 7 points for portugal for sure the concern is how theyre defending out wide because theyve got no line speed,normal_play,0.0
1216,1220,the concern is how theyre defending out wide because theyve got no line speed the defenders on the outside are getting in front of the ball,normal_play,0.0
1218,1222,because theyve got no line speed the defenders on the outside are getting in front of the ball and that means those short lines are happening all day,normal_play,0.0
1220,1224,the defenders on the outside are getting in front of the ball and that means those short lines are happening all day its exactly how georgia scored the first try,normal_play,0.0
1222,1226,and that means those short lines are happening all day its exactly how georgia scored the first try and to be fair that probably should have been another one as well,normal_play,0.0
1224,1228,its exactly how georgia scored the first try and to be fair that probably should have been another one as well and to be fair that probably should have been another one as well,scrum,0.4281
1226,1230,and to be fair that probably should have been another one as well and to be fair that probably should have been another one as well yeah rod,scrum,0.4281
1228,1232,and to be fair that probably should have been another one as well yeah rod the portuguese slowly come up in defence,scrum,0.4281
1230,1234,yeah rod the portuguese slowly come up in defence theyre receiving the tackle,scrum,0.4281
1232,1236,the portuguese slowly come up in defence theyre receiving the tackle and theyre getting caught behind the game line,scrum,0.4281
1234,1238,theyre receiving the tackle and theyre getting caught behind the game line making life easy for the georgians,scrum,0.4281
1236,1240,and theyre getting caught behind the game line making life easy for the georgians big scrum here,scrum,0.4281
1238,1242,making life easy for the georgians big scrum here backed up 10 minutes from the long line portugal,scrum,0.4281
1240,1244,big scrum here backed up 10 minutes from the long line portugal,scrum,0.4877
1242,1246,backed up 10 minutes from the long line portugal one more,scrum,0.4877
1244,1248,one more the squeeze comes on from the georgian pack,scrum,0.4877
1246,1250,one more the squeeze comes on from the georgian pack but quickly away from simoes to appleton,scrum,0.4877
1248,1252,the squeeze comes on from the georgian pack but quickly away from simoes to appleton but quickly away from simoes to appleton,normal_play,0.4032
1250,1254,but quickly away from simoes to appleton but quickly away from simoes to appleton,normal_play,0.4032
1252,1256,but quickly away from simoes to appleton,normal_play,0.4032
1254,1258,squeeze the way out of the desperate position,normal_play,0.4032
1256,1260,squeeze the way out of the desperate position,normal_play,0.4032
1258,1262,squeeze the way out of the desperate position appleton stragged at the base,normal_play,0.4032
1260,1264,appleton stragged at the base portugal struggling to resource these ruck,normal_play,0.4032
1262,1266,appleton stragged at the base portugal struggling to resource these ruck to get potties in there,normal_play,0.4032
1264,1268,portugal struggling to resource these ruck to get potties in there and to put four or five in there,normal_play,0.3766
1266,1270,to get potties in there and to put four or five in there to get rid of chalva mamacachvili and his big calls,normal_play,0.3766
1268,1272,and to put four or five in there to get rid of chalva mamacachvili and his big calls to get rid of chalva mamacachvili and his big calls,normal_play,0.3766
1270,1274,to get rid of chalva mamacachvili and his big calls to get rid of chalva mamacachvili and his big calls and portela under pressure,normal_play,0.3766
1272,1276,to get rid of chalva mamacachvili and his big calls and portela under pressure steers a decent kick away,normal_play,0.4032
1274,1278,and portela under pressure steers a decent kick away tabudzadze keeps it alive,normal_play,0.4032
1276,1280,steers a decent kick away tabudzadze keeps it alive ninashvili what does he have up his sleeve delving into that box of tricks and that on inside ball was on again,normal_play,0.4032
1278,1282,tabudzadze keeps it alive ninashvili what does he have up his sleeve delving into that box of tricks and that on inside ball was on again,normal_play,0.4032
1280,1284,ninashvili what does he have up his sleeve delving into that box of tricks and that on inside ball was on again,normal_play,0.4032
1282,1286,ninashvili what does he have up his sleeve delving into that box of tricks and that on inside ball was on again,normal_play,0.4032
1284,1288,ninashvili what does he have up his sleeve delving into that box of tricks and that on inside ball was on again it just slipped out of the palm and max chases ninashvili all the way back,normal_play,0.4032
1286,1290,ninashvili what does he have up his sleeve delving into that box of tricks and that on inside ball was on again it just slipped out of the palm and max chases ninashvili all the way back,normal_play,0.4032
1288,1292,it just slipped out of the palm and max chases ninashvili all the way back,normal_play,0.4032
1290,1294,it just slipped out of the palm and max chases ninashvili all the way back,normal_play,0.4032
1292,1296,it just slipped out of the palm and max chases ninashvili all the way back hes just doing shuttle runs up and down the pitch just now the george and fulback,normal_play,0.4032
1294,1298,hes just doing shuttle runs up and down the pitch just now the george and fulback he picks his spot,normal_play,0.4032
1296,1300,hes just doing shuttle runs up and down the pitch just now the george and fulback he picks his spot,normal_play,0.4032
1298,1302,he picks his spot a little trickle into touch,normal_play,0.4032
1300,1304,a little trickle into touch and rob its interesting the portuguese forwards are actually holding up okay at scrum time,normal_play,0.4032
1302,1306,and rob its interesting the portuguese forwards are actually holding up okay at scrum time,normal_play,0.4032
1304,1308,and rob its interesting the portuguese forwards are actually holding up okay at scrum time,normal_play,0.4032
1306,1310,and rob its interesting the portuguese forwards are actually holding up okay at scrum time but just not quite sure how much energy theyre exerting because they dont seem to be up and off their feet,normal_play,0.4032
1308,1312,but just not quite sure how much energy theyre exerting because they dont seem to be up and off their feet,normal_play,0.4032
1310,1314,but just not quite sure how much energy theyre exerting because they dont seem to be up and off their feet theyre getting caught in situations like this,normal_play,0.4032
1312,1316,but just not quite sure how much energy theyre exerting because they dont seem to be up and off their feet theyre getting caught in situations like this,normal_play,0.0
1314,1318,theyre getting caught in situations like this i think thats exactly it its an eight man effort in these scrum at the moment,normal_play,0.0
1316,1320,i think thats exactly it its an eight man effort in these scrum at the moment,normal_play,0.0
1318,1322,i think thats exactly it its an eight man effort in these scrum at the moment which i know sounds like a simple comment but when portugal are exerting all that energy to just keep parity,normal_play,0.0
1320,1324,which i know sounds like a simple comment but when portugal are exerting all that energy to just keep parity,normal_play,0.0
1322,1326,which i know sounds like a simple comment but when portugal are exerting all that energy to just keep parity the georgians are round the corner far quicker its a real nuance,normal_play,0.0
1324,1328,which i know sounds like a simple comment but when portugal are exerting all that energy to just keep parity the georgians are round the corner far quicker its a real nuance,lineout,0.4726
1326,1330,the georgians are round the corner far quicker its a real nuance but just watch how much more mobile the georgian forwards are at the moment,lineout,0.4726
1328,1332,but just watch how much more mobile the georgian forwards are at the moment,lineout,0.4726
1330,1334,but just watch how much more mobile the georgian forwards are at the moment portuguese line out pinched,lineout,0.4726
1332,1336,portuguese line out pinched gorgadze for avshan dadze,normal_play,0.0
1334,1338,portuguese line out pinched gorgadze for avshan dadze now shaddy kadze splits the portuguese line with a clever kick,normal_play,0.0
1336,1340,gorgadze for avshan dadze now shaddy kadze splits the portuguese line with a clever kick,normal_play,0.0
1338,1342,now shaddy kadze splits the portuguese line with a clever kick,normal_play,0.0
1340,1344,now shaddy kadze splits the portuguese line with a clever kick storti in trouble tabot sadze wraps him up,normal_play,0.4032
1342,1346,storti in trouble tabot sadze wraps him up,normal_play,0.4032
1344,1348,storti in trouble tabot sadze wraps him up storti keeps it alive but the flag does go up from chris busby,normal_play,0.4032
1346,1350,storti keeps it alive but the flag does go up from chris busby,normal_play,0.4032
1348,1352,storti keeps it alive but the flag does go up from chris busby and akaki tabot sadze takes the acclaim,normal_play,0.0
1350,1354,and akaki tabot sadze takes the acclaim,normal_play,0.0
1352,1356,and akaki tabot sadze takes the acclaim its 1 0 in the battle of the winners,normal_play,0.0
1354,1358,its 1 0 in the battle of the winners rafael storti didnt think he was in touch there,normal_play,0.0
1356,1360,its 1 0 in the battle of the winners rafael storti didnt think he was in touch there,normal_play,0.0
1358,1362,rafael storti didnt think he was in touch there but maybe just a little bit guilty of trying to make something happen,normal_play,0.0
1360,1364,but maybe just a little bit guilty of trying to make something happen,normal_play,0.0
1362,1366,but maybe just a little bit guilty of trying to make something happen they had a little bit of possession there and he wanted to do something,normal_play,0.0
1364,1368,they had a little bit of possession there and he wanted to do something but hes put his team in trouble,normal_play,0.0
1366,1370,they had a little bit of possession there and he wanted to do something but hes put his team in trouble,normal_play,0.0
1368,1372,but hes put his team in trouble,normal_play,0.0
1372,1376,guys guys,normal_play,0.0
1374,1378,guys guys time off time off time off,normal_play,0.0
1376,1380,time off time off time off shalva namakashvilis beard,normal_play,0.0
1378,1382,time off time off time off shalva namakashvilis beard look out toma quickly,normal_play,0.0
1380,1384,shalva namakashvilis beard look out toma quickly put him on the minutes,normal_play,0.0
1382,1386,look out toma quickly put him on the minutes,normal_play,0.0
1384,1388,put him on the minutes guys the ball was actually still in play he wasnt in touch,normal_play,0.0
1386,1390,guys the ball was actually still in play he wasnt in touch,normal_play,0.0
1388,1392,guys the ball was actually still in play he wasnt in touch so weve made a mistake,normal_play,0.0
1390,1394,so weve made a mistake were going to restart with a scrum your ball akaki because youre in position,normal_play,0.0
1392,1396,were going to restart with a scrum your ball akaki because youre in position yep,normal_play,0.0
1394,1398,were going to restart with a scrum your ball akaki because youre in position yep its going to be a scrum guys he wasnt in touch,normal_play,0.0
1396,1400,yep its going to be a scrum guys he wasnt in touch,normal_play,0.0
1398,1402,its going to be a scrum guys he wasnt in touch everybodys human even the referees,normal_play,0.0
1400,1404,everybodys human even the referees rafael storti not quite over the touch line,normal_play,0.0
1402,1406,everybodys human even the referees rafael storti not quite over the touch line,normal_play,0.0
1404,1408,rafael storti not quite over the touch line these replays will show us,normal_play,0.0
1406,1410,these replays will show us just get rid of that ball in the nick of time,normal_play,0.0
1408,1412,just get rid of that ball in the nick of time because portugal are in possession they will have the put in at the scrum,normal_play,0.0
1410,1414,just get rid of that ball in the nick of time because portugal are in possession they will have the put in at the scrum,normal_play,0.0
1412,1416,because portugal are in possession they will have the put in at the scrum,normal_play,0.0
1414,1418,because portugal are in possession they will have the put in at the scrum thats it well restart,normal_play,0.0
1416,1420,thats it well restart well just backing up that there are actually four sets of eyes plus on whats going on out there,normal_play,0.0
1418,1422,well just backing up that there are actually four sets of eyes plus on whats going on out there,normal_play,0.0
1420,1424,well just backing up that there are actually four sets of eyes plus on whats going on out there dont see that that often but it will mean portugal still have possession,normal_play,0.0
1422,1426,well just backing up that there are actually four sets of eyes plus on whats going on out there dont see that that often but it will mean portugal still have possession,normal_play,0.0
1424,1428,dont see that that often but it will mean portugal still have possession the poor old portuguese put up the scrumage again,normal_play,0.0
1426,1430,the poor old portuguese put up the scrumage again,normal_play,0.0
1428,1432,the poor old portuguese put up the scrumage again its a great opportunity to see exactly what were talking about now,normal_play,0.0
1430,1434,its a great opportunity to see exactly what were talking about now,normal_play,0.0
1432,1436,its a great opportunity to see exactly what were talking about now the amount of effort going in from these portuguese forwards,scrum,0.148
1434,1438,the amount of effort going in from these portuguese forwards,scrum,0.148
1436,1440,the amount of effort going in from these portuguese forwards i think is seriously going to tell in the latter stages of this game,scrum,0.148
1438,1442,i think is seriously going to tell in the latter stages of this game,scrum,0.148
1440,1444,i think is seriously going to tell in the latter stages of this game cracks,scrum,0.148
1442,1446,cracks nice sir,scrum,0.148
1444,1448,nice sir bound,scrum,0.148
1446,1450,bound the leg and back muscles of portuguese forwards who are already screaming in pain and they go early,scrum,0.148
1448,1452,bound the leg and back muscles of portuguese forwards who are already screaming in pain and they go early,normal_play,0.0
1450,1454,the leg and back muscles of portuguese forwards who are already screaming in pain and they go early,normal_play,0.0
1452,1456,the leg and back muscles of portuguese forwards who are already screaming in pain and they go early and thats often the case when the opposition pack is dominant,normal_play,0.0
1454,1458,the leg and back muscles of portuguese forwards who are already screaming in pain and they go early and thats often the case when the opposition pack is dominant,normal_play,0.0
1456,1460,and thats often the case when the opposition pack is dominant,normal_play,0.0
1458,1462,and thats often the case when the opposition pack is dominant hit and chase,normal_play,0.0
1460,1464,hit and chase scrum again surely,normal_play,0.0
1462,1466,scrum again surely im so worried about the power of the georgian pack,normal_play,0.0
1464,1468,im so worried about the power of the georgian pack they preempt the hits and unsurprisingly georgia are going to put them through the heart arena again,normal_play,0.0
1466,1470,im so worried about the power of the georgian pack they preempt the hits and unsurprisingly georgia are going to put them through the heart arena again,normal_play,0.0
1468,1472,they preempt the hits and unsurprisingly georgia are going to put them through the heart arena again,normal_play,0.0
1470,1474,they preempt the hits and unsurprisingly georgia are going to put them through the heart arena again,normal_play,0.0
1472,1476,they preempt the hits and unsurprisingly georgia are going to put them through the heart arena again i think 90 of the stadium knew that call was coming georgia want the scrum,normal_play,0.0
1474,1478,i think 90 of the stadium knew that call was coming georgia want the scrum,normal_play,0.0
1476,1480,i think 90 of the stadium knew that call was coming georgia want the scrum i dont think even the portuguese forwards backed up,normal_play,0.0
1478,1482,i dont think even the portuguese forwards backed up,normal_play,0.0
1480,1484,i dont think even the portuguese forwards backed up,normal_play,0.0
1482,1486,i do enjoy the fact the referees try and coach the sprung row in this situation,normal_play,0.0
1484,1488,i do enjoy the fact the referees try and coach the sprung row in this situation,normal_play,0.0
1486,1490,i do enjoy the fact the referees try and coach the sprung row in this situation better than how many thousands of scrum theyve been in,normal_play,0.0
1488,1492,i do enjoy the fact the referees try and coach the sprung row in this situation better than how many thousands of scrum theyve been in,scrum,0.2769
1490,1494,better than how many thousands of scrum theyve been in the 38 year old paul williams and teranaki,scrum,0.2769
1492,1496,the 38 year old paul williams and teranaki,scrum,0.2769
1494,1498,the 38 year old paul williams and teranaki the scrum half of his time,scrum,0.2769
1496,1500,the scrum half of his time,scrum,0.2769
1498,1502,quite exponent of the dark arts in the front row,scrum,0.2769
1500,1504,quite exponent of the dark arts in the front row he stood beside me,scrum,0.2769
1502,1506,quite exponent of the dark arts in the front row he stood beside me,scrum,0.2769
1504,1508,he stood beside me advantage pulling back,scrum,0.3267
1506,1510,advantage pulling back georgia got a free shot there,scrum,0.3267
1508,1512,advantage pulling back georgia got a free shot there fennaty advantage,scrum,0.3267
1510,1514,georgia got a free shot there fennaty advantage tabutsahtse into krasilantse,scrum,0.3267
1512,1516,fennaty advantage tabutsahtse into krasilantse what a collision that was in midfield,normal_play,0.0
1514,1518,tabutsahtse into krasilantse what a collision that was in midfield,normal_play,0.0
1516,1520,what a collision that was in midfield apresente for burgadze,normal_play,0.3331
1518,1522,apresente for burgadze martins claims on holds him down,normal_play,0.3331
1520,1524,apresente for burgadze martins claims on holds him down but its front foot ball with every carry for georgia,normal_play,0.4032
1522,1526,martins claims on holds him down but its front foot ball with every carry for georgia,normal_play,0.4032
1524,1528,but its front foot ball with every carry for georgia gigas really tackle off the ball,normal_play,0.4032
1526,1530,gigas really tackle off the ball paul williams will bring them back for the scrum penalty,normal_play,0.4032
1528,1532,paul williams will bring them back for the scrum penalty,normal_play,0.4032
1530,1534,paul williams will bring them back for the scrum penalty in that final phase there may have been an early tackle but we were on,normal_play,0.4032
1532,1536,in that final phase there may have been an early tackle but we were on advantage as he said from the scrum penalty pulling back,normal_play,0.4032
1534,1538,in that final phase there may have been an early tackle but we were on advantage as he said from the scrum penalty pulling back,normal_play,0.4032
1536,1540,advantage as he said from the scrum penalty pulling back its the interpretation,normal_play,0.0
1538,1542,its the interpretation so still more possession,normal_play,0.0
1540,1544,so still more possession back and down,penalty,0.541
1542,1546,back and down no you dont,penalty,0.541
1544,1548,no you dont,penalty,0.541
1546,1550,this was the midfield he looks to the right theres an early tackle there,penalty,0.541
1548,1552,this was the midfield he looks to the right theres an early tackle there the ball actually hits him in the head,normal_play,0.0
1550,1554,he looks to the right theres an early tackle there the ball actually hits him in the head and hes got the ball,normal_play,0.0
1552,1556,the ball actually hits him in the head and hes got the ball the ball actually hits him in the head,normal_play,0.0
1554,1558,and hes got the ball the ball actually hits him in the head and gigas really wasnt happy there,normal_play,0.0
1556,1560,the ball actually hits him in the head and gigas really wasnt happy there,normal_play,0.0
1558,1562,and gigas really wasnt happy there could have been another penalty,normal_play,0.0
1560,1564,could have been another penalty should have been portugal,normal_play,0.0
1562,1566,should have been portugal went for the jamala pambas plays red,normal_play,0.0
1564,1568,went for the jamala pambas plays red and there is a statement of intent from georgia,normal_play,0.0
1566,1570,and there is a statement of intent from georgia,normal_play,0.0
1568,1572,and there is a statement of intent from georgia sex with the colt,normal_play,0.0
1570,1574,sex with the colt not content with three points,normal_play,0.0
1572,1576,not content with three points they want five or seven,lineout,0.2028
1574,1578,they want five or seven,lineout,0.2028
1576,1580,portugal trying to compete,lineout,0.2028
1578,1582,portugal trying to compete martins nearly gets there but its chachanize who wins it,lineout,0.2028
1580,1584,martins nearly gets there but its chachanize who wins it,maul,0.5412
1582,1586,martins nearly gets there but its chachanize who wins it and this is where georgia can turn on the power,maul,0.5412
1584,1588,and this is where georgia can turn on the power,maul,0.5412
1586,1590,and this is where georgia can turn on the power,maul,0.5412
1588,1592,portugal stand up to that physical assault so well,maul,0.5412
1590,1594,portugal stand up to that physical assault so well but theres more work to do,maul,0.5412
1592,1596,portugal stand up to that physical assault so well but theres more work to do last fight what,normal_play,0.4032
1594,1598,but theres more work to do last fight what,normal_play,0.4032
1598,1602,this is chachanize from micaltaze,normal_play,0.3432
1600,1604,this is chachanize from micaltaze,normal_play,0.3432
1602,1606,this is chachanize from micaltaze they continue to keep it tight,normal_play,0.3432
1604,1608,they continue to keep it tight gigas vili felled on the five meters line,normal_play,0.3432
1606,1610,they continue to keep it tight gigas vili felled on the five meters line,normal_play,0.3432
1608,1612,gigas vili felled on the five meters line francisco fernandez what a tackle,normal_play,0.3432
1610,1614,francisco fernandez what a tackle,normal_play,0.3432
1612,1616,francisco fernandez what a tackle the 38 year old war horse,normal_play,0.3432
1614,1618,the 38 year old war horse,normal_play,0.3432
1616,1620,the 38 year old war horse with the bushy hair,penalty,0.6128
1618,1622,with the bushy hair sticks that big head in the spokes,penalty,0.6128
1620,1624,with the bushy hair sticks that big head in the spokes,penalty,0.6128
1622,1626,sticks that big head in the spokes and the oldest man on the pitch comes up with a precious precious penalty,penalty,0.6128
1624,1628,and the oldest man on the pitch comes up with a precious precious penalty,normal_play,0.0
1626,1630,and the oldest man on the pitch comes up with a precious precious penalty yeah they pound it away but look at the guy here,normal_play,0.0
1628,1632,yeah they pound it away but look at the guy here that balls not on the floor so its not a rock,normal_play,0.0
1630,1634,that balls not on the floor so its not a rock he has rights to get his hands on it and he does,normal_play,0.0
1632,1636,he has rights to get his hands on it and he does,normal_play,0.0
1634,1638,fantastic work from the man who plays this club rugby at bezier,normal_play,0.0
1636,1640,fantastic work from the man who plays this club rugby at bezier thats probably a difference to this portuguese side robin last few years,normal_play,0.4032
1638,1642,fantastic work from the man who plays this club rugby at bezier thats probably a difference to this portuguese side robin last few years,normal_play,0.4032
1640,1644,thats probably a difference to this portuguese side robin last few years so many of these big men playing the rugby at the likes of bezier pepe gnall dax in france here playing good quality rugby,normal_play,0.4032
1642,1646,so many of these big men playing the rugby at the likes of bezier pepe gnall dax in france here playing good quality rugby,normal_play,0.4032
1644,1648,so many of these big men playing the rugby at the likes of bezier pepe gnall dax in france here playing good quality rugby,normal_play,0.0
1646,1650,so many of these big men playing the rugby at the likes of bezier pepe gnall dax in france here playing good quality rugby so their forwards arent sort of overly impressed by the quality of georgia,normal_play,0.0
1648,1652,so their forwards arent sort of overly impressed by the quality of georgia,normal_play,0.0
1650,1654,so their forwards arent sort of overly impressed by the quality of georgia theres something that lattice said at the start of the game,normal_play,0.0
1652,1656,so their forwards arent sort of overly impressed by the quality of georgia theres something that lattice said at the start of the game,normal_play,0.0
1654,1658,theres something that lattice said at the start of the game he was talking about the fact this is the strongest squad theyve ever had together,normal_play,0.0
1656,1660,he was talking about the fact this is the strongest squad theyve ever had together the clarity of the clubs to be able to release the players,lineout,0.3172
1658,1662,he was talking about the fact this is the strongest squad theyve ever had together the clarity of the clubs to be able to release the players,lineout,0.3172
1660,1664,the clarity of the clubs to be able to release the players he set out a four year plan and its very much coming to fruition,lineout,0.3172
1662,1666,he set out a four year plan and its very much coming to fruition very much not coming to fruition but pernodino portela makes a pretty kick with those prongs,lineout,0.3172
1664,1668,very much not coming to fruition but pernodino portela makes a pretty kick with those prongs,normal_play,0.4032
1666,1670,very much not coming to fruition but pernodino portela makes a pretty kick with those prongs,normal_play,0.4032
1668,1672,very much not coming to fruition but pernodino portela makes a pretty kick with those prongs,normal_play,0.4032
1670,1674,very much not coming to fruition but pernodino portela makes a pretty kick with those prongs jose madera,normal_play,0.4032
1672,1676,jose madera,normal_play,0.3086
1676,1680,this was an itch boot on coor,normal_play,0.4032
1678,1682,this was an itch boot on coor its awkward,normal_play,0.4032
1680,1684,boot on coor its awkward thank you triple and rubber kick for ninashvili,normal_play,0.4032
1682,1686,thank you triple and rubber kick for ninashvili scoops it up well,normal_play,0.4032
1684,1688,triple and rubber kick for ninashvili scoops it up well gets through the boot on coor gets red off stortie,normal_play,0.4032
1686,1690,gets through the boot on coor gets red off stortie look at ninashvili go,normal_play,0.4032
1688,1692,gets red off stortie look at ninashvili go gets it away to kviseladze,normal_play,0.4032
1690,1694,look at ninashvili go gets it away to kviseladze martins with the tackle,normal_play,0.4032
1692,1696,martins with the tackle ninashvili gets a boot to it,normal_play,0.4032
1694,1698,ninashvili gets a boot to it and its out on the full but wow,normal_play,0.4032
1696,1700,and its out on the full but wow just enjoy the fluidity,normal_play,0.4032
1698,1702,just enjoy the fluidity,normal_play,0.4032
1700,1704,just enjoy the fluidity the wonderful motions of davide ninashvili,normal_play,0.4032
1702,1706,just enjoy the fluidity the wonderful motions of davide ninashvili,normal_play,0.4032
1704,1708,the wonderful motions of davide ninashvili well he just backs himself at every turn,normal_play,0.0
1706,1710,the wonderful motions of davide ninashvili well he just backs himself at every turn he had no right stepping away from those two defenders,normal_play,0.0
1708,1712,well he just backs himself at every turn he had no right stepping away from those two defenders,normal_play,0.0
1710,1714,he had no right stepping away from those two defenders beautiful pass then almost gets it back again,normal_play,0.0
1712,1716,beautiful pass then almost gets it back again knowing him,normal_play,0.4032
1714,1718,then almost gets it back again knowing him surprised this didnt stay on the park the little chip ahead,normal_play,0.4032
1716,1720,surprised this didnt stay on the park the little chip ahead its so dangerous,normal_play,0.4032
1718,1722,its so dangerous anyone that thinks that george is just a side that can scrimmage,normal_play,0.4032
1720,1724,its so dangerous anyone that thinks that george is just a side that can scrimmage,lineout,0.4726
1722,1726,anyone that thinks that george is just a side that can scrimmage look again this is a complete 15 side,lineout,0.4726
1724,1728,look again this is a complete 15 side portugal might be winning by now,lineout,0.4726
1726,1730,this is a complete 15 side portugal might be winning by now but its taking every ounce of energy,lineout,0.4726
1728,1732,portugal might be winning by now but its taking every ounce of energy every inch of space,normal_play,0.1904
1730,1734,but its taking every ounce of energy every inch of space,normal_play,0.1904
1732,1736,every inch of space shes to get the ball back in their hands,normal_play,0.1904
1734,1738,shes to get the ball back in their hands for the wendish,normal_play,0.1904
1736,1740,for the wendish,normal_play,0.375
1740,1744,okay done now last feet guys,normal_play,0.1107
1742,1746,okay done now last feet guys onside chases here,normal_play,0.1107
1744,1748,onside chases here use it there nine,normal_play,0.1107
1746,1750,use it there nine,normal_play,0.1107
1748,1752,well thats charged down by mikael tadze,normal_play,0.0
1750,1754,well thats charged down by mikael tadze and the right back where we started,normal_play,0.0
1752,1756,and the right back where we started,normal_play,0.0
1754,1758,lets go,normal_play,0.0
1756,1760,lets go there he is top,normal_play,0.0
1758,1762,there he is top top off thats on,normal_play,0.0
1760,1764,top off thats on theres the kick just a little low,normal_play,0.0
1762,1766,theres the kick just a little low doesnt quite come off his foot,normal_play,0.0
1764,1768,doesnt quite come off his foot and its blocked could have easily stayed on the park,normal_play,0.0
1766,1770,and its blocked could have easily stayed on the park,normal_play,0.0
1768,1772,could have easily stayed on the park okay good work,normal_play,0.0
1770,1774,okay good work lets get moving now from kawa tadze,normal_play,0.0
1772,1776,lets get moving now from kawa tadze im going to put tadze on the line,normal_play,0.0
1774,1778,im going to put tadze on the line hes got a little bit of a backhand,normal_play,0.0
1776,1780,hes got a little bit of a backhand hes got a little bit of a backhand,normal_play,0.0
1778,1782,hes got a little bit of a backhand hes got a little bit of a backhand,normal_play,0.0
1780,1784,hes got a little bit of a backhand hes got a little bit of a backhand,normal_play,0.0
1782,1786,hes got a little bit of a backhand hes got a little bit of a backhand,normal_play,0.0
1784,1788,hes got a little bit of a backhand im going to put time back on,normal_play,0.0
1786,1790,im going to put time back on,normal_play,0.0
1788,1792,okay,normal_play,0.4032
1790,1794,okay water off please water off,normal_play,0.4032
1792,1796,water off please water off,normal_play,0.4032
1794,1798,its not actually an official water break here,normal_play,0.4032
1796,1800,its not actually an official water break here theres an injury looks like the big man francisco fernandez at 38 years old,normal_play,0.0
1798,1802,theres an injury looks like the big man francisco fernandez at 38 years old,normal_play,0.0
1800,1804,looks like the big man francisco fernandez at 38 years old just getting a bit of treatment,normal_play,0.0
1802,1806,looks like the big man francisco fernandez at 38 years old just getting a bit of treatment maybe a tactical injury,normal_play,0.0
1804,1808,just getting a bit of treatment maybe a tactical injury stand in front of him mate,normal_play,0.0
1806,1810,maybe a tactical injury stand in front of him mate stand in front of him,normal_play,0.0
1808,1812,stand in front of him mate stand in front of him weve still got people on the field if ever was the old kit kat,normal_play,0.0
1810,1814,weve still got people on the field if ever was the old kit kat take a break i think thats one of those,normal_play,0.0
1812,1816,take a break i think thats one of those,lineout,0.2763
1814,1818,i think thats one of those i dont know what the part of his version is,lineout,0.2763
1816,1820,i dont know what the part of his version is,lineout,0.2763
1818,1822,as you have seen martins,lineout,0.2763
1820,1824,as you have seen martins thats cleaner from portugal and it had to be,lineout,0.391
1822,1826,thats cleaner from portugal and it had to be,lineout,0.391
1824,1828,simoes,normal_play,0.0
1826,1830,simoes trucks up and sets the platform,normal_play,0.0
1828,1832,trucks up and sets the platform a match this time with all of his experience,normal_play,0.4032
1830,1834,a match this time with all of his experience finds a safe touch,normal_play,0.4032
1832,1836,this time with all of his experience finds a safe touch and that is much more like it,normal_play,0.4032
1834,1838,and that is much more like it from portugal as they look to the edge of the 22,normal_play,0.4032
1836,1840,from portugal as they look to the edge of the 22,normal_play,0.0
1838,1842,from portugal as they look to the edge of the 22 marching on post portuguese fans have sensed that,normal_play,0.0
1840,1844,marching on post portuguese fans have sensed that matthew carly hasnt taken a few more steps down the touch line before sticking his flag in the air,normal_play,0.0
1842,1846,portuguese fans have sensed that matthew carly hasnt taken a few more steps down the touch line before sticking his flag in the air,normal_play,0.0
1844,1848,matthew carly hasnt taken a few more steps down the touch line before sticking his flag in the air,normal_play,0.0
1846,1850,matthew carly hasnt taken a few more steps down the touch line before sticking his flag in the air,normal_play,0.0
1848,1852,number is five,normal_play,0.0
1850,1854,number is five always something happening in a world cup match,normal_play,0.0
1852,1856,always something happening in a world cup match the crowd have been great,lineout,0.4726
1854,1858,the crowd have been great,lineout,0.4726
1858,1862,going to take a match of charity,maul,0.5412
1860,1864,going to take a match of charity,maul,0.5412
1866,1870,george is one stop hes lifting up the meters,maul,0.3901
1868,1872,george is one stop hes lifting up the meters moving up portuguese defenders with them,maul,0.3901
1870,1874,moving up portuguese defenders with them shadikadze for abzandadze out the back,maul,0.3901
1872,1876,moving up portuguese defenders with them shadikadze for abzandadze out the back,normal_play,0.0
1874,1878,shadikadze for abzandadze out the back heres todawha heres trouble,normal_play,0.0
1876,1880,heres todawha heres trouble this is ninius feeling the hot stepper,normal_play,0.4032
1878,1882,this is ninius feeling the hot stepper well cut down by portela again,normal_play,0.4032
1880,1884,well cut down by portela again,normal_play,0.4032
1882,1886,well cut down by portela again portugal pinch it again,normal_play,0.4032
1884,1888,portugal pinch it again,penalty,0.4689
1886,1890,theyre taking some big body blows,penalty,0.4689
1888,1892,theyre taking some big body blows coming back with a few telling shots of their own the portuguese,normal_play,0.0
1890,1894,coming back with a few telling shots of their own the portuguese,normal_play,0.0
1892,1896,coming back with a few telling shots of their own the portuguese,normal_play,0.0
1894,1898,yeah again theyve just given up that gain line,normal_play,0.0
1896,1900,yeah again theyve just given up that gain line but theyve done enough to get hands over it,normal_play,0.4032
1898,1902,but theyve done enough to get hands over it its the georgians who arent getting enough bodies out wide to secure the ruckball,normal_play,0.4032
1900,1904,its the georgians who arent getting enough bodies out wide to secure the ruckball,normal_play,0.4032
1902,1906,its the georgians who arent getting enough bodies out wide to secure the ruckball i didnt see anything but ill have a look,normal_play,0.4032
1904,1908,i didnt see anything but ill have a look,normal_play,0.3665
1912,1916,the two big 13s collided midfield and it was betancourt who was claiming there was some obstruction,normal_play,0.0
1914,1918,the two big 13s collided midfield and it was betancourt who was claiming there was some obstruction,normal_play,0.0
1916,1920,the two big 13s collided midfield and it was betancourt who was claiming there was some obstruction,normal_play,0.0
1918,1922,the two big 13s collided midfield and it was betancourt who was claiming there was some obstruction and theres the two sets of fans going at it,normal_play,0.0
1920,1924,and theres the two sets of fans going at it,normal_play,0.0
1922,1926,telling like a stat popped up on your screen there,normal_play,0.0
1924,1928,telling like a stat popped up on your screen there seven visits to the portuguese 22 by georgia,lineout,0.4726
1926,1930,seven visits to the portuguese 22 by georgia one by portugal and that line out throws crickets,lineout,0.4726
1928,1932,seven visits to the portuguese 22 by georgia one by portugal and that line out throws crickets,lineout,0.4726
1930,1934,one by portugal and that line out throws crickets option men scrum all on out,lineout,0.4726
1932,1936,option men scrum all on out,normal_play,0.0
1934,1938,option men scrum all on out scrum,normal_play,0.0
1936,1940,scrum scrum called heres emma,normal_play,0.0
1938,1942,scrum called heres emma,normal_play,0.0
1940,1944,scrum called should be a t shirt i reckon for georgia,normal_play,0.0
1942,1946,scrum called should be a t shirt i reckon for georgia thatd do well,normal_play,0.0
1944,1948,scrum called should be a t shirt i reckon for georgia thatd do well,normal_play,0.0
1946,1950,both sides both sides,normal_play,0.0
1948,1952,both sides both sides you control your side they control theirs,normal_play,0.0
1950,1954,you control your side they control theirs and theres some french up in royalty,normal_play,0.0
1952,1956,you control your side they control theirs and theres some french up in royalty gael ermey captain of the french womens team,normal_play,0.0
1954,1958,and theres some french up in royalty gael ermey captain of the french womens team,normal_play,0.0
1956,1960,gael ermey captain of the french womens team tr s chic gael with those sunglasses,normal_play,0.0
1958,1962,gael ermey captain of the french womens team tr s chic gael with those sunglasses tr s chic indeed,normal_play,0.0
1960,1964,tr s chic gael with those sunglasses tr s chic indeed here to enjoy the rugby and to lose,normal_play,0.0
1962,1966,here to enjoy the rugby and to lose getting ready for wxv the inaugural world championship,normal_play,0.0
1964,1968,here to enjoy the rugby and to lose getting ready for wxv the inaugural world championship,normal_play,0.0
1966,1970,getting ready for wxv the inaugural world championship three levels for the women,normal_play,0.0
1968,1972,getting ready for wxv the inaugural world championship three levels for the women her team will be down playing the world champion black ferns on october 21st down in new zealand,scrum,0.1437
1970,1974,her team will be down playing the world champion black ferns on october 21st down in new zealand,scrum,0.1437
1972,1976,her team will be down playing the world champion black ferns on october 21st down in new zealand,scrum,0.1437
1974,1978,her team will be down playing the world champion black ferns on october 21st down in new zealand so much excitement around that i know canada and england are playing today in exeter with preparation,scrum,0.1437
1976,1980,so much excitement around that i know canada and england are playing today in exeter with preparation,scrum,0.1437
1978,1982,i know canada and england are playing today in exeter with preparation,scrum,0.1437
1980,1984,i know canada and england are playing today in exeter with preparation great that rugby is giving those women a chance to measure themselves every year,scrum,0.1437
1982,1986,great that rugby is giving those women a chance to measure themselves every year,scrum,0.1437
1984,1988,great that rugby is giving those women a chance to measure themselves every year what a platform this is for georgia,normal_play,0.0
1986,1990,what a platform this is for georgia and again were going to have the saturday night first receiver,normal_play,0.0
1988,1992,and again were going to have the saturday night first receiver klesilanti with the miss pass to todiwap,normal_play,0.4032
1990,1994,and again were going to have the saturday night first receiver klesilanti with the miss pass to todiwap who sits down nuno suzakic,normal_play,0.4032
1992,1996,klesilanti with the miss pass to todiwap who sits down nuno suzakic,normal_play,0.4032
1994,1998,who sits down nuno suzakic and then is getting tackle into touch by a pack of portuguese wolves,normal_play,0.4032
1996,2000,and then is getting tackle into touch by a pack of portuguese wolves,normal_play,0.4032
1998,2002,and then is getting tackle into touch by a pack of portuguese wolves,normal_play,0.4032
2000,2004,and then is getting tackle into touch by a pack of portuguese wolves,normal_play,0.0
2002,2006,well theres some real emotions and afters there,normal_play,0.0
2004,2008,well theres some real emotions and afters there big collision little help from his teammates,normal_play,0.0
2006,2010,big collision little help from his teammates did malta,normal_play,0.0
2008,2012,little help from his teammates did malta as they go wide here,normal_play,0.0
2010,2014,as they go wide here maybe the old advice miss pass,normal_play,0.0
2012,2016,maybe the old advice miss pass he comes up malta gets dropped down but then the boys come in and help him out,normal_play,0.0
2014,2018,he comes up malta gets dropped down but then the boys come in and help him out he was touched by white,normal_play,0.0
2016,2020,he comes up malta gets dropped down but then the boys come in and help him out he was touched by white its a red throw big hit there,normal_play,0.0
2018,2022,its a red throw big hit there ball down ball down,normal_play,0.0
2020,2024,ball down ball down theres actually going to be a georgian throw in here because,normal_play,0.0
2022,2026,theres actually going to be a georgian throw in here because xandrothodiwap threw the ball off a portuguese player,normal_play,0.0
2024,2028,theres actually going to be a georgian throw in here because xandrothodiwap threw the ball off a portuguese player,normal_play,0.0
2026,2030,xandrothodiwap threw the ball off a portuguese player he was touched by white first guys starts the red line out,normal_play,0.0
2028,2032,he was touched by white first guys starts the red line out again the officials doing a good job to lock these things up,normal_play,0.0
2030,2034,again the officials doing a good job to lock these things up look at those tackle that spaniard,normal_play,0.0
2032,2036,again the officials doing a good job to lock these things up look at those tackle that spaniard it just tells the story doesnt it,normal_play,0.0
2034,2038,look at those tackle that spaniard it just tells the story doesnt it thats amazing that isnt necessarily taking his toll now but it will do in the last 20 minutes,normal_play,0.0
2036,2040,thats amazing that isnt necessarily taking his toll now but it will do in the last 20 minutes,normal_play,0.0
2038,2042,that isnt necessarily taking his toll now but it will do in the last 20 minutes last 30 minutes of this match,normal_play,0.0
2040,2044,last 30 minutes of this match,lineout,0.3017
2042,2046,georgia continue to rule the tudu skies,lineout,0.3017
2044,2048,georgia continue to rule the tudu skies,lineout,0.3017
2046,2050,georgia continue to rule the tudu skies,lineout,0.3017
2050,2054,and they will merrily sap the energy and the morale of the portuguese players,maul,0.5412
2052,2056,and they will merrily sap the energy and the morale of the portuguese players,maul,0.5412
2054,2058,and they will merrily sap the energy and the morale of the portuguese players,maul,0.5412
2056,2060,and they will merrily sap the energy and the morale of the portuguese players and proceeds to characazze to cresolazze,maul,0.3665
2058,2062,and proceeds to characazze to cresolazze running short running hard,maul,0.3665
2060,2064,and proceeds to characazze to cresolazze running short running hard committing defenders abshandadze nini ashvili is lurking again,normal_play,0.0
2062,2066,committing defenders abshandadze nini ashvili is lurking again,normal_play,0.0
2064,2068,abshandadze nini ashvili is lurking again so is tabudzadze,normal_play,0.4032
2066,2070,so is tabudzadze takes two to stop the man they call the bullets in georgia,normal_play,0.4032
2068,2072,takes two to stop the man they call the bullets in georgia,normal_play,0.4032
2070,2074,takes two to stop the man they call the bullets in georgia mabukashvili again,normal_play,0.4032
2072,2076,takes two to stop the man they call the bullets in georgia mabukashvili again,normal_play,0.4032
2074,2078,mabukashvili again big carrying figures already for a lot of these georgian forwards,normal_play,0.4032
2076,2080,big carrying figures already for a lot of these georgian forwards heres gorgadze,normal_play,0.3766
2078,2082,big carrying figures already for a lot of these georgian forwards heres gorgadze better shot from simoish,normal_play,0.3766
2080,2084,better shot from simoish onside,normal_play,0.3766
2082,2086,better shot from simoish onside use it here nini ashvili,normal_play,0.3766
2084,2088,use it here nini ashvili,normal_play,0.3587
2086,2090,here nini ashvili mabukashvili does likewise,normal_play,0.3587
2088,2092,mabukashvili does likewise seven phases now for georgia,normal_play,0.3702
2090,2094,mabukashvili does likewise seven phases now for georgia mikhail tadze,normal_play,0.3702
2092,2096,seven phases now for georgia mikhail tadze close to 130kg on the hoof,normal_play,0.3702
2094,2098,mikhail tadze close to 130kg on the hoof,normal_play,0.3702
2096,2100,close to 130kg on the hoof characazze the captain cresolazze,normal_play,0.0
2098,2102,characazze the captain cresolazze hell be obstructing them but the penalty goes georgias way,normal_play,0.0
2100,2104,characazze the captain cresolazze hell be obstructing them but the penalty goes georgias way,normal_play,0.2696
2102,2106,hell be obstructing them but the penalty goes georgias way,normal_play,0.2696
2104,2108,hell be obstructing them but the penalty goes georgias way white,normal_play,0.2696
2106,2110,white 13 white was offside first,normal_play,0.2696
2108,2112,13 white was offside first yeah it looks like theres initially an offside,penalty,0.5669
2110,2114,yeah it looks like theres initially an offside but its still a very close game,penalty,0.5669
2112,2116,but its still a very close game 13 white was offside first,normal_play,0.0
2114,2118,13 white was offside first yeah it looks like theres initially an offside call,normal_play,0.0
2116,2120,yeah it looks like theres initially an offside call and then the obstruction meant the play stops at that point too,normal_play,0.2138
2118,2122,yeah it looks like theres initially an offside call and then the obstruction meant the play stops at that point too,normal_play,0.2138
2120,2124,and then the obstruction meant the play stops at that point too already hitenkor has been involved in a lot here but he was up too quick from that previous run,normal_play,0.2138
2122,2126,already hitenkor has been involved in a lot here but he was up too quick from that previous run,normal_play,0.2138
2124,2128,already hitenkor has been involved in a lot here but he was up too quick from that previous run,normal_play,0.0
2126,2130,already hitenkor has been involved in a lot here but he was up too quick from that previous run offside the numbers offside,normal_play,0.0
2128,2132,offside the numbers offside,normal_play,0.0
2130,2134,the numbers offside 13 never onside,normal_play,0.0
2132,2136,13 never onside 13,normal_play,0.3874
2134,2138,13 okay thats fair to be an officiating from paul williams,normal_play,0.3874
2136,2140,okay thats fair to be an officiating from paul williams there was an obstruction,normal_play,0.3874
2138,2142,thats fair to be an officiating from paul williams there was an obstruction because we were playing advantage to georgia the first offence was a portuguese one,normal_play,0.3874
2140,2144,there was an obstruction because we were playing advantage to georgia the first offence was a portuguese one,normal_play,0.0
2142,2146,because we were playing advantage to georgia the first offence was a portuguese one,normal_play,0.0
2144,2148,because we were playing advantage to georgia the first offence was a portuguese one and georgia going to go for the costs,goal_kick,0.8688
2146,2150,and georgia going to go for the costs and that is betancourt hes deemed to be outside,goal_kick,0.8688
2148,2152,and that is betancourt hes deemed to be outside hes looking up at the big screen and agreeing with the portuguese fans who are whistling,goal_kick,0.8688
2150,2154,hes looking up at the big screen and agreeing with the portuguese fans who are whistling,goal_kick,0.8688
2152,2156,hes looking up at the big screen and agreeing with the portuguese fans who are whistling he didnt like it rob so earlier you were very close to crossing over here,goal_kick,0.8688
2154,2158,he didnt like it rob so earlier you were very close to crossing over here,goal_kick,0.8688
2156,2160,so earlier you were very close to crossing over here referees having a bit of a conversation around these decoy lines,goal_kick,0.8688
2158,2162,referees having a bit of a conversation around these decoy lines,goal_kick,0.8688
2160,2164,referees having a bit of a conversation around these decoy lines very clearly so just tidy that up please,goal_kick,0.8688
2162,2166,very clearly so just tidy that up please i think its right its just tidying it up its not a massive issue,goal_kick,0.8688
2164,2168,very clearly so just tidy that up please i think its right its just tidying it up its not a massive issue it happens all the time at all levels of rugby,goal_kick,0.8688
2166,2170,i think its right its just tidying it up its not a massive issue it happens all the time at all levels of rugby but if youre clearly obstructing the play then it isnt fair,goal_kick,0.8688
2168,2172,it happens all the time at all levels of rugby but if youre clearly obstructing the play then it isnt fair,goal_kick,0.8688
2170,2174,but if youre clearly obstructing the play then it isnt fair you know we see this at the moment with portugal on the ropes,goal_kick,0.8688
2172,2176,you know we see this at the moment with portugal on the ropes you can see why theyve gone for a 6 2 split on the bench,goal_kick,0.8688
2174,2178,you know we see this at the moment with portugal on the ropes you can see why theyve gone for a 6 2 split on the bench,goal_kick,0.8688
2176,2180,you can see why theyve gone for a 6 2 split on the bench six forwards ready to come on,goal_kick,0.8688
2178,2182,six forwards ready to come on jannuap shandadze chips his third kick of the match straight down the middle,goal_kick,0.8688
2180,2184,jannuap shandadze chips his third kick of the match straight down the middle,goal_kick,0.8688
2182,2186,jannuap shandadze chips his third kick of the match straight down the middle,goal_kick,0.8688
2184,2188,jannuap shandadze chips his third kick of the match straight down the middle and at the moment its the georgia fans outnumbered in the stands,goal_kick,0.8688
2186,2190,and at the moment its the georgia fans outnumbered in the stands,goal_kick,0.8688
2188,2192,and at the moment its the georgia fans outnumbered in the stands but by far the happier of the two sets of supporters,goal_kick,0.8688
2190,2194,but by far the happier of the two sets of supporters,goal_kick,0.8688
2192,2196,but by far the happier of the two sets of supporters well rob you talk about the bench which is such an important part in a fixture like this,normal_play,0.0
2194,2198,well rob you talk about the bench which is such an important part in a fixture like this,normal_play,0.0
2196,2200,well rob you talk about the bench which is such an important part in a fixture like this georgia have gone 5 3 that is the dominance of their own forwards,normal_play,0.0
2198,2202,georgia have gone 5 3 that is the dominance of their own forwards,normal_play,0.0
2200,2204,georgia have gone 5 3 that is the dominance of their own forwards so contrary to maybe the south africans or portugal whos trying to shore things up,kick_off,0.5159
2202,2206,so contrary to maybe the south africans or portugal whos trying to shore things up,kick_off,0.5159
2204,2208,so contrary to maybe the south africans or portugal whos trying to shore things up theyve got a few extra backs they can call them,kick_off,0.5159
2206,2210,theyve got a few extra backs they can call them shachamitian again he was being impetuous,kick_off,0.5159
2208,2212,shachamitian again he was being impetuous,normal_play,0.0
2210,2214,shachamitian again he was being impetuous one year use it,normal_play,0.0
2212,2216,one year use it no use it now,normal_play,0.3856
2214,2218,no use it now,normal_play,0.3856
2216,2220,he wanted one more meaty georgian lump for protection,normal_play,0.3856
2218,2222,he wanted one more meaty georgian lump for protection paul williams telling him to get on with it,normal_play,0.3856
2220,2224,he wanted one more meaty georgian lump for protection paul williams telling him to get on with it,normal_play,0.4032
2222,2226,paul williams telling him to get on with it opel are cemented by sandro podoa,normal_play,0.4032
2224,2228,opel are cemented by sandro podoa,normal_play,0.4032
2226,2230,opel are cemented by sandro podoa portugal try for a tackle in the air,normal_play,0.4032
2228,2232,portugal try for a tackle in the air the officials are moved,normal_play,0.4032
2230,2234,the officials are moved match to xerquera no it is a penalty advantage for tackle in the air,normal_play,0.4032
2232,2236,match to xerquera no it is a penalty advantage for tackle in the air,normal_play,0.2233
2234,2238,no it is a penalty advantage for tackle in the air youve got an advantage,normal_play,0.2233
2236,2240,youve got an advantage tackle in the air,normal_play,0.2233
2238,2242,tackle in the air portugal move this,normal_play,0.2233
2240,2244,portugal move this use the free flowing backs in their midst,normal_play,0.4032
2242,2246,use the free flowing backs in their midst theres one of the best rodrigo mata,normal_play,0.4032
2244,2248,use the free flowing backs in their midst theres one of the best rodrigo mata match innovative,normal_play,0.4032
2246,2250,theres one of the best rodrigo mata match innovative portela uses his height to gather it back in,normal_play,0.4032
2248,2252,match innovative portela uses his height to gather it back in,normal_play,0.4032
2250,2254,portela uses his height to gather it back in another penalty advantage,normal_play,0.4032
2252,2256,another penalty advantage lada white jerseys off to the right,normal_play,0.4032
2254,2258,lada white jerseys off to the right they go left instead tomas appleton the captain,normal_play,0.4032
2256,2260,they go left instead tomas appleton the captain he sits down,normal_play,0.0
2258,2262,tomas appleton the captain he sits down nariashvili,normal_play,0.0
2260,2264,he sits down nariashvili,normal_play,0.3446
2262,2266,portela break over that pure for portugal,normal_play,0.3446
2264,2268,portela break over that pure for portugal xerquera,normal_play,0.3446
2266,2270,break over that pure for portugal xerquera tagher storty,normal_play,0.3446
2268,2272,tagher storty hes far as right stortys away,normal_play,0.0
2270,2274,hes far as right stortys away can nariashvili catch him,normal_play,0.0
2272,2276,can nariashvili catch him no he cant,normal_play,0.0
2274,2278,no he cant,normal_play,0.0
2280,2284,portugal rocking beneath a flurry of georgian punches,normal_play,0.0
2282,2286,portugal rocking beneath a flurry of georgian punches,normal_play,0.0
2284,2288,portugal rocking beneath a flurry of georgian punches had rallied and landed a belter of their own,normal_play,0.0
2286,2290,had rallied and landed a belter of their own,normal_play,0.0
2288,2292,had rallied and landed a belter of their own,normal_play,0.0
2290,2294,had rallied and landed a belter of their own,normal_play,0.0
2292,2296,and this place has erupted,normal_play,0.0
2294,2298,and this place has erupted,normal_play,0.0
2298,2302,well this is what portugal bring,normal_play,0.0
2300,2304,well this is what portugal bring rafael is starting back to the sub,normal_play,0.0
2302,2306,well this is what portugal bring rafael is starting back to the sub but look at the hands of the big men,normal_play,0.0
2304,2308,rafael is starting back to the sub but look at the hands of the big men quick passes,try,1.0
2306,2310,but look at the hands of the big men quick passes great recognition to skip it out wide,try,1.0
2308,2312,great recognition to skip it out wide quick ball get it to the man the danger man,try,1.0
2310,2314,quick ball get it to the man the danger man he stops and cuts right inside,try,1.0
2312,2316,he stops and cuts right inside overchase from the georgians,try,1.0
2314,2318,overchase from the georgians and storty had just enough to get in the corner,try,1.0
2316,2320,and storty had just enough to get in the corner,try,1.0
2318,2322,check out this,try,1.0
2320,2324,check out this mike tagher he pushes him through the gap,try,1.0
2322,2326,mike tagher he pushes him through the gap thats an assist if ever youve seen one,try,1.0
2324,2328,he pushes him through the gap thats an assist if ever youve seen one what a combination of power and pace,try,1.0
2326,2330,thats an assist if ever youve seen one what a combination of power and pace do i get fantasy points for that,try,1.0
2328,2332,what a combination of power and pace do i get fantasy points for that,try,1.0
2330,2334,do i get fantasy points for that its an assist,try,1.0
2332,2336,its an assist,try,1.0
2338,2342,some well matched,goal_kick,0.8688
2340,2344,some well matched,goal_kick,0.8688
2342,2346,some well matched missed three kicks off the tee against wales,goal_kick,0.8688
2344,2348,missed three kicks off the tee against wales he was nursing a calf problem last weekend,goal_kick,0.8688
2346,2350,he was nursing a calf problem last weekend he says hes over that,goal_kick,0.8688
2348,2352,he says hes over that,goal_kick,0.8688
2350,2354,he says hes over that this is about as tough a kick as its possible to face,goal_kick,0.8688
2352,2356,this is about as tough a kick as its possible to face,goal_kick,0.8688
2354,2358,this is about as tough a kick as its possible to face,goal_kick,0.8688
2356,2360,its curling back,goal_kick,0.8688
2358,2362,its curling back its off the post,goal_kick,0.8688
2360,2364,its off the post unlucky samwell match,goal_kick,0.8688
2362,2366,unlucky samwell match 13 5 it remains,goal_kick,0.8688
2364,2368,unlucky samwell match 13 5 it remains yeah only the five in the end but what a crucial crucial score,goal_kick,0.8688
2366,2370,13 5 it remains yeah only the five in the end but what a crucial crucial score,goal_kick,0.8688
2368,2372,yeah only the five in the end but what a crucial crucial score five minutes left in the half to give the lift,normal_play,0.0
2370,2374,yeah only the five in the end but what a crucial crucial score five minutes left in the half to give the lift he cuts back and he finds a massive hole,normal_play,0.0
2372,2376,five minutes left in the half to give the lift he cuts back and he finds a massive hole,normal_play,0.0
2374,2378,he cuts back and he finds a massive hole again the georgians just overchase,normal_play,0.0
2376,2380,again the georgians just overchase they werent connected,normal_play,0.0
2378,2382,they werent connected huge lift you can see the joy in the portuguese players,normal_play,0.0
2380,2384,huge lift you can see the joy in the portuguese players,normal_play,0.0
2382,2386,you can see the joy in the portuguese players theyve had a tough first half defending for long periods rob,normal_play,0.0
2384,2388,theyve had a tough first half defending for long periods rob but thats their return,normal_play,0.0
2386,2390,but thats their return thats their first shot and they landed a hell of a punch,normal_play,0.0
2388,2392,thats their first shot and they landed a hell of a punch,kick_off,0.5159
2390,2394,theres the try score of storty,kick_off,0.5159
2392,2396,theres the try score of storty off he goes again,kick_off,0.5159
2394,2398,theres the try score of storty off he goes again hes got the pace to really stretch this georgian defense,kick_off,0.5159
2396,2400,off he goes again hes got the pace to really stretch this georgian defense,normal_play,0.4032
2398,2402,hes got the pace to really stretch this georgian defense you need the accuracy in those close quarter exchanges,normal_play,0.4032
2400,2404,you need the accuracy in those close quarter exchanges,normal_play,0.4032
2402,2406,you need the accuracy in those close quarter exchanges suzygetch look at this,normal_play,0.4032
2404,2408,suzygetch look at this my goodness suzygetch has split them open,normal_play,0.4032
2406,2410,my goodness suzygetch has split them open stortys on his bike,normal_play,0.4032
2408,2412,stortys on his bike kvasseladze and nini ashvili mop things up well,normal_play,0.4032
2410,2414,kvasseladze and nini ashvili mop things up well,normal_play,0.4032
2412,2416,kvasseladze and nini ashvili mop things up well and now nini ashvili returns the compliment,normal_play,0.4032
2414,2418,and now nini ashvili returns the compliment and he finds sharikadze,normal_play,0.4032
2416,2420,and now nini ashvili returns the compliment and he finds sharikadze chachanidze all the big boys getting involved,normal_play,0.4032
2418,2422,and he finds sharikadze chachanidze all the big boys getting involved,normal_play,0.4032
2420,2424,chachanidze all the big boys getting involved giga ashvili great pass to mamouk ashvili,normal_play,0.4032
2422,2426,giga ashvili great pass to mamouk ashvili his clasp of fernandes,normal_play,0.4032
2424,2428,giga ashvili great pass to mamouk ashvili his clasp of fernandes its like a scene from jurassic park,normal_play,0.4032
2426,2430,his clasp of fernandes its like a scene from jurassic park,normal_play,0.4032
2428,2432,its like a scene from jurassic park and theres a penalty advantage being played as georgia play on,normal_play,0.4032
2430,2434,and theres a penalty advantage being played as georgia play on,normal_play,0.4032
2432,2436,and theres a penalty advantage being played as georgia play on nini ashvili straightens cuts beyond appleton,normal_play,0.4032
2434,2438,nini ashvili straightens cuts beyond appleton akrasidze on his shoulder,normal_play,0.4032
2436,2440,nini ashvili straightens cuts beyond appleton akrasidze on his shoulder this is incredible rugby,normal_play,0.4032
2438,2442,akrasidze on his shoulder this is incredible rugby its breathless from both teams,normal_play,0.4032
2440,2444,this is incredible rugby its breathless from both teams,normal_play,0.4032
2442,2446,its breathless from both teams sharikadze gets on it again,normal_play,0.4032
2444,2448,sharikadze gets on it again and were going to have to stop because were just too close to shalva mamouk ashvili,normal_play,0.3022
2446,2450,and were going to have to stop because were just too close to shalva mamouk ashvili,normal_play,0.3022
2448,2452,and were going to have to stop because were just too close to shalva mamouk ashvili,normal_play,0.3022
2450,2454,and were going to have to stop because were just too close to shalva mamouk ashvili and were going to have a lot of footage to pull over here,normal_play,0.3022
2452,2456,and were going to have a lot of footage to pull over here,normal_play,0.3563
2454,2458,and were going to have a lot of footage to pull over here it was a no arms tackle,normal_play,0.3563
2456,2460,and were going to have a lot of footage to pull over here it was a no arms tackle no arms tackle from francisco fernandes on shalva mamouk ashvili,normal_play,0.3563
2458,2462,it was a no arms tackle no arms tackle from francisco fernandes on shalva mamouk ashvili,normal_play,0.3563
2460,2464,no arms tackle from francisco fernandes on shalva mamouk ashvili,normal_play,0.4032
2462,2466,no arms tackle from francisco fernandes on shalva mamouk ashvili so paul i want to show you the actions of number one white,normal_play,0.4032
2464,2468,so paul i want to show you the actions of number one white,normal_play,0.4032
2466,2470,so paul i want to show you the actions of number one white its a high tackle and theres no attempt to wrap also,normal_play,0.4032
2468,2472,so paul i want to show you the actions of number one white its a high tackle and theres no attempt to wrap also,normal_play,0.4032
2470,2474,its a high tackle and theres no attempt to wrap also thats the voice of joy neville our television match official,normal_play,0.4032
2472,2476,its a high tackle and theres no attempt to wrap also thats the voice of joy neville our television match official,normal_play,0.4032
2474,2478,thats the voice of joy neville our television match official and you want to see the tackle,normal_play,0.4032
2476,2480,and you want to see the tackle the big man what a hit it was,normal_play,0.0
2478,2482,the big man what a hit it was but theyre looking to see if he wrapped his arms and if its indeed a high tackle,normal_play,0.0
2480,2484,but theyre looking to see if he wrapped his arms and if its indeed a high tackle it was a massive hit,tmo_replay,0.85
2482,2486,but theyre looking to see if he wrapped his arms and if its indeed a high tackle it was a massive hit it was a collision it wasnt a tackle,tmo_replay,0.85
2484,2488,it was a massive hit it was a collision it wasnt a tackle it looks really bad,tmo_replay,0.85
2486,2490,it was a collision it wasnt a tackle it looks really bad,tmo_replay,0.85
2488,2492,it looks really bad hes obliged to open his arms there,tmo_replay,0.85
2490,2494,hes obliged to open his arms there and hold on,tmo_replay,0.85
2492,2496,hes obliged to open his arms there and hold on,tmo_replay,0.85
2494,2498,and hold on well theres head to head contact as well,tmo_replay,0.85
2496,2500,well theres head to head contact as well clearly no attempt to wrap it,tmo_replay,0.85
2498,2502,well theres head to head contact as well clearly no attempt to wrap it thats unacceptable,tmo_replay,0.85
2500,2504,clearly no attempt to wrap it thats unacceptable,tmo_replay,0.85
2502,2506,thats unacceptable yeah,tmo_replay,0.85
2504,2508,thats unacceptable yeah it was white one mausoleum joy,tmo_replay,0.85
2506,2510,yeah it was white one mausoleum joy yes number one white,tmo_replay,0.85
2508,2512,it was white one mausoleum joy yes number one white okay,tmo_replay,0.85
2510,2514,yes number one white okay come on,tmo_replay,0.85
2512,2516,okay come on number one,normal_play,0.0
2514,2518,come on number one number one,normal_play,0.0
2516,2520,number one number one just let me deal with this and then ill come back to you okay,normal_play,0.0
2518,2522,number one just let me deal with this and then ill come back to you okay,normal_play,0.0
2520,2524,just let me deal with this and then ill come back to you okay so clearly no wrapping the tackle,normal_play,0.0
2522,2526,just let me deal with this and then ill come back to you okay so clearly no wrapping the tackle its dangerous,normal_play,0.0
2524,2528,so clearly no wrapping the tackle its dangerous its the yellow card threshold,normal_play,0.0
2526,2530,its dangerous its the yellow card threshold yes,normal_play,0.0
2528,2532,its the yellow card threshold yes its the yellow card,normal_play,0.0
2530,2534,yes its the yellow card we were going to tackle the guy,normal_play,0.0
2532,2536,its the yellow card we were going to tackle the guy but as soon as he was lifting there was a,normal_play,0.0
2534,2538,we were going to tackle the guy but as soon as he was lifting there was a francisco fernandes,normal_play,0.0
2536,2540,but as soon as he was lifting there was a francisco fernandes obviously its the yellow card,normal_play,0.0
2538,2542,francisco fernandes obviously its the yellow card weve got the fulham player a view official who has eight minutes now to assess all the angles,normal_play,0.0
2540,2544,obviously its the yellow card weve got the fulham player a view official who has eight minutes now to assess all the angles,normal_play,0.0
2542,2546,weve got the fulham player a view official who has eight minutes now to assess all the angles,normal_play,0.0
2544,2548,weve got the fulham player a view official who has eight minutes now to assess all the angles decided whether to upgrade that challenge to a red card,normal_play,0.0
2546,2550,weve got the fulham player a view official who has eight minutes now to assess all the angles decided whether to upgrade that challenge to a red card okay portugal were going to put time back on,normal_play,0.0
2548,2552,decided whether to upgrade that challenge to a red card okay portugal were going to put time back on the blue card is yellow,normal_play,0.4032
2550,2554,okay portugal were going to put time back on the blue card is yellow just behind the kicker please men,normal_play,0.4032
2552,2556,the blue card is yellow just behind the kicker please men,normal_play,0.4032
2554,2558,just behind the kicker please men i think a key element as we look back at this video is the head contact,normal_play,0.4032
2556,2560,i think a key element as we look back at this video is the head contact,normal_play,0.0
2558,2562,i think a key element as we look back at this video is the head contact that does raise the level,normal_play,0.0
2560,2564,i think a key element as we look back at this video is the head contact that does raise the level its going to be a penalty to georgia,normal_play,0.4032
2562,2566,that does raise the level its going to be a penalty to georgia just a couple of minutes left here in the first half,normal_play,0.4032
2564,2568,its going to be a penalty to georgia just a couple of minutes left here in the first half yeah theres a clear framework that the officials will work through,normal_play,0.4032
2566,2570,just a couple of minutes left here in the first half yeah theres a clear framework that the officials will work through our fulham player the official will assess whether there was head contact,normal_play,0.4032
2568,2572,yeah theres a clear framework that the officials will work through our fulham player the official will assess whether there was head contact,normal_play,0.0
2570,2574,our fulham player the official will assess whether there was head contact whether it was foul play if the player was at fault,normal_play,0.0
2572,2576,our fulham player the official will assess whether there was head contact whether it was foul play if the player was at fault,normal_play,0.0
2574,2578,whether it was foul play if the player was at fault and determine the degree of danger whether its a yellow or a red card,normal_play,0.0
2576,2580,whether it was foul play if the player was at fault and determine the degree of danger whether its a yellow or a red card,normal_play,0.0
2578,2582,and determine the degree of danger whether its a yellow or a red card and then look to apply any mitigation if theres any to be applied,normal_play,0.0
2580,2584,and determine the degree of danger whether its a yellow or a red card and then look to apply any mitigation if theres any to be applied such as a drop in height or a late change in direction from shalva mamoukashvili,normal_play,0.0
2582,2586,and then look to apply any mitigation if theres any to be applied such as a drop in height or a late change in direction from shalva mamoukashvili,normal_play,0.0
2584,2588,such as a drop in height or a late change in direction from shalva mamoukashvili,normal_play,0.0
2586,2590,such as a drop in height or a late change in direction from shalva mamoukashvili i would suggest it will be a very nervous few minutes for francisco fernandes and for portugal,normal_play,0.0
2588,2592,such as a drop in height or a late change in direction from shalva mamoukashvili i would suggest it will be a very nervous few minutes for francisco fernandes and for portugal,normal_play,0.0
2590,2594,i would suggest it will be a very nervous few minutes for francisco fernandes and for portugal,normal_play,0.0
2592,2596,i would suggest it will be a very nervous few minutes for francisco fernandes and for portugal the pack is on the back foot and theyve just lost one of their biggest beasts,normal_play,0.0
2594,2598,i would suggest it will be a very nervous few minutes for francisco fernandes and for portugal the pack is on the back foot and theyve just lost one of their biggest beasts,normal_play,0.0
2596,2600,the pack is on the back foot and theyve just lost one of their biggest beasts chachanidze gathers for georgia,lineout,0.2866
2598,2602,the pack is on the back foot and theyve just lost one of their biggest beasts chachanidze gathers for georgia,lineout,0.2866
2600,2604,chachanidze gathers for georgia and against the sediment in portugal georgia on the move,lineout,0.2866
2602,2606,chachanidze gathers for georgia and against the sediment in portugal georgia on the move,lineout,0.2866
2604,2608,and against the sediment in portugal georgia on the move penalty advantage,maul,0.4869
2606,2610,and against the sediment in portugal georgia on the move penalty advantage paul williams is thinking yellow card again here,maul,0.4869
2608,2612,penalty advantage paul williams is thinking yellow card again here,normal_play,0.4032
2610,2614,paul williams is thinking yellow card again here saki nadze gets to within a few meters,normal_play,0.4032
2612,2616,paul williams is thinking yellow card again here saki nadze gets to within a few meters,normal_play,0.211
2614,2618,saki nadze gets to within a few meters apracite,normal_play,0.211
2616,2620,saki nadze gets to within a few meters apracite now they go wide,normal_play,0.211
2618,2622,apracite now they go wide apracite,normal_play,0.211
2620,2624,now they go wide apracite now they go wide,normal_play,0.4032
2622,2626,apracite now they go wide abshan dadzes kick for tabutsadze,normal_play,0.4032
2624,2628,now they go wide abshan dadzes kick for tabutsadze its just a touch and go but he knew he had that penalty,normal_play,0.4032
2626,2630,abshan dadzes kick for tabutsadze its just a touch and go but he knew he had that penalty,normal_play,0.4032
2628,2632,its just a touch and go but he knew he had that penalty i was going to say if youre new to rugby you knew he had advantage,normal_play,0.4032
2630,2634,its just a touch and go but he knew he had that penalty i was going to say if youre new to rugby you knew he had advantage,normal_play,0.4032
2632,2636,i was going to say if youre new to rugby you knew he had advantage so the referee is giving him a shot here,normal_play,0.4032
2634,2638,i was going to say if youre new to rugby you knew he had advantage so the referee is giving him a shot here,normal_play,0.4032
2636,2640,so the referee is giving him a shot here this is when it goes down,normal_play,0.4032
2638,2642,so the referee is giving him a shot here this is when it goes down and they thought they tried the high risk option,normal_play,0.4032
2640,2644,this is when it goes down and they thought they tried the high risk option it wasnt on the pass so he tried the kick knowing he could come back,normal_play,0.0
2642,2646,and they thought they tried the high risk option it wasnt on the pass so he tried the kick knowing he could come back and have a very good attacking position from the penalty,normal_play,0.0
2644,2648,it wasnt on the pass so he tried the kick knowing he could come back and have a very good attacking position from the penalty mike that was you collapsing,normal_play,0.0
2646,2650,and have a very good attacking position from the penalty mike that was you collapsing,normal_play,0.0
2648,2652,mike that was you collapsing theres your mark,normal_play,0.4032
2650,2654,theres your mark all day mate,normal_play,0.4032
2652,2656,all day mate,normal_play,0.4032
2654,2658,what will georgia do here,normal_play,0.4032
2656,2660,what will georgia do here what are we doing,normal_play,0.0
2658,2662,what are we doing portugal down a prop,normal_play,0.0
2660,2664,portugal down a prop discipline discipline,normal_play,0.0
2662,2666,discipline discipline discipline,normal_play,0.0
2664,2668,discipline discipline,normal_play,0.0
2666,2670,discipline discipline,normal_play,0.0
2668,2672,discipline with that man in the bin obviously they dont have to replace him because its a line up,normal_play,0.0
2670,2674,with that man in the bin obviously they dont have to replace him because its a line up,normal_play,0.0
2672,2676,with that man in the bin obviously they dont have to replace him because its a line up had it been a scrum you need a specialist player in there,normal_play,0.0
2674,2678,had it been a scrum you need a specialist player in there im surprised they maybe didnt choose that for that reason,normal_play,0.0
2676,2680,im surprised they maybe didnt choose that for that reason look at all the subs in the dead ball area just looking urging on their team to drive this one over,normal_play,0.0
2678,2682,look at all the subs in the dead ball area just looking urging on their team to drive this one over,normal_play,0.0
2680,2684,look at all the subs in the dead ball area just looking urging on their team to drive this one over these feel like very significant moments in this rugby world cup pool c showdown,lineout,0.2055
2682,2686,these feel like very significant moments in this rugby world cup pool c showdown,lineout,0.2055
2684,2688,these feel like very significant moments in this rugby world cup pool c showdown,lineout,0.2055
2686,2690,these feel like very significant moments in this rugby world cup pool c showdown portugal cling on manfuli,lineout,0.2055
2688,2692,portugal cling on manfuli keep it up keep it up,maul,0.3526
2690,2694,keep it up keep it up georgia drive forwards,maul,0.3526
2692,2696,georgia drive forwards down by red,maul,0.3526
2694,2698,down by red wheres the ball,maul,0.3526
2696,2700,wheres the ball but he felt those giants somewhere,maul,0.3492
2698,2702,but he felt those giants somewhere one two three,maul,0.3492
2700,2704,one two three and theyll have a goal line drop out,normal_play,0.0
2702,2706,and theyll have a goal line drop out short first and then held up over the line,normal_play,0.0
2704,2708,short first and then held up over the line im not really sure why they took the line up there because essentially they tried to form a scrum anyway the drive in wall,normal_play,0.0
2706,2710,im not really sure why they took the line up there because essentially they tried to form a scrum anyway the drive in wall,normal_play,0.0
2708,2712,im not really sure why they took the line up there because essentially they tried to form a scrum anyway the drive in wall,normal_play,0.0
2710,2714,im not really sure why they took the line up there because essentially they tried to form a scrum anyway the drive in wall so the referees adjudicated that it was brought down by red they came down on their own and then they went over the line but it was held up off the ground,normal_play,0.0
2712,2716,so the referees adjudicated that it was brought down by red they came down on their own and then they went over the line but it was held up off the ground,normal_play,0.0
2714,2718,so the referees adjudicated that it was brought down by red they came down on their own and then they went over the line but it was held up off the ground,normal_play,0.0
2716,2720,so the referees adjudicated that it was brought down by red they came down on their own and then they went over the line but it was held up off the ground,normal_play,0.0
2718,2722,so the referees adjudicated that it was brought down by red they came down on their own and then they went over the line but it was held up off the ground so that would give a goal line 22 3,normal_play,0.0
2720,2724,so that would give a goal line 22 3 and then theyre going to have a goal line drop out,normal_play,0.0
2722,2726,and then theyre going to have a goal line drop out the referees adjudicated that it was brought down by red they came down on their own and then they went over the line but it was held up off the ground,normal_play,0.0
2724,2728,the referees adjudicated that it was brought down by red they came down on their own and then they went over the line but it was held up off the ground,normal_play,0.4032
2726,2730,the referees adjudicated that it was brought down by red they came down on their own and then they went over the line but it was held up off the ground,normal_play,0.4032
2728,2732,the referees adjudicated that it was brought down by red they came down on their own and then they went over the line but it was held up off the ground so that would give a goal line 22 meter drop out for the portuguese to try and get some reprieve here,normal_play,0.4032
2730,2734,so that would give a goal line 22 meter drop out for the portuguese to try and get some reprieve here,normal_play,0.4032
2732,2736,so that would give a goal line 22 meter drop out for the portuguese to try and get some reprieve here,kick_off,0.5159
2734,2738,so that would give a goal line 22 meter drop out for the portuguese to try and get some reprieve here just 30 seconds left in this first half,kick_off,0.5159
2736,2740,just 30 seconds left in this first half lach whats it wrong,kick_off,0.5159
2738,2742,lach whats it wrong i think ive got the gags there,kick_off,0.5159
2740,2744,i think ive got the gags there reloads for georgia,normal_play,0.0
2742,2746,reloads for georgia a try before half time,normal_play,0.0
2744,2748,a try before half time could be so sweet and so important for georgia,normal_play,0.4032
2746,2750,could be so sweet and so important for georgia tackle narrow,normal_play,0.4032
2748,2752,tackle narrow by the same token keeping them out,normal_play,0.4032
2750,2754,by the same token keeping them out the portuguese,normal_play,0.4032
2752,2756,the portuguese theres ninias filho again,normal_play,0.4032
2754,2758,theres ninias filho again hes cut the masunder,normal_play,0.4032
2756,2760,hes cut the masunder chachanitse for apra sitte,normal_play,0.4032
2758,2762,chachanitse for apra sitte and he was just in touch as he formed it on the inside,normal_play,0.4032
2760,2764,and he was just in touch as he formed it on the inside,normal_play,0.0
2762,2766,and he was just in touch as he formed it on the inside david ninias filho is a one man assassin right now as far as the portuguese defence are concerned,normal_play,0.0
2764,2768,david ninias filho is a one man assassin right now as far as the portuguese defence are concerned,normal_play,0.0
2766,2770,david ninias filho is a one man assassin right now as far as the portuguese defence are concerned,normal_play,0.0
2768,2772,david ninias filho is a one man assassin right now as far as the portuguese defence are concerned,normal_play,0.0
2770,2774,david ninias filho is a one man assassin right now as far as the portuguese defence are concerned well they got the move they wanted they found the hole theyve looked at this on tape the inside ball,normal_play,0.0
2772,2776,well they got the move they wanted they found the hole theyve looked at this on tape the inside ball,normal_play,0.0
2774,2778,well they got the move they wanted they found the hole theyve looked at this on tape the inside ball,normal_play,0.0
2776,2780,well they got the move they wanted they found the hole theyve looked at this on tape the inside ball unfortunately its chachanitse the man is put away,normal_play,0.0
2778,2782,unfortunately its chachanitse the man is put away he turns around and immediately looks for more speedy help,normal_play,0.0
2780,2784,he turns around and immediately looks for more speedy help,normal_play,0.4032
2782,2786,he turns around and immediately looks for more speedy help hes a bit too late there,normal_play,0.4032
2784,2788,hes a bit too late there credit to scrum half getting it across,normal_play,0.4032
2786,2790,credit to scrum half getting it across marques has been fighting the whole half here,normal_play,0.4032
2788,2792,marques has been fighting the whole half here,normal_play,0.0
2790,2794,the two meerkats going at it again,normal_play,0.0
2792,2796,the two meerkats going at it again thats the best description of scrum house ever from you jamie,lineout,0.3857
2794,2798,thats the best description of scrum house ever from you jamie,lineout,0.3857
2796,2800,thats the best description of scrum house ever from you jamie portugal just want this ball off the pitch,lineout,0.3857
2798,2802,portugal just want this ball off the pitch the clock is red marks checks,lineout,0.3857
2800,2804,the clock is red marks checks and marks gratefully gives his team a breather,normal_play,0.0
2802,2806,and marks gratefully gives his team a breather,normal_play,0.0
2804,2808,and marks gratefully gives his team a breather,normal_play,0.0
2806,2810,and marks gratefully gives his team a breather they are clinging on in there the portuguese,normal_play,0.0
2808,2812,they are clinging on in there the portuguese,kick_off,0.421
2810,2814,they kick off this immense second half,kick_off,0.421
2812,2816,they kick off this immense second half,kick_off,0.421
2814,2818,they kick off this immense second half so much at stake for these two long time rivals of course in munich,kick_off,0.421
2816,2820,so much at stake for these two long time rivals of course in munich,normal_play,0.0
2818,2822,so much at stake for these two long time rivals of course in munich,normal_play,0.0
2820,2824,so much at stake for these two long time rivals of course in munich but so much more than that with fight for points in this rugby world cup pool,normal_play,0.2344
2822,2826,but so much more than that with fight for points in this rugby world cup pool,normal_play,0.2344
2824,2828,but so much more than that with fight for points in this rugby world cup pool,normal_play,0.2344
2826,2830,but so much more than that with fight for points in this rugby world cup pool third place in the group guarantees automatic qualification for australia 2027,normal_play,0.2344
2828,2832,third place in the group guarantees automatic qualification for australia 2027,normal_play,0.4032
2830,2834,third place in the group guarantees automatic qualification for australia 2027,normal_play,0.4032
2832,2836,third place in the group guarantees automatic qualification for australia 2027 georgia will have come into this with designs on the quarterfinals top two finish,normal_play,0.4032
2834,2838,georgia will have come into this with designs on the quarterfinals top two finish,normal_play,0.4032
2836,2840,georgia will have come into this with designs on the quarterfinals top two finish,normal_play,0.4032
2838,2842,georgia will have come into this with designs on the quarterfinals top two finish and jamie great news there for the portuguese,normal_play,0.4032
2840,2844,and jamie great news there for the portuguese not only is fernandes able to return the contact wasnt around the head area,normal_play,0.0
2842,2846,not only is fernandes able to return the contact wasnt around the head area,normal_play,0.0
2844,2848,not only is fernandes able to return the contact wasnt around the head area but with georgia having 67 possession and only putting 13 points on the board,normal_play,0.3418
2846,2850,not only is fernandes able to return the contact wasnt around the head area but with georgia having 67 possession and only putting 13 points on the board,normal_play,0.3418
2848,2852,but with georgia having 67 possession and only putting 13 points on the board,normal_play,0.3418
2850,2854,but with georgia having 67 possession and only putting 13 points on the board for patrick laziskaya the head coach theres a lot of positive to take at that halftime,normal_play,0.3418
2852,2856,for patrick laziskaya the head coach theres a lot of positive to take at that halftime,lineout,0.4726
2854,2858,for patrick laziskaya the head coach theres a lot of positive to take at that halftime to see if portugal can build on that,lineout,0.4726
2856,2860,to see if portugal can build on that as you go straight over the top appleton couldnt take it,lineout,0.4726
2858,2862,as you go straight over the top appleton couldnt take it portela could,lineout,0.4726
2860,2864,as you go straight over the top appleton couldnt take it portela could,normal_play,0.3132
2864,2868,madeira missed last weekends lost to wales,normal_play,0.3132
2866,2870,madeira missed last weekends lost to wales put that in the warm up for injury,normal_play,0.3132
2868,2872,madeira missed last weekends lost to wales put that in the warm up for injury serkera theres that trademark off road basketball style,normal_play,0.3451
2870,2874,put that in the warm up for injury serkera theres that trademark off road basketball style,normal_play,0.3451
2872,2876,serkera theres that trademark off road basketball style in the six week time lock with donkua,normal_play,0.3451
2874,2878,serkera theres that trademark off road basketball style in the six week time lock with donkua,normal_play,0.3451
2876,2880,in the six week time lock with donkua whirling his way through two tackle,normal_play,0.4032
2878,2882,whirling his way through two tackle and then losing the ball on the floor,normal_play,0.4032
2880,2884,whirling his way through two tackle and then losing the ball on the floor,normal_play,0.3688
2882,2886,and then losing the ball on the floor just a little knock on there frustrating,normal_play,0.3688
2884,2888,just a little knock on there frustrating,normal_play,0.3688
2886,2890,just a little knock on there frustrating just looking a little disorganized there as they built that attack,normal_play,0.3688
2888,2892,just looking a little disorganized there as they built that attack,normal_play,0.0
2890,2894,just looking a little disorganized there as they built that attack theyre all going to have to be on the same page,normal_play,0.0
2892,2896,theyre all going to have to be on the same page and now again laziskaya talked about this is the first time hes really had all his players together,normal_play,0.0
2894,2898,theyre all going to have to be on the same page and now again laziskaya talked about this is the first time hes really had all his players together,normal_play,0.0
2896,2900,and now again laziskaya talked about this is the first time hes really had all his players together,normal_play,0.0
2898,2902,and now again laziskaya talked about this is the first time hes really had all his players together and so many of them playing in french clubs,normal_play,0.0
2900,2904,and so many of them playing in french clubs they dont get released and they dont have a lot of games together,normal_play,0.0
2902,2906,they dont get released and they dont have a lot of games together so this is a luxury and i want to make history here,normal_play,0.0
2904,2908,they dont get released and they dont have a lot of games together so this is a luxury and i want to make history here,normal_play,0.4032
2906,2910,so this is a luxury and i want to make history here this is the first club since francisco fernandes was sinned in,normal_play,0.4032
2908,2912,this is the first club since francisco fernandes was sinned in,normal_play,0.4032
2910,2914,this is the first club since francisco fernandes was sinned in so portugal must now bring on a frontal replacement,normal_play,0.4032
2912,2916,this is the first club since francisco fernandes was sinned in so portugal must now bring on a frontal replacement,normal_play,0.0
2914,2918,so portugal must now bring on a frontal replacement and it will be w quistar wearing 60,normal_play,0.0
2916,2920,and it will be w quistar wearing 60 normally a jersey reserved for the replacement hooker but portuguese do things a bit differently,normal_play,0.0
2918,2922,and it will be w quistar wearing 60 normally a jersey reserved for the replacement hooker but portuguese do things a bit differently,normal_play,0.0
2920,2924,normally a jersey reserved for the replacement hooker but portuguese do things a bit differently there is mr quistar,normal_play,0.0
2922,2926,normally a jersey reserved for the replacement hooker but portuguese do things a bit differently there is mr quistar,normal_play,0.0
2924,2928,there is mr quistar and off,normal_play,0.0
2926,2930,and off its going to come in there loose forwards,normal_play,0.0
2928,2932,its going to come in there loose forwards its joel granate who theyve sacrificed,normal_play,0.0
2930,2934,its going to come in there loose forwards its joel granate who theyve sacrificed,normal_play,0.0
2932,2936,its joel granate who theyve sacrificed tactically really a bit shocked by georgias option before not to take a scrum rather than the line up from the penalty,normal_play,0.0
2934,2938,tactically really a bit shocked by georgias option before not to take a scrum rather than the line up from the penalty,normal_play,0.0
2936,2940,tactically really a bit shocked by georgias option before not to take a scrum rather than the line up from the penalty,normal_play,0.0
2938,2942,tactically really a bit shocked by georgias option before not to take a scrum rather than the line up from the penalty because bringing on that extra foot roller now means they lose a back roller,normal_play,0.0
2940,2944,tactically really a bit shocked by georgias option before not to take a scrum rather than the line up from the penalty because bringing on that extra foot roller now means they lose a back roller,normal_play,0.0
2942,2946,because bringing on that extra foot roller now means they lose a back roller and in phase play back rows are usually a bit more handy than the front rowers,normal_play,0.0
2944,2948,and in phase play back rows are usually a bit more handy than the front rowers,scrum,0.4514
2946,2950,and in phase play back rows are usually a bit more handy than the front rowers so no dissent credit to the front row union,scrum,0.4514
2948,2952,and in phase play back rows are usually a bit more handy than the front rowers so no dissent credit to the front row union,scrum,0.4514
2950,2954,so no dissent credit to the front row union but certainly interesting tactics from georgia,scrum,0.4514
2952,2956,but certainly interesting tactics from georgia yeah great point a full six minutes,scrum,0.4514
2954,2958,yeah great point a full six minutes portugal without having to bring on that front row man,scrum,0.4514
2956,2960,portugal without having to bring on that front row man keep it up,scrum,0.4514
2958,2962,portugal without having to bring on that front row man keep it up take it out,scrum,0.4514
2960,2964,keep it up take it out quistar under pressure,normal_play,0.0
2962,2966,quistar under pressure ball is available for gazzet,normal_play,0.0
2964,2968,ball is available for gazzet he spins away to the left,normal_play,0.0
2966,2970,he spins away to the left absham gazzet to his captain shadi gazzet,normal_play,0.0
2968,2972,absham gazzet to his captain shadi gazzet nice shot from pedro butancura,normal_play,0.4032
2970,2974,nice shot from pedro butancura,normal_play,0.4032
2972,2976,that is much more like it from the portuguese defence,normal_play,0.4032
2974,2978,that is much more like it from the portuguese defence,normal_play,0.4032
2976,2980,that is much more like it from the portuguese defence theyve been under so much pressure in the first half,normal_play,0.0
2978,2982,theyve been under so much pressure in the first half,normal_play,0.0
2980,2984,theyve been under so much pressure in the first half and that was better more aggressive defence,normal_play,0.0
2982,2986,and that was better more aggressive defence pedro butancura just supplying himself,normal_play,0.0
2984,2988,pedro butancura just supplying himself perfect timing as the pass comes in,normal_play,0.0
2986,2990,perfect timing as the pass comes in right there knocks the arm,normal_play,0.0
2988,2992,right there knocks the arm thank you sir hes done a lot of good things butancura,normal_play,0.0
2990,2994,thank you sir hes done a lot of good things butancura,normal_play,0.0
2992,2996,hes done a lot of good things butancura get up shadi gazzet great come down,lineout,0.3233
2994,2998,get up shadi gazzet great come down thomas manic figure for georgia,lineout,0.3233
2996,3000,thomas manic figure for georgia 50th time as captain,lineout,0.3233
2998,3002,50th time as captain better line up from portugal to martins,lineout,0.3233
3000,3004,better line up from portugal to martins and portela off to butancura,normal_play,0.0
3002,3006,better line up from portugal to martins and portela off to butancura and now heres suzygec,normal_play,0.0
3004,3008,and portela off to butancura and now heres suzygec marta running at tabut sadzi who clings onto him,normal_play,0.4032
3006,3010,and now heres suzygec marta running at tabut sadzi who clings onto him,normal_play,0.4032
3008,3012,marta running at tabut sadzi who clings onto him and drags him just onto the white piece of the touchline,normal_play,0.4032
3010,3014,and drags him just onto the white piece of the touchline,normal_play,0.4032
3012,3016,and drags him just onto the white piece of the touchline,normal_play,0.0
3014,3018,well wyn plays a little bit different than he used to be,normal_play,0.0
3016,3020,well wyn plays a little bit different than he used to be,normal_play,0.0
3018,3022,well wyn plays a little bit different than he used to be he gets that wide ball not a lot on,normal_play,0.0
3020,3024,he gets that wide ball not a lot on he was trying to stay on the park,normal_play,0.0
3022,3026,he was trying to stay on the park does just enough and then his hand goes over the line right there,normal_play,0.0
3024,3028,does just enough and then his hand goes over the line right there and thats the turnover,normal_play,0.0
3026,3030,does just enough and then his hand goes over the line right there and thats the turnover thats poor attack from a team who love to attack,normal_play,0.0
3028,3032,thats poor attack from a team who love to attack if you have a short line up it means your big runners can be out wide,normal_play,0.0
3030,3034,thats poor attack from a team who love to attack if you have a short line up it means your big runners can be out wide,normal_play,0.0
3032,3036,if you have a short line up it means your big runners can be out wide and make some inroads,lineout,0.3248
3034,3038,and make some inroads he was just checked passing didnt really threaten,lineout,0.3248
3036,3040,he was just checked passing didnt really threaten and as a result ran into touch portugal need to improve from that,lineout,0.3248
3038,3042,and as a result ran into touch portugal need to improve from that georgia lost three liners against australia,lineout,0.3248
3040,3044,portugal need to improve from that georgia lost three liners against australia,maul,0.3642
3042,3046,georgia lost three liners against australia perfect thus far,maul,0.3642
3044,3048,perfect thus far and they set each department,maul,0.3642
3046,3050,and they set each department,maul,0.3642
3048,3052,martins has got way through on the middle of that ball,maul,0.3677
3050,3054,martins has got way through on the middle of that ball,maul,0.3677
3052,3056,martins has got way through on the middle of that ball martins hes helping georgia backwards,maul,0.3119
3054,3058,martins hes helping georgia backwards they have to play this,maul,0.3119
3056,3060,martins hes helping georgia backwards they have to play this the catch,maul,0.2926
3058,3062,they have to play this the catch that is superb mall defence from portugal,maul,0.2926
3060,3064,that is superb mall defence from portugal and nicola martins in the orange scrum cap,normal_play,0.0
3062,3066,that is superb mall defence from portugal and nicola martins in the orange scrum cap,normal_play,0.0
3064,3068,and nicola martins in the orange scrum cap it is vintage mall disruption,normal_play,0.0
3066,3070,it is vintage mall disruption turn over,normal_play,0.0
3068,3072,it is vintage mall disruption turn over yeah if youre new to rugby a mall is when the balls off the ground,normal_play,0.0
3070,3074,yeah if youre new to rugby a mall is when the balls off the ground no tackle is complete here,normal_play,0.0
3072,3076,yeah if youre new to rugby a mall is when the balls off the ground no tackle is complete here and once they form up this mall and try pushing forward,normal_play,0.0
3074,3078,and once they form up this mall and try pushing forward they have to use the ball when the referee says it,normal_play,0.0
3076,3080,and once they form up this mall and try pushing forward they have to use the ball when the referee says it,normal_play,0.0
3078,3082,they have to use the ball when the referee says it but look at the big number seven swimming through there,normal_play,0.0
3080,3084,but look at the big number seven swimming through there nicola martins does just enough,normal_play,0.0
3082,3086,nicola martins does just enough look at him just competing all the way,normal_play,0.0
3084,3088,nicola martins does just enough look at him just competing all the way because they cant get to ground,normal_play,0.0
3086,3090,look at him just competing all the way because they cant get to ground radjuskay and the coaches can celebrate,normal_play,0.0
3088,3092,because they cant get to ground radjuskay and the coaches can celebrate it will be a portugal put in,normal_play,0.0
3090,3094,radjuskay and the coaches can celebrate it will be a portugal put in,normal_play,0.0
3092,3096,it will be a portugal put in,normal_play,0.0
3094,3098,such a good player for the lead against the welsh,normal_play,0.0
3096,3100,such a good player for the lead against the welsh nicola martins a try scorer,scrum,0.4877
3098,3102,such a good player for the lead against the welsh nicola martins a try scorer joint top tackle with 14,scrum,0.4877
3100,3104,nicola martins a try scorer joint top tackle with 14 he makes more dominant tackle,scrum,0.4877
3102,3106,joint top tackle with 14 he makes more dominant tackle a tackle that forces your opponent backwards,scrum,0.4877
3104,3108,he makes more dominant tackle a tackle that forces your opponent backwards than any other player in the portuguese side,scrum,0.4877
3106,3110,a tackle that forces your opponent backwards than any other player in the portuguese side,scrum,0.4877
3108,3112,than any other player in the portuguese side,scrum,0.4877
3110,3114,unfortunately the reward of a scrum,scrum,0.4877
3112,3116,unfortunately the reward of a scrum,normal_play,0.0
3114,3118,unfortunately the reward of a scrum is like a lupacol to christmas,normal_play,0.0
3116,3120,is like a lupacol to christmas georgia will be living this,normal_play,0.0
3118,3122,georgia will be living this,normal_play,0.0
3120,3124,theyll be happy with the reset too as that yellow box on the left of your screen,normal_play,0.0
3122,3126,theyll be happy with the reset too as that yellow box on the left of your screen is ticking away just over a minute for fernandes to come back,normal_play,0.0
3124,3128,as that yellow box on the left of your screen is ticking away just over a minute for fernandes to come back,normal_play,0.0
3126,3130,is ticking away just over a minute for fernandes to come back,normal_play,0.0
3132,3136,catch,scrum,0.212
3134,3138,catch,scrum,0.212
3136,3140,boy,scrum,0.212
3138,3142,boy,scrum,0.212
3140,3144,set,scrum,0.212
3142,3146,set,scrum,0.212
3144,3148,so the portuguese scrum does enough,normal_play,0.0
3146,3150,so the portuguese scrum does enough,normal_play,0.0
3148,3152,so the portuguese scrum does enough casimo ish can play away,normal_play,0.0
3150,3154,casimo ish can play away trying to go over the top of aposizu,normal_play,0.0
3152,3156,casimo ish can play away trying to go over the top of aposizu who goes onto a giant limp,normal_play,0.0
3154,3158,trying to go over the top of aposizu who goes onto a giant limp,normal_play,0.0
3156,3160,who goes onto a giant limp cadera maybe up to ten tackle without the ball,normal_play,0.0
3158,3162,cadera maybe up to ten tackle without the ball looking to make an impact with it,normal_play,0.0
3160,3164,cadera maybe up to ten tackle without the ball looking to make an impact with it,normal_play,0.4032
3162,3166,looking to make an impact with it march changes direction,normal_play,0.4032
3164,3168,march changes direction patera straightening,normal_play,0.4032
3166,3170,patera straightening cant pierce between the big georgian forwards,normal_play,0.4032
3168,3172,cant pierce between the big georgian forwards march again to push that,normal_play,0.4032
3170,3174,cant pierce between the big georgian forwards march again to push that,normal_play,0.4032
3172,3176,march again to push that georgian nuts on that but illegally so,normal_play,0.4032
3174,3178,georgian nuts on that but illegally so penalty advantage portugal,normal_play,0.4032
3176,3180,georgian nuts on that but illegally so penalty advantage portugal march to madeira whos slaloming past defenders,normal_play,0.0
3178,3182,penalty advantage portugal march to madeira whos slaloming past defenders,normal_play,0.0
3180,3184,march to madeira whos slaloming past defenders quick ball for march again,normal_play,0.0
3182,3186,march to madeira whos slaloming past defenders quick ball for march again portela sees a gap hes come right,normal_play,0.0
3184,3188,quick ball for march again portela sees a gap hes come right,normal_play,0.4032
3186,3190,portela sees a gap hes come right but chachanize he keeps the ball alive,normal_play,0.4032
3188,3192,but chachanize he keeps the ball alive this is put on court,normal_play,0.4032
3190,3194,but chachanize he keeps the ball alive this is put on court suza gets to the outside,normal_play,0.4032
3192,3196,suza gets to the outside sturtees rubber abshan dantze traps it back well,normal_play,0.4032
3194,3198,sturtees rubber abshan dantze traps it back well,normal_play,0.4032
3196,3200,abshan dantze traps it back well and theyll go back for the second of those penalty advantages,normal_play,0.4032
3198,3202,and theyll go back for the second of those penalty advantages,normal_play,0.4032
3200,3204,and theyll go back for the second of those penalty advantages chachanizes high tackle,normal_play,0.4032
3202,3206,chachanizes high tackle and francisco fernandes prepares to re enter the pitch,normal_play,0.4032
3204,3208,and francisco fernandes prepares to re enter the pitch,penalty,0.5908
3206,3210,and francisco fernandes prepares to re enter the pitch high tackle cant wait to get back out there,penalty,0.5908
3208,3212,high tackle cant wait to get back out there its a penalty for the high tackle,penalty,0.5908
3210,3214,its a penalty for the high tackle but deceptive and how about portela just finding half gaps in this georgian defence,penalty,0.5908
3212,3216,but deceptive and how about portela just finding half gaps in this georgian defence,normal_play,0.3425
3214,3218,and how about portela just finding half gaps in this georgian defence he gets high tackle here and this could be a yell,normal_play,0.3425
3216,3220,and how about portela just finding half gaps in this georgian defence he gets high tackle here and this could be a yell,normal_play,0.3425
3218,3222,he gets high tackle here and this could be a yell the rest may have a look,normal_play,0.3425
3220,3224,the rest may have a look the crowd are going to let them know what they think,normal_play,0.0
3222,3226,the crowd are going to let them know what they think what are we doing,normal_play,0.0
3224,3228,what are we doing shot a goal,normal_play,0.0
3226,3230,what are we doing shot a goal,normal_play,0.0
3228,3232,shot a goal,normal_play,0.0
3230,3234,and theyve taken their option to kick it goal,normal_play,0.0
3232,3236,and theyve taken their option to kick it goal and rob this place is going to heat up,normal_play,0.0
3234,3238,and theyve taken their option to kick it goal and rob this place is going to heat up the big man gets to come back on,normal_play,0.0
3236,3240,and rob this place is going to heat up the big man gets to come back on and this goes over just a five point deficit for the portuguese,normal_play,0.0
3238,3242,and this goes over just a five point deficit for the portuguese,normal_play,0.0
3240,3244,just a five point deficit for the portuguese typically like a boxing match where someones been on the ropes,normal_play,0.0
3242,3246,typically like a boxing match where someones been on the ropes everyone in the crowd wants to see the uproar,normal_play,0.0
3244,3248,everyone in the crowd wants to see the uproar nice to see smiles on faces,normal_play,0.0
3246,3250,everyone in the crowd wants to see the uproar nice to see smiles on faces,normal_play,0.0
3248,3252,nice to see smiles on faces its very much about portugal now grabbing hold of an opportunity,normal_play,0.0
3250,3254,its very much about portugal now grabbing hold of an opportunity and getting points back on the board,normal_play,0.0
3252,3256,its very much about portugal now grabbing hold of an opportunity and getting points back on the board a little glimpse of the francisco fernandes fan club there,normal_play,0.0
3254,3258,and getting points back on the board a little glimpse of the francisco fernandes fan club there,normal_play,0.0
3256,3260,a little glimpse of the francisco fernandes fan club there theres a section of portuguese support with fernandes face masks,normal_play,0.0
3258,3262,theres a section of portuguese support with fernandes face masks might have been taking them off and hiding them a few minutes ago,normal_play,0.0
3260,3264,theres a section of portuguese support with fernandes face masks might have been taking them off and hiding them a few minutes ago,normal_play,0.0
3262,3266,might have been taking them off and hiding them a few minutes ago but they can enjoy the big fellas return,normal_play,0.0
3264,3268,but they can enjoy the big fellas return so of course theyre off,goal_kick,0.8688
3266,3270,so of course theyre off joel granati who was sacrificed on,goal_kick,0.8688
3268,3272,joel granati who was sacrificed on francisco fernandes back with us,goal_kick,0.8688
3270,3274,francisco fernandes back with us,goal_kick,0.8688
3272,3276,francisco fernandes back with us this kick to cut the gap to five,goal_kick,0.8688
3274,3278,this kick to cut the gap to five,goal_kick,0.8688
3276,3280,this kick to cut the gap to five,goal_kick,0.8688
3284,3288,march nails it,goal_kick,0.8688
3286,3290,march nails it georgia 13 portugal 8,goal_kick,0.8688
3288,3292,georgia 13 portugal 8 we have a game on our hands ladies and gentlemen,goal_kick,0.8688
3290,3294,georgia 13 portugal 8 we have a game on our hands ladies and gentlemen,goal_kick,0.8688
3292,3296,we have a game on our hands ladies and gentlemen,goal_kick,0.8688
3294,3298,wow theyve been hanging around,goal_kick,0.8688
3296,3300,wow theyve been hanging around therell be some questions being asked with the georgians,normal_play,0.0
3298,3302,therell be some questions being asked with the georgians well see how they respond here,normal_play,0.0
3300,3304,well see how they respond here will scrum half is doing well today,kick_off,0.5159
3302,3306,will scrum half is doing well today,kick_off,0.5159
3304,3308,will scrum half is doing well today,kick_off,0.5159
3308,3312,bad mistake from javier restorti,normal_play,0.0
3310,3314,bad mistake from javier restorti a stunning score,normal_play,0.0
3312,3316,bad mistake from javier restorti a stunning score hosted portugal back into the scale,normal_play,0.1837
3314,3318,a stunning score hosted portugal back into the scale,normal_play,0.1837
3316,3320,hosted portugal back into the scale lach,normal_play,0.1837
3318,3322,lach fusilois,normal_play,0.1837
3320,3324,lach fusilois i was happy there to make that run,normal_play,0.1396
3322,3326,fusilois i was happy there to make that run,normal_play,0.1396
3324,3328,i was happy there to make that run,normal_play,0.1396
3326,3330,holding now chaser,normal_play,0.1396
3328,3332,holding now chaser chaser on,normal_play,0.4032
3330,3334,chaser on low trajectory on that kick from lach,normal_play,0.4032
3332,3336,low trajectory on that kick from lach skipped alive,normal_play,0.4032
3334,3338,low trajectory on that kick from lach skipped alive and sandro dorua the veteran,normal_play,0.4032
3336,3340,skipped alive and sandro dorua the veteran,normal_play,0.4032
3338,3342,and sandro dorua the veteran still got plenty of pep in his step,normal_play,0.4032
3340,3344,still got plenty of pep in his step 36 and he then works under dorua,normal_play,0.4032
3342,3346,36 and he then works under dorua thats it,normal_play,0.4032
3344,3348,36 and he then works under dorua thats it flat to jalachonia,normal_play,0.3182
3346,3350,flat to jalachonia and prasidze comes round the corner,normal_play,0.3182
3348,3352,and prasidze comes round the corner tabouj sadzi,normal_play,0.3182
3350,3354,and prasidze comes round the corner tabouj sadzi caught well by rodrigo marta,normal_play,0.3182
3352,3356,tabouj sadzi caught well by rodrigo marta i thought hed stolen it,normal_play,0.2183
3354,3358,caught well by rodrigo marta i thought hed stolen it he hadnt,normal_play,0.2183
3356,3360,i thought hed stolen it he hadnt,normal_play,0.2183
3358,3362,he hadnt jalachonia abshan dadzi,normal_play,0.2183
3360,3364,jalachonia abshan dadzi,normal_play,0.4032
3362,3366,abshan dadzi this is such important throws,normal_play,0.4032
3364,3368,this is such important throws georgia look to reestablish momentum,normal_play,0.4032
3366,3370,this is such important throws georgia look to reestablish momentum havent lost to portugal in 18 matches,normal_play,0.4032
3368,3372,georgia look to reestablish momentum havent lost to portugal in 18 matches,normal_play,0.4032
3370,3374,havent lost to portugal in 18 matches 15 wins three draws,normal_play,0.4032
3372,3376,15 wins three draws prosted,normal_play,0.4032
3374,3378,prosted marks big shots,normal_play,0.4032
3376,3380,prosted marks big shots huge counter rock comes in and marks steals it,normal_play,0.4032
3378,3382,marks big shots huge counter rock comes in and marks steals it,normal_play,0.4032
3380,3384,huge counter rock comes in and marks steals it and suzygec,normal_play,0.4032
3382,3386,and suzygec alonis bess in front of him,normal_play,0.4032
3384,3388,alonis bess in front of him hes running it forward suzygec,normal_play,0.4032
3386,3390,hes running it forward suzygec onto matanj,normal_play,0.4032
3388,3392,onto matanj the stadium on its feet,normal_play,0.4032
3390,3394,the stadium on its feet heres appleton the captain,normal_play,0.4032
3392,3396,heres appleton the captain cutting inside to within five meters,normal_play,0.4032
3394,3398,cutting inside to within five meters portugal flick the switch,normal_play,0.4032
3396,3400,portugal flick the switch and now georgia taking heavy fire,normal_play,0.4032
3398,3402,and now georgia taking heavy fire granate,normal_play,0.4032
3400,3404,and now georgia taking heavy fire granate now,normal_play,0.3763
3402,3406,granate now,normal_play,0.3763
3404,3408,now marks,normal_play,0.3763
3406,3410,marks stibi serkera,normal_play,0.3763
3408,3412,stibi serkera almost seven feet of stibi serkera,normal_play,0.3486
3410,3414,almost seven feet of stibi serkera and now,normal_play,0.3486
3412,3416,and now marks again,normal_play,0.3486
3414,3418,marks again simoes cut straight away from the tacklers,normal_play,0.3486
3416,3420,simoes cut straight away from the tacklers,normal_play,0.4032
3418,3422,cut straight away from the tacklers,normal_play,0.4032
3420,3424,you can feel the atmosphere change,normal_play,0.3414
3422,3426,you can feel the atmosphere change,normal_play,0.3414
3424,3428,you can feel the atmosphere change you can feel the portuguese begin to dream,normal_play,0.3414
3426,3430,you can feel the portuguese begin to dream marta cant take it,normal_play,0.3414
3428,3432,you can feel the portuguese begin to dream marta cant take it that precedes a hoops it away,normal_play,0.4032
3430,3434,marta cant take it that precedes a hoops it away but portugal will have a line out,normal_play,0.4032
3432,3436,that precedes a hoops it away but portugal will have a line out,normal_play,0.4032
3434,3438,but portugal will have a line out just outside the georgia 22,normal_play,0.4032
3436,3440,just outside the georgia 22 how a match can change,normal_play,0.4032
3438,3442,how a match can change how momentum can shift,normal_play,0.4032
3440,3444,how a match can change how momentum can shift a huge shift as you say they had possession,normal_play,0.0
3442,3446,how momentum can shift a huge shift as you say they had possession look at the counter rock,normal_play,0.0
3444,3448,a huge shift as you say they had possession look at the counter rock from the portuguese boys,normal_play,0.0
3446,3450,look at the counter rock from the portuguese boys and this georgian defense is starting to fall apart,normal_play,0.0
3448,3452,from the portuguese boys and this georgian defense is starting to fall apart theyve only made 42 tackle but theyve missed 12,normal_play,0.0
3450,3454,and this georgian defense is starting to fall apart theyve only made 42 tackle but theyve missed 12 so one in four tackle is missed,normal_play,0.0
3452,3456,theyve only made 42 tackle but theyve missed 12 so one in four tackle is missed and theyre lucky out here,normal_play,0.0
3454,3458,so one in four tackle is missed and theyre lucky out here the skipper decided to keep it,normal_play,0.0
3456,3460,and theyre lucky out here the skipper decided to keep it i wonder if he could have given it outside,normal_play,0.0
3458,3462,the skipper decided to keep it i wonder if he could have given it outside just five meters short,normal_play,0.0
3460,3464,i wonder if he could have given it outside just five meters short but thats been the story for me as some of the subs start to come on here,normal_play,0.0
3462,3466,just five meters short but thats been the story for me as some of the subs start to come on here rob,normal_play,0.0
3464,3468,but thats been the story for me as some of the subs start to come on here rob the georgia just falling off tackle out there,lineout,0.4726
3466,3470,rob the georgia just falling off tackle out there its like a rookie film,lineout,0.4726
3468,3472,the georgia just falling off tackle out there its like a rookie film toot and fro when possession comes through,lineout,0.4726
3470,3474,its like a rookie film toot and fro when possession comes through just that tempo change from portugal is incredible,lineout,0.4726
3472,3476,toot and fro when possession comes through just that tempo change from portugal is incredible heres marta,normal_play,0.0
3474,3478,just that tempo change from portugal is incredible heres marta hes a jack in the box,normal_play,0.0
3476,3480,heres marta hes a jack in the box kigash really hauls him down,normal_play,0.1141
3478,3482,hes a jack in the box kigash really hauls him down what ground he made,normal_play,0.1141
3480,3484,kigash really hauls him down what ground he made another penalty advantage portugal,normal_play,0.1141
3482,3486,what ground he made another penalty advantage portugal marks around the fringes,normal_play,0.1141
3484,3488,another penalty advantage portugal marks around the fringes the veteran hooker,normal_play,0.4032
3486,3490,marks around the fringes the veteran hooker marks again,normal_play,0.4032
3488,3492,the veteran hooker marks again hasper gaila,normal_play,0.4032
3490,3494,marks again hasper gaila portugal with the wind in their sails,normal_play,0.4032
3492,3496,hasper gaila portugal with the wind in their sails with the try line tantalizingly close,normal_play,0.4032
3494,3498,portugal with the wind in their sails with the try line tantalizingly close,normal_play,0.4032
3496,3500,with the try line tantalizingly close,normal_play,0.0
3498,3502,and with the penalty advantage up their sleeve,normal_play,0.0
3500,3504,and with the penalty advantage up their sleeve theres the pasti granate,normal_play,0.4032
3502,3506,and with the penalty advantage up their sleeve theres the pasti granate that cleave georgia open,normal_play,0.4032
3504,3508,theres the pasti granate that cleave georgia open two meters out now,normal_play,0.4032
3506,3510,that cleave georgia open two meters out now marks,normal_play,0.4032
3508,3512,two meters out now marks appleton,normal_play,0.4032
3510,3514,marks appleton dabbing straightening,normal_play,0.4032
3512,3516,appleton dabbing straightening another penalty advantage,normal_play,0.4032
3514,3518,dabbing straightening another penalty advantage,normal_play,0.4032
3516,3520,another penalty advantage falls out,normal_play,0.4032
3518,3522,falls out got the advantage,normal_play,0.4032
3520,3524,falls out got the advantage portugal hold on,normal_play,0.4032
3522,3526,got the advantage portugal hold on opportunity knocks,normal_play,0.4032
3524,3528,portugal hold on opportunity knocks for los lobos,normal_play,0.4032
3526,3530,opportunity knocks for los lobos and everybody inside,normal_play,0.4032
3528,3532,for los lobos and everybody inside knows it,normal_play,0.4032
3530,3534,and everybody inside knows it four penalty advantage,normal_play,0.4032
3532,3536,knows it four penalty advantage numbers out wide,normal_play,0.3771
3534,3538,four penalty advantage numbers out wide susa getsch,normal_play,0.3771
3536,3540,numbers out wide susa getsch the pass goes behind storti,normal_play,0.4032
3538,3542,susa getsch the pass goes behind storti if it went in front of him,normal_play,0.4032
3540,3544,the pass goes behind storti if it went in front of him he had an untrue path to the line,normal_play,0.4032
3542,3546,if it went in front of him he had an untrue path to the line,normal_play,0.4032
3544,3548,he had an untrue path to the line,normal_play,0.0
3550,3554,any indication what lajusky,normal_play,0.0
3552,3556,any indication what lajusky wants him to do here,normal_play,0.0
3554,3558,any indication what lajusky wants him to do here the coach has loaded a message for three points,normal_play,0.0
3556,3560,wants him to do here the coach has loaded a message for three points weve had a couple of quick penalty,normal_play,0.0
3558,3562,the coach has loaded a message for three points weve had a couple of quick penalty inside the 22k,normal_play,0.0
3560,3564,weve had a couple of quick penalty inside the 22k its an official warning you need to pass that message on now,normal_play,0.0
3562,3566,inside the 22k its an official warning you need to pass that message on now next one goes,normal_play,0.0
3564,3568,its an official warning you need to pass that message on now next one goes,normal_play,0.0
3566,3570,next one goes clear message,normal_play,0.0
3568,3572,clear message come in up shari khan,normal_play,0.0
3570,3574,clear message come in up shari khan georgia,normal_play,0.0
3572,3576,come in up shari khan georgia another infringement down here,normal_play,0.0
3574,3578,georgia another infringement down here its a yellow card,normal_play,0.0
3576,3580,another infringement down here its a yellow card portugal are going to take three points here,normal_play,0.0
3578,3582,its a yellow card portugal are going to take three points here well the last pass aside,normal_play,0.0
3580,3584,portugal are going to take three points here well the last pass aside that is top class attacking rugby,normal_play,0.0
3582,3586,well the last pass aside that is top class attacking rugby from the portuguese team,normal_play,0.0
3584,3588,that is top class attacking rugby from the portuguese team brilliantly theyre backing themselves,normal_play,0.4032
3586,3590,from the portuguese team brilliantly theyre backing themselves putting it out the back door this last pass doesnt go to hand,normal_play,0.4032
3588,3592,brilliantly theyre backing themselves putting it out the back door this last pass doesnt go to hand but up to that point,normal_play,0.4032
3590,3594,putting it out the back door this last pass doesnt go to hand but up to that point outstanding play into play between,normal_play,0.4032
3592,3596,but up to that point outstanding play into play between backs and forwards,normal_play,0.0
3594,3598,outstanding play into play between backs and forwards some would say,normal_play,0.0
3596,3600,backs and forwards some would say interesting decision here,normal_play,0.0
3598,3602,some would say interesting decision here to go for the three points,normal_play,0.0
3600,3604,interesting decision here to go for the three points the problem is against georgia,normal_play,0.0
3602,3606,to go for the three points the problem is against georgia you just cant guarantee your set piece,normal_play,0.0
3604,3608,the problem is against georgia you just cant guarantee your set piece be it line or scrim this is sensible,normal_play,0.0
3606,3610,you just cant guarantee your set piece be it line or scrim this is sensible get your points when youre down there,normal_play,0.0
3608,3612,be it line or scrim this is sensible get your points when youre down there march bangs it over,normal_play,0.0
3610,3614,get your points when youre down there march bangs it over and suddenly,normal_play,0.0
3612,3616,march bangs it over and suddenly its a two point ball game,normal_play,0.0
3614,3618,and suddenly its a two point ball game on two occasions,normal_play,0.0
3616,3620,its a two point ball game on two occasions the captain thomas appleton has backed himself,normal_play,0.4032
3618,3622,on two occasions the captain thomas appleton has backed himself and on two occasions he was brought down just short,normal_play,0.4032
3620,3624,the captain thomas appleton has backed himself and on two occasions he was brought down just short,normal_play,0.4032
3622,3626,and on two occasions he was brought down just short,normal_play,0.4032
3624,3628,wonderful,normal_play,0.0
3626,3630,wonderful scenes in the stands,normal_play,0.0
3628,3632,wonderful scenes in the stands,normal_play,0.0
3630,3634,scenes in the stands these fans feel this is their day,normal_play,0.0
3632,3636,these fans feel this is their day they feel history is at hand,normal_play,0.0
3634,3638,these fans feel this is their day they feel history is at hand as levan maistashvili,normal_play,0.0
3636,3640,they feel history is at hand as levan maistashvili goes to his bench again and brings on,normal_play,0.0
3638,3642,as levan maistashvili goes to his bench again and brings on young luka makkava,normal_play,0.0
3640,3644,goes to his bench again and brings on young luka makkava at fly half for tere wabshan,normal_play,0.0
3642,3646,young luka makkava at fly half for tere wabshan thats it strong first half,normal_play,0.0
3644,3648,at fly half for tere wabshan thats it strong first half keeping with most of his team,kick_off,0.1869
3646,3650,thats it strong first half keeping with most of his team a quieter start to the second,kick_off,0.1869
3648,3652,keeping with most of his team a quieter start to the second makkava can play hes a good game manager,kick_off,0.1869
3650,3654,a quieter start to the second makkava can play hes a good game manager and they want his,kick_off,0.1869
3652,3656,makkava can play hes a good game manager and they want his kick in and streaks marks in the contest,normal_play,0.0
3654,3658,and they want his kick in and streaks marks in the contest,normal_play,0.0
3656,3660,kick in and streaks marks in the contest just under half an hour to play,normal_play,0.2065
3658,3662,just under half an hour to play,normal_play,0.2065
3660,3664,just under half an hour to play,normal_play,0.2065
3668,3672,okay use the ball,normal_play,0.3005
3670,3674,okay use the ball holding,normal_play,0.3005
3672,3676,okay use the ball holding naturally,normal_play,0.3005
3674,3678,holding naturally so touch found,normal_play,0.3005
3676,3680,naturally so touch found,normal_play,0.4032
3678,3682,so touch found 34 years of age,normal_play,0.4032
3680,3684,34 years of age some of the marks should be 35 in december,normal_play,0.4032
3682,3686,34 years of age some of the marks should be 35 in december he still has such,normal_play,0.4032
3684,3688,some of the marks should be 35 in december he still has such towering importance,normal_play,0.4032
3686,3690,he still has such towering importance in this portuguese squad,normal_play,0.4032
3688,3692,towering importance in this portuguese squad all of his wisdom all of his experience,normal_play,0.0
3690,3694,in this portuguese squad all of his wisdom all of his experience and of course his 82nd minute penalty,normal_play,0.0
3692,3696,all of his wisdom all of his experience and of course his 82nd minute penalty that took portugal,normal_play,0.0
3694,3698,and of course his 82nd minute penalty that took portugal to the world cup,normal_play,0.0
3696,3700,that took portugal to the world cup defeating the usa,normal_play,0.0
3698,3702,to the world cup defeating the usa its coming twice,normal_play,0.0
3700,3704,defeating the usa its coming twice well the kick in game we thought would be a bigger factor,lineout,0.1207
3702,3706,its coming twice well the kick in game we thought would be a bigger factor but both teams are playing with ball in hand,lineout,0.1207
3704,3708,well the kick in game we thought would be a bigger factor but both teams are playing with ball in hand it works out for georgia,lineout,0.1207
3706,3710,but both teams are playing with ball in hand it works out for georgia,lineout,0.1207
3708,3712,it works out for georgia portugal have stolen it again,normal_play,0.0
3710,3714,portugal have stolen it again jose madero this time,normal_play,0.0
3712,3716,portugal have stolen it again jose madero this time another important breakdown,normal_play,0.2587
3714,3718,jose madero this time another important breakdown jackal,normal_play,0.2587
3716,3720,another important breakdown jackal and portela flings it wide,normal_play,0.2587
3718,3722,jackal and portela flings it wide appleton,normal_play,0.2587
3720,3724,and portela flings it wide appleton can they create more magic,normal_play,0.2661
3722,3726,appleton can they create more magic put on core,normal_play,0.2661
3724,3728,can they create more magic put on core two man tackle,normal_play,0.4032
3726,3730,put on core two man tackle tabutsadze and kofisa lazy in there quickly,normal_play,0.4032
3728,3732,two man tackle tabutsadze and kofisa lazy in there quickly and the first half,normal_play,0.3258
3730,3734,tabutsadze and kofisa lazy in there quickly and the first half and the second half,normal_play,0.3258
3732,3736,and the first half and the second half and tabutsadze in there quickly,normal_play,0.3258
3734,3738,and the second half and tabutsadze in there quickly use it,normal_play,0.3258
3736,3740,and tabutsadze in there quickly use it a long way to get to that breakdown,normal_play,0.4032
3738,3742,use it a long way to get to that breakdown fernandes,normal_play,0.4032
3740,3744,a long way to get to that breakdown fernandes rebecca and back in amongst it,normal_play,0.1869
3742,3746,fernandes rebecca and back in amongst it,normal_play,0.1869
3744,3748,rebecca and back in amongst it holding both sides,normal_play,0.1869
3746,3750,holding both sides three,normal_play,0.1869
3748,3752,holding both sides three into the air,normal_play,0.4032
3750,3754,three into the air i dont see much of william ashvili in this second half,normal_play,0.4032
3752,3756,into the air i dont see much of william ashvili in this second half,normal_play,0.4032
3754,3758,i dont see much of william ashvili in this second half red holding him,normal_play,0.4032
3756,3760,red holding him slaps it downfield,normal_play,0.4032
3758,3762,red holding him slaps it downfield and its in,normal_play,0.4032
3760,3764,slaps it downfield and its in virtually no kick chase from the georgians,normal_play,0.0
3762,3766,and its in virtually no kick chase from the georgians sorry jamie but thats its side,normal_play,0.0
3764,3768,virtually no kick chase from the georgians sorry jamie but thats its side,normal_play,0.4032
3766,3770,sorry jamie but thats its side its just now going to go dead,normal_play,0.4032
3768,3772,its just now going to go dead it is,normal_play,0.4032
3770,3774,its just now going to go dead it is and thats a big yardage game for georgia,normal_play,0.4032
3772,3776,it is and thats a big yardage game for georgia theyll have the scrum back from where,normal_play,0.4032
3774,3778,and thats a big yardage game for georgia theyll have the scrum back from where portela kicked it,normal_play,0.4032
3776,3780,theyll have the scrum back from where portela kicked it and you can see much of it,normal_play,0.0
3778,3782,portela kicked it and you can see much of it portela makes of that,normal_play,0.0
3780,3784,and you can see much of it portela makes of that and rob i dont know what youre picking up there,normal_play,0.4032
3782,3786,portela makes of that and rob i dont know what youre picking up there as they see some fresh legs and we know why,normal_play,0.4032
3784,3788,and rob i dont know what youre picking up there as they see some fresh legs and we know why theres a lot of georgian forwards walking around this park at the moment,normal_play,0.4032
3786,3790,as they see some fresh legs and we know why theres a lot of georgian forwards walking around this park at the moment theres a lot of forwards generally looking pretty tired here,normal_play,0.4032
3788,3792,theres a lot of georgian forwards walking around this park at the moment theres a lot of forwards generally looking pretty tired here we see substitutes are made to exactly,normal_play,0.0
3790,3794,theres a lot of forwards generally looking pretty tired here we see substitutes are made to exactly repair what were seeing,normal_play,0.0
3792,3796,we see substitutes are made to exactly repair what were seeing and the exhaustion from that first,normal_play,0.0
3794,3798,repair what were seeing and the exhaustion from that first 40 minutes is showing on both sides of the field,normal_play,0.0
3796,3800,and the exhaustion from that first 40 minutes is showing on both sides of the field special moment for the man wearing,normal_play,0.0
3798,3802,40 minutes is showing on both sides of the field special moment for the man wearing number 19 today,normal_play,0.0
3800,3804,special moment for the man wearing number 19 today no doubt che ashvili,normal_play,0.0
3802,3806,number 19 today no doubt che ashvili big sheathed head in the middle of that georgian scrum,normal_play,0.0
3804,3808,no doubt che ashvili big sheathed head in the middle of that georgian scrum its his 50th cap today,normal_play,0.0
3806,3810,big sheathed head in the middle of that georgian scrum its his 50th cap today hes come on for him,normal_play,0.0
3808,3812,its his 50th cap today hes come on for him fingy zampter adds it on as well,scrum,0.4877
3810,3814,hes come on for him fingy zampter adds it on as well for shabnam amakashvili,scrum,0.4877
3812,3816,fingy zampter adds it on as well for shabnam amakashvili and that is the end of the game for,scrum,0.4877
3814,3818,for shabnam amakashvili and that is the end of the game for shabnam amakashvili,scrum,0.4877
3816,3820,and that is the end of the game for shabnam amakashvili big man big character,scrum,0.4877
3818,3822,shabnam amakashvili big man big character pitch support here to,scrum,0.4877
3820,3824,big man big character pitch support here to ronevon,scrum,0.4877
3822,3826,pitch support here to ronevon and that he pushed up,scrum,0.4877
3824,3828,ronevon and that he pushed up ronevon might be with us for the duration,scrum,0.4877
3826,3830,and that he pushed up ronevon might be with us for the duration back to more comfortable territory,scrum,0.4877
3828,3832,ronevon might be with us for the duration back to more comfortable territory the great shot from the cable can,scrum,0.4877
3830,3834,back to more comfortable territory the great shot from the cable can its the drone but scrum time for georgia,scrum,0.4877
3832,3836,the great shot from the cable can its the drone but scrum time for georgia they can build something from this,scrum,0.4877
3834,3838,its the drone but scrum time for georgia they can build something from this set,scrum,0.4877
3836,3840,they can build something from this set,scrum,0.4877
3838,3842,set,scrum,0.4877
3842,3846,vasite for tabudzadeh,scrum,0.4877
3844,3848,vasite for tabudzadeh again off his wing,scrum,0.4877
3846,3850,vasite for tabudzadeh again off his wing heres makaava clattered right by,scrum,0.4877
3848,3852,again off his wing heres makaava clattered right by hidrobutankur,normal_play,0.4032
3850,3854,heres makaava clattered right by hidrobutankur ronevon ashvili,normal_play,0.4032
3852,3856,hidrobutankur ronevon ashvili looking at most of a difficult situation,normal_play,0.4032
3854,3858,ronevon ashvili looking at most of a difficult situation gets the hands free,normal_play,0.4032
3856,3860,looking at most of a difficult situation gets the hands free and pops it off beautifully,normal_play,0.4032
3858,3862,gets the hands free and pops it off beautifully a steal,normal_play,0.4032
3860,3864,and pops it off beautifully a steal pinch back,normal_play,0.4032
3862,3866,a steal pinch back these wolves of portugal,normal_play,0.4032
3864,3868,pinch back these wolves of portugal hunting,normal_play,0.0
3866,3870,these wolves of portugal hunting and stealing,normal_play,0.0
3868,3872,hunting and stealing and mischief,normal_play,0.4032
3870,3874,and stealing and mischief making with this georgian attack,normal_play,0.4032
3872,3876,and mischief making with this georgian attack toudoua rattles it high,normal_play,0.4032
3874,3878,making with this georgian attack toudoua rattles it high rattles it out on the full,normal_play,0.4032
3876,3880,toudoua rattles it high rattles it out on the full,normal_play,0.4032
3878,3882,rattles it out on the full,normal_play,0.4032
3880,3884,the most experienced back on the pitch,normal_play,0.4032
3882,3886,the most experienced back on the pitch makes a big error,normal_play,0.4032
3884,3888,the most experienced back on the pitch makes a big error,normal_play,0.4032
3886,3890,makes a big error,normal_play,0.4032
3888,3892,well everythings going portugals way,normal_play,0.0
3890,3894,well everythings going portugals way the contact here watch the big number four,normal_play,0.0
3892,3896,well everythings going portugals way the contact here watch the big number four coming in said ill have some of that,normal_play,0.0
3894,3898,the contact here watch the big number four coming in said ill have some of that jose madeira and those are the things,normal_play,0.0
3896,3900,coming in said ill have some of that jose madeira and those are the things that are making a difference right now,normal_play,0.4032
3898,3902,jose madeira and those are the things that are making a difference right now just like this kick thats gone straight into touch,normal_play,0.4032
3900,3904,that are making a difference right now just like this kick thats gone straight into touch,normal_play,0.4032
3902,3906,just like this kick thats gone straight into touch watched all the way by mouros uzegich,normal_play,0.4032
3904,3908,watched all the way by mouros uzegich one of those inspired by,lineout,0.4726
3906,3910,watched all the way by mouros uzegich one of those inspired by,lineout,0.4726
3908,3912,one of those inspired by the great 2007 vintage,lineout,0.4726
3910,3914,the great 2007 vintage portugal have never won a rugby world,lineout,0.4726
3912,3916,the great 2007 vintage portugal have never won a rugby world cup match,try,1.0
3914,3918,portugal have never won a rugby world cup match they havent beaten georgia,try,1.0
3916,3920,cup match they havent beaten georgia in 15 years,normal_play,0.316
3918,3922,they havent beaten georgia in 15 years,normal_play,0.316
3920,3924,in 15 years march,normal_play,0.316
3922,3926,march theyll tell that new options he doesnt need any,normal_play,0.316
3924,3928,march theyll tell that new options he doesnt need any what a pass inside,try,1.0
3926,3930,theyll tell that new options he doesnt need any what a pass inside stalked his away hes gone,try,1.0
3928,3932,what a pass inside stalked his away hes gone stalked his in for a double,try,1.0
3930,3934,stalked his away hes gone stalked his in for a double,try,1.0
3932,3936,stalked his in for a double,try,1.0
3940,3944,portugal have risen from the ashes,normal_play,0.0
3942,3946,portugal have risen from the ashes,normal_play,0.0
3944,3948,portugal have risen from the ashes from bleak in the,normal_play,0.0
3946,3950,from bleak in the first half to blistering,normal_play,0.0
3948,3952,from bleak in the first half to blistering in the second,normal_play,0.0
3950,3954,first half to blistering in the second,normal_play,0.0
3952,3956,in the second,normal_play,0.0
3954,3958,rafael storti doubles up,normal_play,0.0
3956,3960,rafael storti doubles up and this is a,normal_play,0.0
3958,3962,rafael storti doubles up and this is a world cup classic,normal_play,0.0
3960,3964,and this is a world cup classic well the ball was balled initially,normal_play,0.0
3962,3966,world cup classic well the ball was balled initially but portela whos been for me the man,normal_play,0.0
3964,3968,well the ball was balled initially but portela whos been for me the man the thorn in the side of the georgians,normal_play,0.0
3966,3970,but portela whos been for me the man the thorn in the side of the georgians gets it to the pace man and stortis,normal_play,0.0
3968,3972,the thorn in the side of the georgians gets it to the pace man and stortis looks to set up the fullback actually its the,normal_play,0.0
3970,3974,gets it to the pace man and stortis looks to set up the fullback actually its the blind winger tadua and he just falls down,normal_play,0.0
3972,3976,looks to set up the fullback actually its the blind winger tadua and he just falls down cant believe his luck watch,normal_play,0.0
3974,3978,blind winger tadua and he just falls down cant believe his luck watch as he squares up here,normal_play,0.0
3976,3980,cant believe his luck watch as he squares up here the last defender falls on the ground,normal_play,0.0
3978,3982,as he squares up here the last defender falls on the ground and storti has a run in for a second,normal_play,0.0
3980,3984,the last defender falls on the ground and storti has a run in for a second,normal_play,0.0
3982,3986,and storti has a run in for a second,normal_play,0.0
3986,3990,he wasnt picked last weekend,goal_kick,0.8688
3988,3992,he wasnt picked last weekend fans saw pinto go ahead of him,goal_kick,0.8688
3990,3994,he wasnt picked last weekend fans saw pinto go ahead of him pinto might have played today,goal_kick,0.8688
3992,3996,fans saw pinto go ahead of him pinto might have played today if he hadnt been suspended,goal_kick,0.8688
3994,3998,pinto might have played today if he hadnt been suspended,goal_kick,0.8688
3996,4000,if he hadnt been suspended and no match,goal_kick,0.8688
3998,4002,and no match to stretch the portuguese leads,goal_kick,0.8688
4000,4004,and no match to stretch the portuguese leads no problem,goal_kick,0.8688
4002,4006,to stretch the portuguese leads no problem amazing,goal_kick,0.8688
4004,4008,no problem amazing from 13,goal_kick,0.8688
4006,4010,amazing from 13 mil down,goal_kick,0.8688
4008,4012,from 13 mil down they lead 18 13,goal_kick,0.8688
4010,4014,mil down they lead 18 13 well,goal_kick,0.8688
4012,4016,they lead 18 13 well markson and portela,goal_kick,0.8688
4014,4018,well markson and portela in the 9 and 10 jersey are dominating,goal_kick,0.8688
4016,4020,markson and portela in the 9 and 10 jersey are dominating theyre winning this battle,normal_play,0.0
4018,4022,in the 9 and 10 jersey are dominating theyre winning this battle stortis getting the reward,normal_play,0.0
4020,4024,theyre winning this battle stortis getting the reward look at the,normal_play,0.0
4022,4026,stortis getting the reward look at the passion,normal_play,0.0
4024,4028,look at the passion and not the last time,normal_play,0.0
4026,4030,passion and not the last time youre going to be hearing rafael storti,normal_play,0.0
4028,4032,and not the last time youre going to be hearing rafael storti scoring some rogues,normal_play,0.0
4030,4034,youre going to be hearing rafael storti scoring some rogues the young man 22 years old getting celebrated,normal_play,0.0
4032,4036,scoring some rogues the young man 22 years old getting celebrated by the oldest boy 38,normal_play,0.0
4034,4038,the young man 22 years old getting celebrated by the oldest boy 38 fantastic for portugal,normal_play,0.0
4036,4040,by the oldest boy 38 fantastic for portugal,normal_play,0.0
4038,4042,fantastic for portugal,normal_play,0.0
4044,4048,rafael storti was named,kick_off,0.5159
4046,4050,rafael storti was named francisco fernandes made his portugal debut,kick_off,0.5159
4048,4052,rafael storti was named francisco fernandes made his portugal debut in 2010,normal_play,0.0
4050,4054,francisco fernandes made his portugal debut in 2010 a lot of big,normal_play,0.0
4052,4056,in 2010 a lot of big george and penalty there,penalty,0.3703
4054,4058,a lot of big george and penalty there portugal holding on,penalty,0.3703
4056,4060,george and penalty there portugal holding on,penalty,0.3703
4058,4062,portugal holding on thats a huge call,penalty,0.3703
4060,4064,thats a huge call portugal had their hands on,normal_play,0.0
4062,4066,thats a huge call portugal had their hands on the penalty you know what this means rob,normal_play,0.0
4064,4068,portugal had their hands on the penalty you know what this means rob kick down the line,normal_play,0.0
4066,4070,the penalty you know what this means rob kick down the line line out pressure from the forwards,normal_play,0.0
4068,4072,kick down the line line out pressure from the forwards this is where the forwards,normal_play,0.0
4070,4074,line out pressure from the forwards this is where the forwards are really going to have to step up for,normal_play,0.0
4072,4076,this is where the forwards are really going to have to step up for georgia they love going forward,normal_play,0.0
4074,4078,are really going to have to step up for georgia they love going forward they love driving line ups this is very much,normal_play,0.0
4076,4080,georgia they love going forward they love driving line ups this is very much something theyre going to grab,normal_play,0.0
4078,4082,they love driving line ups this is very much something theyre going to grab and mold into what is,normal_play,0.0
4080,4084,something theyre going to grab and mold into what is a georgian masterpiece,normal_play,0.0
4082,4086,and mold into what is a georgian masterpiece she loves it,normal_play,0.0
4084,4088,a georgian masterpiece she loves it she loves it,normal_play,0.0
4086,4090,she loves it she loves it,normal_play,0.0
4088,4092,she loves it first throw for,normal_play,0.0
4090,4094,first throw for dungas zantaradze,normal_play,0.0
4092,4096,first throw for dungas zantaradze,lineout,0.2368
4094,4098,dungas zantaradze well martins got hands to it,lineout,0.2368
4096,4100,well martins got hands to it who wants this match ball,lineout,0.2368
4098,4102,well martins got hands to it who wants this match ball portugal do,lineout,0.2368
4100,4104,who wants this match ball portugal do last fine,normal_play,0.0
4102,4106,portugal do last fine last fine,normal_play,0.0
4104,4108,last fine last fine and suddenly all the things that were going well for georgia,normal_play,0.0
4106,4110,last fine and suddenly all the things that were going well for georgia swimmingly well in the first half,normal_play,0.0
4108,4112,and suddenly all the things that were going well for georgia swimmingly well in the first half are threatening to implode,normal_play,0.1542
4110,4114,swimmingly well in the first half are threatening to implode in the second,normal_play,0.1542
4112,4116,are threatening to implode in the second easy,normal_play,0.1542
4114,4118,in the second easy,normal_play,0.1542
4116,4120,easy,penalty,0.452
4118,4122,another georgian penalty,penalty,0.452
4120,4124,another georgian penalty portugal off their feet,penalty,0.452
4122,4126,another georgian penalty portugal off their feet hugo hasfahegar,penalty,0.452
4124,4128,portugal off their feet hugo hasfahegar straight to ground wearing three,normal_play,0.0
4126,4130,hugo hasfahegar straight to ground wearing three sailing straight off,normal_play,0.0
4128,4132,straight to ground wearing three sailing straight off,normal_play,0.0
4130,4134,sailing straight off so the call is,normal_play,0.0
4132,4136,so the call is the arriving portuguese players,normal_play,0.4032
4134,4138,so the call is the arriving portuguese players arent holding their weight theyre sealing it off,normal_play,0.4032
4136,4140,the arriving portuguese players arent holding their weight theyre sealing it off to me a tough call,normal_play,0.4032
4138,4142,arent holding their weight theyre sealing it off to me a tough call here they go here we go georgia,normal_play,0.4032
4140,4144,to me a tough call here they go here we go georgia desperate for some momentum,normal_play,0.0
4142,4146,here they go here we go georgia desperate for some momentum and some try and have they got it down,normal_play,0.0
4144,4148,desperate for some momentum and some try and have they got it down no,normal_play,0.0
4146,4150,and some try and have they got it down no thats incredible,normal_play,0.0
4148,4152,no thats incredible last ditch defence,normal_play,0.0
4150,4154,thats incredible last ditch defence its heroic from portugal,normal_play,0.0
4152,4156,last ditch defence its heroic from portugal,normal_play,0.0
4154,4158,its heroic from portugal becker gorganzi turned turtle,normal_play,0.0
4156,4160,becker gorganzi turned turtle over the portuguese line,normal_play,0.0
4158,4162,becker gorganzi turned turtle over the portuguese line its a goal on drop out,normal_play,0.0
4160,4164,over the portuguese line its a goal on drop out,normal_play,0.4032
4162,4166,its a goal on drop out its petancourt,normal_play,0.4032
4164,4168,its petancourt what a play what a play,normal_play,0.4032
4166,4170,its petancourt what a play what a play well,normal_play,0.4032
4168,4172,what a play what a play well one of the best scrum in the tournament they turned down the five meter scrum,kick_off,0.5159
4170,4174,well one of the best scrum in the tournament they turned down the five meter scrum its a well worked play,kick_off,0.5159
4172,4176,one of the best scrum in the tournament they turned down the five meter scrum its a well worked play but petancourt has the presence of mind,kick_off,0.5159
4174,4178,its a well worked play but petancourt has the presence of mind get on the ball what a drop out,kick_off,0.5159
4176,4180,but petancourt has the presence of mind get on the ball what a drop out,normal_play,0.4032
4178,4182,get on the ball what a drop out max chases nuno esquivel away back into his own half,normal_play,0.4032
4180,4184,max chases nuno esquivel away back into his own half oka red,normal_play,0.4032
4182,4186,max chases nuno esquivel away back into his own half oka red nuno esquivel sends it skywards,normal_play,0.4032
4184,4188,oka red nuno esquivel sends it skywards its won by portugal,normal_play,0.0
4186,4190,nuno esquivel sends it skywards its won by portugal martins has pause on it,normal_play,0.0
4188,4192,its won by portugal martins has pause on it pick up that is for max,normal_play,0.4032
4190,4194,martins has pause on it pick up that is for max he feeds on to saqueira,normal_play,0.4032
4192,4196,pick up that is for max he feeds on to saqueira and this is where portugal can play,normal_play,0.4032
4194,4198,he feeds on to saqueira and this is where portugal can play this is where they can,normal_play,0.4032
4196,4200,and this is where portugal can play this is where they can drive daggers,normal_play,0.4032
4198,4202,this is where they can drive daggers into opposition teams,normal_play,0.4032
4200,4204,drive daggers into opposition teams when the game opens up,normal_play,0.3732
4202,4206,into opposition teams when the game opens up when it gets fast and loose,normal_play,0.3732
4204,4208,when the game opens up when it gets fast and loose los lobos are on the prowl,normal_play,0.3732
4206,4210,when it gets fast and loose los lobos are on the prowl appleton the captain,normal_play,0.3732
4208,4212,los lobos are on the prowl appleton the captain a dentist back home in lisbon,normal_play,0.4032
4210,4214,appleton the captain a dentist back home in lisbon now on the cusp of leading,normal_play,0.4032
4212,4216,a dentist back home in lisbon now on the cusp of leading his men to a first ever,normal_play,0.2554
4214,4218,now on the cusp of leading his men to a first ever rugby world cup win,normal_play,0.2554
4216,4220,his men to a first ever rugby world cup win,normal_play,0.2554
4218,4222,rugby world cup win,normal_play,0.2554
4220,4224,the match takes the sting out of things,normal_play,0.4032
4222,4226,the match takes the sting out of things,normal_play,0.4032
4224,4228,the match takes the sting out of things marta chases after it,normal_play,0.4032
4226,4230,marta chases after it what a catch from marta,normal_play,0.4032
4228,4232,marta chases after it what a catch from marta hes got support with him saqueira leaves it,normal_play,0.4032
4230,4234,what a catch from marta hes got support with him saqueira leaves it to taggier,normal_play,0.4032
4232,4236,hes got support with him saqueira leaves it to taggier rodrigo marta king of the toulouse skies,normal_play,0.0
4234,4238,to taggier rodrigo marta king of the toulouse skies,normal_play,0.0
4236,4240,rodrigo marta king of the toulouse skies everything going with portugal right now,normal_play,0.2895
4238,4242,everything going with portugal right now portela sends it wide,normal_play,0.2895
4240,4244,everything going with portugal right now portela sends it wide,normal_play,0.2895
4242,4246,portela sends it wide,normal_play,0.2895
4248,4252,march appleton,normal_play,0.2066
4250,4254,march appleton finding the warm embrace of jose,normal_play,0.2066
4252,4256,march appleton finding the warm embrace of jose madeira but is caught behind the game line,normal_play,0.2066
4254,4258,finding the warm embrace of jose madeira but is caught behind the game line george up quickly,normal_play,0.2066
4256,4260,madeira but is caught behind the game line george up quickly march,normal_play,0.0
4258,4262,george up quickly march domine the kick going instead to appleton,normal_play,0.0
4260,4264,march domine the kick going instead to appleton shes again shot in the back,normal_play,0.3731
4262,4266,domine the kick going instead to appleton shes again shot in the back this is marta again,normal_play,0.3731
4264,4268,shes again shot in the back this is marta again portugals record,normal_play,0.3731
4266,4270,this is marta again portugals record triscorer,normal_play,0.3731
4268,4272,portugals record triscorer incredible,normal_play,0.4032
4270,4274,triscorer incredible 30 try,normal_play,0.4032
4272,4276,incredible 30 try here they come again,normal_play,0.301
4274,4278,30 try here they come again this is thibaut de freitas,normal_play,0.301
4276,4280,here they come again this is thibaut de freitas its on theres numbers,normal_play,0.301
4278,4282,this is thibaut de freitas its on theres numbers portela plenty of white,normal_play,0.301
4280,4284,its on theres numbers portela plenty of white jerseys away here,normal_play,0.4032
4282,4286,portela plenty of white jerseys away here this is bretoncourt straightening and,normal_play,0.4032
4284,4288,jerseys away here this is bretoncourt straightening and fending off gorgazza who holds on,normal_play,0.4032
4286,4290,this is bretoncourt straightening and fending off gorgazza who holds on use it,normal_play,0.4032
4288,4292,fending off gorgazza who holds on use it no scrimmage here,normal_play,0.4032
4290,4294,use it no scrimmage here much involved in that breakdown,normal_play,0.4032
4292,4296,no scrimmage here much involved in that breakdown i cant take the roll,normal_play,0.3548
4294,4298,much involved in that breakdown i cant take the roll,normal_play,0.3548
4296,4300,i cant take the roll,normal_play,0.3548
4298,4302,portela puts the cross kick in,normal_play,0.3548
4300,4304,portela puts the cross kick in martas after it,normal_play,0.4032
4302,4306,portela puts the cross kick in martas after it tabushadze takes it really well,normal_play,0.4032
4304,4308,martas after it tabushadze takes it really well thats a magnificent,normal_play,0.4032
4306,4310,tabushadze takes it really well thats a magnificent catch under huge,normal_play,0.4032
4308,4312,thats a magnificent catch under huge huge jerseys,normal_play,0.4032
4310,4314,catch under huge huge jerseys,normal_play,0.4032
4312,4316,huge jerseys wow theres some,normal_play,0.0
4314,4318,wow theres some breeze running around is it,normal_play,0.0
4316,4320,wow theres some breeze running around is it concern that maybe hes milking this a little bit,normal_play,0.4032
4318,4322,breeze running around is it concern that maybe hes milking this a little bit hes definitely contacted in the air,normal_play,0.4032
4320,4324,concern that maybe hes milking this a little bit hes definitely contacted in the air its a great take as you said,normal_play,0.4032
4322,4326,hes definitely contacted in the air its a great take as you said the pace of this game,normal_play,0.4032
4324,4328,its a great take as you said the pace of this game still 18 minutes to play,normal_play,0.0
4326,4330,the pace of this game still 18 minutes to play we can play,normal_play,0.0
4328,4332,still 18 minutes to play we can play really good take,normal_play,0.395
4330,4334,we can play really good take he does get hit in the air thats the penalty,normal_play,0.395
4332,4336,really good take he does get hit in the air thats the penalty marks up there,normal_play,0.395
4334,4338,he does get hit in the air thats the penalty marks up there guys back to 10 minutes,normal_play,0.395
4336,4340,marks up there guys back to 10 minutes heres our mark here,normal_play,0.0
4338,4342,guys back to 10 minutes heres our mark here and its a penalty,normal_play,0.0
4340,4344,heres our mark here and its a penalty its a penalty,penalty,0.6128
4342,4346,and its a penalty its a penalty and rizzi just nailed it,penalty,0.6128
4344,4348,its a penalty and rizzi just nailed it the game play now for the next 18 minutes,penalty,0.6128
4346,4350,and rizzi just nailed it the game play now for the next 18 minutes has to be at a lower tempo,penalty,0.6128
4348,4352,the game play now for the next 18 minutes has to be at a lower tempo they cannot sustain this level,normal_play,0.0
4350,4354,has to be at a lower tempo they cannot sustain this level of pace across the pitch you can see much,normal_play,0.0
4352,4356,they cannot sustain this level of pace across the pitch you can see much hes absolutely spent as a scrimmage,normal_play,0.0
4354,4358,of pace across the pitch you can see much hes absolutely spent as a scrimmage because hes doing all the wits,normal_play,0.0
4356,4360,hes absolutely spent as a scrimmage because hes doing all the wits its about using that pace and extra,normal_play,0.0
4358,4362,because hes doing all the wits its about using that pace and extra gear that portugal clearly have at the right,normal_play,0.0
4360,4364,its about using that pace and extra gear that portugal clearly have at the right times and georgia,normal_play,0.0
4362,4366,gear that portugal clearly have at the right times and georgia needs to keep grinding,normal_play,0.0
4364,4368,times and georgia needs to keep grinding georgia up to 20 missed tackle,normal_play,0.0
4366,4370,needs to keep grinding georgia up to 20 missed tackle and the possession stats 53 for,normal_play,0.0
4368,4372,georgia up to 20 missed tackle and the possession stats 53 for georgia that was 67,lineout,0.4726
4370,4374,and the possession stats 53 for georgia that was 67 now portugal with 47 of the ball,lineout,0.4726
4372,4376,georgia that was 67 now portugal with 47 of the ball whats happening,lineout,0.4726
4374,4378,now portugal with 47 of the ball whats happening a tale of two hearts,lineout,0.4726
4376,4380,whats happening a tale of two hearts a tale of two latex as well,normal_play,0.0
4378,4382,a tale of two hearts a tale of two latex as well portugal just fumbled after,normal_play,0.0
4380,4384,a tale of two latex as well portugal just fumbled after running it back,normal_play,0.0
4382,4386,portugal just fumbled after running it back portela,normal_play,0.0
4384,4388,running it back portela a bit of soccerista style,normal_play,0.4032
4386,4390,portela a bit of soccerista style suza ghech,normal_play,0.4032
4388,4392,a bit of soccerista style suza ghech with the hitch kick taking on shere khanzeh,normal_play,0.4032
4390,4394,suza ghech with the hitch kick taking on shere khanzeh but onkur with him,normal_play,0.4032
4392,4396,with the hitch kick taking on shere khanzeh but onkur with him yeah got to his feet,normal_play,0.4032
4394,4398,but onkur with him yeah got to his feet but got up went again,normal_play,0.4032
4396,4400,yeah got to his feet but got up went again ok news now,normal_play,0.3723
4398,4402,but got up went again ok news now portugal,normal_play,0.3723
4400,4404,ok news now portugal into that attacking shape,normal_play,0.3723
4402,4406,portugal into that attacking shape thats ferreira,normal_play,0.3723
4404,4408,into that attacking shape thats ferreira whats loose,normal_play,0.4032
4406,4410,thats ferreira whats loose and it has gone forwards,normal_play,0.4032
4408,4412,whats loose and it has gone forwards and perhaps portugal trying to play a little too much rugby,normal_play,0.3905
4410,4414,and it has gone forwards and perhaps portugal trying to play a little too much rugby well this games on a knife edge,normal_play,0.3905
4412,4416,and perhaps portugal trying to play a little too much rugby well this games on a knife edge im not sure because theres so many,normal_play,0.3905
4414,4418,well this games on a knife edge im not sure because theres so many holes out wide when they,normal_play,0.3905
4416,4420,im not sure because theres so many holes out wide when they stretch the georgians theyre not connected out,normal_play,0.0
4418,4422,holes out wide when they stretch the georgians theyre not connected out there this one just bobbles as he,normal_play,0.0
4420,4424,stretch the georgians theyre not connected out there this one just bobbles as he looks to offload not sure,normal_play,0.4032
4422,4426,there this one just bobbles as he looks to offload not sure they did go forward,normal_play,0.4032
4424,4428,looks to offload not sure they did go forward and thats their game plan you see 15,normal_play,0.4032
4426,4430,they did go forward and thats their game plan you see 15 offload the third most in their last,normal_play,0.4032
4428,4432,and thats their game plan you see 15 offload the third most in their last poor game portugal love to play expansive,normal_play,0.0
4430,4434,offload the third most in their last poor game portugal love to play expansive rugby were not saying dont,normal_play,0.0
4432,4436,poor game portugal love to play expansive rugby were not saying dont just dont try and do it every single phase,normal_play,0.0
4434,4438,rugby were not saying dont just dont try and do it every single phase theyve got that shift change pick your,normal_play,0.0
4436,4440,just dont try and do it every single phase theyve got that shift change pick your moment and play for it,normal_play,0.0
4438,4442,theyve got that shift change pick your moment and play for it when we talk about the french flair weve seen,normal_play,0.0
4440,4444,moment and play for it when we talk about the french flair weve seen a heck of a lot of portuguese flair here,normal_play,0.0
4442,4446,when we talk about the french flair weve seen a heck of a lot of portuguese flair here lazio scherz influence,normal_play,0.0
4444,4448,a heck of a lot of portuguese flair here lazio scherz influence the fact that these players are playing their rugby in france,normal_play,0.0
4446,4450,lazio scherz influence the fact that these players are playing their rugby in france theyve always been a dangerous side,normal_play,0.0
4448,4452,the fact that these players are playing their rugby in france theyve always been a dangerous side portugal and willing to back themselves,normal_play,0.0
4450,4454,theyve always been a dangerous side portugal and willing to back themselves we keep going,normal_play,0.0
4452,4456,portugal and willing to back themselves we keep going thank you,normal_play,0.0
4454,4458,we keep going thank you thank you,normal_play,0.0
4456,4460,thank you thank you and georgia with,normal_play,0.0
4458,4462,thank you and georgia with full body fresh legs down there,normal_play,0.0
4460,4464,and georgia with full body fresh legs down there can they affect this change this,normal_play,0.0
4462,4466,full body fresh legs down there can they affect this change this tide that is rolling portugals,normal_play,0.0
4464,4468,can they affect this change this tide that is rolling portugals way at the moment guys please stand i think,normal_play,0.0
4466,4470,tide that is rolling portugals way at the moment guys please stand i think that gap is far too big far too big,normal_play,0.0
4468,4472,way at the moment guys please stand i think that gap is far too big far too big were just going to go straight down there,normal_play,0.0
4470,4474,that gap is far too big far too big were just going to go straight down there please reset they just look,normal_play,0.0
4472,4476,were just going to go straight down there please reset they just look too big,normal_play,0.0
4474,4478,please reset they just look too big less subs on for portugal as youd,normal_play,0.0
4476,4480,too big less subs on for portugal as youd expect because the boys on there are doing,normal_play,0.0
4478,4482,less subs on for portugal as youd expect because the boys on there are doing the job theyre up by five,normal_play,0.0
4480,4484,expect because the boys on there are doing the job theyre up by five looking for their first ever rugby world cup,normal_play,0.0
4482,4486,the job theyre up by five looking for their first ever rugby world cup win,normal_play,0.0
4484,4488,looking for their first ever rugby world cup win the two moments where youd think that georgia would have gone for,normal_play,0.0
4486,4490,win the two moments where youd think that georgia would have gone for the scrum they havent,normal_play,0.0
4488,4492,the two moments where youd think that georgia would have gone for the scrum they havent the line up is subsequently the tap five meters,scrum,0.4877
4490,4494,the scrum they havent the line up is subsequently the tap five meters out this is their,scrum,0.4877
4492,4496,the line up is subsequently the tap five meters out this is their bedrock this is their foundation for everything they need,scrum,0.4877
4494,4498,out this is their bedrock this is their foundation for everything they need to be seeing the scrum as a sanctuary,scrum,0.4877
4496,4500,bedrock this is their foundation for everything they need to be seeing the scrum as a sanctuary thomas sarge stays right in behind,scrum,0.4877
4498,4502,to be seeing the scrum as a sanctuary thomas sarge stays right in behind that scrum lets see where he goes,scrum,0.4877
4500,4504,thomas sarge stays right in behind that scrum lets see where he goes,scrum,0.4877
4502,4506,that scrum lets see where he goes,scrum,0.4877
4504,4508,the second of the shot comes in from portugal,penalty,0.3278
4506,4510,the second of the shot comes in from portugal and they win the penalty,penalty,0.3278
4508,4512,the second of the shot comes in from portugal and they win the penalty,penalty,0.3278
4510,4514,and they win the penalty,penalty,0.3278
4512,4516,back and down,normal_play,0.0
4514,4518,back and down far side,normal_play,0.0
4516,4520,back and down far side well you dont see that every day,normal_play,0.0
4518,4522,far side well you dont see that every day the georgian scrum the nudge,normal_play,0.0
4520,4524,well you dont see that every day the georgian scrum the nudge comes from there theyre the ones,normal_play,0.0
4522,4526,the georgian scrum the nudge comes from there theyre the ones who are penalty for taking it down,normal_play,0.0
4524,4528,comes from there theyre the ones who are penalty for taking it down well do it at the line up thats the portuguese five row and,normal_play,0.0
4526,4530,who are penalty for taking it down well do it at the line up thats the portuguese five row and the tight five are doing their job,normal_play,0.0
4528,4532,well do it at the line up thats the portuguese five row and the tight five are doing their job yeah full penalty,normal_play,0.0
4530,4534,the tight five are doing their job yeah full penalty yeah,normal_play,0.0
4532,4536,yeah full penalty yeah the visceral joy,normal_play,0.0
4534,4538,yeah the visceral joy writ large on the face of samuel nudge,normal_play,0.0
4536,4540,the visceral joy writ large on the face of samuel nudge it was the task of,normal_play,0.0
4538,4542,writ large on the face of samuel nudge it was the task of probing portugal into,normal_play,0.0
4540,4544,it was the task of probing portugal into the georgian 22,normal_play,0.3156
4542,4546,probing portugal into the georgian 22,normal_play,0.3156
4544,4548,the georgian 22 portugal bring on another substitution,normal_play,0.3156
4546,4550,portugal bring on another substitution martin bello,normal_play,0.3156
4548,4552,portugal bring on another substitution martin bello is on for the giant stevie serkera,normal_play,0.0
4550,4554,martin bello is on for the giant stevie serkera well how about the,normal_play,0.0
4552,4556,is on for the giant stevie serkera well how about the 34 year old mike tadjim,normal_play,0.0
4554,4558,well how about the 34 year old mike tadjim this is clubbing at pepinho on the,normal_play,0.0
4556,4560,34 year old mike tadjim this is clubbing at pepinho on the hooker portugal still in there,normal_play,0.0
4558,4562,this is clubbing at pepinho on the hooker portugal still in there still throwing this line up,normal_play,0.0
4560,4564,hooker portugal still in there still throwing this line up,normal_play,0.0
4562,4566,still throwing this line up wilt aplanzi winning 23 trotting on,normal_play,0.0
4564,4568,wilt aplanzi winning 23 trotting on for sandro todoa,normal_play,0.0
4566,4570,wilt aplanzi winning 23 trotting on for sandro todoa hes there,normal_play,0.0
4568,4572,for sandro todoa hes there sorry,normal_play,0.0
4570,4574,hes there sorry are we good to go,normal_play,0.0
4572,4576,sorry are we good to go hes off the back there now,normal_play,0.0
4574,4578,are we good to go hes off the back there now time back on,normal_play,0.0
4576,4580,hes off the back there now time back on into this,lineout,0.3438
4578,4582,time back on into this engrossing encounter,lineout,0.3438
4580,4584,into this engrossing encounter and overthrowing the line out,lineout,0.3438
4582,4586,engrossing encounter and overthrowing the line out appleton picks up,lineout,0.3438
4584,4588,and overthrowing the line out appleton picks up the pieces portugal,normal_play,0.4032
4586,4590,appleton picks up the pieces portugal 10 metres out,normal_play,0.4032
4588,4592,the pieces portugal 10 metres out heres matinsh,normal_play,0.4032
4590,4594,10 metres out heres matinsh backwards,normal_play,0.4032
4592,4596,heres matinsh backwards what a booster other try would give portugal,normal_play,0.3836
4594,4598,backwards what a booster other try would give portugal,normal_play,0.3836
4596,4600,what a booster other try would give portugal,normal_play,0.3836
4598,4602,how close they are,normal_play,0.3836
4600,4604,how close they are to achieving,normal_play,0.4032
4602,4606,to achieving the unprecedented,normal_play,0.4032
4604,4608,the unprecedented maderas carry,normal_play,0.2828
4606,4610,maderas carry march,normal_play,0.2828
4608,4612,march de freitas,normal_play,0.2828
4610,4614,march de freitas,normal_play,0.2828
4612,4616,de freitas portugal making meters,normal_play,0.0
4614,4618,portugal making meters with each carry,normal_play,0.0
4616,4620,portugal making meters with each carry theres the bullocking carry from bello,normal_play,0.4032
4618,4622,with each carry theres the bullocking carry from bello march to portela,normal_play,0.4032
4620,4624,theres the bullocking carry from bello march to portela martas off his wing,normal_play,0.4032
4622,4626,march to portela martas off his wing martas causing mayhem,normal_play,0.4032
4624,4628,martas off his wing martas causing mayhem scorty rescues it back,normal_play,0.4032
4626,4630,martas causing mayhem scorty rescues it back with a rouser knock on mayer,normal_play,0.4032
4628,4632,scorty rescues it back with a rouser knock on mayer better red player guys,normal_play,0.3242
4630,4634,with a rouser knock on mayer better red player guys,normal_play,0.3242
4632,4636,better red player guys well the call is knock on on the field,normal_play,0.3242
4634,4638,well the call is knock on on the field portugals so comfortable on the ball,normal_play,0.3242
4636,4640,well the call is knock on on the field portugals so comfortable on the ball,normal_play,0.4032
4638,4642,portugals so comfortable on the ball going through the phases,normal_play,0.4032
4640,4644,portugals so comfortable on the ball going through the phases here as he looks to offload,normal_play,0.4032
4642,4646,going through the phases here as he looks to offload does he squirt out of his hand,normal_play,0.4032
4644,4648,here as he looks to offload does he squirt out of his hand maybe a red hand on it,normal_play,0.4032
4646,4650,does he squirt out of his hand maybe a red hand on it its not going to matter,normal_play,0.4032
4648,4652,maybe a red hand on it its not going to matter can you move over here though,normal_play,0.4032
4650,4654,its not going to matter can you move over here though it looks like marques the scram hound,normal_play,0.4032
4652,4656,can you move over here though it looks like marques the scram hound is grabbing up,normal_play,0.4032
4654,4658,it looks like marques the scram hound is grabbing up no no over here im going to set the scram up,normal_play,0.4032
4656,4660,is grabbing up no no over here im going to set the scram up no heres our marques,normal_play,0.0
4658,4662,no no over here im going to set the scram up no heres our marques no no no no off off,normal_play,0.0
4660,4664,no heres our marques no no no no off off,normal_play,0.0
4662,4666,no no no no off off every single decision made here,normal_play,0.0
4664,4668,every single decision made here is pivotal,normal_play,0.0
4666,4670,every single decision made here is pivotal the tension around this stadium is palpable,normal_play,0.0
4668,4672,is pivotal the tension around this stadium is palpable,normal_play,0.0
4670,4674,the tension around this stadium is palpable,normal_play,0.0
4672,4676,shoulder out please,normal_play,0.0
4674,4678,shoulder out please,normal_play,0.0
4676,4680,shoulder out please,normal_play,0.4032
4678,4682,good,normal_play,0.4032
4680,4684,good,normal_play,0.4032
4682,4686,good good,normal_play,0.4032
4684,4688,good,normal_play,0.0
4686,4690,good this is what rugby world cups are all about,normal_play,0.0
4688,4692,this is what rugby world cups are all about were here to lose,scrum,0.373
4690,4694,this is what rugby world cups are all about were here to lose 12 minutes to play,scrum,0.373
4692,4696,were here to lose 12 minutes to play fine,scrum,0.373
4694,4698,12 minutes to play fine,scrum,0.373
4696,4700,fine,scrum,0.373
4698,4702,free kick georgia,scrum,0.373
4700,4704,free kick georgia no way,scrum,0.373
4702,4706,free kick georgia no way no way,scrum,0.373
4704,4708,no way no way close mike tazsia no way sir,normal_play,0.0
4706,4710,no way close mike tazsia no way sir,normal_play,0.0
4708,4712,close mike tazsia no way sir spice and balance like we spoke about,normal_play,0.0
4710,4714,spice and balance like we spoke about jilted front rowers around the rugby world,normal_play,0.0
4712,4716,spice and balance like we spoke about jilted front rowers around the rugby world,normal_play,0.4032
4714,4718,jilted front rowers around the rugby world kader bangs georgia downfields,normal_play,0.4032
4716,4720,kader bangs georgia downfields and they have some respite,normal_play,0.4032
4718,4722,kader bangs georgia downfields and they have some respite from this portuguese onslaught,normal_play,0.4032
4720,4724,and they have some respite from this portuguese onslaught thats a great kick,normal_play,0.4032
4722,4726,from this portuguese onslaught thats a great kick the forwards will like that looking for fresh legs,normal_play,0.4032
4724,4728,thats a great kick the forwards will like that looking for fresh legs on comes,normal_play,0.4032
4726,4730,the forwards will like that looking for fresh legs on comes big lerl campa,normal_play,0.4032
4728,4732,on comes big lerl campa big,normal_play,0.0
4730,4734,big lerl campa big i think its rugby anarcho show,normal_play,0.0
4732,4736,big i think its rugby anarcho show,normal_play,0.0
4734,4738,i think its rugby anarcho show,normal_play,0.0
4736,4740,he is retiring,normal_play,0.0
4738,4742,he is retiring after the rugby world cup,normal_play,0.0
4740,4744,he is retiring after the rugby world cup,normal_play,0.0
4742,4746,after the rugby world cup 35 year old hooper is on from mike tazsia,normal_play,0.0
4744,4748,35 year old hooper is on from mike tazsia,normal_play,0.0
4746,4750,35 year old hooper is on from mike tazsia time on,normal_play,0.0
4748,4752,time on,lineout,0.4726
4750,4754,time on over,lineout,0.4726
4752,4756,over his first throw is a good one,lineout,0.4726
4754,4758,over his first throw is a good one the noise inside this stadium is quite incredible,lineout,0.4726
4756,4760,his first throw is a good one the noise inside this stadium is quite incredible it might get louder in a few minutes time,normal_play,0.0
4758,4762,the noise inside this stadium is quite incredible it might get louder in a few minutes time,normal_play,0.0
4760,4764,it might get louder in a few minutes time as marta gets away from kvisiladze,normal_play,0.3762
4762,4766,as marta gets away from kvisiladze shes a gitch to max,normal_play,0.3762
4764,4768,as marta gets away from kvisiladze shes a gitch to max at first receiver,normal_play,0.3762
4766,4770,shes a gitch to max at first receiver close from campa to betancur,normal_play,0.3762
4768,4772,at first receiver close from campa to betancur heres storti,normal_play,0.4032
4770,4774,close from campa to betancur heres storti here come portugal is this their moment,normal_play,0.4032
4772,4776,heres storti here come portugal is this their moment not quite yet,normal_play,0.4032
4774,4778,here come portugal is this their moment not quite yet and georgia scroung storti into touch,normal_play,0.4032
4776,4780,not quite yet and georgia scroung storti into touch,normal_play,0.4032
4778,4782,and georgia scroung storti into touch,normal_play,0.4032
4780,4784,georgia dangling by a threat here,normal_play,0.4032
4782,4786,georgia dangling by a threat here,normal_play,0.4032
4784,4788,georgia dangling by a threat here,normal_play,0.0
4786,4790,well credit the georgians for making the desperation tackle here,normal_play,0.0
4788,4792,well credit the georgians for making the desperation tackle here but the movement and the work,normal_play,0.0
4790,4794,well credit the georgians for making the desperation tackle here but the movement and the work off the ball by the portuguese players,normal_play,0.0
4792,4796,but the movement and the work off the ball by the portuguese players portuguese players,normal_play,0.0
4794,4798,off the ball by the portuguese players portuguese players constantly asking questions,normal_play,0.0
4796,4800,portuguese players constantly asking questions again storti lucky for the hat trick,normal_play,0.0
4798,4802,constantly asking questions again storti lucky for the hat trick does he get pulled in the touch,normal_play,0.0
4800,4804,again storti lucky for the hat trick does he get pulled in the touch foot just hits the line there,normal_play,0.0
4802,4806,does he get pulled in the touch foot just hits the line there nice work from the official,normal_play,0.0
4804,4808,foot just hits the line there nice work from the official frustrated portuguese fans,normal_play,0.0
4806,4810,nice work from the official frustrated portuguese fans,normal_play,0.0
4808,4812,frustrated portuguese fans beka sakurati has been replaced by,normal_play,0.0
4810,4814,beka sakurati has been replaced by jogi tsutsukurite,normal_play,0.0
4812,4816,beka sakurati has been replaced by jogi tsutsukurite from the georgian backboard,normal_play,0.0
4814,4818,jogi tsutsukurite from the georgian backboard what pressure on this throw now,normal_play,0.0
4816,4820,from the georgian backboard what pressure on this throw now,lineout,0.151
4818,4822,what pressure on this throw now portuguese voices,lineout,0.151
4820,4824,portuguese voices ringing in zantharadzes ears,lineout,0.151
4822,4826,portuguese voices ringing in zantharadzes ears and he gets the money shot over the top,lineout,0.151
4824,4828,ringing in zantharadzes ears and he gets the money shot over the top beka gorgadze,normal_play,0.0
4826,4830,and he gets the money shot over the top beka gorgadze,normal_play,0.0
4828,4832,beka gorgadze jorginho back to,normal_play,0.4032
4830,4834,jorginho back to kava,normal_play,0.4032
4832,4836,jorginho back to kava its a good feeling,normal_play,0.4032
4834,4838,kava its a good feeling but again portugal are,normal_play,0.4032
4836,4840,its a good feeling but again portugal are really want to be,normal_play,0.4032
4838,4842,but again portugal are really want to be,normal_play,0.4032
4840,4844,really want to be,normal_play,0.4032
4842,4846,got a feel for the fans on the,normal_play,0.4032
4844,4848,got a feel for the fans on the far side of the stadium to the right,normal_play,0.0
4846,4850,got a feel for the fans on the far side of the stadium to the right because theyve seen their rugby all the action has been,normal_play,0.0
4848,4852,far side of the stadium to the right because theyve seen their rugby all the action has been down in this quarter,normal_play,0.0
4850,4854,because theyve seen their rugby all the action has been down in this quarter georgia first half now portugal,normal_play,0.0
4852,4856,down in this quarter georgia first half now portugal the second georgia without scoring,normal_play,0.0
4854,4858,georgia first half now portugal the second georgia without scoring a point in the second half so far,normal_play,0.0
4856,4860,the second georgia without scoring a point in the second half so far,normal_play,0.0
4858,4862,a point in the second half so far,normal_play,0.0
4864,4868,over the top again but appleton again is there,lineout,0.4726
4866,4870,over the top again but appleton again is there the captain puts his body on,lineout,0.4726
4868,4872,over the top again but appleton again is there the captain puts his body on the line to ensure its portuguese,normal_play,0.0
4870,4874,the captain puts his body on the line to ensure its portuguese possession into the final,normal_play,0.0
4872,4876,the line to ensure its portuguese possession into the final ten minutes now,normal_play,0.3814
4874,4878,possession into the final ten minutes now five point game match,normal_play,0.3814
4876,4880,ten minutes now five point game match away for wallace,normal_play,0.3814
4878,4882,five point game match away for wallace david wallace,normal_play,0.3814
4880,4884,away for wallace david wallace takes two down the front,normal_play,0.0
4882,4886,david wallace takes two down the front washed up,normal_play,0.0
4884,4888,takes two down the front washed up,normal_play,0.2592
4886,4890,washed up march theres a gap there,normal_play,0.2592
4888,4892,march theres a gap there march finds some support to,normal_play,0.2592
4890,4894,march theres a gap there march finds some support to plunder through it,normal_play,0.2592
4892,4896,march finds some support to plunder through it big penalty georgia,normal_play,0.0
4894,4898,plunder through it big penalty georgia again thats important,normal_play,0.0
4896,4900,big penalty georgia again thats important goren papite,penalty,0.6128
4898,4902,again thats important goren papite with the beard,penalty,0.6128
4900,4904,goren papite with the beard march and,penalty,0.6128
4902,4906,with the beard march and two minds there,penalty,0.6128
4904,4908,march and two minds there and he hit,normal_play,0.0
4906,4910,two minds there and he hit campos he didnt really want it and he got double,normal_play,0.0
4908,4912,and he hit campos he didnt really want it and he got double tackle so perhaps a chance,normal_play,0.0
4910,4914,campos he didnt really want it and he got double tackle so perhaps a chance for the georgians to swing them over to nick,normal_play,0.0
4912,4916,tackle so perhaps a chance for the georgians to swing them over to nick gains some territory,normal_play,0.0
4914,4918,for the georgians to swing them over to nick gains some territory back to set piece the loss at,normal_play,0.0
4916,4920,gains some territory back to set piece the loss at piece didnt function and the ball was stolen,normal_play,0.4032
4918,4922,back to set piece the loss at piece didnt function and the ball was stolen,normal_play,0.4032
4920,4924,piece didnt function and the ball was stolen,normal_play,0.4032
4922,4926,thats the double tackle,normal_play,0.4032
4924,4928,thats the double tackle a little slow to arrive,normal_play,0.0
4926,4930,thats the double tackle a little slow to arrive wheres the portuguese support,normal_play,0.0
4928,4932,a little slow to arrive wheres the portuguese support,normal_play,0.0
4930,4934,wheres the portuguese support no no no no dont quit,normal_play,0.0
4932,4936,no no no no dont quit right where you are,normal_play,0.0
4934,4938,no no no no dont quit right where you are,normal_play,0.0
4936,4940,right where you are,normal_play,0.0
4946,4950,roger laneh goes to plan,normal_play,0.0
4948,4952,roger laneh goes to plan,normal_play,0.0
4950,4954,roger laneh goes to plan,normal_play,0.0
4956,4960,to pull this from the fire,normal_play,0.3087
4958,4962,to pull this from the fire,normal_play,0.3087
4960,4964,to pull this from the fire,normal_play,0.3087
4962,4966,shaddy katzen,normal_play,0.3087
4964,4968,shaddy katzen a tireless skipper,normal_play,0.4032
4966,4970,shaddy katzen a tireless skipper carries into the teeth of the georgian,normal_play,0.4032
4968,4972,a tireless skipper carries into the teeth of the georgian portuguese defense,normal_play,0.3628
4970,4974,carries into the teeth of the georgian portuguese defense chris eladze,normal_play,0.3628
4972,4976,portuguese defense chris eladze then a knock on,normal_play,0.3628
4974,4978,chris eladze then a knock on fumbled forward by,normal_play,0.3628
4976,4980,then a knock on fumbled forward by demurta pladze,normal_play,0.0
4978,4982,fumbled forward by demurta pladze as chris eladze shoveled the ball back to him,normal_play,0.0
4980,4984,demurta pladze as chris eladze shoveled the ball back to him and every,normal_play,0.4032
4982,4986,as chris eladze shoveled the ball back to him and every mistake every,normal_play,0.4032
4984,4988,and every mistake every georgian infringement,normal_play,0.4032
4986,4990,mistake every georgian infringement was greeted by the most,normal_play,0.4032
4988,4992,georgian infringement was greeted by the most raucous of cries,normal_play,0.0
4990,4994,was greeted by the most raucous of cries the portuguese support,normal_play,0.0
4992,4996,raucous of cries the portuguese support and theres going to be a big cheer here,normal_play,0.0
4994,4998,the portuguese support and theres going to be a big cheer here because samuel march,normal_play,0.0
4996,5000,and theres going to be a big cheer here because samuel march whos been so,normal_play,0.1881
4998,5002,because samuel march whos been so brilliant for portugal,normal_play,0.1881
5000,5004,whos been so brilliant for portugal is about to get a place by pedro,normal_play,0.1881
5002,5006,brilliant for portugal is about to get a place by pedro lukas,normal_play,0.1881
5004,5008,is about to get a place by pedro lukas well hasnt he march and portela have been supreme,normal_play,0.0
5006,5010,lukas well hasnt he march and portela have been supreme theyve won the battle of the halfbacks,normal_play,0.0
5008,5012,well hasnt he march and portela have been supreme theyve won the battle of the halfbacks and the georgians a proud nation rob we know,normal_play,0.0
5010,5014,theyve won the battle of the halfbacks and the georgians a proud nation rob we know trying their hardest but its almost like,normal_play,0.0
5012,5016,and the georgians a proud nation rob we know trying their hardest but its almost like theyre individuals out there at the moment,normal_play,0.0
5014,5018,trying their hardest but its almost like theyre individuals out there at the moment and theyre not putting any team play together,normal_play,0.0
5016,5020,theyre individuals out there at the moment and theyre not putting any team play together its just not clicking youre exactly right,normal_play,0.0
5018,5022,and theyre not putting any team play together its just not clicking youre exactly right its not about them not scoring a point in the second half,normal_play,0.0
5020,5024,its just not clicking youre exactly right its not about them not scoring a point in the second half theyve barely been down to portuguese territory,normal_play,0.0
5022,5026,its not about them not scoring a point in the second half theyve barely been down to portuguese territory some teams around the world spend,normal_play,0.0
5024,5028,theyve barely been down to portuguese territory some teams around the world spend millions trying to get a scrum like,normal_play,0.4032
5026,5030,some teams around the world spend millions trying to get a scrum like georgians as the warrior walks off,normal_play,0.4032
5028,5032,millions trying to get a scrum like georgians as the warrior walks off the georgian front five have to really,normal_play,0.4032
5030,5034,georgians as the warrior walks off the georgian front five have to really step up now its not about the glamorous backs,normal_play,0.4032
5032,5036,the georgian front five have to really step up now its not about the glamorous backs its about the forwards at front,normal_play,0.0
5034,5038,step up now its not about the glamorous backs its about the forwards at front confident hero,normal_play,0.0
5036,5040,its about the forwards at front confident hero leaves the amphitheater,normal_play,0.0
5038,5042,confident hero leaves the amphitheater but the battle is not yet won,normal_play,0.0
5040,5044,leaves the amphitheater but the battle is not yet won,normal_play,0.0
5042,5046,but the battle is not yet won what a moment for young pedro lukas,normal_play,0.0
5044,5048,what a moment for young pedro lukas hes got to be a little bit more confident,normal_play,0.0
5046,5050,what a moment for young pedro lukas hes got to be a little bit more confident what a moment for young pedro lukas,normal_play,0.0
5048,5052,hes got to be a little bit more confident what a moment for young pedro lukas in the 22 jerseys come on,normal_play,0.0
5050,5054,what a moment for young pedro lukas in the 22 jerseys come on scrum half hes got eight minutes to play out,normal_play,0.0
5052,5056,in the 22 jerseys come on scrum half hes got eight minutes to play out in what would be history for the,normal_play,0.0
5054,5058,scrum half hes got eight minutes to play out in what would be history for the portuguese,normal_play,0.0
5056,5060,in what would be history for the portuguese those statistics dont look,normal_play,0.0
5058,5062,portuguese those statistics dont look surprising but the second half,normal_play,0.0
5060,5064,those statistics dont look surprising but the second half portion of that is remarkable,normal_play,0.0
5062,5066,surprising but the second half portion of that is remarkable from portugal,normal_play,0.0
5064,5068,portion of that is remarkable from portugal i was looking to be out there in dubai when they had,normal_play,0.0
5066,5070,from portugal i was looking to be out there in dubai when they had their golden moment to qualify for this tournament,normal_play,0.0
5068,5072,i was looking to be out there in dubai when they had their golden moment to qualify for this tournament theyve built since then the strongest squad,normal_play,0.0
5070,5074,their golden moment to qualify for this tournament theyve built since then the strongest squad theyve ever assembled and their stats are backing it up,normal_play,0.0
5072,5076,theyve built since then the strongest squad theyve ever assembled and their stats are backing it up they are fronting up here at the ruby world cup,normal_play,0.0
5074,5078,theyve ever assembled and their stats are backing it up they are fronting up here at the ruby world cup in portugal,normal_play,0.0
5076,5080,they are fronting up here at the ruby world cup in portugal the service stats for meters made 600m,normal_play,0.0
5078,5082,in portugal the service stats for meters made 600m in the game by portugal over 500,normal_play,0.0
5080,5084,the service stats for meters made 600m in the game by portugal over 500 of those gained in the second,scrum,0.3665
5082,5086,in the game by portugal over 500 of those gained in the second half alone how the tables,scrum,0.3665
5084,5088,of those gained in the second half alone how the tables have turned,scrum,0.3665
5086,5090,half alone how the tables have turned,scrum,0.3665
5088,5092,have turned and now this oscillating poo match,scrum,0.3665
5090,5094,and now this oscillating poo match,scrum,0.3665
5092,5096,and now this oscillating poo match hangs in the balance,scrum,0.3665
5094,5098,hangs in the balance,scrum,0.3665
5096,5100,hangs in the balance who can step up and be a hero for,normal_play,0.0
5098,5102,who can step up and be a hero for their team,normal_play,0.0
5100,5104,who can step up and be a hero for their team david wallace who rescues the cheating,normal_play,0.0
5102,5106,their team david wallace who rescues the cheating and soaks up the tackle,normal_play,0.0
5104,5108,david wallace who rescues the cheating and soaks up the tackle,normal_play,0.4032
5106,5110,and soaks up the tackle young pedro lukas 22 years old,normal_play,0.4032
5108,5112,young pedro lukas 22 years old draws an offside penalty,normal_play,0.2829
5110,5114,young pedro lukas 22 years old draws an offside penalty george up too quickly,normal_play,0.2829
5112,5116,draws an offside penalty george up too quickly portugal can gamble here with,normal_play,0.2829
5114,5118,george up too quickly portugal can gamble here with suza ghej lukas as well offside,normal_play,0.2829
5116,5120,portugal can gamble here with suza ghej lukas as well offside 22s in front clearly,normal_play,0.4032
5118,5122,suza ghej lukas as well offside 22s in front clearly 22s in front of the kick,normal_play,0.4032
5120,5124,22s in front clearly 22s in front of the kick,normal_play,0.0
5122,5126,22s in front of the kick cant chase a kick if youre in front of the,normal_play,0.0
5124,5128,cant chase a kick if youre in front of the guy who kicked it offside,penalty,0.6128
5126,5130,cant chase a kick if youre in front of the guy who kicked it offside and you know what in many ways they want this penalty,penalty,0.6128
5128,5132,guy who kicked it offside and you know what in many ways they want this penalty the clock is ticking through this,penalty,0.6128
5130,5134,and you know what in many ways they want this penalty the clock is ticking through this 22 offside,penalty,0.6128
5132,5136,the clock is ticking through this 22 offside the player was offside,normal_play,0.0
5134,5138,22 offside the player was offside it was kava,normal_play,0.0
5136,5140,the player was offside it was kava,normal_play,0.0
5138,5142,it was kava so a chance for portugal to slow it down,normal_play,0.0
5140,5144,so a chance for portugal to slow it down sorry it was 20,normal_play,0.0
5142,5146,so a chance for portugal to slow it down sorry it was 20 2 0,normal_play,0.0
5144,5148,sorry it was 20 2 0,normal_play,0.4032
5146,5150,2 0,normal_play,0.4032
5148,5152,suza ghej,normal_play,0.4032
5150,5154,suza ghej propels portugal into,normal_play,0.4032
5152,5156,suza ghej propels portugal into georgian territory,normal_play,0.0
5154,5158,propels portugal into georgian territory,normal_play,0.0
5156,5160,georgian territory and rob i know that portuguese fans,normal_play,0.0
5158,5162,and rob i know that portuguese fans are tasting this but turn around right behind you,normal_play,0.0
5160,5164,and rob i know that portuguese fans are tasting this but turn around right behind you there is a mass of kids going,normal_play,0.0
5162,5166,are tasting this but turn around right behind you there is a mass of kids going absolutely ballistic because you think theyre going to witness,normal_play,0.0
5164,5168,there is a mass of kids going absolutely ballistic because you think theyre going to witness history here,normal_play,0.0
5166,5170,absolutely ballistic because you think theyre going to witness history here and it is historical and its also games and shit,normal_play,0.0
5168,5172,history here and it is historical and its also games and shit portuguese walk into this line up this is about,normal_play,0.0
5170,5174,and it is historical and its also games and shit portuguese walk into this line up this is about tempo they dont have to win this game,normal_play,0.0
5172,5176,portuguese walk into this line up this is about tempo they dont have to win this game they just dont want to lose it,normal_play,0.0
5174,5178,tempo they dont have to win this game they just dont want to lose it,normal_play,0.0
5176,5180,they just dont want to lose it,lineout,0.2243
5178,5182,portugal can almost taste,lineout,0.2243
5180,5184,portugal can almost taste a made in world cup win,lineout,0.2243
5182,5186,portugal can almost taste a made in world cup win heres pedro,lineout,0.2243
5184,5188,a made in world cup win heres pedro butancur whos carried like a,normal_play,0.4032
5186,5190,heres pedro butancur whos carried like a bull all afternoon,normal_play,0.4032
5188,5192,butancur whos carried like a bull all afternoon appleton portela,normal_play,0.3368
5190,5194,bull all afternoon appleton portela marta hes clattered,normal_play,0.3368
5192,5196,appleton portela marta hes clattered absolutely,normal_play,0.3368
5194,5198,marta hes clattered absolutely marmalised,normal_play,0.3368
5196,5200,absolutely marmalised now the ball is loose,normal_play,0.4032
5198,5202,marmalised now the ball is loose,normal_play,0.4032
5200,5204,now the ball is loose mavid wallace,normal_play,0.4032
5202,5206,mavid wallace okay okay leave now,normal_play,0.4032
5204,5208,mavid wallace okay okay leave now portela,normal_play,0.4032
5206,5210,okay okay leave now portela sends it high,normal_play,0.4032
5208,5212,portela sends it high tabutsadze keeps it in,normal_play,0.4032
5210,5214,sends it high tabutsadze keeps it in against martins,normal_play,0.4032
5212,5216,tabutsadze keeps it in against martins tabutsadze wrapped up,normal_play,0.4032
5214,5218,against martins tabutsadze wrapped up,normal_play,0.4032
5216,5220,tabutsadze wrapped up lopes janice,normal_play,0.4032
5218,5222,lopes janice chase on his 50th,normal_play,0.4032
5220,5224,lopes janice chase on his 50th jordan,normal_play,0.4032
5222,5226,chase on his 50th jordan tried to draw a conversion try to,normal_play,0.4032
5224,5228,jordan tried to draw a conversion try to win this,normal_play,0.4032
5226,5230,tried to draw a conversion try to win this maccava what hands,normal_play,0.4032
5228,5232,win this maccava what hands lopes janice,normal_play,0.4032
5230,5234,maccava what hands lopes janice big guru and,normal_play,0.4032
5232,5236,lopes janice big guru and papidze chundling into martins,normal_play,0.4032
5234,5238,big guru and papidze chundling into martins five minutes of this match left,normal_play,0.4032
5236,5240,papidze chundling into martins five minutes of this match left its been a cracker,normal_play,0.4032
5238,5242,five minutes of this match left its been a cracker,normal_play,0.4032
5240,5244,its been a cracker sun beats down,normal_play,0.4032
5242,5246,sun beats down one of those mighty backs down there,normal_play,0.4032
5244,5248,sun beats down one of those mighty backs down there,normal_play,0.4032
5246,5250,one of those mighty backs down there maccava,normal_play,0.4032
5248,5252,maccava logichashvili,normal_play,0.4032
5250,5254,maccava logichashvili,normal_play,0.4032
5252,5256,logichashvili,normal_play,0.4032
5254,5258,chase feeling like,normal_play,0.4032
5256,5260,chase feeling like getting wrestles forward,normal_play,0.4032
5258,5262,chase feeling like getting wrestles forward the phase is,normal_play,0.4032
5260,5264,getting wrestles forward the phase is mounting the pressure building,normal_play,0.293
5262,5266,the phase is mounting the pressure building heres gorgaza whos shed his,normal_play,0.293
5264,5268,mounting the pressure building heres gorgaza whos shed his scrum cap,normal_play,0.293
5266,5270,heres gorgaza whos shed his scrum cap no holds barred rugby now for georgia,normal_play,0.293
5268,5272,scrum cap no holds barred rugby now for georgia as we enter the tenth phase of attack,normal_play,0.4032
5270,5274,no holds barred rugby now for georgia as we enter the tenth phase of attack maccava,normal_play,0.4032
5272,5276,as we enter the tenth phase of attack maccava nini ashvili,normal_play,0.2679
5274,5278,maccava nini ashvili they need a spark can kviseladze,normal_play,0.2679
5276,5280,nini ashvili they need a spark can kviseladze provide it,normal_play,0.2679
5278,5282,they need a spark can kviseladze provide it handed it on to tabutsadze,normal_play,0.2679
5280,5284,provide it handed it on to tabutsadze no knock on this time,normal_play,0.4032
5282,5286,handed it on to tabutsadze no knock on this time between those two,normal_play,0.4032
5284,5288,no knock on this time between those two guru and papidze,normal_play,0.4032
5286,5290,between those two guru and papidze its patient build up from the georgians,normal_play,0.4032
5288,5292,guru and papidze its patient build up from the georgians is there a sting in the tail,normal_play,0.4032
5290,5294,its patient build up from the georgians is there a sting in the tail maccava to nini ashvili,normal_play,0.4032
5292,5296,is there a sting in the tail maccava to nini ashvili sharikadze,normal_play,0.4032
5294,5298,maccava to nini ashvili sharikadze great ball into gorgadze whos,normal_play,0.4032
5296,5300,sharikadze great ball into gorgadze whos dummying and driving,normal_play,0.4032
5298,5302,great ball into gorgadze whos dummying and driving sanaphonia,normal_play,0.4032
5300,5304,dummying and driving sanaphonia portugal putting bodies on the line,normal_play,0.2972
5302,5306,sanaphonia portugal putting bodies on the line every man giving everything they have,normal_play,0.2972
5304,5308,portugal putting bodies on the line every man giving everything they have sharikadze,normal_play,0.2972
5306,5310,every man giving everything they have sharikadze 15 phases now,normal_play,0.2972
5308,5312,sharikadze 15 phases now the longest string of phases in this match,normal_play,0.4032
5310,5314,15 phases now the longest string of phases in this match chachanidze makes it 16,normal_play,0.4032
5312,5316,the longest string of phases in this match chachanidze makes it 16 nobzhanidze to papidze,normal_play,0.4032
5314,5318,chachanidze makes it 16 nobzhanidze to papidze georgias ball over to,normal_play,0.4032
5316,5320,nobzhanidze to papidze georgias ball over to kviseladze,normal_play,0.3537
5318,5322,georgias ball over to kviseladze its a great ball,normal_play,0.3537
5320,5324,kviseladze its a great ball its a great ball,normal_play,0.3537
5322,5326,its a great ball its a great ball its a great ball,normal_play,0.3537
5324,5328,its a great ball its a great ball its a great ball,normal_play,0.3564
5326,5330,its a great ball its a great ball georgias ball of attention supreme,normal_play,0.3564
5328,5332,its a great ball georgias ball of attention supreme,normal_play,0.3564
5330,5334,georgias ball of attention supreme can we find the killer touch,normal_play,0.3564
5332,5336,can we find the killer touch portugal do not want to,normal_play,0.4032
5334,5338,can we find the killer touch portugal do not want to concede a penalty,normal_play,0.4032
5336,5340,portugal do not want to concede a penalty if discipline holds will the,normal_play,0.1829
5338,5342,concede a penalty if discipline holds will the defence do likewise,normal_play,0.1829
5340,5344,if discipline holds will the defence do likewise kviseladze running the arc,normal_play,0.1829
5342,5346,defence do likewise kviseladze running the arc sharikadze into appleton,normal_play,0.1829
5344,5348,kviseladze running the arc sharikadze into appleton ball is not out,normal_play,0.0
5346,5350,sharikadze into appleton ball is not out heres olukas,normal_play,0.0
5348,5352,ball is not out heres olukas leighton picked it up,penalty,0.5852
5350,5354,heres olukas leighton picked it up and might that be costly for portugal,penalty,0.5852
5352,5356,leighton picked it up and might that be costly for portugal georgia can stick this in the corner,penalty,0.5852
5354,5358,and might that be costly for portugal georgia can stick this in the corner its not the kickable penalty thats a problem,penalty,0.5852
5356,5360,georgia can stick this in the corner its not the kickable penalty thats a problem the ball is not beyond the line of thought,normal_play,0.0
5358,5362,its not the kickable penalty thats a problem the ball is not beyond the line of thought still on the right,normal_play,0.0
5360,5364,the ball is not beyond the line of thought still on the right it is this line out,normal_play,0.0
5362,5366,still on the right it is this line out,normal_play,0.0
5364,5368,it is this line out,normal_play,0.0
5368,5372,matkama,normal_play,0.0
5370,5374,matkama puts it right over the corner flag,normal_play,0.0
5372,5376,matkama puts it right over the corner flag the portuguese are inflamed by that,normal_play,0.2881
5374,5378,puts it right over the corner flag the portuguese are inflamed by that they think it was,normal_play,0.2881
5376,5380,the portuguese are inflamed by that they think it was into touching goal,normal_play,0.2881
5378,5382,they think it was into touching goal the ball does go into touch,normal_play,0.2881
5380,5384,into touching goal the ball does go into touch in that final five metre,normal_play,0.0
5382,5386,the ball does go into touch in that final five metre the line out is taken on the five metre line,normal_play,0.0
5384,5388,in that final five metre the line out is taken on the five metre line theyre happy it went into touch legally,normal_play,0.0
5386,5390,the line out is taken on the five metre line theyre happy it went into touch legally,normal_play,0.0
5388,5392,theyre happy it went into touch legally this is georgias time,lineout,0.162
5390,5394,this is georgias time this is their go to play,lineout,0.162
5392,5396,this is georgias time this is their go to play this is the forward brawn,lineout,0.162
5394,5398,this is their go to play this is the forward brawn on which so many georgian victories,lineout,0.162
5396,5400,this is the forward brawn on which so many georgian victories have been constructed,maul,0.3612
5398,5402,on which so many georgian victories have been constructed this is the forward brawn,maul,0.3612
5400,5404,have been constructed this is the forward brawn on which so many georgian victories,maul,0.3612
5402,5406,this is the forward brawn on which so many georgian victories have been constructed,maul,0.3612
5404,5408,on which so many georgian victories have been constructed this is the forward brawn,maul,0.3393
5406,5410,have been constructed this is the forward brawn have been constructed,maul,0.3393
5408,5412,this is the forward brawn have been constructed they trundle towards the corner flag,maul,0.3451
5410,5414,have been constructed they trundle towards the corner flag theyre over,maul,0.3451
5412,5416,they trundle towards the corner flag theyre over didnt they get that ball down,try,1.0
5414,5418,theyre over didnt they get that ball down georgia think theyve scored here,try,1.0
5416,5420,didnt they get that ball down georgia think theyve scored here,try,1.0
5418,5422,georgia think theyve scored here,try,1.0
5426,5430,lets listen to paul williams,normal_play,0.0
5428,5432,lets listen to paul williams,normal_play,0.0
5430,5434,lets listen to paul williams,normal_play,0.0
5432,5436,i dont have anything clear,normal_play,0.0
5434,5438,i dont have anything clear at this stage ive got nothing,normal_play,0.0
5436,5440,i dont have anything clear at this stage ive got nothing yeah joy,normal_play,0.0
5438,5442,at this stage ive got nothing yeah joy,normal_play,0.0
5440,5444,yeah joy we are going to come to you with a,tmo_replay,0.85
5442,5446,we are going to come to you with a third question here unfortunately,tmo_replay,0.85
5444,5448,we are going to come to you with a third question here unfortunately we dont have a clear grounding,tmo_replay,0.85
5446,5450,third question here unfortunately we dont have a clear grounding we dont have it clearly held up,tmo_replay,0.85
5448,5452,we dont have a clear grounding we dont have it clearly held up weve just got bodies everywhere,tmo_replay,0.85
5450,5454,we dont have it clearly held up weve just got bodies everywhere so we need to establish a restart please,tmo_replay,0.85
5452,5456,weve just got bodies everywhere so we need to establish a restart please yeah okay,tmo_replay,0.85
5454,5458,so we need to establish a restart please yeah okay so off your decisions for our question,tmo_replay,0.85
5456,5460,yeah okay so off your decisions for our question establishing restart establishing whether,tmo_replay,0.85
5458,5462,so off your decisions for our question establishing restart establishing whether the ball has been grounded standby,tmo_replay,0.85
5460,5464,establishing restart establishing whether the ball has been grounded standby thank you,tmo_replay,0.85
5462,5466,the ball has been grounded standby thank you so its all in the question he doesnt have a clear grounding,tmo_replay,0.85
5464,5468,thank you so its all in the question he doesnt have a clear grounding he doesnt have it clearly held up,tmo_replay,0.85
5466,5470,so its all in the question he doesnt have a clear grounding he doesnt have it clearly held up so the pressure is going to joy neville the tmo,tmo_replay,0.85
5468,5472,he doesnt have it clearly held up so the pressure is going to joy neville the tmo and theres literally there were,tmo_replay,0.85
5470,5474,so the pressure is going to joy neville the tmo and theres literally there were 27 bodies in that pile up,tmo_replay,0.85
5472,5476,and theres literally there were 27 bodies in that pile up,tmo_replay,0.85
5474,5478,27 bodies in that pile up,tmo_replay,0.85
5482,5486,is it on the line,tmo_replay,0.85
5484,5488,is it on the line the line would be a try slowly,tmo_replay,0.85
5486,5490,is it on the line the line would be a try slowly we have it there in possession,tmo_replay,0.85
5488,5492,the line would be a try slowly we have it there in possession and has the ball,normal_play,0.0
5490,5494,we have it there in possession and has the ball on the goal line,normal_play,0.0
5492,5496,and has the ball on the goal line so the decision is try,normal_play,0.0
5494,5498,on the goal line so the decision is try the ball has successfully been grounded,normal_play,0.0
5496,5500,so the decision is try the ball has successfully been grounded,normal_play,0.0
5498,5502,the ball has successfully been grounded,normal_play,0.0
5506,5510,this try is going to stand,normal_play,0.0
5508,5512,this try is going to stand and the scores will be level,normal_play,0.0
5510,5514,this try is going to stand and the scores will be level we do have clear footage of the ball being carried,normal_play,0.0
5512,5516,and the scores will be level we do have clear footage of the ball being carried and put on the line so it is going to be a try,normal_play,0.0
5514,5518,we do have clear footage of the ball being carried and put on the line so it is going to be a try,normal_play,0.0
5516,5520,and put on the line so it is going to be a try,normal_play,0.0
5520,5524,anguis zantarance,normal_play,0.0
5522,5526,anguis zantarance,normal_play,0.0
5524,5528,anguis zantarance the unlikeliest of heroes for georgia,normal_play,0.0
5526,5530,the unlikeliest of heroes for georgia its his sixth cap,normal_play,0.0
5528,5532,the unlikeliest of heroes for georgia its his sixth cap he has never started an international match,normal_play,0.0
5530,5534,its his sixth cap he has never started an international match hes given his team a chance,normal_play,0.0
5532,5536,he has never started an international match hes given his team a chance to win this game at the death,normal_play,0.0
5534,5538,hes given his team a chance to win this game at the death,normal_play,0.0
5536,5540,to win this game at the death well theres the line up this is as a result of the penalty,normal_play,0.0
5538,5542,well theres the line up this is as a result of the penalty brilliantly taken,normal_play,0.0
5540,5544,well theres the line up this is as a result of the penalty brilliantly taken and literally players are,normal_play,0.0
5542,5546,brilliantly taken and literally players are running from every portion of the park,normal_play,0.0
5544,5548,and literally players are running from every portion of the park theres 27 bodies involved,normal_play,0.0
5546,5550,running from every portion of the park theres 27 bodies involved backs from both sides but the georgians do get it moving,normal_play,0.0
5548,5552,theres 27 bodies involved backs from both sides but the georgians do get it moving looking for the line,normal_play,0.0
5550,5554,backs from both sides but the georgians do get it moving looking for the line and he gets it to the line,normal_play,0.0
5552,5556,looking for the line and he gets it to the line great shot there from our crew,normal_play,0.0
5554,5558,and he gets it to the line great shot there from our crew theyre going to break portuguese hearts,normal_play,0.0
5556,5560,great shot there from our crew theyre going to break portuguese hearts with a huge massive conversion to come,normal_play,0.0
5558,5562,theyre going to break portuguese hearts with a huge massive conversion to come,normal_play,0.0
5560,5564,with a huge massive conversion to come,normal_play,0.0
5564,5568,luka matkava,normal_play,0.0
5566,5570,luka matkava he kicked the winning,normal_play,0.0
5568,5572,luka matkava he kicked the winning goal against wales,goal_kick,0.8688
5570,5574,he kicked the winning goal against wales,goal_kick,0.8688
5572,5576,goal against wales to ensure georgias first win over a tier one nation,goal_kick,0.8688
5574,5578,to ensure georgias first win over a tier one nation away from home,goal_kick,0.8688
5576,5580,to ensure georgias first win over a tier one nation away from home the whistles ring out,goal_kick,0.8688
5578,5582,away from home the whistles ring out matkava,goal_kick,0.8688
5580,5584,the whistles ring out matkava to give georgia the leads,goal_kick,0.8688
5582,5586,matkava to give georgia the leads from virtually on the left,goal_kick,0.8688
5584,5588,to give georgia the leads from virtually on the left touch line,goal_kick,0.8688
5586,5590,from virtually on the left touch line,goal_kick,0.8688
5588,5592,touch line,goal_kick,0.8688
5592,5596,its wide,goal_kick,0.8688
5594,5598,its wide,goal_kick,0.8688
5596,5600,its wide matkava,goal_kick,0.8688
5598,5602,matkava misses from the left,goal_kick,0.8688
5600,5604,matkava misses from the left the scores are level and there is,normal_play,0.0
5602,5606,misses from the left the scores are level and there is time for a restart,normal_play,0.0
5604,5608,the scores are level and there is time for a restart,normal_play,0.0
5606,5610,time for a restart wow,normal_play,0.0
5608,5612,wow,normal_play,0.0
5610,5614,wow its all happening,normal_play,0.0
5612,5616,its all happening theres an hia on the field just making sure the players,normal_play,0.0
5614,5618,its all happening theres an hia on the field just making sure the players are ok after that massive,normal_play,0.0
5616,5620,theres an hia on the field just making sure the players are ok after that massive drive well have the ball,normal_play,0.0
5618,5622,are ok after that massive drive well have the ball reintroduced,normal_play,0.0
5620,5624,drive well have the ball reintroduced 30 seconds to play this game is not,kick_off,0.3082
5622,5626,reintroduced 30 seconds to play this game is not over,kick_off,0.3082
5624,5628,30 seconds to play this game is not over it is the most nerve,kick_off,0.3082
5626,5630,over it is the most nerve shredding of finales,kick_off,0.3082
5628,5632,it is the most nerve shredding of finales final 15,normal_play,0.0
5630,5634,shredding of finales final 15 seconds of play,normal_play,0.0
5632,5636,final 15 seconds of play portugals giving for a penalty,normal_play,0.3676
5634,5638,seconds of play portugals giving for a penalty have they got one,normal_play,0.3676
5636,5640,portugals giving for a penalty have they got one they have,normal_play,0.3676
5638,5642,have they got one they have,normal_play,0.3676
5640,5644,they have,penalty,0.6128
5642,5646,they were agonising,penalty,0.6128
5644,5648,they were agonising nanoseconds for portugal,normal_play,0.0
5646,5650,they were agonising nanoseconds for portugal as paul williams,normal_play,0.0
5648,5652,nanoseconds for portugal as paul williams slowly placed his whistle,normal_play,0.0
5650,5654,as paul williams slowly placed his whistle in his mouth,normal_play,0.0
5652,5656,slowly placed his whistle in his mouth now they have a shot to win,normal_play,0.0
5654,5658,in his mouth now they have a shot to win this game,normal_play,0.0
5656,5660,now they have a shot to win this game this time its up,normal_play,0.4032
5658,5662,this game this time its up shot,normal_play,0.4032
5660,5664,this time its up shot shot called,normal_play,0.4032
5662,5666,shot shot called this was the take up,normal_play,0.4032
5664,5668,shot called this was the take up he spins around and gets a bit,normal_play,0.4032
5666,5670,this was the take up he spins around and gets a bit isolated,normal_play,0.4032
5668,5672,he spins around and gets a bit isolated the portuguese forward,normal_play,0.4032
5670,5674,isolated the portuguese forward theyre right over the ball,normal_play,0.4032
5672,5676,the portuguese forward theyre right over the ball theyve won the penalty,normal_play,0.0
5674,5678,theyre right over the ball theyve won the penalty ive got to say before this kick,normal_play,0.0
5676,5680,theyve won the penalty ive got to say before this kick is set up here its been an absolute,normal_play,0.0
5678,5682,ive got to say before this kick is set up here its been an absolute cauldron a great credit to rugby,normal_play,0.0
5680,5684,is set up here its been an absolute cauldron a great credit to rugby but paul williams and his officiating team,normal_play,0.0
5682,5686,cauldron a great credit to rugby but paul williams and his officiating team have been superb under massive,normal_play,0.0
5684,5688,but paul williams and his officiating team have been superb under massive pressures taking their time,normal_play,0.0
5686,5690,have been superb under massive pressures taking their time and just done a superb job officiating this,normal_play,0.0
5688,5692,pressures taking their time and just done a superb job officiating this match but right now to know about,normal_play,0.0
5690,5694,and just done a superb job officiating this match but right now to know about the match were going to have a look at,normal_play,0.0
5692,5696,match but right now to know about the match were going to have a look at daniel gudesh and his right boot,normal_play,0.0
5694,5698,the match were going to have a look at daniel gudesh and his right boot there will be people in this,normal_play,0.0
5696,5700,daniel gudesh and his right boot there will be people in this stadium who cannot watch,goal_kick,0.8688
5698,5702,there will be people in this stadium who cannot watch samuel marks the first,goal_kick,0.8688
5700,5704,stadium who cannot watch samuel marks the first choice kickers off,goal_kick,0.8688
5702,5706,samuel marks the first choice kickers off 81 minutes into the match,goal_kick,0.8688
5704,5708,choice kickers off 81 minutes into the match nuno suzaguec,goal_kick,0.8688
5706,5710,81 minutes into the match nuno suzaguec for history,goal_kick,0.8688
5708,5712,nuno suzaguec for history for portugals,goal_kick,0.8688
5710,5714,for history for portugals first ever rugby,goal_kick,0.8688
5712,5716,for portugals first ever rugby world cup win,goal_kick,0.8688
5714,5718,first ever rugby world cup win its wide,goal_kick,0.8688
5716,5720,world cup win its wide it fades across the face,goal_kick,0.8688
5718,5722,its wide it fades across the face,goal_kick,0.8688
5720,5724,it fades across the face,goal_kick,0.8688
5722,5726,and there is the full time whistle,goal_kick,0.8688
5724,5728,and there is the full time whistle,goal_kick,0.8688
5726,5730,and there is the full time whistle everybody inside this stadium,goal_kick,0.8688
5728,5732,everybody inside this stadium rises to their feet,normal_play,0.0
5730,5734,everybody inside this stadium rises to their feet son of wards,normal_play,0.0
5732,5736,rises to their feet son of wards and wherever you are,normal_play,0.0
5734,5738,son of wards and wherever you are wherever youre watching this,normal_play,0.0
5736,5740,and wherever you are wherever youre watching this we encourage you to do likewise,normal_play,0.0
5738,5742,wherever youre watching this we encourage you to do likewise,normal_play,0.0
5740,5744,we encourage you to do likewise,normal_play,0.0
5746,5750,thank you,normal_play,0.0
5748,5752,thank you,normal_play,0.0
5750,5754,thank you,normal_play,0.0
