start_time,end_time,text,event_class,highlight_score
0,4,welcome to the final poultie match of the 2023,kick_off,0.2474
2,6,final poultie match of the 2023 rugby world cup the winner,kick_off,0.2474
4,8,2023 rugby world cup the winner will advance to face wales in the,kick_off,0.2474
6,10,winner will advance to face wales in the quarterfinals japan and red and,kick_off,0.2474
8,12,the quarterfinals japan and red and white receive in the north,normal_play,0.0
10,14,and white receive in the north west of france they take on argentina,normal_play,0.0
12,16,north west of france they take on argentina in their way navy strip,normal_play,0.4032
14,18,argentina in their way navy strip konnichiwa to,normal_play,0.4032
16,20,konnichiwa to our japanese viewers hello and bienvenido,normal_play,0.4032
18,22,our japanese viewers hello and bienvenido to our argentine fans,normal_play,0.4032
20,24,bienvenido to our argentine fans early exit from japan,normal_play,0.0
22,26,early exit from japan goes towards the halfway line,normal_play,0.0
24,28,japan goes towards the halfway line,normal_play,0.0
26,30,ok step off japan,normal_play,0.0
28,32,ok step off japan,normal_play,0.0
30,34,japan,normal_play,0.0
32,36,the prize at stake is a spot in the quarterfinals,normal_play,0.0
34,38,the prize at stake is a spot in the quarterfinals but this has the feel of it already,normal_play,0.0
36,40,quarterfinals but this has the feel of it already what an,normal_play,0.0
38,42,already what an amazing atmosphere weve got,normal_play,0.0
40,44,an amazing atmosphere weve got,normal_play,0.0
42,46,first line out,normal_play,0.0
44,48,first line out julian montozha one try,lineout,0.4312
46,50,out julian montozha one try away from equaling one in offs rugby,lineout,0.4312
48,52,try away from equaling one in offs rugby world cup try scoring record of seven,lineout,0.4312
50,54,rugby world cup try scoring record of seven,lineout,0.4312
52,56,seven its the big powerful,maul,0.5412
54,58,its the big powerful las pumas maul,maul,0.5412
56,60,powerful las pumas maul that surges forward,try,1.0
58,62,maul that surges forward and vanej for gonzalo bertranot,try,1.0
60,64,and vanej for gonzalo bertranot and the backs look to engage,try,1.0
62,66,and the backs look to engage and a beautiful breakout,try,1.0
64,68,and a beautiful breakout santiago chocobanes,try,1.0
66,70,santiago chocobanes wow,try,1.0
68,72,wow wow wow,try,1.0
70,74,wow wow las pumas score,try,1.0
72,76,las pumas score in the opening minute,normal_play,0.0
74,78,score in the opening minute,normal_play,0.0
80,84,what,normal_play,0.0
82,86,what a start it,normal_play,0.0
84,88,a start it was the power up front,normal_play,0.0
86,90,it was the power up front we knew theyd be big in that,normal_play,0.0
88,92,we knew theyd be big in that area but then its santiago,normal_play,0.0
90,94,that area but then its santiago chocobares first,normal_play,0.0
92,96,santiago chocobares first through one steps around another and,normal_play,0.0
94,98,first through one steps around another and slides under the sticks,normal_play,0.0
96,100,and slides under the sticks,normal_play,0.0
98,102,a scoring start for argentina,normal_play,0.0
100,104,a scoring start for argentina,normal_play,0.0
108,112,emiliano,goal_kick,0.8688
110,114,emiliano bofele adds the anxious 87,goal_kick,0.8688
112,116,emiliano bofele adds the anxious 87 0 weve barely begun,normal_play,0.0
114,118,87 0 weve barely begun,normal_play,0.0
116,120,what,normal_play,0.0
118,122,what a start for argentina they understand,normal_play,0.0
120,124,what a start for argentina they understand theyve spoken about the importance of,normal_play,0.0
122,126,understand theyve spoken about the importance of this match throughout the,normal_play,0.0
124,128,of this match throughout the week there was a lot of disappointment after,normal_play,0.0
126,130,the week there was a lot of disappointment after their first up loss against england,normal_play,0.0
128,132,after their first up loss against england but theyve gradually built,normal_play,0.0
130,134,england but theyve gradually built their way into this tournament and they,normal_play,0.0
132,136,built their way into this tournament and they have the belief that they can make it out of,normal_play,0.0
134,138,they have the belief that they can make it out of the pool stages of course this is one,normal_play,0.0
136,140,of the pool stages of course this is one of their most important matches in,normal_play,0.0
138,142,one of their most important matches in recent years,normal_play,0.0
140,144,in recent years first ever try for his country santiago,normal_play,0.0
142,146,first ever try for his country santiago chocobares the man who plays his rugby,normal_play,0.0
144,148,santiago chocobares the man who plays his rugby in toulouse,normal_play,0.0
146,150,rugby in toulouse grew up in santa fe we,normal_play,0.0
148,152,toulouse grew up in santa fe we began playing his rugby 7 0,kick_off,0.263
150,154,we began playing his rugby 7 0,kick_off,0.263
152,156,0,kick_off,0.263
154,158,matsuda goes to,kick_off,0.263
156,160,matsuda goes to the sky into the 22,normal_play,0.0
158,162,to the sky into the 22 sun comes,normal_play,0.0
160,164,22 sun comes down as well causing a bit of havoc there so,normal_play,0.4032
162,166,comes down as well causing a bit of havoc there so play on for argentina side,normal_play,0.4032
164,168,so play on for argentina side coach by michael checa four,normal_play,0.4032
166,170,side coach by michael checa four times stay on japan,normal_play,0.4032
168,172,four times stay on japan,normal_play,0.4032
170,174,japan four years ago,normal_play,0.4032
172,176,four years ago in japan,normal_play,0.4032
174,178,ago in japan and making the top eight clearance,normal_play,0.4032
176,180,and making the top eight clearance kick there from bertrino,normal_play,0.0
178,182,clearance kick there from bertrino lines matsushima,normal_play,0.0
180,184,lines matsushima,normal_play,0.4032
184,188,its,normal_play,0.4032
186,190,its a nice kick off,normal_play,0.4032
188,192,its a nice kick off lameke putting the ball deep,normal_play,0.0
190,194,lameke putting the ball deep tapping the pressure on,normal_play,0.0
192,196,deep tapping the pressure on argentina,normal_play,0.0
194,198,on argentina,normal_play,0.0
196,200,wieslik so composed the build up,normal_play,0.0
198,202,wieslik so composed the build up that will hopefully rub off on his,normal_play,0.0
200,204,up that will hopefully rub off on his players,lineout,0.1595
202,206,his players yeah he played in rugby world cup,lineout,0.1595
204,208,yeah he played in rugby world cup 95 for the all blacks and then for japan in,lineout,0.1595
206,210,cup 95 for the all blacks and then for japan in 99 at the world cup its,lineout,0.1595
208,212,in 99 at the world cup its knocked out by michael leach,normal_play,0.0
210,214,its knocked out by michael leach pressure coming in from argentina,normal_play,0.0
212,216,pressure coming in from argentina they may have pinched this,normal_play,0.0
214,218,argentina they may have pinched this tomas gajo getting involved there,normal_play,0.0
216,220,tomas gajo getting involved there gonzalo,normal_play,0.4032
218,222,there gonzalo bertrino moves it to the left hand side tomas labanini,normal_play,0.4032
220,224,gonzalo bertrino moves it to the left hand side tomas labanini from the indu club,normal_play,0.4032
222,226,labanini from the indu club ball to play,normal_play,0.4032
224,228,ball to play with for carreras to outside,normal_play,0.4032
226,230,play with for carreras to outside centre lucio sinti,normal_play,0.4032
228,232,outside centre lucio sinti argentina have so many,normal_play,0.4032
230,234,sinti argentina have so many threats on the field they like,normal_play,0.4032
232,236,many threats on the field they like to move the ball from side to side,normal_play,0.4032
234,238,like to move the ball from side to side bofele upended,normal_play,0.4032
236,240,bofele upended,normal_play,0.4032
238,242,flat ball gajo,normal_play,0.4032
240,244,flat ball gajo there took him,normal_play,0.4032
242,246,gajo there took him on alumni tax it,normal_play,0.4032
244,248,him on alumni tax it forward a bit more,normal_play,0.4032
246,250,it forward a bit more now to the sky goes,normal_play,0.4032
248,252,more now to the sky goes carreras,normal_play,0.0
250,254,goes carreras its a big early jump knock on advantage,normal_play,0.0
252,256,its a big early jump knock on advantage from gonzalez,normal_play,0.0
254,258,advantage from gonzalez,normal_play,0.0
256,260,knock on by blue,normal_play,0.0
258,262,knock on by blue,normal_play,0.0
260,264,options,normal_play,0.0
262,266,options,normal_play,0.0
264,268,weve got numbers here,normal_play,0.0
266,270,weve got numbers here two and two so we cant,normal_play,0.0
268,272,two and two so we cant have it quickly but you can have the option,normal_play,0.0
270,274,cant have it quickly but you can have the option my team gonzalez getting up,normal_play,0.0
272,276,my team gonzalez getting up high theres coach michael,normal_play,0.0
274,278,up high theres coach michael cecher hes been doing,normal_play,0.0
276,280,michael cecher hes been doing that since day one hes,normal_play,0.0
278,282,doing that since day one hes playing down the jeopardy on show today,normal_play,0.0
280,284,hes playing down the jeopardy on show today that has,normal_play,0.0
282,286,that has to be in reality but in the players minds,normal_play,0.0
284,288,to be in reality but in the players minds itll be slightly different,normal_play,0.0
286,290,minds itll be slightly different there is no,normal_play,0.0
288,292,different there is no game after this if they lose,normal_play,0.0
290,294,no game after this if they lose,normal_play,0.0
292,296,lose it adds,normal_play,0.0
294,298,it adds a bit of juice to proceedings thats for sure,normal_play,0.0
296,300,a bit of juice to proceedings thats for sure it certainly does michael cecher,normal_play,0.0
298,302,sure it certainly does michael cecher again take the team to the quarter finals,normal_play,0.0
300,304,cecher again take the team to the quarter finals for the third consecutive time did,normal_play,0.0
302,306,for the third consecutive time did it with australia in 2015 and 2019,normal_play,0.0
304,308,did it with australia in 2015 and 2019,scrum,0.4877
306,310,2019,scrum,0.4877
314,318,crouch binds,scrum,0.2828
316,320,crouch binds first scum,scrum,0.2828
318,322,first scum of the match feed there,scrum,0.2828
320,324,scum of the match feed there from nata sato,scrum,0.4877
322,326,there from nata sato and the captain has it,scrum,0.4877
324,328,and the captain has it at the back does him and her with advantage,normal_play,0.0
326,330,it at the back does him and her with advantage for the japanese and they win,normal_play,0.0
328,332,advantage for the japanese and they win the scrum penalty an excellent,penalty,0.6128
330,334,the scrum penalty an excellent start for their set pieces,penalty,0.6128
332,336,start for their set pieces,penalty,0.6128
334,338,fascinating set piece battle were seeing a couple of,penalty,0.6128
336,340,fascinating set piece battle were seeing a couple of line ups go back and forth,normal_play,0.0
338,342,of line ups go back and forth this time its,normal_play,0.0
340,344,this time its at the scrum,normal_play,0.0
342,346,its at the scrum thomas gashou against jiwon goo,normal_play,0.0
344,348,thomas gashou against jiwon goo i like that matchup,normal_play,0.0
346,350,i like that matchup jiwon goo reprised himself,normal_play,0.0
348,352,matchup jiwon goo reprised himself in his scrumaging,normal_play,0.4032
350,354,himself in his scrumaging,normal_play,0.4032
352,356,scrumaging his father represented south korea as a prop so,normal_play,0.4032
354,358,his father represented south korea as a prop so its in the blood hes started,normal_play,0.4032
356,360,so its in the blood hes started all four games for japan he really is,normal_play,0.0
358,362,all four games for japan he really is a pillar of that scrum,normal_play,0.0
360,364,is a pillar of that scrum he starts,normal_play,0.0
362,366,he starts on the angle and then they push through it,normal_play,0.0
364,368,starts on the angle and then they push through it you sit,normal_play,0.0
366,370,you sit back that was,normal_play,0.0
368,372,sit back that was a shot of the other side,normal_play,0.0
370,374,was a shot of the other side inagaki ten meters,normal_play,0.0
372,376,inagaki ten meters stay,normal_play,0.0
374,378,meters stay they played six times,normal_play,0.0
376,380,they played six times as michael leach catches this one argentina have,normal_play,0.0
378,382,times as michael leach catches this one argentina have won five japans last win,normal_play,0.0
380,384,have won five japans last win against los pumas was back in 1998,normal_play,0.2919
382,386,win against los pumas was back in 1998 in tokyo,normal_play,0.2919
384,388,1998 in tokyo they won 44 29,normal_play,0.2919
386,390,they won 44 29 use it,normal_play,0.2919
388,392,29 use it the brave blossoms of japan,normal_play,0.0
390,394,the brave blossoms of japan 12th in the world quarter,normal_play,0.0
392,396,japan 12th in the world quarter finalist for the very first,normal_play,0.4032
394,398,quarter finalist for the very first time four years ago when they hosted they put,normal_play,0.4032
396,400,first time four years ago when they hosted they put it deep bofeli has a run,normal_play,0.4032
398,402,put it deep bofeli has a run emiliano bofeli pushes a couple,normal_play,0.4032
400,404,emiliano bofeli pushes a couple bofeli to the halfway line,normal_play,0.4032
402,406,couple bofeli to the halfway line what a break up from the winger,normal_play,0.4032
404,408,what a break up from the winger bochino,normal_play,0.4032
406,410,bochino carreras looking for wide ball,normal_play,0.4032
408,412,bochino carreras looking for wide ball sinti,normal_play,0.0
410,414,ball sinti bashes into a,normal_play,0.0
412,416,sinti bashes into a couple argentina looking,normal_play,0.0
414,418,a couple argentina looking to get into their strike the,normal_play,0.0
416,420,looking to get into their strike the possession will change hands,normal_play,0.0
418,422,the possession will change hands,normal_play,0.0
420,424,argentina,normal_play,0.0
422,426,argentina getting some real good changes with,normal_play,0.0
424,428,argentina getting some real good changes with individual runners at the moment on that,normal_play,0.0
426,430,with individual runners at the moment on that occasion it was bofeli,normal_play,0.0
428,432,that occasion it was bofeli play on the ground ball comes,normal_play,0.0
430,434,play on the ground ball comes forward on the ground steps around a couple,normal_play,0.0
432,436,comes forward on the ground steps around a couple bumps off horrie,normal_play,0.0
434,438,couple bumps off horrie and off he goes,normal_play,0.0
436,440,and off he goes we saw it later in the piece,normal_play,0.0
438,442,we saw it later in the piece with sinti as well,normal_play,0.0
440,444,piece with sinti as well just a little error at the,normal_play,0.0
442,446,just a little error at the right it shut that attack down,normal_play,0.0
444,448,the right it shut that attack down japan are going to want to stick some of these tackle,normal_play,0.0
446,450,japan are going to want to stick some of these tackle,normal_play,0.0
448,452,tackle got some fabulous defenders in the back row,normal_play,0.0
450,454,got some fabulous defenders in the back row,normal_play,0.0
452,456,row kazuki the skipper yet to miss a,normal_play,0.0
454,458,kazuki the skipper yet to miss a tackle at this world cup,normal_play,0.0
456,460,a tackle at this world cup and theyll need that type of,normal_play,0.0
458,462,and theyll need that type of stat from the looks of things argentina,normal_play,0.0
460,464,of stat from the looks of things argentina really looking to run,normal_play,0.0
462,466,argentina really looking to run and weve got beautiful conditions,normal_play,0.0
464,468,and weve got beautiful conditions here in nantes today as well so perfect,scrum,0.4877
466,470,conditions here in nantes today as well so perfect conditions for running rugby,scrum,0.4877
468,472,perfect conditions for running rugby unseasonably warm temperatures in the,scrum,0.4877
470,474,unseasonably warm temperatures in the 30s but that sun is going,scrum,0.4877
472,476,the 30s but that sun is going to cause some havoc for argentina in this,scrum,0.4877
474,478,to cause some havoc for argentina in this first half under the highball and then japan,scrum,0.4877
476,480,this first half under the highball and then japan in the second yeah troubled them early on with that,scrum,0.4877
478,482,japan in the second yeah troubled them early on with that kick as bataro,scrum,0.4877
480,484,that kick as bataro matsushima joins the line,normal_play,0.0
482,486,bataro matsushima joins the line such a dangerous wink scored,normal_play,0.0
484,488,such a dangerous wink scored 22 try everyones on,normal_play,0.0
486,490,scored 22 try everyones on side ball was out and 53 matches for his,normal_play,0.0
488,492,side ball was out and 53 matches for his country before now,normal_play,0.0
490,494,his country before now juon bu in,normal_play,0.0
492,496,juon bu in there for the japanese side,normal_play,0.3323
494,498,in there for the japanese side out to saito,normal_play,0.3323
496,500,side out to saito santori sangolay at flat,normal_play,0.3323
498,502,santori sangolay at flat in the japanese,normal_play,0.3323
500,504,flat in the japanese one league his kick goes,normal_play,0.4032
502,506,japanese one league his kick goes up being handled,normal_play,0.4032
504,508,goes up being handled by mateo carreras,normal_play,0.4032
506,510,handled by mateo carreras debut in 2021,normal_play,0.4032
508,512,carreras debut in 2021 montozha,normal_play,0.4032
510,514,montozha takes it to the line the leicester tiger,normal_play,0.4032
512,516,montozha takes it to the line the leicester tiger,normal_play,0.4032
514,518,tiger argentina transfer,normal_play,0.4032
516,520,argentina transfer the pressure with a kick into,normal_play,0.4032
518,522,the pressure with a kick into japanese territory,normal_play,0.4032
520,524,into japanese territory bafelic excellent in,normal_play,0.4032
522,526,bafelic excellent in the air yet again hallmarks,normal_play,0.4032
524,528,in the air yet again hallmarks of a brilliant winger,normal_play,0.4032
526,530,hallmarks of a brilliant winger lamanini carries,normal_play,0.4032
528,532,winger lamanini carries again theres a 30 year old bertrino,normal_play,0.4032
530,534,carries again theres a 30 year old bertrino quick possession for los pumas,normal_play,0.4032
532,536,quick possession for los pumas,normal_play,0.4032
534,538,pumas carreras switches,normal_play,0.4032
536,540,pumas carreras switches direction matera finds him,normal_play,0.0
538,542,switches direction matera finds him now as argentina look,normal_play,0.0
540,544,him now as argentina look to link up yet again,normal_play,0.0
542,546,look to link up yet again maciasinti with another carry,normal_play,0.0
544,548,maciasinti with another carry not a lot on so,normal_play,0.4032
546,550,not a lot on so to stab through,normal_play,0.4032
548,552,so to stab through being read but then knocked on so,normal_play,0.4032
550,554,being read but then knocked on so advantage here for bertrino its a pick,normal_play,0.4032
552,556,so advantage here for bertrino its a pick up from one martin gonzalez the 22 year,normal_play,0.4032
554,558,pick up from one martin gonzalez the 22 year old,normal_play,0.4032
556,560,year old lamanini observes,normal_play,0.1886
558,562,lamanini observes the tackle of lavascajny,normal_play,0.1886
560,564,observes the tackle of lavascajny at a standing start,normal_play,0.1886
562,566,at a standing start for marcus cremma,normal_play,0.1886
564,568,start for marcus cremma 26 year old,normal_play,0.0
566,570,26 year old carreras again,normal_play,0.0
568,572,carreras again links well montozha,normal_play,0.4032
570,574,again links well montozha with the,normal_play,0.4032
572,576,with the newman club nice inside,normal_play,0.4032
574,578,the newman club nice inside ball but the heads keep coming and,normal_play,0.4032
576,580,inside ball but the heads keep coming and santiago chacabares theyre not going to get,normal_play,0.0
578,582,santiago chacabares theyre not going to get through this time after scorching the,normal_play,0.0
580,584,through this time after scorching the earth scoring,normal_play,0.4032
582,586,the earth scoring with about a minute played in this game,normal_play,0.4032
584,588,with about a minute played in this game argentina lead,normal_play,0.4032
586,590,game argentina lead 7 0 and a must win game for both,normal_play,0.4032
588,592,lead 7 0 and a must win game for both these sides penalty japan,penalty,0.6128
590,594,both these sides penalty japan number 3 side entry,penalty,0.6128
592,596,number 3 side entry jacker on the ball garham and on,penalty,0.6128
594,598,jacker on the ball garham and on the side,penalty,0.6128
596,600,on the side,normal_play,0.0
600,604,well in the end good defence in japan,normal_play,0.0
602,606,well in the end good defence in japan teated up,normal_play,0.0
604,608,japan teated up beforehand argentina love to play with the ball,normal_play,0.0
606,610,up beforehand argentina love to play with the ball second,normal_play,0.0
608,612,ball second highest possession in,normal_play,0.0
610,614,highest possession in their games as theyve averaged of any team,normal_play,0.0
612,616,in their games as theyve averaged of any team in this comp has always,normal_play,0.2686
614,618,team in this comp has always resulted in try though dallin,normal_play,0.2686
616,620,always resulted in try though dallin only the tenth,normal_play,0.2686
618,622,only the tenth most try in the comp so it doesnt reflect the,normal_play,0.2686
620,624,tenth most try in the comp so it doesnt reflect the possession and thats why the more ruck,normal_play,0.0
622,626,the possession and thats why the more ruck you have the more you open yourself,normal_play,0.0
624,628,ruck you have the more you open yourself up to those jack gordon steal,normal_play,0.0
626,630,yourself up to those jack gordon steal opportunities,normal_play,0.0
628,632,opportunities,normal_play,0.0
632,636,lovely delicate touch,normal_play,0.0
634,638,lovely delicate touch through from carreras well,normal_play,0.0
636,640,touch through from carreras well read by lumecky at the back,normal_play,0.0
638,642,well read by lumecky at the back but he couldnt gather thought,normal_play,0.0
640,644,but he couldnt gather thought he might scoop and go down the other end,normal_play,0.0
642,646,he might scoop and go down the other end when the game,normal_play,0.0
644,648,when the game breaks up i think now itll suit japan,lineout,0.3398
646,650,game breaks up i think now itll suit japan japan have beaten chile 42,lineout,0.3398
648,652,japan have beaten chile 42 12 and beat samoa 28 22,lineout,0.3398
650,654,42 12 and beat samoa 28 22 they lost to england 34 12,lineout,0.3398
652,656,22 they lost to england 34 12 thats how they find themselves here in this must,normal_play,0.0
654,658,12 thats how they find themselves here in this must win match to advance,normal_play,0.0
656,660,must win match to advance in the rugby world cup,normal_play,0.0
658,662,in the rugby world cup centrefield possession danola kick,normal_play,0.0
660,664,centrefield possession danola kick pack over the top a,normal_play,0.0
662,666,kick pack over the top a catch as well stunning,normal_play,0.0
664,668,a catch as well stunning from japan naoto saito,normal_play,0.0
666,670,from japan naoto saito who created the magic gyeonju,normal_play,0.0
668,672,who created the magic gyeonju getting close the crowd on their feet,normal_play,0.0
670,674,gyeonju getting close the crowd on their feet here comes japan beautiful,normal_play,0.0
672,676,feet here comes japan beautiful pass over the top,normal_play,0.4032
674,678,beautiful pass over the top leeds cuts back in,normal_play,0.4032
676,680,leeds cuts back in great catch from the flanker,normal_play,0.4032
678,682,great catch from the flanker japan,normal_play,0.4032
680,684,japan still,normal_play,0.4032
682,686,japan still five out,normal_play,0.4032
684,688,five out from the argentine trial line looking,normal_play,0.4032
686,690,out from the argentine trial line looking for the equaliser,normal_play,0.4032
688,692,looking for the equaliser here they come back in,normal_play,0.0
690,694,here they come back in bakataba,normal_play,0.0
692,696,bakataba saito,normal_play,0.0
694,698,bakataba saito has dropped it,normal_play,0.0
696,700,saito has dropped it genius play there in this build,normal_play,0.0
698,702,genius play there in this build up from japan,normal_play,0.0
700,704,build up from japan,normal_play,0.0
702,706,wow,normal_play,0.0
704,708,wow well how about this,normal_play,0.0
706,710,wow well how about this the naoto we knew they would kick,normal_play,0.0
708,712,this the naoto we knew they would kick like that we got someone in line for those kicks,normal_play,0.0
710,714,kick like that we got someone in line for those kicks were going to eat that,normal_play,0.0
712,716,were going to eat that give him that for mano keane,normal_play,0.0
714,718,that give him that for mano keane we just found out theyve obviously been teed up for that,normal_play,0.0
716,720,we just found out theyve obviously been teed up for that dont change the vines he said weve,normal_play,0.0
718,722,that dont change the vines he said weve been told theyre going to look for kicks like that so,normal_play,0.0
720,724,weve been told theyre going to look for kicks like that so they need to look for the offside what,normal_play,0.0
722,726,so they need to look for the offside what a bit of creativity leek showing his,normal_play,0.0
724,728,what a bit of creativity leek showing his skillset holding on to that ball lets go please just,normal_play,0.0
726,730,his skillset holding on to that ball lets go please just in the end,normal_play,0.0
728,732,just in the end middle knock well tony brown,normal_play,0.0
730,734,middle knock well tony brown the former new zealand all,normal_play,0.0
732,736,brown the former new zealand all black in legend is on,normal_play,0.0
734,738,all black in legend is on their coaching crew for the japanese side,normal_play,0.0
736,740,on their coaching crew for the japanese side thats a tony brown special,scrum,0.4223
738,742,side thats a tony brown special for sure,scrum,0.4223
740,744,special for sure coach and to do it,scrum,0.4223
742,746,coach and to do it in such an important game,scrum,0.4223
744,748,it in such an important game as well the confidence of this japanese,scrum,0.2085
746,750,game as well the confidence of this japanese side bring it saito,scrum,0.2085
748,752,japanese side bring it saito just 26 years of age,scrum,0.2085
750,754,saito just 26 years of age you cant hold anything back in this game,scrum,0.2085
752,756,you cant hold anything back in this game though youve got to put it all out there,scrum,0.2299
754,758,though youve got to put it all out there gonzalez picks at the,scrum,0.2299
756,760,gonzalez picks at the back does the number 8,normal_play,0.0
758,762,the back does the number 8 for argentina balls,normal_play,0.0
760,764,for argentina balls available,normal_play,0.3566
762,766,balls available,normal_play,0.3566
764,768,gonzalo bertranot low hold,normal_play,0.3566
766,770,gonzalo bertranot low hold in front puts it down,normal_play,0.3566
768,772,hold in front puts it down to matsushima,normal_play,0.0
770,774,down to matsushima for the counter attack katao matsushima,normal_play,0.0
772,776,for the counter attack katao matsushima,normal_play,0.4032
774,778,matsushima floats across field gets a nice,normal_play,0.4032
776,780,floats across field gets a nice left footed step in,normal_play,0.4032
778,782,nice left footed step in saito now,normal_play,0.4032
780,784,saito now finds hori with a little loop play,normal_play,0.0
782,786,now finds hori with a little loop play japan really bringing it,normal_play,0.0
784,788,japan really bringing it in the stands and then they lose it,normal_play,0.4032
786,790,it in the stands and then they lose it two knock ons,normal_play,0.4032
788,792,two knock ons looking dangerous second ball in,normal_play,0.4032
790,794,looking dangerous second ball in,normal_play,0.4032
794,798,thumbs off,normal_play,0.0
796,800,thumbs off,normal_play,0.0
798,802,thumbs off its a time of,normal_play,0.0
800,804,thumbs off its a time of adventure and endeavour,normal_play,0.0
802,806,of adventure and endeavour might expect from japan today,normal_play,0.0
804,808,might expect from japan today to try and unlock what,normal_play,0.0
806,810,today to try and unlock what is a very solid argentinian,normal_play,0.0
808,812,is a very solid argentinian defensive outfit thank you,normal_play,0.0
810,814,argentinian defensive outfit thank you you see they actually created numbers,normal_play,0.0
812,816,you see they actually created numbers,normal_play,0.0
814,818,numbers for fita trying to get on the outside,normal_play,0.0
816,820,for fita trying to get on the outside hes in the,normal_play,0.0
818,822,hes in the squad today on a change with jone,normal_play,0.0
820,824,the squad today on a change with jone nican bulla,normal_play,0.0
822,826,jone nican bulla on the bench we set this up guys,normal_play,0.0
824,828,on the bench we set this up guys youre on the space in the moment,normal_play,0.0
826,830,youre on the space in the moment,normal_play,0.0
842,846,japan ready to,normal_play,0.0
844,848,japan ready to go they know where theyre strained,normal_play,0.0
846,850,to go they know where theyre strained to fly this japanese side theyve got,normal_play,0.0
848,852,strained to fly this japanese side theyve got some really pacey backs and that was,normal_play,0.0
850,854,got some really pacey backs and that was something that the argentinians,normal_play,0.0
852,856,was something that the argentinians did pinpoint in the lead up to this,normal_play,0.0
854,858,did pinpoint in the lead up to this game stopping those backs so this,normal_play,0.0
856,860,this game stopping those backs so this forward battle is just going,normal_play,0.0
858,862,this forward battle is just going to be so important if they can,normal_play,0.0
860,864,going to be so important if they can get the ball out to their backs and they can create,normal_play,0.0
862,866,get the ball out to their backs and they can create some opportunities,normal_play,0.0
864,868,create some opportunities,normal_play,0.0
868,872,hey lets see what happens both sides creating,normal_play,0.0
870,874,hey lets see what happens both sides creating those opportunities you see,normal_play,0.0
872,876,creating those opportunities you see how important those tackle are of course its a missed tackle,normal_play,0.0
874,878,see how important those tackle are of course its a missed tackle step vitely important,normal_play,0.0
876,880,tackle step vitely important,normal_play,0.0
878,882,important you wonder if perhaps theyll have took,normal_play,0.0
880,884,you wonder if perhaps theyll have took ten minutes to warm up,scrum,0.4877
882,886,took ten minutes to warm up some of those tackle and usually,scrum,0.4877
884,888,some of those tackle and usually ill afford that and thats why they got seven,scrum,0.4877
886,890,usually ill afford that and thats why they got seven down on the board already japan,scrum,0.4877
888,892,seven down on the board already japan,scrum,0.4877
890,894,satobaku crowd here in the city of nantes,scrum,0.4877
892,896,satobaku crowd here in the city of nantes their last taste of the rugby,scrum,0.4118
894,898,nantes their last taste of the rugby world cup before the quarters moves to,scrum,0.4118
896,900,rugby world cup before the quarters moves to paris and to marseille,normal_play,0.0
898,902,paris and to marseille everyone,normal_play,0.0
900,904,everyone no ones gone forward everyone stayed straight,normal_play,0.0
902,906,no ones gone forward everyone stayed straight everyone stayed in the contest then we pop up,normal_play,0.0
904,908,straight everyone stayed in the contest then we pop up everyone stayed in the contest,normal_play,0.0
906,910,up everyone stayed in the contest reset,normal_play,0.0
908,912,contest reset,normal_play,0.0
910,914,well done,normal_play,0.0
912,916,well done good score guys thats good,normal_play,0.0
914,918,good score guys thats good you stayed straight good binding staying straight,normal_play,0.0
916,920,you stayed straight good binding staying straight very good reset,normal_play,0.0
918,922,very good reset yes gus pichot,normal_play,0.0
920,924,yes gus pichot,normal_play,0.0
922,926,legend of argentina rugby,normal_play,0.0
924,928,legend of argentina rugby and bob that,normal_play,0.0
926,930,rugby and bob that won rugby actually went for the top spot,normal_play,0.0
928,932,that won rugby actually went for the top spot last time around during,scrum,0.4877
930,934,spot last time around during the elections he,scrum,0.4877
932,936,during the elections he had a few ideas to shake things up pretty progressive,scrum,0.4877
934,938,he had a few ideas to shake things up pretty progressive guy just a part of that argentine,scrum,0.4877
936,940,progressive guy just a part of that argentine side that finished third in 2007,scrum,0.4877
938,942,argentine side that finished third in 2007 the best ever finished to,scrum,0.4877
940,944,the best ever finished to part in four rugby world cups,scrum,0.4877
942,946,to part in four rugby world cups watching his country do battle right now,scrum,0.4877
944,948,watching his country do battle right now,scrum,0.2496
946,950,now,scrum,0.2496
950,954,sinti charge,normal_play,0.0
952,956,sinti charge down could go anywhere,normal_play,0.0
954,958,charge down could go anywhere finds the hands of matsushima leaves it,normal_play,0.0
956,960,finds the hands of matsushima leaves it behind and picks up by argentina one,normal_play,0.4032
958,962,it behind and picks up by argentina one cruz malia hacks it ahead,normal_play,0.4032
960,964,one cruz malia hacks it ahead and now for fita,normal_play,0.4032
962,966,and now for fita throws it over the top,normal_play,0.4032
964,968,fita throws it over the top to michael leach leach,try,1.0
966,970,to michael leach leach japanese legend looking for support on,try,1.0
968,972,japanese legend looking for support on the outside here it comes fukitaba puts,try,1.0
970,974,the outside here it comes fukitaba puts a kick over himself,try,1.0
972,976,puts a kick over himself great skills from the left foot he gets it,try,1.0
974,978,great skills from the left foot he gets it again it is,try,1.0
976,980,it again it is magic from japan,try,1.0
978,982,is magic from japan do you believe in miracles,try,1.0
980,984,do you believe in miracles or that was a miracle try,try,1.0
982,986,miracles or that was a miracle try amato,try,1.0
984,988,try amato fukitaba im going to give,try,1.0
986,990,fukitaba im going to give you a ball on that line on the,try,1.0
988,992,give you a ball on that line on the side,try,1.0
990,994,the side,try,1.0
1000,1004,i cannot believe,normal_play,0.0
1002,1006,i cannot believe what ive just seen,normal_play,0.0
1004,1008,believe what ive just seen its the second row of fukitaba,normal_play,0.0
1006,1010,its the second row of fukitaba he gets pace round the outside,normal_play,0.0
1008,1012,he gets pace round the outside puts the chip in gathers himself,normal_play,0.0
1010,1014,outside puts the chip in gathers himself and,normal_play,0.0
1012,1016,himself and he has scored one of the best,normal_play,0.0
1014,1018,and he has scored one of the best try you will see let alone one,normal_play,0.0
1016,1020,best try you will see let alone one of the best try youll see from a,normal_play,0.0
1018,1022,one of the best try youll see from a second row forward,normal_play,0.0
1020,1024,a second row forward,normal_play,0.0
1022,1026,the skill execution,normal_play,0.0
1024,1028,the skill execution at pace to chip,normal_play,0.0
1026,1030,execution at pace to chip uses those long legs to get there first,normal_play,0.0
1028,1032,uses those long legs to get there first and gather it,normal_play,0.0
1030,1034,first and gather it wow,normal_play,0.0
1032,1036,wow the endeavor to,normal_play,0.0
1034,1038,the endeavor to do it,normal_play,0.0
1036,1040,to do it with the quarterfinals on,normal_play,0.0
1038,1042,it with the quarterfinals on the line,normal_play,0.0
1040,1044,on the line,normal_play,0.0
1042,1046,remarkable,normal_play,0.0
1044,1048,remarkable vital conversion attempt,normal_play,0.0
1046,1050,remarkable vital conversion attempt,normal_play,0.0
1048,1052,attempt,goal_kick,0.8688
1050,1054,rikiya,goal_kick,0.8688
1052,1056,rikiya matsuda and,goal_kick,0.845
1054,1058,rikiya matsuda and from kyoto,goal_kick,0.845
1056,1060,and from kyoto strikes,goal_kick,0.845
1058,1062,strikes the congoction were locked up at 7 a,goal_kick,0.845
1060,1064,strikes the congoction were locked up at 7 a p 16 minutes gone,goal_kick,0.8688
1062,1066,a p 16 minutes gone look,goal_kick,0.8688
1064,1068,look at that ball in one hand then,normal_play,0.0
1066,1070,at that ball in one hand then he gets it back in a two to put the chip in,normal_play,0.0
1068,1072,then he gets it back in a two to put the chip in im,normal_play,0.0
1070,1074,in im taking notes that is superb,normal_play,0.0
1072,1076,im taking notes that is superb i cant believe it either mate,normal_play,0.0
1074,1078,superb i cant believe it either mate,normal_play,0.0
1076,1080,he scored two try against chile and,normal_play,0.0
1078,1082,he scored two try against chile and he said that that didnt feel real,normal_play,0.0
1080,1084,and he said that that didnt feel real such was the excitement he got so emotional seeing,normal_play,0.0
1082,1086,such was the excitement he got so emotional seeing the japanese fans i,normal_play,0.0
1084,1088,seeing the japanese fans i reckon they would be enjoying that one particularly,kick_off,0.2751
1086,1090,reckon they would be enjoying that one particularly his wife and one year old son sefi,kick_off,0.2751
1088,1092,particularly his wife and one year old son sefi who are in france to watch him play,kick_off,0.2751
1090,1094,sefi who are in france to watch him play sure as twin brothers watching as,kick_off,0.2751
1092,1096,play sure as twin brothers watching as well they live next to each other,normal_play,0.0
1094,1098,as well they live next to each other at home and they got a hole in the fence,normal_play,0.0
1096,1100,other at home and they got a hole in the fence so they can walk back and forth between their gardens,normal_play,0.0
1098,1102,fence so they can walk back and forth between their gardens well tlaou samurai,normal_play,0.0
1100,1104,gardens well tlaou samurai easton rai they play together as well,normal_play,0.4032
1102,1106,samurai easton rai they play together as well and rico,normal_play,0.4032
1104,1108,well and rico ramsey topside,normal_play,0.4032
1106,1110,rico ramsey topside argentina with,normal_play,0.4032
1108,1112,argentina with possession off that kick,normal_play,0.0
1110,1114,with possession off that kick montozha this time puts his head down,normal_play,0.0
1112,1116,montozha this time puts his head down barrels upfield does,normal_play,0.4032
1114,1118,down barrels upfield does the hookup,normal_play,0.4032
1116,1120,does the hookup 90 second appearance for his country,normal_play,0.4032
1118,1122,90 second appearance for his country bofeli,normal_play,0.4032
1120,1124,country bofeli popping up in midfield couple of nice little steps,normal_play,0.4032
1122,1126,bofeli popping up in midfield couple of nice little steps around the fringes,normal_play,0.4032
1124,1128,steps around the fringes that was mateo carreras,normal_play,0.4032
1126,1130,that was mateo carreras,normal_play,0.4032
1128,1132,chakrabara has scored one already,normal_play,0.4032
1130,1134,chakrabara has scored one already with his fancy footwork this time they shut him down,normal_play,0.4032
1132,1136,already with his fancy footwork this time they shut him down mal is on the inside,normal_play,0.0
1134,1138,down mal is on the inside,normal_play,0.0
1136,1140,inside as,normal_play,0.2377
1138,1142,as they fly into the traffic tomas labanini,normal_play,0.2377
1140,1144,as they fly into the traffic tomas labanini again,normal_play,0.2377
1142,1146,labanini again dropped as well from,normal_play,0.2377
1144,1148,dropped as well from santiago carreras,normal_play,0.0
1146,1150,from santiago carreras,normal_play,0.0
1152,1156,they can roll away,normal_play,0.0
1154,1158,they can roll away from the other side from the boys coming,normal_play,0.0
1156,1160,from the other side from the boys coming they can roll away they roll clear im happy if,normal_play,0.0
1158,1162,they can roll away they roll clear im happy if they dont affect the nine im not seeing their motor,normal_play,0.0
1160,1164,if they dont affect the nine im not seeing their motor what was that from mateo carreras,normal_play,0.0
1162,1166,motor what was that from mateo carreras on their side it was fabito trying,normal_play,0.0
1164,1168,on their side it was fabito trying to assert himself,normal_play,0.0
1166,1170,trying to assert himself mochakobares,normal_play,0.0
1168,1172,mochakobares and now the arrow is facing,normal_play,0.0
1170,1174,and now the arrow is facing gonzalo bocherno trying to argue that it was a bit of,normal_play,0.0
1172,1176,facing gonzalo bocherno trying to argue that it was a bit of an upside from the japanese defensive line,normal_play,0.0
1174,1178,of an upside from the japanese defensive line theyre trying to get off,normal_play,0.0
1176,1180,line theyre trying to get off the line and shut down the argentinian,normal_play,0.0
1178,1182,off the line and shut down the argentinian runners before they get ahead of,normal_play,0.0
1180,1184,argentinian runners before they get ahead of stemop,normal_play,0.0
1182,1186,of stemop,normal_play,0.0
1184,1188,japan,scrum,0.4877
1186,1190,japan has improved tremendously over,scrum,0.4877
1188,1192,japan has improved tremendously over the years they launched the top league,scrum,0.4877
1190,1194,over the years they launched the top league in 2003 with 12 teams,scrum,0.4877
1192,1196,league in 2003 with 12 teams most of these players play professionally,scrum,0.4877
1194,1198,teams most of these players play professionally in their country,scrum,0.4877
1196,1200,professionally in their country some of the best in the world as,scrum,0.4877
1198,1202,some of the best in the world as they pick up saito,scrum,0.4877
1200,1204,as they pick up saito goes across field,normal_play,0.0
1202,1206,goes across field matsushima chips over the,normal_play,0.0
1204,1208,matsushima chips over the top sits up though for,normal_play,0.4032
1206,1210,the top sits up though for argentina theyre able to,normal_play,0.4032
1208,1212,for argentina theyre able to get it back on that far side,normal_play,0.4032
1210,1214,get it back on that far side mateo carreras involved,normal_play,0.4032
1212,1216,mateo carreras involved he waits to first to,normal_play,0.0
1214,1218,he waits to first to see if it goes behind his back argentina,normal_play,0.0
1216,1220,to see if it goes behind his back argentina and grunt wait for us,normal_play,0.4032
1218,1222,argentina and grunt wait for us just drives japan back,normal_play,0.4032
1220,1224,just drives japan back heres kick though,normal_play,0.4032
1222,1226,back heres kick though rolls all,normal_play,0.4032
1224,1228,rolls all the way out,normal_play,0.0
1226,1230,all the way out the dead ball,normal_play,0.0
1228,1232,out the dead ball and that is a long way back,normal_play,0.0
1230,1234,and that is a long way back for the scrum,normal_play,0.0
1232,1236,back for the scrum and justin from the sideline,normal_play,0.0
1234,1238,and justin from the sideline on the side of 15 now,normal_play,0.0
1236,1240,on the side of 15 now,normal_play,0.0
1240,1244,a,normal_play,0.0
1242,1246,a little shot there mr masato,normal_play,0.0
1244,1248,a little shot there mr masato tsuchida,normal_play,0.0
1246,1250,masato tsuchida heads up the japanese,normal_play,0.0
1248,1252,heads up the japanese rugby federation,normal_play,0.0
1250,1254,japanese rugby federation,normal_play,0.0
1252,1256,federation theres barely,normal_play,0.0
1254,1258,theres barely experienced water boy,normal_play,0.0
1256,1260,barely experienced water boy no fernandez no beat,normal_play,0.0
1258,1262,fernandez no beat,normal_play,0.0
1260,1264,interesting,normal_play,0.0
1262,1266,interesting role for dylan riley in shot today,normal_play,0.0
1264,1268,interesting role for dylan riley in shot today hes,normal_play,0.0
1266,1270,today hes looked so adventurous on the ball,normal_play,0.0
1268,1272,looked so adventurous on the ball lining up of,normal_play,0.0
1270,1274,lining up of this scrum on the wing underneath,normal_play,0.0
1272,1276,of this scrum on the wing underneath this hes a tall man,normal_play,0.0
1274,1278,underneath this hes a tall man and suspect they,normal_play,0.0
1276,1280,man and suspect they might have something up their sleeve again dallin,normal_play,0.0
1278,1282,might have something up their sleeve again dallin you bet,normal_play,0.0
1280,1284,you bet they do as the crowd urges japan,scrum,0.426
1282,1286,bet they do as the crowd urges japan on,scrum,0.426
1284,1288,japan on coach,scrum,0.426
1286,1290,coach fine,scrum,0.426
1288,1292,fine,scrum,0.3159
1290,1294,sits,scrum,0.3159
1292,1296,sits,scrum,0.3159
1294,1298,good,scrum,0.3159
1296,1300,good scrum from japan down the,scrum,0.3334
1298,1302,good scrum from japan down the short side they work ball spits free,scrum,0.3334
1300,1304,the short side they work ball spits free katara matsushima tiny sings up,normal_play,0.0
1302,1306,free katara matsushima tiny sings up hes tackle by,normal_play,0.0
1304,1308,up hes tackle by his opposite number matsushima,normal_play,0.4032
1306,1310,by his opposite number matsushima born in pretoria south africa,normal_play,0.4032
1308,1312,born in pretoria south africa and plays in the suntory,normal_play,0.4032
1310,1314,and plays in the suntory club,normal_play,0.4032
1312,1316,suntory club,normal_play,0.4032
1314,1318,peter labaskafni the 34 year old carries,normal_play,0.4032
1316,1320,peter labaskafni the 34 year old carries again,normal_play,0.4032
1318,1322,carries again several of these players this will be their final rugby,normal_play,0.4032
1320,1324,several of these players this will be their final rugby world cup in their careers can they finish,normal_play,0.0
1322,1326,rugby world cup in their careers can they finish by journeying,normal_play,0.0
1324,1328,finish by journeying through to the quarter finals and who knows,penalty,0.6128
1326,1330,journeying through to the quarter finals and who knows what happens then but las pumas,penalty,0.6128
1328,1332,knows what happens then but las pumas pinch back a penalty of their own,penalty,0.6128
1330,1334,pumas pinch back a penalty of their own good,penalty,0.6128
1332,1336,own good release on the ball lift and then right hand,normal_play,0.0
1334,1338,good release on the ball lift and then right hand lifting,normal_play,0.0
1336,1340,hand lifting,normal_play,0.0
1338,1342,japan been using profito,normal_play,0.0
1340,1344,japan been using profito on a lot of carries so far,normal_play,0.0
1342,1346,profito on a lot of carries so far shes got isolated in that,normal_play,0.0
1344,1348,far shes got isolated in that ruck,normal_play,0.0
1346,1350,that ruck the key to that,normal_play,0.0
1348,1352,the key to that for argentina was there were two guys jackaling,normal_play,0.4032
1350,1354,that for argentina was there were two guys jackaling montoshi was in there but wasnt on the ball,normal_play,0.4032
1352,1356,jackaling montoshi was in there but wasnt on the ball but he creates a distraction for the clearing,normal_play,0.4032
1354,1358,ball but he creates a distraction for the clearing players so they have to focus on,normal_play,0.4032
1356,1360,clearing players so they have to focus on him,normal_play,0.0
1358,1362,on him thats the scrum off bocchano,normal_play,0.0
1360,1364,thats the scrum off bocchano dislodging the ball but this is the one,normal_play,0.0
1362,1366,bocchano dislodging the ball but this is the one sima terra and he locates the,normal_play,0.0
1364,1368,one sima terra and he locates the ball importantly he gets his big mitts on,normal_play,0.0
1366,1370,the ball importantly he gets his big mitts on the ball and thats when the referee is,normal_play,0.0
1368,1372,the ball and thats when the referee is going to reward you,normal_play,0.0
1370,1374,is going to reward you this is the second rugby world,normal_play,0.0
1372,1376,this is the second rugby world cup meeting between argentina and japan,lineout,0.183
1374,1378,world cup meeting between argentina and japan las pumas won that one back in 19,lineout,0.183
1376,1380,las pumas won that one back in 19 33 points,lineout,0.183
1378,1382,19 33 points to 12 in cardiff,lineout,0.183
1380,1384,points to 12 in cardiff different story today there was so much on,normal_play,0.0
1382,1386,different story today there was so much on the line chocobades again,normal_play,0.0
1384,1388,on the line chocobades again cracks it upfield as the inside centre,normal_play,0.0
1386,1390,cracks it upfield as the inside centre a couple of good tackle,normal_play,0.0
1388,1392,centre a couple of good tackle coming in theres pablo matera,normal_play,0.4032
1390,1394,tackle coming in theres pablo matera fearless,normal_play,0.4032
1392,1396,matera fearless flanker,normal_play,0.4032
1394,1398,fearless flanker big pinch,normal_play,0.4032
1396,1400,big pinch check out leach,normal_play,0.4032
1398,1402,pinch check out leach for japan,normal_play,0.4032
1400,1404,for japan saito finds,normal_play,0.3845
1402,1406,saito finds lavaskakini he steps off,normal_play,0.3845
1404,1408,finds lavaskakini he steps off the left good,normal_play,0.3845
1406,1410,off the left good tackle on the flanker now saito,normal_play,0.3845
1408,1412,good tackle on the flanker now saito pops it up to giongou,normal_play,0.4032
1410,1414,saito pops it up to giongou his father dong chun representing,normal_play,0.4032
1412,1416,his father dong chun representing south korea in the front row,normal_play,0.4032
1414,1418,representing south korea in the front row,normal_play,0.4032
1416,1420,row matsuda goes to the sky,normal_play,0.4032
1418,1422,matsuda goes to the sky,normal_play,0.4032
1420,1424,okay hes been knocked on,normal_play,0.4032
1422,1426,okay hes been knocked on from argentina,normal_play,0.4032
1424,1428,from argentina so japan win that battle,normal_play,0.4032
1426,1430,so japan win that battle,normal_play,0.4032
1428,1432,lets go guys,normal_play,0.4032
1430,1434,lets go guys weve got a couple of injury concerns,normal_play,0.4032
1432,1436,weve got a couple of injury concerns in back play at the moment guido,normal_play,0.0
1434,1438,concerns in back play at the moment guido petty is just having his shoulder,normal_play,0.0
1436,1440,petty is just having his shoulder petty put on the big screen and give you,normal_play,0.0
1438,1442,shoulder petty put on the big screen and give you the decision a couple of other sore bodies as well yes ben,normal_play,0.0
1440,1444,the decision a couple of other sore bodies as well yes ben im going to show you head on head contact,tmo_replay,0.85
1442,1446,ben im going to show you head on head contact by japan 7,tmo_replay,0.85
1444,1448,contact by japan 7,tmo_replay,0.85
1452,1456,first angle,tmo_replay,0.8009
1454,1458,first angle coming up now ben,tmo_replay,0.8009
1456,1460,angle coming up now ben,tmo_replay,0.8009
1460,1464,okay so guys it,tmo_replay,0.7057
1462,1466,okay so guys it is foul play because theres head on head,tmo_replay,0.7057
1464,1468,it is foul play because theres head on head contact he could be lower so ive,tmo_replay,0.7057
1466,1470,head contact he could be lower so ive got yellow card meters foul,tmo_replay,0.7057
1468,1472,ive got yellow card meters foul play foul play meters yellow card threshold,tmo_replay,0.7568
1470,1474,foul play foul play meters yellow card threshold bp are you going to yellow card this,tmo_replay,0.7568
1472,1476,bp are you going to yellow card this are you happy with that yeah im very happy with that ben,tmo_replay,0.7568
1474,1478,this are you happy with that yeah im very happy with that ben okay back on me when youre ready,tmo_replay,0.7568
1476,1480,ben okay back on me when youre ready,tmo_replay,0.85
1478,1482,captain in 7,tmo_replay,0.85
1480,1484,captain in 7,tmo_replay,0.85
1482,1486,kazuki,tmo_replay,0.85
1484,1488,kazuki 7,tmo_replay,0.85
1486,1490,7,tmo_replay,0.85
1488,1492,we have foul play theres,card_event,1.0
1490,1494,we have foul play theres head on head contact 7 could,card_event,1.0
1492,1496,theres head on head contact 7 could be lower hes upright so,card_event,1.0
1494,1498,could be lower hes upright so its foul play meters yellow card threshold,card_event,1.0
1496,1500,so its foul play meters yellow card threshold off field review as well,card_event,1.0
1498,1502,off field review as well,card_event,1.0
1502,1506,well even though its argentinian players on,normal_play,0.0
1504,1508,well even though its argentinian players on the floor times still off for the injury its japan,normal_play,0.0
1506,1510,the floor times still off for the injury its japan who are going to lose a man in at least,normal_play,0.0
1508,1512,japan who are going to lose a man in at least the 10 minutes,normal_play,0.0
1510,1514,least the 10 minutes ita labestafeni goes,normal_play,0.0
1512,1516,ita labestafeni goes to the sideline head on head contact,normal_play,0.0
1514,1518,goes to the sideline head on head contact it goes to the bunker as well for review,normal_play,0.0
1516,1520,it goes to the bunker as well for review well,normal_play,0.0
1518,1522,well hes a pretty squeaky clean individual,normal_play,0.0
1520,1524,well hes a pretty squeaky clean individual lamano lemaki told,normal_play,0.0
1522,1526,individual lamano lemaki told me they call him ned flanders,normal_play,0.0
1524,1528,told me they call him ned flanders because hes pretty perfect,normal_play,0.0
1526,1530,because hes pretty perfect theyre looking at his leg,normal_play,0.0
1528,1532,perfect theyre looking at his leg,normal_play,0.0
1530,1534,leg well just hold up a little bit at,normal_play,0.0
1532,1536,well just hold up a little bit at the moment pablo matera is currently,normal_play,0.0
1534,1538,at the moment pablo matera is currently down looks like hes getting some,normal_play,0.0
1536,1540,currently down looks like hes getting some treatment on his leg but he hasnt moved,normal_play,0.0
1538,1542,some treatment on his leg but he hasnt moved for a couple of minutes,normal_play,0.0
1540,1544,moved for a couple of minutes so,normal_play,0.0
1542,1546,so theyre hopeful that hes going to stay out,normal_play,0.0
1544,1548,so theyre hopeful that hes going to stay out there at the moment but were going to have to,normal_play,0.0
1546,1550,out there at the moment but were going to have to wait and see because there hasnt been a,normal_play,0.0
1548,1552,to wait and see because there hasnt been a lot of movement for a while,normal_play,0.0
1550,1554,lot of movement for a while what im seeing is actually,normal_play,0.0
1552,1556,what im seeing is actually more movement from argentina,normal_play,0.0
1554,1558,more movement from argentina than japans get a shot there,normal_play,0.0
1556,1560,argentina than japans get a shot there a brilliant technical clear out low,normal_play,0.0
1558,1562,there a brilliant technical clear out low save im hoping weve,normal_play,0.0
1560,1564,low save im hoping weve got a balance at the moment,normal_play,0.0
1562,1566,got a balance at the moment thats where nabishkakni,normal_play,0.0
1564,1568,thats where nabishkakni got it a little bit wrong he,normal_play,0.0
1566,1570,nabishkakni got it a little bit wrong he did sink thats what i see perhaps the referee,normal_play,0.0
1568,1572,he did sink thats what i see perhaps the referee saying could have sunk a little bit more to,normal_play,0.0
1570,1574,referee saying could have sunk a little bit more to get his head away from,normal_play,0.0
1572,1576,to get his head away from the ball runners head,normal_play,0.0
1574,1578,from the ball runners head,normal_play,0.0
1578,1582,take,normal_play,0.0
1580,1584,take a picture,normal_play,0.0
1582,1586,take a picture take a picture of him,normal_play,0.0
1584,1588,take a picture of him,normal_play,0.0
1614,1618,its party time in france,normal_play,0.0
1616,1620,its party time in france what an occasion to,normal_play,0.0
1618,1622,france what an occasion to be here,normal_play,0.0
1620,1624,to be here,normal_play,0.0
1652,1656,pablo matera just,normal_play,0.0
1654,1658,pablo matera just getting some strapping on his,normal_play,0.0
1656,1660,just getting some strapping on his upper left leg so it looks like,normal_play,0.0
1658,1662,his upper left leg so it looks like he is going to continue none of the,normal_play,0.0
1660,1664,like he is going to continue none of the bench players are warming up,normal_play,0.0
1662,1666,the bench players are warming up good news for argentina theyre going to,normal_play,0.0
1664,1668,good news for argentina theyre going to keep their big forward out there we can,normal_play,0.0
1666,1670,to keep their big forward out there we can take a look at the first try from chakrabara what a,normal_play,0.0
1668,1672,can take a look at the first try from chakrabara what a brilliant strike early on in this game,normal_play,0.0
1670,1674,a brilliant strike early on in this game time on,normal_play,0.0
1672,1676,game time on and then this shot called the,normal_play,0.0
1674,1678,and then this shot called the score to even things up from amato,normal_play,0.0
1676,1680,the score to even things up from amato pachitava,normal_play,0.0
1678,1682,amato pachitava,normal_play,0.0
1680,1684,that will be replayed,normal_play,0.0
1682,1686,that will be replayed a good few times,normal_play,0.0
1684,1688,replayed a good few times so yellow card for,normal_play,0.0
1686,1690,so yellow card for pidela biscachni for japan,normal_play,0.0
1688,1692,for pidela biscachni for japan gives the penalty to argentina theyre about,normal_play,0.0
1690,1694,gives the penalty to argentina theyre about to fall to the shot,normal_play,0.0
1692,1696,about to fall to the shot bad goal,normal_play,0.0
1694,1698,bad goal its emiliano poffelli whats the time on the,normal_play,0.0
1696,1700,its emiliano poffelli whats the time on the clock just under,normal_play,0.0
1698,1702,the clock just under 50 out scored 16 points,normal_play,0.0
1700,1704,under 50 out scored 16 points in that 19 10 win over samoa,normal_play,0.0
1702,1706,points in that 19 10 win over samoa earlier in this,normal_play,0.0
1704,1708,samoa earlier in this rugby world cup,normal_play,0.0
1706,1710,this rugby world cup if you spend time in rasen,normal_play,0.0
1708,1712,if you spend time in rasen 92,normal_play,0.0
1710,1714,92,normal_play,0.0
1720,1724,poffelli,goal_kick,0.8688
1722,1726,poffelli a vital,goal_kick,0.8688
1724,1728,poffelli a vital three points on the,goal_kick,0.7103
1726,1730,vital three points on the line,goal_kick,0.7103
1728,1732,the line,goal_kick,0.7103
1730,1734,hes pushed it to,goal_kick,0.7103
1732,1736,hes pushed it to the right hand side we locked still at seven apiece,goal_kick,0.8688
1734,1738,to the right hand side we locked still at seven apiece i need him to control,goal_kick,0.8688
1736,1740,apiece i need him to control the shot clock if i need the shot clock stopped they need,goal_kick,0.8688
1738,1742,control the shot clock if i need the shot clock stopped they need to stop it watching on can you,goal_kick,0.8688
1740,1744,need to stop it watching on can you guys see the misses for the timekeeper,goal_kick,0.8688
1742,1746,you guys see the misses for the timekeeper a rare sight emilio poffelli,goal_kick,0.8688
1744,1748,a rare sight emilio poffelli missing a kick hes,normal_play,0.0
1746,1750,poffelli missing a kick hes got great range on his kicks as well,normal_play,0.0
1748,1752,hes got great range on his kicks as well,normal_play,0.0
1750,1754,well this doesnt look good for matera now,normal_play,0.0
1752,1756,this doesnt look good for matera now we see him hes been,normal_play,0.0
1754,1758,we see him hes been trying to walk for a couple of minutes now hes,normal_play,0.0
1756,1760,been trying to walk for a couple of minutes now hes taken the strapping off he just cant,normal_play,0.0
1758,1762,hes taken the strapping off he just cant run it looks like it might be a hamstring,normal_play,0.0
1760,1764,cant run it looks like it might be a hamstring for matera and a pretty bad,normal_play,0.0
1762,1766,hamstring for matera and a pretty bad run at that so despite their,normal_play,0.0
1764,1768,bad run at that so despite their best efforts to get him right to continue,normal_play,0.0
1766,1770,their best efforts to get him right to continue on in this game hes going to be,normal_play,0.0
1768,1772,continue on in this game hes going to be coming off,normal_play,0.0
1770,1774,be coming off heres your placement on the field,normal_play,0.0
1772,1776,heres your placement on the field and we have an outcome on the foul play review when,normal_play,0.0
1774,1778,and we have an outcome on the foul play review when youre ready,normal_play,0.0
1776,1780,when youre ready it will remain a yellow,normal_play,0.0
1778,1782,it will remain a yellow card there is a high degree of danger,normal_play,0.0
1780,1784,yellow card there is a high degree of danger however there is a late step which,normal_play,0.0
1782,1786,danger however there is a late step which mitigates it as well as simultaneous,normal_play,0.0
1784,1788,which mitigates it as well as simultaneous contact to the chest and,normal_play,0.0
1786,1790,simultaneous contact to the chest and shoulder ok kazuki times,normal_play,0.0
1788,1792,and shoulder ok kazuki times still off we have,normal_play,0.0
1790,1794,times still off we have an outcome on the,normal_play,0.0
1792,1796,have an outcome on the yellow card it will remain a yellow card,normal_play,0.0
1794,1798,the yellow card it will remain a yellow card we do have contact that is,normal_play,0.0
1796,1800,we do have contact that is chest that goes to the head and theres,normal_play,0.0
1798,1802,is chest that goes to the head and theres a late step so we have mitigation as well its staying,normal_play,0.0
1800,1804,a late step so we have mitigation as well its staying yellow so theyll come back after 10 minutes,normal_play,0.0
1802,1806,staying yellow so theyll come back after 10 minutes ok thank you,normal_play,0.0
1804,1808,ok thank you it stays a yellow card so confirmation there,normal_play,0.0
1806,1810,it stays a yellow card so confirmation there for pela biscotti were back on the field,normal_play,0.0
1808,1812,there for pela biscotti were back on the field hell serve his 10 minutes in the simbun,normal_play,0.0
1810,1814,field hell serve his 10 minutes in the simbun,normal_play,0.0
1812,1816,simbun jupane,kick_off,0.5159
1814,1818,jupane to lasto with 14 plays until,kick_off,0.5159
1816,1820,jupane to lasto with 14 plays until then,kick_off,0.5159
1818,1822,until then monon lameki puts it downfield,kick_off,0.5159
1820,1824,monon lameki puts it downfield as juan martin gonz lez,normal_play,0.0
1822,1826,as juan martin gonz lez goes over the halfway line,normal_play,0.0
1824,1828,gonz lez goes over the halfway line bertrino,normal_play,0.0
1826,1830,line bertrino to his captain,normal_play,0.0
1828,1832,bertrino to his captain montoja,normal_play,0.4032
1830,1834,montoja,normal_play,0.4032
1834,1838,good quick hands here from argentina,normal_play,0.4032
1836,1840,good quick hands here from argentina and the shoulder comes in as well,normal_play,0.4032
1838,1842,argentina and the shoulder comes in as well there from siro saeif,normal_play,0.4032
1840,1844,there from siro saeif afita lamano with,normal_play,0.3902
1842,1846,saeif afita lamano with his first touch in this game the 31 year old,normal_play,0.3902
1844,1848,his first touch in this game the 31 year old 91 caps for his country,normal_play,0.3902
1846,1850,91 caps for his country montoja again to the line,normal_play,0.3902
1848,1852,montoja again to the line,normal_play,0.0
1850,1854,line,normal_play,0.0
1852,1856,jupane try to pinch this one stays,normal_play,0.3806
1854,1858,jupane try to pinch this one stays with los fumos,normal_play,0.3806
1856,1860,stays with los fumos,normal_play,0.3806
1858,1862,thats,normal_play,0.3806
1860,1864,thats labanini good step,normal_play,0.4032
1862,1866,thats labanini good step almost a half break there from santiago,normal_play,0.4032
1864,1868,almost a half break there from santiago carreras jupane very,normal_play,0.4032
1866,1870,santiago carreras jupane very good at keeping the defensive line,normal_play,0.4032
1868,1872,very good at keeping the defensive line so far just that slip up,normal_play,0.4032
1870,1874,line so far just that slip up a minute one to let through santiago,normal_play,0.4032
1872,1876,up a minute one to let through santiago chikabares cant use it,normal_play,0.0
1874,1878,santiago chikabares cant use it bertrino plays,normal_play,0.0
1876,1880,it bertrino plays his rugby in wales with the dragons,normal_play,0.0
1878,1882,plays his rugby in wales with the dragons puts it,normal_play,0.0
1880,1884,puts it high but not very far,normal_play,0.4032
1882,1886,it high but not very far its played hard,normal_play,0.4032
1884,1888,its played hard japan counts on this one good ball,normal_play,0.4032
1886,1890,japan counts on this one good ball advantage to the offside,normal_play,0.4032
1888,1892,ball advantage to the offside matsuda,normal_play,0.4032
1890,1894,matsuda no advantage coming from,normal_play,0.4032
1892,1896,no advantage coming from referee ben o keefe,normal_play,0.4032
1894,1898,from referee ben o keefe local player in front of the box kick,normal_play,0.4032
1896,1900,local player in front of the box kick inside the 10 metre all advancing,penalty,0.6128
1898,1902,kick inside the 10 metre all advancing,penalty,0.6128
1900,1904,advancing offside inside the 10 metre,normal_play,0.0
1902,1906,offside inside the 10 metre so because,normal_play,0.0
1904,1908,metre so because bertrinos box kick didnt take many metres,normal_play,0.0
1906,1910,because bertrinos box kick didnt take many metres upfield,normal_play,0.0
1908,1912,metres upfield all his players are offside because theyre,normal_play,0.15
1910,1914,all his players are offside because theyre within the 10 theyre the,normal_play,0.15
1912,1916,theyre within the 10 theyre the ball and youve got to retreat out of that space before,normal_play,0.15
1914,1918,the ball and youve got to retreat out of that space before you can play,normal_play,0.15
1916,1920,before you can play,normal_play,0.0
1918,1922,a victory for the japanese,normal_play,0.0
1920,1924,a victory for the japanese defence i think,normal_play,0.0
1922,1926,japanese defence i think,normal_play,0.0
1924,1928,think,normal_play,0.0
1926,1930,think,normal_play,0.0
1928,1932,its the,normal_play,0.3982
1930,1934,its the man nugin shot heads up,normal_play,0.3982
1932,1936,man nugin shot heads up the argentine rugby federation,normal_play,0.3982
1934,1938,up the argentine rugby federation its the gabrielle traverlini,normal_play,0.3982
1936,1940,federation its the gabrielle traverlini,normal_play,0.0
1938,1942,traverlini as you,normal_play,0.0
1940,1944,as you can see there theres a few argentinian players,normal_play,0.0
1942,1946,you can see there theres a few argentinian players trying to get out of the space,normal_play,0.0
1944,1948,trying to get out of the space,normal_play,0.0
1946,1950,in the middle take a step how much punches,normal_play,0.0
1948,1952,in the middle take a step how much punches fafita added to proceedings today,normal_play,0.0
1950,1954,punches fafita added to proceedings today hes putting himself about,normal_play,0.0
1952,1956,today hes putting himself about,normal_play,0.0
1954,1958,about,normal_play,0.0
1956,1960,japan approach the line up short to,lineout,0.4726
1958,1962,japan approach the line up short to horii the person at,lineout,0.4726
1960,1964,to horii the person at the top his fans in full,lineout,0.4726
1962,1966,at the top his fans in full noise here and not good,lineout,0.4726
1964,1968,full noise here and not good set piece fafita,normal_play,0.0
1966,1970,good set piece fafita to the line big powerful winger,normal_play,0.0
1968,1972,fafita to the line big powerful winger well into the 22,normal_play,0.0
1970,1974,winger well into the 22,normal_play,0.0
1972,1976,22 saito,normal_play,0.4032
1974,1978,saito quick hands from matsuda,normal_play,0.4032
1976,1980,saito quick hands from matsuda taku,normal_play,0.4032
1978,1982,matsuda taku,normal_play,0.4032
1980,1984,and japan get more points here,normal_play,0.4032
1982,1986,and japan get more points here and take the lead,normal_play,0.4032
1984,1988,here and take the lead,normal_play,0.3561
1986,1990,lead,normal_play,0.3561
1990,1994,takatawa who scored that,normal_play,0.0
1992,1996,takatawa who scored that brilliant individual try,normal_play,0.0
1994,1998,that brilliant individual try himano rocked with,normal_play,0.0
1996,2000,himano rocked with good solid contact matsuda,normal_play,0.4032
1998,2002,with good solid contact matsuda hangs deep,normal_play,0.4032
2000,2004,matsuda hangs deep lines up a three,normal_play,0.4032
2002,2006,lines up a three its charged out,normal_play,0.4032
2004,2008,three its charged out great skill there from argentina to recognise,try,1.0
2006,2010,great skill there from argentina to recognise that ok japan out,try,1.0
2008,2012,recognise that ok japan out team made this its been put up now by kuchida matsushima,normal_play,0.4032
2010,2014,out team made this its been put up now by kuchida matsushima the 30 year old beautiful,normal_play,0.4032
2012,2016,the 30 year old beautiful take malia has it,normal_play,0.4032
2014,2018,beautiful take malia has it stunning hands,normal_play,0.4032
2016,2020,it stunning hands here comes bertran on out for,try,1.0
2018,2022,here comes bertran on out for argentina licking,try,1.0
2020,2024,for argentina licking up,try,1.0
2022,2026,licking up that is,try,1.0
2024,2028,that is outstanding,try,1.0
2026,2030,is outstanding mateo carreras with,try,1.0
2028,2032,mateo carreras with a supreme counter,try,1.0
2030,2034,with a supreme counter attack,try,1.0
2032,2036,counter attack,normal_play,0.0
2042,2046,argentina,normal_play,0.0
2044,2048,argentina take full advantage,normal_play,0.0
2046,2050,argentina take full advantage,normal_play,0.0
2050,2054,it starts off with this and of course its,normal_play,0.0
2052,2056,it starts off with this and of course its kramer charging it down with his face,normal_play,0.0
2054,2058,its kramer charging it down with his face,normal_play,0.0
2056,2060,face thats where it started i thought matsushima,normal_play,0.0
2058,2062,thats where it started i thought matsushima had done a great job of putting,normal_play,0.0
2060,2064,matsushima had done a great job of putting this up in the sky,normal_play,0.0
2062,2066,this up in the sky but its argentina that come away with it,normal_play,0.0
2064,2068,but its argentina that come away with it through their backs,normal_play,0.0
2066,2070,it through their backs bertranu what a,normal_play,0.0
2068,2072,backs bertranu what a run from him and he finds,normal_play,0.0
2070,2074,a run from him and he finds the wheels importantly carreras was,normal_play,0.0
2072,2076,the wheels importantly carreras was hitting it at pace,normal_play,0.0
2074,2078,was hitting it at pace the man who blazes roughly in,normal_play,0.0
2076,2080,the man who blazes roughly in newcastle he had to learn to shovel,normal_play,0.0
2078,2082,in newcastle he had to learn to shovel snow off the pitches there but,normal_play,0.0
2080,2084,shovel snow off the pitches there but make no mistake he is hot,normal_play,0.0
2082,2086,make no mistake he is hot guys keep those comms up comms are really,normal_play,0.0
2084,2088,guys keep those comms up comms are really good nice and clear,normal_play,0.0
2086,2090,good nice and clear the,normal_play,0.0
2088,2092,the connectivity from this,normal_play,0.0
2090,2094,the connectivity from this argentine side forwards and,normal_play,0.0
2092,2096,this argentine side forwards and backs combining for that stunning try,normal_play,0.0
2094,2098,and backs combining for that stunning try theyre up 12 7,normal_play,0.0
2096,2100,theyre up 12 7,goal_kick,0.8688
2098,2102,nearly 30 minutes played,goal_kick,0.8688
2100,2104,nearly 30 minutes played in this final poole d fixture,goal_kick,0.8688
2102,2106,in this final poole d fixture,goal_kick,0.8688
2110,2114,bofele,normal_play,0.0
2112,2116,bofele not on song with,normal_play,0.0
2114,2118,bofele not on song with the boots back los,normal_play,0.0
2116,2120,with the boots back los pumas lead by five,normal_play,0.0
2118,2122,los pumas lead by five,normal_play,0.0
2120,2124,just,normal_play,0.0
2122,2126,just the pace with which he hits that ball,normal_play,0.0
2124,2128,just the pace with which he hits that ball thats the key,normal_play,0.0
2126,2130,thats the key escape the final tackle attempt,normal_play,0.0
2128,2132,escape the final tackle attempt from lemeke,normal_play,0.0
2130,2134,attempt from lemeke,normal_play,0.0
2132,2136,los pumas leading try scorer this,normal_play,0.0
2134,2138,los pumas leading try scorer this year,normal_play,0.0
2136,2140,this year debut in 2021 played with the tucumont,normal_play,0.0
2138,2142,debut in 2021 played with the tucumont side when he was younger,normal_play,0.0
2140,2144,tucumont side when he was younger doing brilliant,normal_play,0.0
2142,2146,doing brilliant things on this big stage,normal_play,0.0
2144,2148,brilliant things on this big stage goal,normal_play,0.0
2146,2150,stage goal,normal_play,0.0
2148,2152,goal goal,normal_play,0.0
2150,2154,goal,normal_play,0.0
2152,2156,goal goal,kick_off,0.4064
2154,2158,goal japan who were so close,kick_off,0.4064
2156,2160,japan who were so close moments earlier,kick_off,0.4064
2158,2162,close moments earlier conceding the second score left behind bofele,kick_off,0.4064
2160,2164,conceding the second score left behind bofele able to scoop it up for,normal_play,0.0
2162,2166,bofele able to scoop it up for argentina on hand after,normal_play,0.0
2164,2168,for argentina on hand after guido petty the man who places roughly in bordeaux,normal_play,0.4032
2166,2170,guido petty the man who places roughly in bordeaux pulled it away here comes kramer,normal_play,0.4032
2168,2172,bordeaux pulled it away here comes kramer over the advantage line,normal_play,0.4032
2170,2174,kramer over the advantage line use,normal_play,0.4032
2172,2176,use it,normal_play,0.0
2174,2178,use it,normal_play,0.0
2176,2180,gonzalo betrano,normal_play,0.0
2178,2182,gonzalo betrano from the aguares player,normal_play,0.0
2180,2184,betrano from the aguares player finds,normal_play,0.4032
2182,2186,player finds matsushima quick early ball,normal_play,0.4032
2184,2188,finds matsushima quick early ball lemeke shifts,normal_play,0.4032
2186,2190,ball lemeke shifts it across field thats good passing,normal_play,0.4032
2188,2192,shifts it across field thats good passing and good work for japan,normal_play,0.4032
2190,2194,and good work for japan they look to unlock michael leach on that far side,normal_play,0.4032
2192,2196,they look to unlock michael leach on that far side the forward,normal_play,0.4032
2194,2198,side the forward lurking on the wing,normal_play,0.4032
2196,2200,forward lurking on the wing loose pass dynas knocked on,normal_play,0.4032
2198,2202,loose pass dynas knocked on just a knock on advantage for japan coming,normal_play,0.4032
2200,2204,just a knock on advantage for japan coming their way,normal_play,0.4032
2202,2206,coming their way use it,normal_play,0.4032
2204,2208,use it gonzalo flicks,normal_play,0.0
2206,2210,it gonzalo flicks it up shota horitake,normal_play,0.0
2208,2212,flicks it up shota horitake gets a fan and throws it off good pass,normal_play,0.0
2210,2214,gets a fan and throws it off good pass play to the whistle guys play,normal_play,0.0
2212,2216,pass play to the whistle guys play to the whistle no advantage,normal_play,0.0
2214,2218,play to the whistle no advantage to the knock on,normal_play,0.0
2216,2220,advantage to the knock on,normal_play,0.0
2218,2222,always under pressure,normal_play,0.0
2220,2224,always under pressure love the advice of beto kipi,normal_play,0.0
2222,2226,love the advice of beto kipi here that all the way up from under fives play to,normal_play,0.0
2224,2228,kipi here that all the way up from under fives play to the whistle thats,normal_play,0.0
2226,2230,to the whistle thats this,normal_play,0.0
2228,2232,this is the counter riley fizzes one,normal_play,0.0
2230,2234,this is the counter riley fizzes one the missed,normal_play,0.0
2232,2236,one the missed ball to the edge once again leach,normal_play,0.0
2234,2238,missed ball to the edge once again leach out there well covered up by chocobaraz,normal_play,0.0
2236,2240,leach out there well covered up by chocobaraz,normal_play,0.0
2238,2242,chocobaraz and then it just broke down a little bit,normal_play,0.0
2240,2244,and then it just broke down a little bit,normal_play,0.0
2242,2246,bit,normal_play,0.0
2244,2248,toms off,normal_play,0.0
2246,2250,toms off to the shift tom will,normal_play,0.0
2248,2252,off to the shift tom will go back home on rene,normal_play,0.0
2250,2254,go back home on rene,normal_play,0.0
2254,2258,tom on,normal_play,0.0
2256,2260,tom on,normal_play,0.0
2264,2268,theres john mitchell were going to try to,scrum,0.4877
2266,2270,theres john mitchell were going to try to chat to him before the game,scrum,0.4877
2268,2272,to chat to him before the game boys yeah,scrum,0.4877
2270,2274,boys yeah he had a knowing look in his eye about a play,scrum,0.4877
2272,2276,he had a knowing look in his eye about a play they have today a lot of it was about,scrum,0.4877
2274,2278,play they have today a lot of it was about how they could break this argentinian defense,scrum,0.4877
2276,2280,about how they could break this argentinian defense up theyre doing okay so far,scrum,0.4877
2278,2282,defense up theyre doing okay so far matsushima fakes the,scrum,0.4877
2280,2284,far matsushima fakes the kick,normal_play,0.0
2282,2286,the kick yep and then its been pinched,normal_play,0.0
2284,2288,yep and then its been pinched by argentina lovonini,normal_play,0.0
2286,2290,pinched by argentina lovonini throws a dummy the,normal_play,0.0
2288,2292,throws a dummy the big lock forward takes it towards the halfway line,normal_play,0.4032
2290,2294,the big lock forward takes it towards the halfway line okay justin here stopped,normal_play,0.4032
2292,2296,okay justin here stopped three carreras spots some space,normal_play,0.4032
2294,2298,stopped three carreras spots some space skips with a one bounce into,normal_play,0.4032
2296,2300,space skips with a one bounce into touch are we outside the 22,normal_play,0.0
2298,2302,into touch are we outside the 22 okay,normal_play,0.0
2300,2304,22 okay just watching,normal_play,0.0
2302,2306,just watching slightly off the outside of,normal_play,0.0
2304,2308,slightly off the outside of his boot carreras,normal_play,0.0
2306,2310,his boot carreras not criticizing its,normal_play,0.0
2308,2312,not criticizing its a lovely nudge but it meant it skidded out just,normal_play,0.0
2310,2314,its a lovely nudge but it meant it skidded out just shy of the 22 so theyre not going to get the throw in,normal_play,0.0
2312,2316,just shy of the 22 so theyre not going to get the throw in not there matsushima,normal_play,0.0
2314,2318,in not there matsushima is so close to line breaking every time he gets,normal_play,0.0
2316,2320,matsushima is so close to line breaking every time he gets the ball argentina,normal_play,0.0
2318,2322,gets the ball argentina two,normal_play,0.0
2320,2324,two outside outside,normal_play,0.0
2322,2326,outside outside yeah matsushima was japans top try,normal_play,0.0
2324,2328,yeah matsushima was japans top try scorer at the rugby world cup in 2019,normal_play,0.0
2326,2330,try scorer at the rugby world cup in 2019 and they made the quarterfinals,normal_play,0.0
2328,2332,and they made the quarterfinals for the very first time,lineout,0.4702
2330,2334,quarterfinals for the very first time,lineout,0.4702
2332,2336,time,lineout,0.4702
2334,2338,time pitched at line out tight,lineout,0.4702
2336,2340,pitched at line out tight picked,normal_play,0.0
2338,2342,tight picked up from francisco gomez codela,normal_play,0.0
2340,2344,picked up from francisco gomez codela,normal_play,0.0
2342,2346,codela montozha for,normal_play,0.0
2344,2348,montozha for argentina could be,normal_play,0.2329
2346,2350,for argentina could be a costly error for the japanese side,normal_play,0.2329
2348,2352,be a costly error for the japanese side giving away possession just outside their 22,normal_play,0.2329
2350,2354,giving away possession just outside their 22 tomas labanini again,normal_play,0.2329
2352,2356,22 tomas labanini again debut back in 2013 hes,normal_play,0.4032
2354,2358,again debut back in 2013 hes 84th appearance,normal_play,0.4032
2356,2360,84th appearance one of their go to forwards,normal_play,0.4032
2358,2362,one of their go to forwards and as their captain picks and drives forward is,normal_play,0.4032
2360,2364,and as their captain picks and drives forward is julian montozha,normal_play,0.0
2362,2366,is julian montozha alabano,normal_play,0.0
2364,2368,alabano got him offside is there with him never got back,normal_play,0.4032
2366,2370,alabano got him offside is there with him never got back labanini,normal_play,0.4032
2368,2372,back labanini again penalty,normal_play,0.4032
2370,2374,labanini again penalty advantage for argentina,normal_play,0.4032
2372,2376,penalty advantage for argentina and decision,penalty,0.6128
2374,2378,and decision time its a knock on its a knock on,penalty,0.6128
2376,2380,decision time its a knock on its a knock on,penalty,0.6128
2378,2382,looks a little bit in,penalty,0.6128
2380,2384,looks a little bit in front this one,normal_play,0.0
2382,2386,in front this one okay give him,normal_play,0.0
2384,2388,okay give him this one here shatari was,normal_play,0.0
2386,2390,him this one here shatari was retreating offside pillar two,normal_play,0.0
2388,2392,was retreating offside pillar two in a row we had two first and there was,normal_play,0.0
2390,2394,two in a row we had two first and there was one on this side as well,normal_play,0.0
2392,2396,one on this side as well just here this is,normal_play,0.0
2394,2398,just here this is the one here the two was over there,normal_play,0.0
2396,2400,is the one here the two was over there ive assumed you wanted that,normal_play,0.0
2398,2402,ive assumed you wanted that shot called number,normal_play,0.0
2400,2404,shot called number two number one offside pillar,normal_play,0.0
2402,2406,number two number one offside pillar well a penalty in a favorable,normal_play,0.0
2404,2408,well a penalty in a favorable position for befeli,normal_play,0.0
2406,2410,favorable position for befeli this one might set them into his groove,normal_play,0.0
2408,2412,this one might set them into his groove a little bit no ripple,normal_play,0.0
2410,2414,groove a little bit no ripple must have been,normal_play,0.0
2412,2416,ripple must have been,normal_play,0.0
2414,2418,so i dont think theres any problem there,normal_play,0.0
2416,2420,so i dont think theres any problem there but its after this,normal_play,0.0
2418,2422,there but its after this carry hori trying to get back in,normal_play,0.0
2420,2424,this carry hori trying to get back in line up problem for japan,normal_play,0.0
2422,2426,in line up problem for japan its a really great battle coming,normal_play,0.0
2424,2428,its a really great battle coming into it cornelson actually stolen,goal_kick,0.8688
2426,2430,coming into it cornelson actually stolen more ball than anyone at line,goal_kick,0.8688
2428,2432,stolen more ball than anyone at line up time not,goal_kick,0.8688
2430,2434,line up time not winning his own one there,goal_kick,0.8688
2432,2436,not winning his own one there the result,goal_kick,0.8688
2434,2438,the result,goal_kick,0.8688
2436,2440,is that argentina,goal_kick,0.8688
2438,2442,is that argentina keep the scoreboard ticking,goal_kick,0.8688
2440,2444,keep the scoreboard ticking theyre up 15 7 an accessible,normal_play,0.0
2442,2446,theyre up 15 7 an accessible penalty from emiliano,normal_play,0.0
2444,2448,accessible penalty from emiliano befeli that yellow card proving,normal_play,0.0
2446,2450,befeli that yellow card proving costly against lamaskathne and,normal_play,0.0
2448,2452,proving costly against lamaskathne and japan and japan are,normal_play,0.0
2450,2454,and japan and japan are back to their full complement of 15 players,normal_play,0.0
2452,2456,are back to their full complement of 15 players like ascabney back on the field but they,normal_play,0.0
2454,2458,players like ascabney back on the field but they did concede a try and a penalty,normal_play,0.0
2456,2460,they did concede a try and a penalty in that 10 minute,normal_play,0.0
2458,2462,penalty in that 10 minute half,normal_play,0.0
2460,2464,half nup playing against this argentinian,normal_play,0.0
2462,2466,half nup playing against this argentinian outfit 15 players let alone one,normal_play,0.0
2464,2468,argentinian outfit 15 players let alone one down theyve weathered it,normal_play,0.0
2466,2470,one down theyve weathered it now theyre just going to rebuild before,normal_play,0.0
2468,2472,it now theyre just going to rebuild before the half five minutes,normal_play,0.0
2470,2474,before the half five minutes theyll want some points out of this,normal_play,0.0
2472,2476,theyll want some points out of this,kick_off,0.5159
2474,2478,this,kick_off,0.5159
2478,2482,lameki puts it,normal_play,0.0
2480,2484,lameki puts it high into that not son,normal_play,0.0
2482,2486,it high into that not son taken well though from guido peti,normal_play,0.0
2484,2488,taken well though from guido peti isco club is where,normal_play,0.0
2486,2490,peti isco club is where he loses right now east third rugby world cup,normal_play,0.0
2488,2492,where he loses right now east third rugby world cup down by blue,normal_play,0.3032
2490,2494,cup down by blue gertrino,normal_play,0.3032
2492,2496,gertrino slow ball catches the eyes,normal_play,0.3032
2494,2498,gertrino slow ball catches the eyes matias alamano,normal_play,0.3032
2496,2500,eyes matias alamano former,normal_play,0.0
2498,2502,former argentine under 19 and under 20,normal_play,0.0
2500,2504,former argentine under 19 and under 20 player as well take a step two,normal_play,0.2979
2502,2506,20 player as well take a step two four minutes to go to,normal_play,0.2979
2504,2508,four minutes to go to close out this first half final,normal_play,0.2979
2506,2510,to close out this first half final pooley match here in nantes,normal_play,0.2979
2508,2512,final pooley match here in nantes matsushima,normal_play,0.4032
2510,2514,nantes matsushima catches,normal_play,0.4032
2512,2516,catches lameki,normal_play,0.4032
2514,2518,lameki steps off his right foot,normal_play,0.4032
2516,2520,steps off his right foot,normal_play,0.4032
2518,2522,stop in,normal_play,0.4032
2520,2524,stop in front high kick from,normal_play,0.0
2522,2526,in front high kick from matsuda leach is looking out wide there,normal_play,0.0
2524,2528,from matsuda leach is looking out wide there as well sits down beautifully its still there,normal_play,0.0
2526,2530,there as well sits down beautifully its still there big contest,normal_play,0.0
2528,2532,there big contest,normal_play,0.0
2530,2534,contest balls right there good contest,normal_play,0.0
2532,2536,balls right there good contest knock on,normal_play,0.0
2534,2538,knock on,normal_play,0.0
2536,2540,van cruis and,normal_play,0.0
2538,2542,van cruis and malia going up against michael,normal_play,0.0
2540,2544,malia going up against michael leach in the contest,normal_play,0.0
2542,2546,michael leach in the contest here its gone high up into the nantes sky,normal_play,0.0
2544,2548,contest here its gone high up into the nantes sky,normal_play,0.0
2546,2550,sky,normal_play,0.0
2548,2552,malia does get,normal_play,0.0
2550,2554,malia does get high up hes claiming that,normal_play,0.0
2552,2556,get high up hes claiming that leach didnt jump,normal_play,0.0
2554,2558,that leach didnt jump so it wasnt the cut he wasnt contesting,normal_play,0.0
2556,2560,so it wasnt the cut he wasnt contesting for the ball sit please keep moving,normal_play,0.0
2558,2562,contesting for the ball sit please keep moving i think its a fair call from,normal_play,0.0
2560,2564,moving i think its a fair call from the ref and it results in a scrum,normal_play,0.0
2562,2566,from the ref and it results in a scrum tough day for matera,normal_play,0.0
2564,2568,tough day for matera will they miss him,normal_play,0.0
2566,2570,matera will they miss him such an influential player,normal_play,0.0
2568,2572,such an influential player a nuisance at the breakdown in defence,normal_play,0.0
2570,2574,a nuisance at the breakdown in defence a real warrior like,normal_play,0.0
2572,2576,defence a real warrior like player for them come on,normal_play,0.0
2574,2578,like player for them come on go,normal_play,0.0
2576,2580,go katara matsushima has,scrum,0.4877
2578,2582,go katara matsushima has been in the thick of it,scrum,0.4877
2580,2584,been in the thick of it two seasons here in france with semon,scrum,0.2666
2582,2586,two seasons here in france with semon,scrum,0.2666
2586,2590,another scuffle back on the field here yenagaki,scrum,0.4877
2588,2592,another scuffle back on the field here yenagaki hory and gu the front row,scrum,0.4877
2590,2594,yenagaki hory and gu the front row here comes matsushima now he links,scrum,0.4877
2592,2596,here comes matsushima now he links the olympian lamano,normal_play,0.0
2594,2598,links the olympian lamano lemeke chops down over,normal_play,0.0
2596,2600,lamano lemeke chops down over the halfway line there for,normal_play,0.4032
2598,2602,the halfway line there for naoto saito the halfback,normal_play,0.4032
2600,2604,for naoto saito the halfback a little dummy thrown as they,normal_play,0.4032
2602,2606,halfback a little dummy thrown as they keep it tight,normal_play,0.4032
2604,2608,they keep it tight hory,normal_play,0.4032
2606,2610,tight hory such a popular figure in japanese rugby,normal_play,0.4032
2608,2612,such a popular figure in japanese rugby here goes ofield,normal_play,0.4032
2610,2614,rugby here goes ofield spin tide playing in new zealand with otago and,normal_play,0.4032
2612,2616,spin tide playing in new zealand with otago and with the rebels in australia,normal_play,0.4032
2614,2618,and with the rebels in australia red goes to ground no,normal_play,0.4032
2616,2620,red goes to ground no im down,try,1.0
2618,2622,no im down matsuda,try,1.0
2620,2624,matsuda linking up nakamura gets it away riley,try,1.0
2622,2626,linking up nakamura gets it away riley with a beautiful pass tafita throws a,try,1.0
2624,2628,riley with a beautiful pass tafita throws a dummy genius,try,1.0
2626,2630,a dummy genius the back inside support is there,try,1.0
2628,2632,the back inside support is there its fabulous from,try,1.0
2630,2634,there its fabulous from the bright blossoms,try,1.0
2632,2636,from the bright blossoms japan have their second,try,1.0
2634,2638,japan have their second naoto saito does the damage,try,1.0
2636,2640,naoto saito does the damage,try,1.0
2638,2642,damage,try,1.0
2650,2654,they love it the fans the,normal_play,0.0
2652,2656,they love it the fans the players,normal_play,0.0
2654,2658,the players it didnt look like there was much to it but its a,normal_play,0.0
2656,2660,it didnt look like there was much to it but its a great little out the back door from riley,normal_play,0.0
2658,2662,a great little out the back door from riley tafita has been everywhere,normal_play,0.0
2660,2664,tafita has been everywhere and hes the provider on this,normal_play,0.0
2662,2666,everywhere and hes the provider on this occasion,normal_play,0.0
2664,2668,this occasion throws the dummy pfeffeli,normal_play,0.0
2666,2670,throws the dummy pfeffeli over read it in defence,normal_play,0.0
2668,2672,pfeffeli over read it in defence ball in two,normal_play,0.0
2670,2674,ball in two hands from tafita creating the deception,normal_play,0.0
2672,2676,two hands from tafita creating the deception he finds the inside man,normal_play,0.0
2674,2678,deception he finds the inside man the classic nine support line,normal_play,0.0
2676,2680,man the classic nine support line,normal_play,0.0
2680,2684,genius,normal_play,0.0
2682,2686,genius from the 26 year old,normal_play,0.0
2684,2688,genius from the 26 year old probably just front of the line we need to clean up naoto,normal_play,0.0
2686,2690,probably just front of the line we need to clean up naoto saito the back outside,normal_play,0.0
2688,2692,naoto saito the back outside fourth try for his country such a vital,goal_kick,0.8688
2690,2694,fourth try for his country such a vital one with his kick to,goal_kick,0.8688
2692,2696,one with his kick to come they want points before,goal_kick,0.8688
2694,2698,to come they want points before the break and they got five,goal_kick,0.8688
2696,2700,before the break and they got five potentially with the extras to,goal_kick,0.8688
2698,2702,five potentially with the extras to add as well,goal_kick,0.8688
2700,2704,to add as well,goal_kick,0.8688
2706,2710,rikia matsuda,goal_kick,0.5802
2708,2712,rikia matsuda,goal_kick,0.5802
2710,2714,bangs it over,goal_kick,0.5802
2712,2716,bangs it over its a one point game,goal_kick,0.8688
2714,2718,its a one point game and argentina,goal_kick,0.8688
2716,2720,and argentina lead 15 14,goal_kick,0.8688
2718,2722,argentina lead 15 14 after a second score,goal_kick,0.8688
2720,2724,after a second score naoto saito making the,normal_play,0.0
2722,2726,naoto saito making the most of his opportunity in the starting,normal_play,0.0
2724,2728,the most of his opportunity in the starting side he did get the knots from her,normal_play,0.0
2726,2730,starting side he did get the knots from her ahead of nugari who has,normal_play,0.0
2728,2732,her ahead of nugari who has a calf injury that he suffered two,normal_play,0.0
2730,2734,has a calf injury that he suffered two weeks ago vetr n was touch and,normal_play,0.0
2732,2736,two weeks ago vetr n was touch and go for this game they decided not to risk him,normal_play,0.0
2734,2738,and go for this game they decided not to risk him but theyve got a pretty handy replacement,normal_play,0.0
2736,2740,him but theyve got a pretty handy replacement well it means so much for,kick_off,0.5159
2738,2742,well it means so much for the supporters around the globe and here,kick_off,0.5159
2740,2744,for the supporters around the globe and here a knot as well japan,kick_off,0.5159
2742,2746,here a knot as well japan well and truly back,kick_off,0.5159
2744,2748,japan well and truly back in this contest michael leach gets,normal_play,0.0
2746,2750,back in this contest michael leach gets tackle to the ground,normal_play,0.0
2748,2752,gets tackle to the ground by gonz lez,normal_play,0.0
2750,2754,by gonz lez naoto saito last few moments of this first half,normal_play,0.0
2752,2756,naoto saito last few moments of this first half,normal_play,0.0
2754,2758,half k33,normal_play,0.0
2756,2760,k33 yep and theyve weathered that yellow,normal_play,0.4032
2758,2762,k33 yep and theyve weathered that yellow card despite conceding points theyve got back on the board,normal_play,0.4032
2760,2764,yellow card despite conceding points theyve got back on the board has this japanese side,normal_play,0.4032
2762,2766,board has this japanese side its in the space interestingly from,normal_play,0.4032
2764,2768,its in the space interestingly from that attack it kind of felt like off,normal_play,0.0
2766,2770,from that attack it kind of felt like off the scram it was a little bit,normal_play,0.0
2768,2772,the scram it was a little bit faltering a little bit stuttering,normal_play,0.0
2770,2774,bit faltering a little bit stuttering in their attack they look like theyve lost a bit of shape,normal_play,0.0
2772,2776,stuttering in their attack they look like theyve lost a bit of shape now nowhere theyre not with numbers,normal_play,0.0
2774,2778,shape now nowhere theyre not with numbers the japanese outside backs,normal_play,0.0
2776,2780,the japanese outside backs really being the difference makers,normal_play,0.0
2778,2782,backs really being the difference makers for them at the moment jamie joseph in,normal_play,0.0
2780,2784,makers for them at the moment jamie joseph in picture coach of japan,lineout,0.2905
2782,2786,in picture coach of japan michael checker but earlier,lineout,0.2905
2784,2788,michael checker but earlier montozha tomeci at,lineout,0.2905
2786,2790,earlier montozha tomeci at the line out of time this time from argentina horrie,lineout,0.2905
2788,2792,at the line out of time this time from argentina horrie flexes away beautifully himano is there in support,normal_play,0.0
2790,2794,horrie flexes away beautifully himano is there in support matsuda shifts it,normal_play,0.0
2792,2796,support matsuda shifts it nakamura finds reilly,normal_play,0.4032
2794,2798,nakamura finds reilly the stout kick balls in the hand,normal_play,0.4032
2796,2800,the stout kick balls in the hand of carreras and,normal_play,0.4032
2798,2802,hand of carreras and argentina,normal_play,0.4032
2800,2804,and argentina,normal_play,0.0
2806,2810,montozha ball hits the ground,normal_play,0.4032
2808,2812,montozha ball hits the ground in fact heres montozha now he try to,normal_play,0.4032
2810,2814,in fact heres montozha now he try to slip a ball away keeps it tight,normal_play,0.4032
2812,2816,to slip a ball away keeps it tight,normal_play,0.0
2816,2820,and then hoofed out,normal_play,0.0
2818,2822,and then hoofed out and that is the half time whistle,normal_play,0.0
2820,2824,and that is the half time whistle what a tremendous,normal_play,0.0
2822,2826,what a tremendous first 40 weve seen here in the north west,normal_play,0.0
2824,2828,tremendous first 40 weve seen here in the north west of france argentina lead 15,normal_play,0.0
2826,2830,west of france argentina lead 15 14 against japan in,normal_play,0.0
2828,2832,15 14 against japan in pauldis from the city of nantes,normal_play,0.0
2830,2834,in pauldis from the city of nantes,normal_play,0.0
2832,2836,start de la boisjoie in the north,normal_play,0.0
2834,2838,start de la boisjoie in the north west of france welcome to the second half,normal_play,0.0
2836,2840,north west of france welcome to the second half action in the titanic poultie clash,kick_off,0.4393
2838,2842,half action in the titanic poultie clash the winner heading into the quarter finals,kick_off,0.4393
2840,2844,clash the winner heading into the quarter finals in marseille next week,kick_off,0.4393
2842,2846,finals in marseille next week against wales japan in their,kick_off,0.4393
2844,2848,week against wales japan in their traditional red and white on the left of your,normal_play,0.0
2846,2850,their traditional red and white on the left of your screen argentina in their way navy strip,normal_play,0.0
2848,2852,screen argentina in their way navy strip who lead 15 14,normal_play,0.0
2850,2854,strip who lead 15 14 two try one from chocobares,normal_play,0.0
2852,2856,two try one from chocobares and mateo carreras,normal_play,0.4032
2854,2858,chocobares and mateo carreras bakataba and saito scoring,normal_play,0.4032
2856,2860,bakataba and saito scoring for japan im down and snapping alongside,normal_play,0.4032
2858,2862,scoring for japan im down and snapping alongside olympian great contest,normal_play,0.4032
2860,2864,alongside olympian great contest everyones on side,normal_play,0.0
2862,2866,everyones on side argentina set up on a run,normal_play,0.0
2864,2868,argentina set up on a run great bit of work there from gonzalo bertramo,normal_play,0.4032
2866,2870,great bit of work there from gonzalo bertramo and its been pinched,normal_play,0.4032
2868,2872,bertramo and its been pinched and we play on bafeni everyones,normal_play,0.4032
2870,2874,and we play on bafeni everyones on v clav santiago carreras,normal_play,0.4032
2872,2876,everyones on v clav santiago carreras,normal_play,0.4032
2874,2878,carreras the direct route,normal_play,0.4032
2876,2880,the direct route tag los palmas,normal_play,0.4032
2878,2882,route tag los palmas,normal_play,0.4032
2880,2884,palmas marcus kurama to,normal_play,0.4032
2882,2886,marcus kurama to the line,normal_play,0.4032
2884,2888,to the line he goes uphill,normal_play,0.4032
2886,2890,he goes uphill,normal_play,0.4032
2888,2892,lavanini,normal_play,0.3798
2890,2894,lavanini again carries hard over the advantage line,normal_play,0.3798
2892,2896,lavanini again carries hard over the advantage line for argentina building,normal_play,0.3798
2894,2898,line for argentina building their phases malaya,normal_play,0.3798
2896,2900,building their phases malaya flicks it to the right the replacement,normal_play,0.4032
2898,2902,malaya flicks it to the right the replacement matias alamano is there,normal_play,0.4032
2900,2904,replacement matias alamano is there carreras quick hands as the fly off,normal_play,0.3145
2902,2906,carreras quick hands as the fly off this time they,normal_play,0.3145
2904,2908,off this time they tackle chocobares knowing how,normal_play,0.3145
2906,2910,tackle chocobares knowing how lethal he can be,normal_play,0.3145
2908,2912,how lethal he can be montozha the captain,normal_play,0.4032
2910,2914,montozha the captain,normal_play,0.4032
2912,2916,a flip ball barnards not gone,normal_play,0.4032
2914,2918,a flip ball barnards not gone to lavanini and japan,normal_play,0.4032
2916,2920,to lavanini and japan have this possession big ball,normal_play,0.4032
2918,2922,japan have this possession big ball over the top here they come,normal_play,0.4032
2920,2924,ball over the top here they come matsuda flicks it on the inside rileys,normal_play,0.4032
2922,2926,come matsuda flicks it on the inside rileys there good ball to fafina,normal_play,0.4032
2924,2928,rileys there good ball to fafina japan linking superbly,normal_play,0.4032
2926,2930,japan linking superbly as they connect very,normal_play,0.4032
2928,2932,as they connect very well here comes amato faketaba,normal_play,0.4032
2930,2934,very well here comes amato faketaba again,normal_play,0.4032
2932,2936,faketaba again lamano,normal_play,0.0
2934,2938,lamano lameki crashes,normal_play,0.0
2936,2940,lamano lameki crashes his way upfield still going is lameki,normal_play,0.4032
2938,2942,crashes his way upfield still going is lameki,normal_play,0.4032
2940,2944,lameki saito down the short side,normal_play,0.4032
2942,2946,saito down the short side,normal_play,0.4032
2944,2948,side faketaba to the 22 for japan,normal_play,0.0
2946,2950,faketaba to the 22 for japan theyve worked well to get into,normal_play,0.0
2948,2952,japan theyve worked well to get into this position their captain,normal_play,0.4032
2950,2954,into this position their captain kazuki himano,normal_play,0.4032
2952,2956,kazuki himano carries well,normal_play,0.4032
2954,2958,carries well matsuda quick hands leech behind,normal_play,0.4032
2956,2960,matsuda quick hands leech behind the back interception,normal_play,0.0
2958,2962,behind the back interception no it stays times not gone only,normal_play,0.0
2960,2964,interception no it stays times not gone only katana matsushima cuts,normal_play,0.4032
2962,2966,katana matsushima cuts back in matsushima,normal_play,0.4032
2964,2968,cuts back in matsushima saito,normal_play,0.4032
2966,2970,saito heres michael leech again,normal_play,0.4032
2968,2972,saito heres michael leech again,normal_play,0.4032
2970,2974,the brave blossoms,normal_play,0.4032
2972,2976,the brave blossoms keeps urging upfield,normal_play,0.4032
2974,2978,keeps urging upfield at himano,normal_play,0.4032
2976,2980,at himano behind the back ball going to keep crying if we come,normal_play,0.0
2978,2982,behind the back ball going to keep crying if we come back,normal_play,0.0
2980,2984,back saito finds his,normal_play,0.0
2982,2986,saito finds his forwards now short to hone hes,normal_play,0.0
2984,2988,forwards now short to hone hes 37 year old,penalty,0.6128
2986,2990,hes 37 year old the penalty though goes the other way to argentina,penalty,0.6128
2988,2992,the penalty though goes the other way to argentina,penalty,0.6128
2990,2994,argentina tremendous wave of phases though for japan,penalty,0.6128
2992,2996,tremendous wave of phases though for japan,normal_play,0.0
2994,2998,japan ive got a wrap there sota,normal_play,0.0
2996,3000,ive got a wrap there sota what an attack,normal_play,0.0
2998,3002,what an attack the combo of kramer,normal_play,0.0
3000,3004,the combo of kramer and montagio,normal_play,0.0
3002,3006,kramer and montagio they dont do it in the end,normal_play,0.0
3004,3008,they dont do it in the end,normal_play,0.0
3006,3010,end substitution great pace,normal_play,0.0
3008,3012,substitution great pace great speed great skill no more,normal_play,0.0
3010,3014,great speed great skill no more so than the big man michael,normal_play,0.0
3012,3016,more so than the big man michael leech with the out the back option and injuries,normal_play,0.0
3014,3018,michael leech with the out the back option and injuries down they will not want,normal_play,0.0
3016,3020,injuries down they will not want matsushima to stay down for very long,normal_play,0.0
3018,3022,want matsushima to stay down for very long weve got an,normal_play,0.0
3020,3024,weve got an early change for argentina as well contigo,normal_play,0.0
3022,3026,an early change for argentina as well contigo gomez cordella has come off,normal_play,0.0
3024,3028,contigo gomez cordella has come off the field hes gone down the race for,normal_play,0.0
3026,3030,off the field hes gone down the race for a head injury assessment eduardo,normal_play,0.0
3028,3032,a head injury assessment eduardo mircho is on and just,normal_play,0.0
3030,3034,eduardo mircho is on and just to reiterate that pablo matero was,normal_play,0.0
3032,3036,just to reiterate that pablo matero was subbed out of the game in the,normal_play,0.0
3034,3038,was subbed out of the game in the first half with what looks like,normal_play,0.0
3036,3040,the first half with what looks like a pretty serious hamstring injury,normal_play,0.0
3038,3042,like a pretty serious hamstring injury so alemano is off to him,normal_play,0.0
3040,3044,injury so alemano is off to him,normal_play,0.0
3044,3048,well they,normal_play,0.0
3046,3050,well they ship it wide the space was there,normal_play,0.0
3048,3052,they ship it wide the space was there leech knew it very nearly,normal_play,0.0
3050,3054,leech knew it very nearly an interception from feffeli,normal_play,0.0
3052,3056,nearly an interception from feffeli the,normal_play,0.0
3054,3058,the dangerous running from matsushima thats where,normal_play,0.0
3056,3060,dangerous running from matsushima thats where he picked up a knock i think how about,normal_play,0.0
3058,3062,he picked up a knock i think how about this skill finds the man,normal_play,0.0
3060,3064,about this skill finds the man the blind pass,normal_play,0.0
3062,3066,the blind pass little look out,normal_play,0.0
3064,3068,little look out of his peripheral were going to restart,normal_play,0.0
3066,3070,out of his peripheral were going to restart beautifully done,normal_play,0.0
3068,3072,restart beautifully done water off please kremmer up,normal_play,0.0
3070,3074,water off please kremmer up ends horrie,normal_play,0.0
3072,3076,up ends horrie one of those sackers where you,normal_play,0.0
3074,3078,horrie one of those sackers where you see it again not sure what arms were,normal_play,0.0
3076,3080,you see it again not sure what arms were in it but he was very low,normal_play,0.0
3078,3082,were in it but he was very low,normal_play,0.0
3080,3084,jian gu leaves the field aseeli balu,normal_play,0.0
3082,3086,jian gu leaves the field aseeli balu the replacement wearing 18 for,normal_play,0.0
3084,3088,balu the replacement wearing 18 for japan time on hes 30th,normal_play,0.0
3086,3090,for japan time on hes 30th appearance yeah gu was just,normal_play,0.0
3088,3092,30th appearance yeah gu was just struggling with a knee injury he tried to run it,normal_play,0.0
3090,3094,just struggling with a knee injury he tried to run it out but it wasnt to be,normal_play,0.0
3092,3096,it out but it wasnt to be,normal_play,0.0
3094,3098,just face the first one out,normal_play,0.0
3096,3100,just face the first one out,normal_play,0.0
3098,3102,out,normal_play,0.0
3100,3104,japan three step down use the,normal_play,0.0
3102,3106,japan three step down use the ir some of those meters argentina,normal_play,0.0
3104,3108,the ir some of those meters argentina are getting theyre running really nicely between,normal_play,0.0
3106,3110,argentina are getting theyre running really nicely between japanese defenders,normal_play,0.0
3108,3112,between japanese defenders running on weak shoulders,normal_play,0.0
3110,3114,running on weak shoulders thats where they get in their change,normal_play,0.0
3112,3116,thats where they get in their change,lineout,0.4726
3116,3120,it all starts with the set piece,lineout,0.4726
3118,3122,it all starts with the set piece and,lineout,0.4726
3120,3124,and argentina on song in that department,normal_play,0.0
3122,3126,and argentina on song in that department again julian montozia,normal_play,0.0
3124,3128,again julian montozia thats one debut back in,maul,0.5412
3126,3130,thats one debut back in 2014,maul,0.5412
3128,3132,in 2014 tremendous success rate headline now,maul,0.5412
3130,3134,tremendous success rate headline now come over 90,maul,0.5412
3132,3136,now come over 90 he mauls to the halfway line,maul,0.5412
3134,3138,he mauls to the halfway line guido petit assists,maul,0.5412
3136,3140,line guido petit assists its alamano as,maul,0.5412
3138,3142,assists its alamano as well is the maul keeps,maul,0.5412
3140,3144,as well is the maul keeps rumbling upfield,maul,0.5412
3142,3146,rumbling upfield,maul,0.5412
3144,3148,it is a very good,maul,0.5412
3146,3150,it is a very good looking maul from this argentina side,maul,0.5412
3148,3152,good looking maul from this argentina side now bertrino peels,normal_play,0.0
3150,3154,side now bertrino peels it away to the backs,normal_play,0.0
3152,3156,peels it away to the backs chacabarres fires to sinti,normal_play,0.4032
3154,3158,chacabarres fires to sinti,normal_play,0.4032
3156,3160,sinti carreras,normal_play,0.4032
3158,3162,carreras looking to cut loose again mateo,normal_play,0.4032
3160,3164,carreras looking to cut loose again mateo carreras carries a couple,normal_play,0.4032
3162,3166,mateo carreras carries a couple with him still the,normal_play,0.4032
3164,3168,couple with him still the same way little,normal_play,0.4032
3166,3170,the same way little step there the start from santiago,normal_play,0.4032
3168,3172,little step there the start from santiago carreras cremar,normal_play,0.4032
3170,3174,santiago carreras cremar into a brick wall,normal_play,0.4032
3172,3176,cremar into a brick wall made of horny long,normal_play,0.4032
3174,3178,made of horny long long,normal_play,0.4032
3176,3180,long then support arrives,normal_play,0.4032
3178,3182,then support arrives for argentina,normal_play,0.4032
3180,3184,arrives for argentina,normal_play,0.4032
3182,3186,its japanese defence,normal_play,0.4032
3184,3188,its japanese defence just flying,normal_play,0.4032
3186,3190,defence just flying up and thomas gajot,normal_play,0.4032
3188,3192,up and thomas gajot carreras behind the back,normal_play,0.4032
3190,3194,gajot carreras behind the back malaya looking to skip out cant get free,normal_play,0.4032
3192,3196,back malaya looking to skip out cant get free one cruise malaya,normal_play,0.0
3194,3198,free one cruise malaya another tackle that needed to be made,normal_play,0.0
3196,3200,another tackle that needed to be made and was carreras,normal_play,0.4032
3198,3202,made and was carreras still los,normal_play,0.4032
3200,3204,carreras still los pumas bring the pressure,normal_play,0.4032
3202,3206,los pumas bring the pressure chacabarres,normal_play,0.4032
3204,3208,pressure chacabarres down the short side,normal_play,0.0
3206,3210,down the short side sinti theyre a lot of numbers here mateo,normal_play,0.0
3208,3212,side sinti theyre a lot of numbers here mateo carreras links well,normal_play,0.4032
3210,3214,mateo carreras links well montozha picks he started the line up,normal_play,0.4032
3212,3216,montozha picks he started the line up,normal_play,0.4032
3214,3218,up crash ball,normal_play,0.4032
3216,3220,crash ball eduardo bejo,normal_play,0.4032
3218,3222,ball eduardo bejo gajot,normal_play,0.4032
3220,3224,gajot arrives a 24 year old,normal_play,0.4032
3222,3226,gajot arrives a 24 year old lends his support,normal_play,0.4032
3224,3228,lends his support bejo,normal_play,0.4032
3226,3230,bejo again,normal_play,0.4032
3228,3232,bejo again off to the newcastle falcons at,normal_play,0.4032
3230,3234,off to the newcastle falcons at the end of this world cup to the,normal_play,0.4032
3232,3236,at the end of this world cup to the ground goes tomas lavanini,normal_play,0.3017
3234,3238,ground goes tomas lavanini 14 phase,normal_play,0.3017
3236,3240,lavanini 14 phase build up for argentina,normal_play,0.3017
3238,3242,phase build up for argentina and advantage carreras on the ball,normal_play,0.3017
3240,3244,and advantage carreras on the ball,try,1.0
3242,3246,gajot,try,1.0
3244,3248,gajot new advantage,normal_play,0.4032
3246,3250,new advantage not rolling a,normal_play,0.4032
3248,3252,advantage not rolling a free play to,normal_play,0.4032
3250,3254,a free play to do something special its a short ball,normal_play,0.4032
3252,3256,to do something special its a short ball and the loop sinti,try,1.0
3254,3258,ball and the loop sinti a wide pass mateo,try,1.0
3256,3260,sinti a wide pass mateo carreras,try,1.0
3258,3262,mateo carreras he slices,try,1.0
3260,3264,he slices in for his second,try,1.0
3262,3266,slices in for his second,try,1.0
3274,3278,well,normal_play,0.0
3276,3280,well he played a part early on,normal_play,0.0
3278,3282,well he played a part early on nearly went around my colleagues just,normal_play,0.0
3280,3284,on nearly went around my colleagues just scrapped down on that occasion,normal_play,0.0
3282,3286,just scrapped down on that occasion and it was battering from the forwards,normal_play,0.0
3284,3288,and it was battering from the forwards but finished off with some,normal_play,0.0
3286,3290,but finished off with some brilliance from mateo carreras,normal_play,0.0
3288,3292,some brilliance from mateo carreras for fita herri across the try and,normal_play,0.0
3290,3294,carreras for fita herri across the try and stop him that slick left,normal_play,0.0
3292,3296,stop him that slick left foot step bang and hes,normal_play,0.0
3294,3298,left foot step bang and hes over,normal_play,0.0
3296,3300,hes over,normal_play,0.0
3298,3302,thats his first try in total,normal_play,0.0
3300,3304,thats his first try in total hes second in this game,normal_play,0.0
3302,3306,hes second in this game what a finisher,normal_play,0.0
3304,3308,what a finisher to have in your team mateo,normal_play,0.0
3306,3310,to have in your team mateo carreras strikes,normal_play,0.0
3308,3312,mateo carreras strikes in the second half,normal_play,0.0
3310,3314,strikes in the second half,normal_play,0.0
3312,3316,half,goal_kick,0.8688
3314,3318,half,goal_kick,0.8688
3316,3320,bofelli,goal_kick,0.8688
3318,3322,bofelli lines up the extra two,goal_kick,0.8688
3320,3324,lines up the extra two,goal_kick,0.8688
3322,3326,two the crowd hushes,goal_kick,0.8688
3324,3328,the crowd hushes,goal_kick,0.8688
3326,3330,hushes theres emiliano bofelli,goal_kick,0.8688
3328,3332,theres emiliano bofelli,goal_kick,0.8688
3330,3334,curls,goal_kick,0.8688
3332,3336,curls this one in it is,goal_kick,0.8688
3334,3338,curls this one in it is argentina that,goal_kick,0.8688
3336,3340,is argentina that extend their lead,goal_kick,0.8688
3338,3342,that extend their lead to 22 points to 14,goal_kick,0.8688
3340,3344,to 22 points to 14,goal_kick,0.8688
3342,3346,14 they were playing under an advanced chair so they,goal_kick,0.8688
3344,3348,they were playing under an advanced chair so they moved up,normal_play,0.0
3346,3350,they moved up what about that first step,normal_play,0.0
3348,3352,what about that first step all created by the guys up front,normal_play,0.0
3350,3354,all created by the guys up front carrying,normal_play,0.0
3352,3356,front carrying argentina 5 came off as well,normal_play,0.0
3354,3358,argentina 5 came off as well theres a lot of caps in that,normal_play,0.0
3356,3360,theres a lot of caps in that embrace couple of,normal_play,0.0
3358,3362,that embrace couple of changes for argentina down here choles,normal_play,0.0
3360,3364,of changes for argentina down here choles clavy has come on so too,normal_play,0.0
3362,3366,choles clavy has come on so too has pedro rubiolo,normal_play,0.0
3364,3368,too has pedro rubiolo tomas garcho and tomas lavanini,normal_play,0.0
3366,3370,tomas garcho and tomas lavanini,normal_play,0.0
3368,3372,lavanini,kick_off,0.415
3370,3374,michael checa bringing,kick_off,0.415
3372,3376,michael checa bringing on those replacements early,kick_off,0.415
3374,3378,bringing on those replacements early on in the second half,kick_off,0.415
3376,3380,early on in the second half chacabades,normal_play,0.0
3378,3382,chacabades works his right foot yet again,normal_play,0.0
3380,3384,works his right foot yet again,normal_play,0.0
3384,3388,argentina clear,normal_play,0.4032
3386,3390,argentina clear out of there 22 gatado,normal_play,0.4032
3388,3392,clear out of there 22 gatado matsushima,normal_play,0.4032
3390,3394,gatado matsushima finds lamano lemecky,normal_play,0.4032
3392,3396,finds lamano lemecky two of the more dangerous players,normal_play,0.4032
3394,3398,two of the more dangerous players in the side riley just,normal_play,0.4032
3396,3400,players in the side riley just across field beautiful,normal_play,0.4032
3398,3402,just across field beautiful breakout just the ankle tap comes in,normal_play,0.4032
3400,3404,beautiful breakout just the ankle tap comes in the ball is still available,normal_play,0.4032
3402,3406,in the ball is still available here comes japan what an exciting side,normal_play,0.4032
3404,3408,here comes japan what an exciting side with ball in hand,normal_play,0.4032
3406,3410,with ball in hand matsuda,normal_play,0.4032
3408,3412,matsuda looking to link up craig miller,normal_play,0.0
3410,3414,looking to link up craig miller has a big hit on him his first touch,normal_play,0.0
3412,3416,miller has a big hit on him his first touch since coming off the bench,normal_play,0.0
3414,3418,touch since coming off the bench faketava the bounce,normal_play,0.0
3416,3420,faketava the bounce ball,normal_play,0.4032
3418,3422,bounce ball matsushima has got to tidy,normal_play,0.4032
3420,3424,matsushima has got to tidy things up here with nabascafni,normal_play,0.4032
3422,3426,tidy things up here with nabascafni fafita just,normal_play,0.4032
3424,3428,nabascafni fafita just lurks around there,normal_play,0.0
3426,3430,just lurks around there saito shifts it to his forwards,normal_play,0.0
3428,3432,saito shifts it to his forwards a loose ball again miller picks up,normal_play,0.4032
3430,3434,a loose ball again miller picks up 32 year old in his 17th appearance for,normal_play,0.4032
3432,3436,up 32 year old in his 17th appearance for his country usert,normal_play,0.4032
3434,3438,for his country usert man theres an accountant,normal_play,0.4032
3436,3440,usert man theres an accountant died by day he spends a lot of money though,normal_play,0.0
3438,3442,accountant died by day he spends a lot of money though,normal_play,0.0
3440,3444,saito goes to the sky again,normal_play,0.4032
3442,3446,saito goes to the sky again,normal_play,0.4032
3444,3448,argentina claim this,normal_play,0.4032
3446,3450,argentina claim this rizantiaga carreras again,normal_play,0.4032
3448,3452,this rizantiaga carreras again,normal_play,0.4032
3450,3454,again cordoba athletic club,normal_play,0.4032
3452,3456,cordoba athletic club japan get their line,normal_play,0.4032
3454,3458,club japan get their line set on defense taking back,normal_play,0.4032
3456,3460,line set on defense taking back taking back,normal_play,0.0
3458,3462,back taking back they can have another counter attack here,normal_play,0.0
3460,3464,they can have another counter attack here the sun is in the face of katara,normal_play,0.4032
3462,3466,the sun is in the face of katara matsushima,normal_play,0.4032
3464,3468,katara matsushima and theyve taken it back in you heard the,normal_play,0.4032
3466,3470,and theyve taken it back in you heard the referee beno keefe say that so,normal_play,0.4032
3468,3472,referee beno keefe say that so it is a mistake from argentina,normal_play,0.0
3470,3474,so it is a mistake from argentina an opportunity for japan ngunjoon,normal_play,0.0
3472,3476,an opportunity for japan ngunjoon plays rizantiaga t l phone the therapist,normal_play,0.0
3474,3478,ngunjoon plays rizantiaga t l phone the therapist entiscern,normal_play,0.0
3476,3480,therapist entiscern,normal_play,0.0
3478,3482,and,normal_play,0.0
3480,3484,and show me help marco my friend begins,normal_play,0.0
3482,3486,and show me help marco my friend begins looking,normal_play,0.0
3484,3488,begins looking towards the ads to play inside,normal_play,0.0
3486,3490,looking towards the ads to play inside,normal_play,0.0
3488,3492,inside services,normal_play,0.0
3490,3494,services in o lorsquno,normal_play,0.0
3492,3496,services in o lorsquno kachyplata,normal_play,0.0
3494,3498,kachyplata,normal_play,0.0
3496,3500,kachyplata,normal_play,0.0
3498,3502,nianjians looking,normal_play,0.0
3500,3504,nianjians looking to make,lineout,0.4726
3502,3506,looking to make thats a keep sick,lineout,0.4726
3504,3508,thats a keep sick up kante throws nicely for,lineout,0.4726
3506,3510,sick up kante throws nicely for japan hes first touch him and i,lineout,0.4726
3508,3512,for japan hes first touch him and i find him now good linking and passes up,normal_play,0.4032
3510,3514,i find him now good linking and passes up play kata matsushima,normal_play,0.4032
3512,3516,up play kata matsushima the gap just opened up,normal_play,0.4032
3514,3518,the gap just opened up then brought down eight out,normal_play,0.4032
3516,3520,then brought down eight out,normal_play,0.0
3518,3522,out the big frame of amato,normal_play,0.0
3520,3524,the big frame of amato fukitaba the 28 year old,normal_play,0.0
3522,3526,amato fukitaba the 28 year old ball bounces free still there,normal_play,0.0
3524,3528,old ball bounces free still there for the japanese attacking side,normal_play,0.0
3526,3530,there for the japanese attacking side not releasing when he was tackle on the ground,normal_play,0.0
3528,3532,side not releasing when he was tackle on the ground both,normal_play,0.0
3530,3534,both sides with a penalty advantage,normal_play,0.0
3532,3536,both sides with a penalty advantage as well miller,normal_play,0.0
3534,3538,advantage as well miller,normal_play,0.0
3536,3540,miller new advantage not rolling,normal_play,0.0
3538,3542,new advantage not rolling another advantage saito,normal_play,0.0
3540,3544,another advantage saito with position,penalty,0.6128
3542,3546,saito with position the penalty over here,penalty,0.6128
3544,3548,the penalty over here the player was,penalty,0.6128
3546,3550,the player was tackle on top when he ripped the ball,penalty,0.6128
3548,3552,was tackle on top when he ripped the ball no clear release players on the ground,normal_play,0.0
3550,3554,no clear release players on the ground,normal_play,0.0
3556,3560,more creativity from the,normal_play,0.0
3558,3562,more creativity from the set piece from japan,normal_play,0.0
3560,3564,the set piece from japan,normal_play,0.0
3562,3566,japan theyd like to have a shot,normal_play,0.0
3564,3568,theyd like to have a shot 10 metres is just in front of the line,normal_play,0.0
3566,3570,10 metres is just in front of the line just in front of the line and theyre going to try,normal_play,0.0
3568,3572,line just in front of the line and theyre going to try and eat three points off that scoreboard,normal_play,0.0
3570,3574,and eat three points off that scoreboard yeah they can make that sub now,normal_play,0.0
3572,3576,yeah they can make that sub now five white sub,normal_play,0.0
3574,3578,five white sub,normal_play,0.0
3576,3580,what a play up he has been today,normal_play,0.0
3578,3582,what a play up he has been today 50 brilliant minutes he,normal_play,0.0
3580,3584,today 50 brilliant minutes he will be replaced,normal_play,0.0
3582,3586,he will be replaced well amato fukitaba,normal_play,0.0
3584,3588,well amato fukitaba scored one of the greatest try,normal_play,0.0
3586,3590,fukitaba scored one of the greatest try well see at the,normal_play,0.0
3588,3592,try well see at the rugby world cup just in front of the line guys,normal_play,0.0
3590,3594,the rugby world cup just in front of the line guys his replacement,normal_play,0.0
3592,3596,his replacement warner derns on the field,goal_kick,0.8144
3594,3598,replacement warner derns on the field,goal_kick,0.8144
3596,3600,three points on offer for,goal_kick,0.8144
3598,3602,three points on offer for fly off rukia matsuda,goal_kick,0.8144
3600,3604,for fly off rukia matsuda,goal_kick,0.8144
3602,3606,itaikyo university player,goal_kick,0.8144
3604,3608,itaikyo university player,goal_kick,0.8688
3606,3610,player makes no mistake,goal_kick,0.8688
3608,3612,makes no mistake,goal_kick,0.8688
3610,3614,mistake japan back on the board they trail,goal_kick,0.8688
3612,3616,japan back on the board they trail by five points its 22 17,normal_play,0.0
3614,3618,trail by five points its 22 17,normal_play,0.0
3616,3620,17,normal_play,0.0
3620,3624,beautiful,normal_play,0.0
3622,3626,beautiful thing about getting subbed as we get another look,normal_play,0.0
3624,3628,beautiful thing about getting subbed as we get another look at this,normal_play,0.0
3626,3630,look at this,normal_play,0.0
3630,3634,simply stunning,kick_off,0.5159
3632,3636,simply stunning,kick_off,0.5159
3636,3640,deep kick off from argentina,kick_off,0.5159
3638,3642,deep kick off from argentina japan claimed this nicely,kick_off,0.5159
3640,3644,argentina japan claimed this nicely,normal_play,0.0
3642,3646,nicely progressing next week in marseille,normal_play,0.0
3644,3648,progressing next week in marseille to face wales in,normal_play,0.0
3646,3650,marseille to face wales in the rugby world cup quarterfinals,normal_play,0.0
3648,3652,in the rugby world cup quarterfinals its kick down field to,normal_play,0.4032
3650,3654,quarterfinals its kick down field to argentina,normal_play,0.4032
3652,3656,to argentina they dont go quickly to the other side we know ireland,normal_play,0.4032
3654,3658,they dont go quickly to the other side we know ireland will face new zealand france will face south,normal_play,0.4032
3656,3660,ireland will face new zealand france will face south africa england will,normal_play,0.4032
3658,3662,south africa england will face either fiji or australia,normal_play,0.4032
3660,3664,will face either fiji or australia depending on what happens later today,normal_play,0.4032
3662,3666,australia depending on what happens later today we,normal_play,0.4032
3664,3668,we get through the quarters and the old adage,normal_play,0.0
3666,3670,we get through the quarters and the old adage rings true there are no easy games,normal_play,0.0
3668,3672,adage rings true there are no easy games,normal_play,0.0
3670,3674,games and its not easy for anyone out,normal_play,0.0
3672,3676,and its not easy for anyone out there this afternoon either,lineout,0.4726
3674,3678,there this afternoon either theyre going to have to earn that spot,lineout,0.4726
3676,3680,theyre going to have to earn that spot montoya again accurate,lineout,0.4726
3678,3682,montoya again accurate at line up time carreras shifts of,lineout,0.4726
3680,3684,accurate at line up time carreras shifts of quick hands in the centre midfield,normal_play,0.0
3682,3686,of quick hands in the centre midfield chukwavaro finds sinti,normal_play,0.0
3684,3688,midfield chukwavaro finds sinti,normal_play,0.0
3686,3690,sinti carreras falls down on the ground,normal_play,0.0
3688,3692,carreras falls down on the ground pedro rubiolyo looks acclaimant,normal_play,0.4032
3690,3694,ground pedro rubiolyo looks acclaimant as a 20 year old,normal_play,0.4032
3692,3696,acclaimant as a 20 year old his first rugby world cup step,normal_play,0.4032
3694,3698,his first rugby world cup step step use,normal_play,0.4032
3696,3700,step use it hands to the players from both sides their,normal_play,0.4032
3698,3702,use it hands to the players from both sides their very first time on this massive,normal_play,0.4032
3700,3704,their very first time on this massive stage,normal_play,0.4032
3702,3706,massive stage many watched in 2019 and,normal_play,0.4032
3704,3708,many watched in 2019 and here they are in france,normal_play,0.4032
3706,3710,and here they are in france with some,normal_play,0.4032
3708,3712,with some history on the line another stunning take,normal_play,0.4032
3710,3714,some history on the line another stunning take on the far side,normal_play,0.4032
3712,3716,take on the far side alamano,normal_play,0.0
3714,3718,side alamano carries well for las,normal_play,0.0
3716,3720,alamano carries well for las pueblas barfeli was the one that took,normal_play,0.4032
3718,3722,las pueblas barfeli was the one that took that catch earlier in the end,normal_play,0.4032
3720,3724,took that catch earlier in the end malia driven back,normal_play,0.4032
3722,3726,malia driven back argentina lose it,normal_play,0.4032
3724,3728,argentina lose it big tackle,normal_play,0.0
3726,3730,it big tackle coming in from japan,normal_play,0.0
3728,3732,tackle coming in from japan,normal_play,0.0
3730,3734,hes fine guys knock on,normal_play,0.0
3732,3736,hes fine guys knock on and then hes accidentally in front,normal_play,0.0
3734,3738,on and then hes accidentally in front nervous strump,normal_play,0.0
3736,3740,nervous strump strump accidentally,normal_play,0.0
3738,3742,strump accidentally offside accidentally,normal_play,0.0
3740,3744,accidentally offside accidentally offside accidentally,normal_play,0.0
3742,3746,accidentally offside accidentally offside nervous,normal_play,0.0
3744,3748,accidentally offside nervous times for those watching on said,normal_play,0.0
3746,3750,nervous times for those watching on said about the aerial battle though,normal_play,0.0
3748,3752,said about the aerial battle though brilliant again from barfeli,normal_play,0.0
3750,3754,brilliant again from barfeli getting their rewards from,normal_play,0.0
3752,3756,getting their rewards from sticking up in the air on the kick chase,normal_play,0.0
3754,3758,from sticking up in the air on the kick chase,normal_play,0.0
3756,3760,chase good shot,normal_play,0.0
3758,3762,good shot of contact in that tackle to dislodge the ball,normal_play,0.0
3760,3764,shot of contact in that tackle to dislodge the ball good technique good stability,normal_play,0.0
3762,3766,ball good technique good stability,normal_play,0.0
3764,3768,stability,normal_play,0.0
3766,3770,these sides last met,normal_play,0.0
3768,3772,these sides last met seven years ago argentina won,normal_play,0.0
3770,3774,met seven years ago argentina won 54 points to 20 in,normal_play,0.0
3772,3776,won 54 points to 20 in tokyo a very different story,normal_play,0.0
3774,3778,in tokyo a very different story today,normal_play,0.0
3776,3780,story today and those errors really creeping in,scrum,0.3772
3778,3782,and those errors really creeping in,scrum,0.3772
3780,3784,crouch,scrum,0.2038
3782,3786,crouch,scrum,0.2038
3784,3788,binds sit,scrum,0.2038
3786,3790,binds sit,scrum,0.2038
3790,3794,the sun shines here in nantes japan,normal_play,0.0
3792,3796,the sun shines here in nantes japan look for another attack,normal_play,0.0
3794,3798,japan look for another attack lamania lemecki throws a dummy,normal_play,0.0
3796,3800,lamania lemecki throws a dummy carried towards the,normal_play,0.0
3798,3802,dummy carried towards the touchline stays in field,normal_play,0.0
3800,3804,the touchline stays in field from chocobartas tackle,normal_play,0.4032
3802,3806,from chocobartas tackle matsuda beautiful hands then,normal_play,0.4032
3804,3808,matsuda beautiful hands then link it down the chain,normal_play,0.4032
3806,3810,then link it down the chain saito is there,normal_play,0.4032
3808,3812,saito is there miller matsuda again,normal_play,0.0
3810,3814,miller matsuda again bounce ball to that far,normal_play,0.0
3812,3816,again bounce ball to that far side,normal_play,0.4032
3814,3818,far side,normal_play,0.4032
3818,3822,japan recycle well derns missed on,normal_play,0.0
3820,3824,japan recycle well derns missed on that occasion himano ducks down,normal_play,0.0
3822,3826,on that occasion himano ducks down the leader of this japanese side brings,normal_play,0.0
3824,3828,the leader of this japanese side brings so much to this game,normal_play,0.3269
3826,3830,brings so much to this game assele valiwewe spare vonage,normal_play,0.3269
3828,3832,assele valiwewe spare vonage for the brave blossoms,normal_play,0.3269
3830,3834,vonage for the brave blossoms a big drop goal,normal_play,0.3269
3832,3836,a big drop goal attempt from lamania lemecki,goal_kick,0.8688
3834,3838,goal attempt from lamania lemecki,goal_kick,0.8688
3836,3840,lemecki can you believe it,goal_kick,0.8688
3838,3842,can you believe it,goal_kick,0.8688
3840,3844,it goal goal,normal_play,0.0
3842,3846,goal goal goal 22 points,normal_play,0.0
3844,3848,goal 22 points to 20 japan take,normal_play,0.0
3846,3850,points to 20 japan take their chances,normal_play,0.0
3848,3852,take their chances what a nudge,normal_play,0.0
3850,3854,what a nudge from lemecki hes a long way,normal_play,0.0
3852,3856,nudge from lemecki hes a long way out theyre under advantage he says,normal_play,0.0
3854,3858,way out theyre under advantage he says yeah go on ill bang this one,normal_play,0.0
3856,3860,yeah go on ill bang this one straight,normal_play,0.0
3858,3862,straight and true gets over,normal_play,0.0
3860,3864,straight and true gets over the bar,normal_play,0.0
3862,3866,over the bar hes a good friend of,normal_play,0.0
3864,3868,hes a good friend of michael chek as is lamania lemecki,kick_off,0.5159
3866,3870,of michael chek as is lamania lemecki the man coaching argentina,kick_off,0.5159
3868,3872,lemecki the man coaching argentina they spent some time together at the,kick_off,0.5159
3870,3874,argentina they spent some time together at the green rockets so they have been talking in the build up,kick_off,0.5159
3872,3876,the green rockets so they have been talking in the build up to this game knock on yeah its,normal_play,0.0
3874,3878,up to this game knock on yeah its important to have that chemistry with your players as,normal_play,0.0
3876,3880,its important to have that chemistry with your players as well first by japan japan just,normal_play,0.0
3878,3882,as well first by japan japan just showing the belief that we saw in 2019,normal_play,0.0
3880,3884,just showing the belief that we saw in 2019 argentina scrum,normal_play,0.0
3882,3886,2019 argentina scrum,normal_play,0.0
3886,3890,okay japan now youre going to,normal_play,0.0
3888,3892,okay japan now youre going to sit in this space once,normal_play,0.0
3890,3894,to sit in this space once again the ball in the air not being dealt with,normal_play,0.0
3892,3896,once again the ball in the air not being dealt with particularly well by japan and its,normal_play,0.0
3894,3898,with particularly well by japan and its leading to an argentina scrum,normal_play,0.0
3896,3900,its leading to an argentina scrum just outside the japanese 22,normal_play,0.0
3898,3902,scrum just outside the japanese 22 sometimes,normal_play,0.0
3900,3904,sometimes watching on is the worst place to be,normal_play,0.0
3902,3906,sometimes watching on is the worst place to be i,normal_play,0.0
3904,3908,be i different story now im commentating but i never,normal_play,0.0
3906,3910,different story now im commentating but i never enjoyed it as a player,normal_play,0.0
3908,3912,never enjoyed it as a player,normal_play,0.0
3910,3914,these,normal_play,0.0
3912,3916,these fans are loving it here,normal_play,0.0
3914,3918,these fans are loving it here come out,normal_play,0.0
3916,3920,come out so,normal_play,0.0
3918,3922,so were head on head its their,normal_play,0.0
3920,3924,so were head on head its their ball yeah its their ball wider so youre on the outside,normal_play,0.0
3922,3926,ball yeah its their ball wider so youre on the outside youre in the space please okay,normal_play,0.0
3924,3928,youre in the space please okay youre good its your ball,normal_play,0.0
3926,3930,youre good its your ball so for all the time its tight,normal_play,0.0
3928,3932,so for all the time its tight two points in on the scoreboard,normal_play,0.0
3930,3934,tight two points in on the scoreboard the clock ticking away its,normal_play,0.0
3932,3936,scoreboard the clock ticking away its amazing what it does to your ability to perform under,normal_play,0.0
3934,3938,its amazing what it does to your ability to perform under pressure which of these,normal_play,0.0
3936,3940,under pressure which of these groups of players can keep it together,scrum,0.4165
3938,3942,these groups of players can keep it together,scrum,0.4165
3940,3944,together cards,scrum,0.4165
3942,3946,cards fines,scrum,0.4165
3944,3948,fines six,scrum,0.307
3946,3950,six welcome red you tuning in from around the world,scrum,0.307
3948,3952,welcome red you tuning in from around the world two points,scrum,0.307
3950,3954,world two points heres the difference,scrum,0.307
3952,3956,heres the difference winner and a quarter final place on,normal_play,0.0
3954,3958,winner and a quarter final place on the line both players this side,normal_play,0.0
3956,3960,the line both players this side control the hit forward,normal_play,0.0
3958,3962,control the hit forward hes going to control the hit,normal_play,0.0
3960,3964,hes going to control the hit forward youve got to stay down okay,normal_play,0.0
3962,3966,hit forward youve got to stay down okay i saw your bum come up,normal_play,0.0
3964,3968,i saw your bum come up again no head on head,normal_play,0.0
3966,3970,again no head on head square the side,normal_play,0.0
3968,3972,head square the side,normal_play,0.0
3978,3982,crouch,normal_play,0.0
3980,3984,crouch,normal_play,0.0
3986,3990,fines six,scrum,0.162
3988,3992,fines six,scrum,0.162
3990,3994,six scrub center,scrum,0.162
3992,3996,scrub center for argentina,scrum,0.351
3994,3998,for argentina,scrum,0.351
3996,4000,advantage an advantage,scrum,0.351
3998,4002,advantage an advantage for los pumas beautiful little,scrum,0.351
4000,4004,advantage for los pumas beautiful little flick mellian up in space,try,1.0
4002,4006,little flick mellian up in space its perfection from,try,1.0
4004,4008,space its perfection from argentina,try,1.0
4006,4010,from argentina emilio bofelli bashes,try,1.0
4008,4012,emilio bofelli bashes it in red roll shoulder,try,1.0
4010,4014,bashes it in red roll shoulder and down give me an advantage,try,1.0
4012,4016,shoulder and down give me an advantage,try,1.0
4014,4018,its a strike for,try,1.0
4016,4020,its a strike for argentina,normal_play,0.0
4018,4022,for argentina magical play by bofelli im,normal_play,0.0
4020,4024,magical play by bofelli im not sure why we have an injured player here,normal_play,0.0
4022,4026,im not sure why we have an injured player here lets just check,normal_play,0.0
4024,4028,lets just check the try first shall we pete,normal_play,0.0
4026,4030,check the try first shall we pete its a loose disguise,normal_play,0.0
4028,4032,its a loose disguise emilio,normal_play,0.0
4030,4034,emilio bofelli its number nine finishes,normal_play,0.0
4032,4036,emilio bofelli its number nine finishes on the whip the play under,normal_play,0.0
4034,4038,on the whip the play under advantage and how slick was this,normal_play,0.0
4036,4040,advantage and how slick was this great hands from the nine,normal_play,0.0
4038,4042,great hands from the nine gonzalo virchino,normal_play,0.0
4040,4044,gonzalo virchino slips,normal_play,0.0
4042,4046,virchino slips it to malia,normal_play,0.0
4044,4048,slips it to malia he puts his winger away,normal_play,0.0
4046,4050,he puts his winger away draws the last man,normal_play,0.0
4048,4052,away draws the last man lomacki cant,goal_kick,0.8688
4050,4054,man lomacki cant get there,goal_kick,0.8688
4052,4056,cant get there i think i still feel comfortable staying,goal_kick,0.8688
4054,4058,i think i still feel comfortable staying on this side of the scum unless you need me on that side,goal_kick,0.8688
4056,4060,staying on this side of the scum unless you need me on that side jimmy a classy connection,goal_kick,0.8688
4058,4062,jimmy a classy connection bofelli over,goal_kick,0.8688
4060,4064,connection bofelli over for his 14th try,goal_kick,0.8688
4062,4066,over for his 14th try such an important one,goal_kick,0.8688
4064,4068,such an important one for argentina,goal_kick,0.8688
4066,4070,for argentina 27 20,goal_kick,0.8688
4068,4072,27 20 their lead nearly one,goal_kick,0.8688
4070,4074,20 their lead nearly one hour play,goal_kick,0.8688
4072,4076,one hour play,goal_kick,0.5672
4080,4084,well its,goal_kick,0.8688
4082,4086,well its worked out bofelli converts,goal_kick,0.8688
4084,4088,its worked out bofelli converts his own try,goal_kick,0.8688
4086,4090,converts his own try 29 20,goal_kick,0.8688
4088,4092,29 20 argentina lead,normal_play,0.0
4090,4094,20 argentina lead weve had a,normal_play,0.0
4092,4096,weve had a change in the hearts for argentina nico sanchez,normal_play,0.0
4094,4098,a change in the hearts for argentina nico sanchez has come on for santiago,normal_play,0.0
4096,4100,sanchez has come on for santiago carreres latoro,normal_play,0.0
4098,4102,carreres latoro bazinbales has also come,normal_play,0.0
4100,4104,latoro bazinbales has also come on to the field the,normal_play,0.0
4102,4106,come on to the field the first half of the game the first half of the game the first,normal_play,0.0
4104,4108,the first half of the game the first half of the game the first half of the game the first half of the game the first half of the game,normal_play,0.0
4106,4110,first half of the game the first half of the game the first half of the game,normal_play,0.0
4108,4112,that was such good,normal_play,0.0
4110,4114,that was such good execution for that try they played right on,normal_play,0.0
4112,4116,good execution for that try they played right on the line the timing of,normal_play,0.0
4114,4118,on the line the timing of the wraparound run on malia was perfect,normal_play,0.0
4116,4120,of the wraparound run on malia was perfect we can restart,normal_play,0.0
4118,4122,perfect we can restart not,normal_play,0.0
4120,4124,not a bad option to bring sanchez off,normal_play,0.0
4122,4126,not a bad option to bring sanchez off the bench with all his mouse all,normal_play,0.0
4124,4128,off the bench with all his mouse all his wisdom,normal_play,0.0
4126,4130,all his wisdom 100,normal_play,0.0
4128,4132,100 games he reached last,normal_play,0.0
4130,4134,100 games he reached last time baru nods against chile,normal_play,0.0
4132,4136,last time baru nods against chile thats latoro bazinbales,normal_play,0.0
4134,4138,thats latoro bazinbales the olympian as well,normal_play,0.0
4136,4140,bazinbales the olympian as well so is this,kick_off,0.5159
4138,4142,so is this man played against latoro,kick_off,0.5159
4140,4144,this man played against latoro bazinbales did,kick_off,0.5159
4142,4146,bazinbales did la manila make,kick_off,0.5159
4144,4148,did la manila make but an awkward one,normal_play,0.0
4146,4150,but an awkward one will come to work for,normal_play,0.0
4148,4152,will come to work for japan,normal_play,0.0
4150,4154,for japan,normal_play,0.0
4152,4156,and the despair of,normal_play,0.0
4154,4158,and the despair of the argentinian commentators next to us,normal_play,0.0
4156,4160,of the argentinian commentators next to us theyve got hands on heads they cant believe,normal_play,0.0
4158,4162,theyve got hands on heads they cant believe it back and forth i dont see,normal_play,0.0
4160,4164,believe it back and forth i dont see a live going everyone in this,normal_play,0.0
4162,4166,see a live going everyone in this stadium theyre not,normal_play,0.0
4164,4168,this stadium theyre not going,normal_play,0.0
4166,4170,not going everyone in this stadium is,normal_play,0.0
4168,4172,everyone in this stadium is living the emotions,normal_play,0.0
4170,4174,is living the emotions,normal_play,0.0
4174,4178,argentina invite japan straight,normal_play,0.0
4176,4180,argentina invite japan straight back into the game,normal_play,0.0
4178,4182,straight back into the game hes just confirmed as well we do not look at the,normal_play,0.0
4180,4184,hes just confirmed as well we do not look at the screen,normal_play,0.0
4182,4186,the screen,normal_play,0.0
4184,4188,keep it up the side,normal_play,0.0
4186,4190,keep it up the side,normal_play,0.0
4190,4194,coach,scrum,0.4877
4192,4196,coach boys,scrum,0.4877
4194,4198,boys,scrum,0.4877
4196,4200,boys sis,scrum,0.3182
4198,4202,sis,scrum,0.3182
4202,4206,johnny nakambula in,scrum,0.4877
4204,4208,johnny nakambula in the fray replaces lom ki,scrum,0.4877
4206,4210,in the fray replaces lom ki the pass doesnt connect straight,scrum,0.4877
4208,4212,the pass doesnt connect straight away and then bounces to that far side,normal_play,0.0
4210,4214,straight away and then bounces to that far side,normal_play,0.0
4212,4216,side and thats good defense from argentina,normal_play,0.0
4214,4218,and thats good defense from argentina,normal_play,0.0
4216,4220,argentina inaccurate and clunky from japan,normal_play,0.0
4218,4222,inaccurate and clunky from japan on that occasion,normal_play,0.0
4220,4224,japan on that occasion johnny nakambula taking,normal_play,0.0
4222,4226,johnny nakambula taking it first you see if its a dangerous run to,normal_play,0.0
4224,4228,taking it first you see if its a dangerous run to bring on,normal_play,0.0
4226,4230,to bring on another dangerous run of matsushima has taken,normal_play,0.0
4228,4232,another dangerous run of matsushima has taken a seat on the bench the feet,normal_play,0.0
4230,4234,taken a seat on the bench the feet to stay out there you must,normal_play,0.0
4232,4236,feet to stay out there you must stay there youre on the line a couple of physical,normal_play,0.0
4234,4238,must stay there youre on the line a couple of physical outside backs,normal_play,0.0
4236,4240,physical outside backs come on out,normal_play,0.0
4238,4242,come on out from the side,normal_play,0.0
4240,4244,from the side come down,normal_play,0.0
4242,4246,come down,normal_play,0.0
4244,4248,come on,normal_play,0.0
4246,4250,come on,normal_play,0.0
4248,4252,argentina who conceded just two,lineout,0.4726
4250,4254,argentina who conceded just two try at this rugby world cup before this game,lineout,0.4726
4252,4256,two try at this rugby world cup before this game theyve made in a couple,lineout,0.4726
4254,4258,game theyve made in a couple still have a nine point buffer,lineout,0.4726
4256,4260,couple still have a nine point buffer as their mall goes,normal_play,0.0
4258,4262,buffer as their mall goes upfield,normal_play,0.0
4260,4264,goes upfield,normal_play,0.0
4262,4266,and thats off it again,normal_play,0.0
4264,4268,and thats off it again second little knock on thats kept in here for,normal_play,0.0
4266,4270,second little knock on thats kept in here for argentina advanced knock on,normal_play,0.0
4268,4272,for argentina advanced knock on,normal_play,0.0
4270,4274,on pedro rubiano,normal_play,0.0
4272,4276,pedro rubiano hell be filthy in the south just shelling that one,normal_play,0.0
4274,4278,hell be filthy in the south just shelling that one no real pressure last one was,normal_play,0.0
4276,4280,one no real pressure last one was good so look up,normal_play,0.0
4278,4282,was good so look up,normal_play,0.0
4280,4284,up warner derns,normal_play,0.0
4282,4286,warner derns in front of him set to make that hit,normal_play,0.0
4284,4288,derns in front of him set to make that hit again theyve just given japan,normal_play,0.0
4286,4290,again theyve just given japan a chance,normal_play,0.0
4288,4292,japan a chance,normal_play,0.0
4292,4296,just look at the standings as it stands,normal_play,0.0
4294,4298,just look at the standings as it stands right now argentina will lock in their place,normal_play,0.0
4296,4300,right now argentina will lock in their place and the runners up in this,normal_play,0.0
4298,4302,place and the runners up in this pool and they will play wales,normal_play,0.0
4300,4304,this pool and they will play wales in the quarter finals you can,normal_play,0.0
4302,4306,wales in the quarter finals you can see how close it is,normal_play,0.0
4304,4308,can see how close it is japans able to get in front theyll,normal_play,0.0
4306,4310,japans able to get in front theyll be the ones booking their ticket and staying on another,normal_play,0.0
4308,4312,theyll be the ones booking their ticket and staying on another week its winner takes,normal_play,0.0
4310,4314,another week its winner takes all its a shoot out its a,normal_play,0.0
4312,4316,takes all its a shoot out its a showdown thats how we like it,scrum,0.4253
4314,4318,a showdown thats how we like it,scrum,0.4253
4316,4320,it,scrum,0.4253
4318,4322,it second time,scrum,0.4253
4320,4324,it second time penalty japan number three,penalty,0.6128
4322,4326,time penalty japan number three its the second time,penalty,0.6128
4324,4328,three its the second time nothing guys its okay,penalty,0.6128
4326,4330,nothing guys its okay,penalty,0.6128
4328,4332,tight head pulls back,normal_play,0.0
4330,4334,tight head pulls back straight to ground,normal_play,0.0
4332,4336,back straight to ground,normal_play,0.0
4340,4344,theyre going to the,normal_play,0.2337
4342,4346,theyre going to the corner keep me on your side next time paul,normal_play,0.2337
4344,4348,the corner keep me on your side next time paul ill come,normal_play,0.2337
4346,4350,ill come,normal_play,0.2337
4348,4352,yeah yeah i can see,normal_play,0.0
4350,4354,yeah yeah i can see his arse up from my side as,normal_play,0.0
4352,4356,see his arse up from my side as well hes potec,normal_play,0.0
4354,4358,as well hes potec close for me argentina have,normal_play,0.0
4356,4360,potec close for me argentina have had the better of this battle,normal_play,0.0
4358,4362,have had the better of this battle at line out on more time but lets see,normal_play,0.0
4360,4364,at line out on more time but lets see what japan can manufacture from,normal_play,0.0
4362,4366,see what japan can manufacture from 10 metres out its a good start,normal_play,0.0
4364,4368,from 10 metres out its a good start ten metres,lineout,0.2891
4366,4370,ten metres stay,lineout,0.2891
4368,4372,metres stay,lineout,0.2891
4370,4374,to the front to leach,lineout,0.2891
4372,4376,to the front to leach and the five,normal_play,0.0
4374,4378,and the five what have they got up their sleeve,normal_play,0.0
4376,4380,what have they got up their sleeve,maul,0.5412
4378,4382,sleeve,maul,0.5412
4380,4384,more still going for japan,maul,0.5412
4382,4386,more still going for japan argentina piling in,maul,0.5412
4384,4388,japan argentina piling in looking to drive that towards the touch line,maul,0.5412
4386,4390,looking to drive that towards the touch line its but three,maul,0.5412
4388,4392,its but three big bump from fafita,normal_play,0.0
4390,4394,big bump from fafita the battering ram gets,normal_play,0.0
4392,4396,the battering ram gets within three water jones,normal_play,0.0
4394,4398,gets within three water jones the big replacement,normal_play,0.0
4396,4400,jones the big replacement japan,normal_play,0.0
4398,4402,replacement japan with advantage as well,normal_play,0.0
4400,4404,japan with advantage as well theyre on the,normal_play,0.0
4402,4406,theyre on the brink of another score,normal_play,0.0
4404,4408,the brink of another score matsuda,normal_play,0.0
4406,4410,matsuda links it away riley,normal_play,0.0
4408,4412,matsuda links it away riley head space to the,normal_play,0.0
4410,4414,head space to the right hand side,normal_play,0.0
4412,4416,the right hand side nakamura comes in fafitas there as,normal_play,0.0
4414,4418,nakamura comes in fafitas there as well its over the top beautiful footwork,normal_play,0.0
4416,4420,as well its over the top beautiful footwork from nakamura,normal_play,0.0
4418,4422,footwork from nakamura but argentina,normal_play,0.0
4420,4424,but argentina equal to the task simon blue,penalty,0.6128
4422,4426,argentina equal to the task simon blue,penalty,0.6128
4424,4428,blue,penalty,0.6128
4426,4430,well they missed out there,penalty,0.6128
4428,4432,well they missed out there pretty criminal from dylan riley he,normal_play,0.0
4430,4434,there pretty criminal from dylan riley he had nakamura outside him,normal_play,0.0
4432,4436,had nakamura outside him plus another,normal_play,0.0
4434,4438,him plus another japanese attacker,normal_play,0.0
4436,4440,another japanese attacker look like theyre walking in in the,normal_play,0.0
4438,4442,look like theyre walking in in the corner underneath us wow,normal_play,0.0
4440,4444,the corner underneath us wow play and play on were playing on,normal_play,0.0
4442,4446,wow play and play on were playing on so if youre going to be on the line now they come back for the penalty,normal_play,0.0
4444,4448,so if youre going to be on the line now they come back for the penalty kremer lying on the wrong side of the tackle,normal_play,0.0
4446,4450,penalty kremer lying on the wrong side of the tackle,normal_play,0.0
4448,4452,tackle,normal_play,0.0
4450,4454,time off time,normal_play,0.0
4452,4456,time off time off,normal_play,0.0
4454,4458,time off,normal_play,0.0
4460,4464,hes checked,normal_play,0.0
4462,4466,hes checked theres no foul play,normal_play,0.0
4464,4468,theres no foul play its all right,normal_play,0.0
4466,4470,its all right weve got time off,normal_play,0.0
4468,4472,right weve got time off this for me its got to go through the hands,normal_play,0.0
4470,4474,this for me its got to go through the hands its lemeke with nakamura,normal_play,0.0
4472,4476,hands its lemeke with nakamura hes desperate for it,normal_play,0.0
4474,4478,nakamura hes desperate for it he was already celebrating,normal_play,0.0
4476,4480,he was already celebrating like a man i reckon he knew that was a guaranteed,normal_play,0.0
4478,4482,celebrating like a man i reckon he knew that was a guaranteed one,normal_play,0.0
4480,4484,guaranteed one,normal_play,0.0
4482,4486,one,normal_play,0.0
4486,4490,what an occasion for an,normal_play,0.0
4488,4492,what an occasion for an early taste of rugby union ill let you,normal_play,0.0
4490,4494,an early taste of rugby union ill let you know ill let you know ok ill let you know,normal_play,0.0
4492,4496,you know ill let you know ok ill let you know wait until i go,normal_play,0.0
4494,4498,know wait until i go,normal_play,0.0
4498,4502,japan set up,normal_play,0.0
4500,4504,japan set up for a,normal_play,0.0
4502,4506,for a tap here julien were about to restart,normal_play,0.0
4504,4508,a tap here julien were about to restart ok now to the side talk,normal_play,0.0
4506,4510,restart ok now to the side talk we dont hear time off huge moment,normal_play,0.0
4508,4512,we dont hear time off huge moment in the game for japan,normal_play,0.0
4510,4514,moment in the game for japan and the hopes of a second,normal_play,0.0
4512,4516,and the hopes of a second ever quarter final place,try,1.0
4514,4518,ever quarter final place michael leach carries well,try,1.0
4516,4520,michael leach carries well nakamura turns it back now,try,1.0
4518,4522,nakamura turns it back now theres space again nakamura,try,1.0
4520,4524,now theres space again nakamura for the corner hes there,try,1.0
4522,4526,nakamura for the corner hes there,try,1.0
4524,4528,there japan a,try,1.0
4526,4530,japan a red heart,try,1.0
4528,4532,a red heart,try,1.0
4536,4540,well you cannot keep them,try,1.0
4538,4542,well you cannot keep them down its a set play,try,1.0
4540,4544,them down its a set play they hit up they wrap the same way,try,1.0
4542,4546,they hit up they wrap the same way and this time it does find its way through,try,1.0
4544,4548,and this time it does find its way through the hands of lemeke,normal_play,0.0
4546,4550,through the hands of lemeke to nakamura and he,normal_play,0.0
4548,4552,lemeke to nakamura and he uses his power and,normal_play,0.0
4550,4554,he uses his power and is scoring for os to get this one,normal_play,0.0
4552,4556,and is scoring for os to get this one over in the corner,normal_play,0.0
4554,4558,one over in the corner you cannot keep japan down,normal_play,0.0
4556,4560,you cannot keep japan down,normal_play,0.0
4562,4566,the look on montages,normal_play,0.0
4564,4568,the look on montages face,normal_play,0.0
4566,4570,montages face argentina concede their third try,normal_play,0.0
4568,4572,argentina concede their third try johnny nakamura,normal_play,0.0
4570,4574,try johnny nakamura the 29 year old,normal_play,0.0
4572,4576,nakamura the 29 year old originally,normal_play,0.0
4574,4578,old originally from fiji as the fans,normal_play,0.0
4576,4580,originally from fiji as the fans cant watch,normal_play,0.0
4578,4582,fans cant watch,normal_play,0.0
4582,4586,rekia matsuda,normal_play,0.0
4584,4588,rekia matsuda the fly for her to hand in that try,normal_play,0.0
4586,4590,the fly for her to hand in that try,normal_play,0.0
4588,4592,try,normal_play,0.0
4604,4608,it is a massive,goal_kick,0.8688
4606,4610,it is a massive conversion over,goal_kick,0.8688
4608,4612,massive conversion over 90 strike rate,normal_play,0.0
4610,4614,over 90 strike rate a vital extra two and,normal_play,0.0
4612,4616,rate a vital extra two and its 29 27,normal_play,0.0
4614,4618,and its 29 27 argentina lead,normal_play,0.0
4616,4620,27 argentina lead just,normal_play,0.0
4618,4622,just seeing the joy on jamie josephs,normal_play,0.0
4620,4624,just seeing the joy on jamie josephs face after that try hes,normal_play,0.0
4622,4626,josephs face after that try hes leaving the team after this,normal_play,0.0
4624,4628,hes leaving the team after this world cup does not want this to be,normal_play,0.0
4626,4630,this world cup does not want this to be his last game,normal_play,0.0
4628,4632,be his last game,kick_off,0.5159
4630,4634,they want to keep marching in,kick_off,0.5159
4632,4636,they want to keep marching in this epic,kick_off,0.5159
4634,4638,in this epic tournament,kick_off,0.5159
4636,4640,epic tournament quarter finals for their first time last,normal_play,0.0
4638,4642,quarter finals for their first time last time they topped the pool in,normal_play,0.0
4640,4644,last time they topped the pool in 2019 in japan,normal_play,0.0
4642,4646,in 2019 in japan but argentina may,normal_play,0.0
4644,4648,but argentina may have other things to say about this so dangerous,normal_play,0.0
4646,4650,may have other things to say about this so dangerous with aerial,normal_play,0.0
4648,4652,dangerous with aerial ball bassan valdez,normal_play,0.2142
4650,4654,aerial ball bassan valdez moves it to the right hand side,normal_play,0.2142
4652,4656,valdez moves it to the right hand side rubiolo carries,normal_play,0.2142
4654,4658,rubiolo carries,normal_play,0.2142
4656,4660,sanchez fires a ball in midfield,normal_play,0.0
4658,4662,sanchez fires a ball in midfield to alemano,normal_play,0.0
4660,4664,midfield to alemano bassan valdez again,normal_play,0.4032
4662,4666,bassan valdez again sanchez looking up nicely malia looking up,normal_play,0.4032
4664,4668,sanchez looking up nicely malia looking up bofeli has some space to operate,normal_play,0.4032
4666,4670,up bofeli has some space to operate ameliana bofeli,normal_play,0.4032
4668,4672,operate ameliana bofeli spored one in this game already into,normal_play,0.4032
4670,4674,bofeli spored one in this game already into the 22 the forwards now look for,normal_play,0.4032
4672,4676,into the 22 the forwards now look for work alemano carries,normal_play,0.4032
4674,4678,for work alemano carries,normal_play,0.4032
4676,4680,carries,normal_play,0.0
4678,4682,pedro rubiolo,normal_play,0.0
4680,4684,pedro rubiolo,normal_play,0.4032
4682,4686,rubiolo and now gonzalez,normal_play,0.4032
4684,4688,and now gonzalez darnage,normal_play,0.4032
4686,4690,darnage advanis just time for the,normal_play,0.4032
4688,4692,advanis just time for the los pumas side malia,try,1.0
4690,4694,the los pumas side malia carreras gets the fan,try,1.0
4692,4696,malia carreras gets the fan he will go through what,try,1.0
4694,4698,fan he will go through what a dive what a score,try,1.0
4696,4700,what a dive what a score alhantrik for,try,1.0
4698,4702,score alhantrik for mateo carreras,try,1.0
4700,4704,for mateo carreras at the biggest stage,try,1.0
4702,4706,at the biggest stage,try,1.0
4704,4708,stage,try,1.0
4714,4718,he is,try,1.0
4716,4720,he is having quite,try,1.0
4718,4722,is having quite the afternoon they were playing,try,1.0
4720,4724,quite the afternoon they were playing under advantage again and he,normal_play,0.0
4722,4726,under advantage again and he pinballs through the speed,normal_play,0.0
4724,4728,he pinballs through the speed with which he carries into the,normal_play,0.0
4726,4730,speed with which he carries into the contact is sublime,normal_play,0.0
4728,4732,contact is sublime and its so difficult to stop,normal_play,0.0
4730,4734,sublime and its so difficult to stop,normal_play,0.0
4732,4736,stop gets the fan in the chest,normal_play,0.0
4734,4738,gets the fan in the chest and accelerates away,normal_play,0.0
4736,4740,chest and accelerates away alhantrik nico,normal_play,0.0
4738,4742,alhantrik nico sorry its here,normal_play,0.0
4740,4744,nico sorry its here,normal_play,0.0
4742,4746,three try,normal_play,0.0
4744,4748,three try in a single match,normal_play,0.0
4746,4750,try in a single match for that winger,normal_play,0.0
4748,4752,for that winger he,normal_play,0.0
4750,4754,he had scored a total of three,normal_play,0.0
4752,4756,he had scored a total of three in 13 appearances before,goal_kick,0.8688
4754,4758,three in 13 appearances before this,goal_kick,0.8688
4756,4760,before this the replacement,goal_kick,0.8688
4758,4762,the replacement nicolas sanchez,goal_kick,0.8688
4760,4764,replacement nicolas sanchez hes 101st game for,goal_kick,0.8688
4762,4766,sanchez hes 101st game for argentina,goal_kick,0.8688
4764,4768,for argentina fourth rugby world cup,goal_kick,0.8688
4766,4770,fourth rugby world cup,goal_kick,0.8688
4768,4772,their crowd appreciate,goal_kick,0.8688
4770,4774,their crowd appreciate what,goal_kick,0.8688
4772,4776,appreciate what their side has just done,goal_kick,0.8688
4774,4778,what their side has just done,goal_kick,0.8688
4776,4780,done,goal_kick,0.8688
4782,4786,the crowd is excited,normal_play,0.0
4784,4788,the crowd is excited well the kind,normal_play,0.0
4786,4790,well the kind of game well they just,normal_play,0.0
4788,4792,of game well they just want to get the ball to mateo carreras,normal_play,0.0
4790,4794,just want to get the ball to mateo carreras,normal_play,0.0
4792,4796,carreras,normal_play,0.0
4798,4802,argentina have eyes on,kick_off,0.213
4800,4804,argentina have eyes on the quarterfinals next week,kick_off,0.213
4802,4806,on the quarterfinals next week but 10 minutes to go still,kick_off,0.213
4804,4808,but 10 minutes to go still,kick_off,0.213
4806,4810,japan big drop kick from,kick_off,0.213
4808,4812,japan big drop kick from lemecky its been,normal_play,0.0
4810,4814,from lemecky its been dropped again and,normal_play,0.0
4812,4816,been dropped again and so this will be japan on attack,normal_play,0.0
4814,4818,so this will be japan on attack,normal_play,0.0
4816,4820,attack,normal_play,0.0
4818,4822,its familiar weve seen this before,normal_play,0.0
4820,4824,its familiar weve seen this before after argentinas last score,normal_play,0.0
4822,4826,before after argentinas last score number 12 inviting japan,normal_play,0.0
4824,4828,number 12 inviting japan into the game 13 argentina substitution times up,normal_play,0.0
4826,4830,japan into the game 13 argentina substitution times up giving japan the,normal_play,0.0
4828,4832,up giving japan the opportunity to keep it close,normal_play,0.0
4830,4834,the opportunity to keep it close theyve come back once can they do it again,normal_play,0.0
4832,4836,theyve come back once can they do it again theyre bringing yamanaka,normal_play,0.0
4834,4838,theyre bringing yamanaka onto the field,normal_play,0.0
4836,4840,yamanaka onto the field they also have a substitution as well,normal_play,0.0
4838,4842,field they also have a substitution as well no,normal_play,0.0
4840,4844,no your,normal_play,0.0
4842,4846,no your 12 was substituted,normal_play,0.0
4844,4848,your 12 was substituted,normal_play,0.0
4846,4850,and,normal_play,0.0
4848,4852,and number 7 white as well,normal_play,0.0
4850,4854,and number 7 white as well fight,normal_play,0.0
4852,4856,well fight,normal_play,0.0
4854,4858,fight,normal_play,0.0
4858,4862,and what a delight it has been,normal_play,0.0
4860,4864,and what a delight it has been this afternoon to watch mateo carreras,normal_play,0.0
4862,4866,been this afternoon to watch mateo carreras go about his business,normal_play,0.0
4864,4868,carreras go about his business one of the best finishes,normal_play,0.0
4866,4870,one of the best finishes mateo scored one of the best try,normal_play,0.0
4868,4872,mateo scored one of the best try weve ever seen in the english premiership last,normal_play,0.0
4870,4874,try weve ever seen in the english premiership last season,normal_play,0.0
4872,4876,last season and three,normal_play,0.0
4874,4878,and three very important ones for his country tonight,normal_play,0.0
4876,4880,three very important ones for his country tonight but its,normal_play,0.0
4878,4882,tonight but its not,normal_play,0.0
4880,4884,its not over 10 minutes to play,normal_play,0.0
4882,4886,not over 10 minutes to play a few changes,normal_play,0.0
4884,4888,a few changes,normal_play,0.0
4888,4892,we all catch our breath,normal_play,0.0
4890,4894,we all catch our breath before the final 10,normal_play,0.0
4892,4896,breath before the final 10,normal_play,0.0
4894,4898,10 quarter final spot on the line dullan,normal_play,0.0
4896,4900,quarter final spot on the line dullan its nervy its 10 francisco,normal_play,0.0
4898,4902,dullan its nervy its 10 francisco what i liked,normal_play,0.0
4900,4904,francisco what i liked about your first half is that you stayed down on,normal_play,0.0
4902,4906,liked about your first half is that you stayed down on the square,normal_play,0.0
4904,4908,on the square so tense,normal_play,0.0
4906,4910,so tense indeed francisco gomesco de la,normal_play,0.0
4908,4912,tense indeed francisco gomesco de la back on the field no head,normal_play,0.0
4910,4914,back on the field no head on here the,normal_play,0.0
4912,4916,head on here the crowd,normal_play,0.0
4914,4918,the crowd theyre nervous theyre anxious,normal_play,0.0
4916,4920,theyre nervous theyre anxious,normal_play,0.0
4926,4930,crowds so 9 points,scrum,0.4877
4928,4932,crowds so 9 points to difference japan fines,scrum,0.4877
4930,4934,points to difference japan fines,scrum,0.4877
4932,4936,fines have an attacking scruple at the,scrum,0.3622
4934,4938,have an attacking scruple at the 22,scrum,0.3622
4936,4940,the 22,scrum,0.3622
4938,4942,down the short side,scrum,0.3622
4940,4944,down the short side night cambola,scrum,0.4877
4942,4946,night cambola firm tackle brings him to the deck,scrum,0.4877
4944,4948,firm tackle brings him to the deck saito takes this one out,normal_play,0.0
4946,4950,deck saito takes this one out himuna,normal_play,0.0
4948,4952,out himuna still going strong is the number 8 with,normal_play,0.4032
4950,4954,still going strong is the number 8 with the toyota verbalet side,normal_play,0.4032
4952,4956,with the toyota verbalet side,normal_play,0.4032
4954,4958,tackle come in forcing,normal_play,0.4032
4956,4960,tackle come in forcing a turnover there,normal_play,0.0
4958,4962,forcing a turnover there and shosh clavy all over it,normal_play,0.0
4960,4964,and shosh clavy all over it,normal_play,0.0
4966,4970,its an almighty collision,normal_play,0.0
4968,4972,its an almighty collision in the midfield,normal_play,0.0
4970,4974,collision in the midfield this is the,normal_play,0.0
4972,4976,midfield this is the set play,normal_play,0.0
4974,4978,the set play its not the biggest of mens,normal_play,0.0
4976,4980,its not the biggest of mens progette team its sanchez and,normal_play,0.0
4978,4982,mens progette team its sanchez and latorre bazambale is putting a good shot in on,normal_play,0.0
4980,4984,and latorre bazambale is putting a good shot in on night cambola but it was this one that made the,normal_play,0.0
4982,4986,on night cambola but it was this one that made the force the knock on,normal_play,0.0
4984,4988,the force the knock on,normal_play,0.0
5000,5004,crowds,normal_play,0.0
5002,5006,crowds,normal_play,0.0
5008,5012,time off,normal_play,0.0
5010,5014,time off its the end ball,normal_play,0.0
5012,5016,its the end ball stick to it,normal_play,0.0
5014,5018,stick to it,normal_play,0.0
5034,5038,we,normal_play,0.0
5036,5040,we love you argentina we love you,normal_play,0.0
5038,5042,we love you argentina we love you japan,normal_play,0.0
5040,5044,you japan fines they bring,scrum,0.1952
5042,5046,fines they bring so much to the game,scrum,0.1952
5044,5048,bring so much to the game theres,scrum,0.1952
5046,5050,theres their action heroes do battle on the field,scrum,0.1952
5048,5052,theres their action heroes do battle on the field play the ball,scrum,0.2225
5050,5054,field play the ball latorre bazambale taking,scrum,0.2225
5052,5056,latorre bazambale taking back fines his fullback,normal_play,0.4032
5054,5058,taking back fines his fullback big kick from malia,normal_play,0.4032
5056,5060,fullback big kick from malia,normal_play,0.4032
5058,5062,malia japan return the favour,normal_play,0.4032
5060,5064,malia japan return the favour japan now here 10 metres,normal_play,0.0
5062,5066,favour japan now here 10 metres,normal_play,0.0
5064,5068,this is where argentina look to,normal_play,0.0
5066,5070,this is where argentina look to exploit so well moves to get the fullback,normal_play,0.0
5068,5072,to exploit so well moves to get the fullback one cruise malia,normal_play,0.4032
5070,5074,fullback one cruise malia theyre barreled down low,normal_play,0.4032
5072,5076,theyre barreled down low the san bale is,normal_play,0.4032
5074,5078,low the san bale is fine sanchez he goes to the sky,normal_play,0.4032
5076,5080,is fine sanchez he goes to the sky matias moroni is chasing,normal_play,0.0
5078,5082,sky matias moroni is chasing scored two try last time the sides met back,normal_play,0.0
5080,5084,chasing scored two try last time the sides met back in 2017 night cambola,normal_play,0.4032
5082,5086,back in 2017 night cambola great timing from,normal_play,0.4032
5084,5088,cambola great timing from the winger,normal_play,0.4032
5086,5090,from the winger saito matsuda again looking to,normal_play,0.4032
5088,5092,saito matsuda again looking to link up and stretch the,normal_play,0.4032
5090,5094,to link up and stretch the defence good switch,normal_play,0.4032
5092,5096,the defence good switch trying to unlock,normal_play,0.4032
5094,5098,switch trying to unlock something in front of that far side river on the ball,normal_play,0.4032
5096,5100,unlock something in front of that far side river on the ball moroni comes in miller,normal_play,0.4032
5098,5102,ball moroni comes in miller just on the body,normal_play,0.4032
5100,5104,miller just on the body,normal_play,0.4032
5102,5106,body japan needs something special,normal_play,0.4032
5104,5108,japan needs something special,normal_play,0.4032
5106,5110,special driven back in,normal_play,0.4032
5108,5112,driven back in the tackle theres yamanaka,normal_play,0.4032
5110,5114,in the tackle theres yamanaka sip sip,normal_play,0.4032
5112,5116,sip sip saito then have to look,normal_play,0.4032
5114,5118,saito then have to look for a kick through matsuda,normal_play,0.4032
5116,5120,look for a kick through matsuda,normal_play,0.4032
5118,5122,matsuda again good feet,normal_play,0.4032
5120,5124,again good feet from malia,normal_play,0.4032
5122,5126,feet from malia,normal_play,0.4032
5124,5128,malia bazambale to karema,normal_play,0.4032
5126,5130,bazambale to karema sanchez flying into open,normal_play,0.4032
5128,5132,karema sanchez flying into open spaces off the ball,normal_play,0.0
5130,5134,open spaces off the ball,normal_play,0.0
5132,5136,ball a nice,normal_play,0.0
5134,5138,a nice strike but will come,normal_play,0.0
5136,5140,nice strike but will come back to the original penalty,normal_play,0.0
5138,5142,come back to the original penalty lets just get this mark right,normal_play,0.0
5140,5144,lets just get this mark right,penalty,0.6128
5142,5146,right,penalty,0.6128
5144,5148,tackle,penalty,0.6128
5146,5150,tackle off the ball by 18 red,penalty,0.6128
5148,5152,tackle off the ball by 18 red 18 red,normal_play,0.0
5150,5154,18 red a fair bit of,normal_play,0.0
5152,5156,a fair bit of smarts required from argentina now so,normal_play,0.0
5154,5158,of smarts required from argentina now so much of this game would have been about the,normal_play,0.0
5156,5160,so much of this game would have been about the passion nows,normal_play,0.0
5158,5162,the passion nows the time for cool heads,normal_play,0.0
5160,5164,nows the time for cool heads what are,normal_play,0.0
5162,5166,what are we going to do because the times moving thats,normal_play,0.0
5164,5168,are we going to do because the times moving thats what the penalty was for tackle off the ball,normal_play,0.0
5166,5170,thats what the penalty was for tackle off the ball on chocobares,normal_play,0.0
5168,5172,ball on chocobares its about,normal_play,0.0
5170,5174,its about a meter or,normal_play,0.0
5172,5176,about a meter or so into the japanese half,normal_play,0.0
5174,5178,so into the japanese half,normal_play,0.0
5176,5180,half,normal_play,0.0
5196,5200,game,normal_play,0.0
5198,5202,game nicholas sanchez,normal_play,0.0
5200,5204,game nicholas sanchez,goal_kick,0.8688
5202,5206,sanchez,goal_kick,0.8688
5204,5208,to try to lock up,goal_kick,0.8688
5206,5210,to try to lock up this game for argentina,goal_kick,0.8688
5208,5212,up this game for argentina,goal_kick,0.8688
5214,5218,and hes absolutely,goal_kick,0.8688
5216,5220,and hes absolutely nailed it match 101,goal_kick,0.8688
5218,5222,absolutely nailed it match 101 for his country,goal_kick,0.8688
5220,5224,101 for his country but a very important three,normal_play,0.0
5222,5226,but a very important three points has him up,normal_play,0.0
5224,5228,three points has him up 39 points to 27,normal_play,0.0
5226,5230,39 points to 27 well youd,normal_play,0.0
5228,5232,well youd bank on him hes not missed a kick of,normal_play,0.0
5230,5234,youd bank on him hes not missed a kick of goal in this world cup all,normal_play,0.0
5232,5236,of goal in this world cup all eight shots coming into this game,normal_play,0.0
5234,5238,all eight shots coming into this game,normal_play,0.0
5236,5240,love the way the crowd just,kick_off,0.3555
5238,5242,love the way the crowd just hushed went from party,kick_off,0.3555
5240,5244,just hushed went from party to respect in an instant,kick_off,0.3555
5242,5246,party to respect in an instant contest,kick_off,0.3555
5244,5248,instant contest will come down here to argentina,normal_play,0.0
5246,5250,will come down here to argentina japan needed that with,normal_play,0.0
5248,5252,japan needed that with five minutes to go,normal_play,0.3251
5250,5254,five minutes to go couple of scores,normal_play,0.3251
5252,5256,go couple of scores certainly capable of,normal_play,0.3251
5254,5258,scores certainly capable of that but,normal_play,0.3251
5256,5260,of that but los famos want to ice this game,normal_play,0.4032
5258,5262,but los famos want to ice this game so is latorre bazanbelez,normal_play,0.4032
5260,5264,so is latorre bazanbelez bronze medalist from tokyo with the los,normal_play,0.4032
5262,5266,bronze medalist from tokyo with the los famos sevens puts it to,normal_play,0.4032
5264,5268,los famos sevens puts it to the sky naik mboula,normal_play,0.4032
5266,5270,to the sky naik mboula reads it well again,normal_play,0.4032
5268,5272,mboula reads it well again two beautiful takes in a row from,normal_play,0.4032
5270,5274,two beautiful takes in a row from the winger saito to,normal_play,0.4032
5272,5276,from the winger saito to craig miller the 32 year old,normal_play,0.4032
5274,5278,to craig miller the 32 year old plays with the panasonic wild knights,normal_play,0.4032
5276,5280,old plays with the panasonic wild knights but for japan,normal_play,0.4032
5278,5282,knights but for japan their hopes,normal_play,0.4032
5280,5284,japan their hopes are slowly slipping,normal_play,0.0
5282,5286,hopes are slowly slipping away unless they can make something of this,normal_play,0.0
5284,5288,slipping away unless they can make something of this yamanaka,normal_play,0.4032
5286,5290,this yamanaka the 35 year old,normal_play,0.4032
5288,5292,yamanaka the 35 year old second rugby world cup,normal_play,0.4032
5290,5294,second rugby world cup what a turn with a beautiful half break here comes japan,normal_play,0.4032
5292,5296,what a turn with a beautiful half break here comes japan,normal_play,0.0
5294,5298,japan saito look,normal_play,0.0
5296,5300,saito look at the link up matsuda,normal_play,0.0
5298,5302,look at the link up matsuda just a few defenders up,normal_play,0.0
5300,5304,just a few defenders up front yamanaka riley,normal_play,0.0
5302,5306,up front yamanaka riley flies up field,normal_play,0.0
5304,5308,riley flies up field,normal_play,0.0
5306,5310,off the,normal_play,0.0
5308,5312,off the knee play on good skills,normal_play,0.0
5310,5314,the knee play on good skills derns yet again he was the one that,normal_play,0.0
5312,5316,skills derns yet again he was the one that had the break up,normal_play,0.4032
5314,5318,that had the break up lemecky falls to the deck,normal_play,0.4032
5316,5320,lemecky falls to the deck support is there himano chooses,normal_play,0.4032
5318,5322,support is there himano chooses a good line,normal_play,0.4032
5320,5324,chooses a good line advantage for,normal_play,0.0
5322,5326,advantage for japan here come the brave,normal_play,0.0
5324,5328,for japan here come the brave blossoms theyre flowing over the top,normal_play,0.0
5326,5330,blossoms theyre flowing over the top for fita,normal_play,0.0
5328,5332,for fita nice pass,normal_play,0.0
5330,5334,nice pass ryohei yamanaka,normal_play,0.0
5332,5336,ryohei yamanaka again carries well hes good,normal_play,0.0
5334,5338,yamanaka again carries well hes good back to the pinnacle,normal_play,0.0
5336,5340,good back to the pinnacle getting very very close,normal_play,0.0
5338,5342,getting very very close japan they are,normal_play,0.0
5340,5344,close japan they are but they need a quick score number 8,normal_play,0.0
5342,5346,are but they need a quick score number 8 if they got any chance,normal_play,0.0
5344,5348,8 if they got any chance,normal_play,0.0
5346,5350,in front of the post,normal_play,0.0
5348,5352,in front of the post theres a few tired,penalty,0.6128
5350,5354,theres a few tired bodies out there theyve got to,penalty,0.6128
5352,5356,tired bodies out there theyve got to keep pushing on japan if theyre going to,penalty,0.6128
5354,5358,to keep pushing on japan if theyre going to salvage anything in this game,penalty,0.6128
5356,5360,to salvage anything in this game himanos,normal_play,0.0
5358,5362,himanos kept running,normal_play,0.0
5360,5364,himanos kept running hes picked some beautiful lines back on,normal_play,0.0
5362,5366,hes picked some beautiful lines back on the angle towards the rock off his scrum half,normal_play,0.0
5364,5368,on the angle towards the rock off his scrum half hes,normal_play,0.0
5366,5370,half hes going to pop this one into the corner matsuda,normal_play,0.0
5368,5372,hes going to pop this one into the corner matsuda,normal_play,0.0
5370,5374,matsuda,normal_play,0.0
5374,5378,theyre going to want to get on,normal_play,0.0
5376,5380,theyre going to want to get on the move here theyve got to get,normal_play,0.0
5378,5382,on the move here theyve got to get two scores,normal_play,0.0
5380,5384,get two scores,normal_play,0.0
5384,5388,number,normal_play,0.0
5386,5390,number 2 julian,normal_play,0.0
5388,5392,number 2 julian subs,normal_play,0.0
5390,5394,subs,normal_play,0.0
5394,5398,montauga leaves the field,normal_play,0.0
5396,5400,montauga leaves the field alphysine kirby,normal_play,0.0
5398,5402,field alphysine kirby who overtakes marona dismas,normal_play,0.0
5400,5404,who overtakes marona dismas rugby world cup most capped,normal_play,0.0
5402,5406,dismas rugby world cup most capped record there he goes just slip off the line,normal_play,0.0
5404,5408,capped record there he goes just slip off the line off the line 19 matches now,normal_play,0.0
5406,5410,off the line 19 matches now but its japan,normal_play,0.0
5408,5412,now but its japan the light shines on,lineout,0.4726
5410,5414,the light shines on them this their moment,lineout,0.4726
5412,5416,on them this their moment,lineout,0.4726
5414,5418,line up comes back,lineout,0.4726
5416,5420,line up comes back down to leach,normal_play,0.0
5418,5422,back down to leach japan need to score now,normal_play,0.0
5420,5424,japan need to score now to stay in the home for the quarterfinals,normal_play,0.0
5422,5426,now to stay in the home for the quarterfinals,normal_play,0.0
5424,5428,quarterfinals bounce ball behind the back not,normal_play,0.0
5426,5430,bounce ball behind the back not the best one and it has,normal_play,0.0
5428,5432,the best one and it has been knocked on japan in front,normal_play,0.0
5430,5434,has been knocked on japan in front their chances slip away,normal_play,0.0
5432,5436,front their chances slip away no its accidental,normal_play,0.0
5434,5438,away no its accidental,normal_play,0.0
5436,5440,between the feet offside accidental,normal_play,0.0
5438,5442,between the feet offside accidental,normal_play,0.0
5440,5444,the referees ready the,normal_play,0.0
5442,5446,the referees ready the argentinian fans,normal_play,0.0
5444,5448,the argentinian fans not,normal_play,0.0
5446,5450,not so jamie joseph,normal_play,0.0
5448,5452,not so jamie joseph perhaps its time to see the,normal_play,0.0
5450,5454,joseph perhaps its time to see the right on the wall less than,normal_play,0.0
5452,5456,the right on the wall less than two minutes to play just like we,normal_play,0.0
5454,5458,than two minutes to play just like we see it argentina ball,normal_play,0.0
5456,5460,we see it argentina ball see what,normal_play,0.0
5458,5462,see what,normal_play,0.0
5460,5464,what it means,normal_play,0.0
5462,5466,what it means to fans here and around the world,normal_play,0.0
5464,5468,means to fans here and around the world,normal_play,0.0
5466,5470,world,normal_play,0.0
5470,5474,cards,scrum,0.4877
5472,5476,cards,scrum,0.4877
5474,5478,argentina,scrum,0.4877
5476,5480,argentina didnt make the knockout stages,scrum,0.3023
5478,5482,argentina didnt make the knockout stages four years ago,scrum,0.3023
5480,5484,stages four years ago,scrum,0.3023
5486,5490,reset,normal_play,0.0
5488,5492,reset no one going forward,normal_play,0.0
5490,5494,no one going forward time off as,normal_play,0.0
5492,5496,time off as we reset,normal_play,0.0
5494,5498,as we reset,normal_play,0.0
5498,5502,pancriss,normal_play,0.0
5500,5504,pancriss firing the crowd up,normal_play,0.0
5502,5506,firing the crowd up as well,normal_play,0.0
5504,5508,up as well stay square,normal_play,0.0
5506,5510,well stay square time back on stay square,normal_play,0.0
5508,5512,time back on stay square,normal_play,0.0
5510,5514,square,normal_play,0.0
5512,5516,square time back on time back,normal_play,0.0
5514,5518,square time back on time back,normal_play,0.0
5516,5520,back on time back on,normal_play,0.0
5518,5522,back on time back on,normal_play,0.0
5520,5524,argentina scored,scrum,0.4877
5522,5526,argentina scored five try in this game,scrum,0.4877
5524,5528,scored five try in this game three from mateo carrara,scrum,0.4877
5526,5530,three from mateo carrara to put them off,scrum,0.4877
5528,5532,carrara to put them off final,scrum,0.4877
5530,5534,final 45 seconds,scrum,0.4877
5532,5536,45 seconds and advantage,scrum,0.4877
5534,5538,seconds and advantage they pick at the,scrum,0.4877
5536,5540,advantage they pick at the back,normal_play,0.0
5538,5542,the back chocobanes,normal_play,0.0
5540,5544,chocobanes like a house on fire,normal_play,0.0
5542,5546,like a house on fire sanchez,normal_play,0.0
5544,5548,sanchez to his full back,normal_play,0.0
5546,5550,sanchez to his full back,normal_play,0.0
5548,5552,back boffelli,normal_play,0.4032
5550,5554,boffelli,normal_play,0.4032
5552,5556,to sanbelez,normal_play,0.4032
5554,5558,to sanbelez referee,normal_play,0.4032
5556,5560,referee o keefe back to the,normal_play,0.0
5558,5562,referee o keefe back to the mark,normal_play,0.0
5560,5564,the mark long way back to the mark,normal_play,0.0
5562,5566,long way back to the mark straight and lucid a,normal_play,0.0
5564,5568,straight and lucid a bit of advice,normal_play,0.0
5566,5570,a bit of advice,normal_play,0.0
5568,5572,time off,normal_play,0.0
5570,5574,time off anything now would have been too little too late for japan,normal_play,0.0
5572,5576,anything now would have been too little too late for japan its victory handshakes,normal_play,0.0
5574,5578,japan its victory handshakes and the argentina coaching box,normal_play,0.0
5576,5580,handshakes and the argentina coaching box and a smirk from michael,normal_play,0.0
5578,5582,box and a smirk from michael checa,normal_play,0.0
5580,5584,michael checa,normal_play,0.0
5586,5590,argentina are officially,normal_play,0.0
5588,5592,argentina are officially in the rugby world cup quarter,normal_play,0.0
5590,5594,officially in the rugby world cup quarter finals,normal_play,0.0
5592,5596,quarter finals they have beaten a,normal_play,0.0
5594,5598,they have beaten a very big team they have a very brave japanese side,normal_play,0.0
5596,5600,a very big team they have a very brave japanese side they will face,normal_play,0.0
5598,5602,side they will face wales and marseille october 14th,normal_play,0.0
5600,5604,face wales and marseille october 14th for argentina,normal_play,0.0
5602,5606,14th for argentina what a performance,normal_play,0.0
5604,5608,what a performance as we say arigato to japan,normal_play,0.0
5606,5610,as we say arigato to japan,normal_play,0.0
5608,5612,japan,normal_play,0.0
