start_time,end_time,text,event_class,highlight_score
0,5,a referee is ben okeefe from new zealand touch judges matthew rannell james dolman,kick_off,0.71
3,8,a referee is ben okeefe from new zealand touch judges matthew rannell james dolman brendan pickwell is a tv match official number one in the world ireland take on the defending,kick_off,0.71
6,11,a referee is ben okeefe from new zealand touch judges matthew rannell james dolman brendan pickwell is a tv match official number one in the world ireland take on the defending,kick_off,0.71
9,14,brendan pickwell is a tv match official number one in the world ireland take on the defending,kick_off,0.71
12,17,brendan pickwell is a tv match official number one in the world ireland take on the defending champion south africa its a poobee match which could easily be as tight as a facelift,normal_play,0.07
15,20,champion south africa its a poobee match which could easily be as tight as a facelift,normal_play,0.07
18,23,champion south africa its a poobee match which could easily be as tight as a facelift welcome to start the france straight away its damian villainsa into the fray hes,normal_play,0.07
21,26,welcome to start the france straight away its damian villainsa into the fray hes upended south africa in their white jersey their third strip at this rugby will come,normal_play,0.07
24,29,welcome to start the france straight away its damian villainsa into the fray hes upended south africa in their white jersey their third strip at this rugby will come bafta clark looking to go wide early on and its been spilt on that far side by ches and,normal_play,0.0
27,32,upended south africa in their white jersey their third strip at this rugby will come bafta clark looking to go wide early on and its been spilt on that far side by ches and,normal_play,0.0
30,35,bafta clark looking to go wide early on and its been spilt on that far side by ches and colby,normal_play,0.0
33,38,bafta clark looking to go wide early on and its been spilt on that far side by ches and colby ambitious from south africa straight off the start the kick from milan coming straight,normal_play,0.0
36,41,ambitious from south africa straight off the start the kick from milan coming straight,normal_play,0.0
39,44,ambitious from south africa straight off the start the kick from milan coming straight,normal_play,0.0
42,47,ambitious from south africa straight off the start the kick from milan coming straight down the middle i think bafta clark just a little bit of extra nervous energy in that,normal_play,0.0
45,50,down the middle i think bafta clark just a little bit of extra nervous energy in that pass probably overcooked a little bit normally so efficient getting out of this part of the,tmo_replay,0.22
48,53,down the middle i think bafta clark just a little bit of extra nervous energy in that pass probably overcooked a little bit normally so efficient getting out of this part of the,tmo_replay,0.22
51,56,pass probably overcooked a little bit normally so efficient getting out of this part of the field south africa look at this for a statement off the opening chase thumbs off its kelleher,tmo_replay,0.22
54,59,pass probably overcooked a little bit normally so efficient getting out of this part of the field south africa look at this for a statement off the opening chase thumbs off its kelleher,tmo_replay,0.22
57,62,field south africa look at this for a statement off the opening chase thumbs off its kelleher,tmo_replay,0.22
60,65,field south africa look at this for a statement off the opening chase thumbs off its kelleher,tmo_replay,0.22
63,68,field south africa look at this for a statement off the opening chase thumbs off its kelleher,tmo_replay,0.22
66,71,field south africa look at this for a statement off the opening chase thumbs off its kelleher gets what a technique in the tackle drives villainsa back weve got a little bit of,normal_play,0.0
69,74,gets what a technique in the tackle drives villainsa back weve got a little bit of,normal_play,0.0
72,77,gets what a technique in the tackle drives villainsa back weve got a little bit of an early issue for josh vandevleur here hes getting a bit of treatment,normal_play,0.0
75,80,an early issue for josh vandevleur here hes getting a bit of treatment,normal_play,0.0
78,83,an early issue for josh vandevleur here hes getting a bit of treatment chakiya haba head coach took the role in 2020 needs his position after this world,normal_play,0.0
81,86,chakiya haba head coach took the role in 2020 needs his position after this world cup to replace stuart lancaster as leinsters head coach andy farrell there since 2016,normal_play,0.0
84,89,chakiya haba head coach took the role in 2020 needs his position after this world cup to replace stuart lancaster as leinsters head coach andy farrell there since 2016,normal_play,0.0
87,92,cup to replace stuart lancaster as leinsters head coach andy farrell there since 2016 as an assistant but head coach since 2019,normal_play,0.0
90,95,cup to replace stuart lancaster as leinsters head coach andy farrell there since 2016 as an assistant but head coach since 2019 and hes 33 out of 40 tests him and that is an outstanding record hes going very smartly,normal_play,0.0
93,98,as an assistant but head coach since 2019 and hes 33 out of 40 tests him and that is an outstanding record hes going very smartly,normal_play,0.0
96,101,and hes 33 out of 40 tests him and that is an outstanding record hes going very smartly indeed but this the biggest test of all rugby world cup,normal_play,0.0
99,104,and hes 33 out of 40 tests him and that is an outstanding record hes going very smartly indeed but this the biggest test of all rugby world cup,normal_play,0.0
102,107,indeed but this the biggest test of all rugby world cup this crowd is absolutely electric ill tell you what irelands warm up song today was,lineout,0.39
105,110,this crowd is absolutely electric ill tell you what irelands warm up song today was,lineout,0.39
108,113,this crowd is absolutely electric ill tell you what irelands warm up song today was,lineout,0.39
111,116,this crowd is absolutely electric ill tell you what irelands warm up song today was smoke on the water by deep purple but in this stadium at the moment it is a sea of,lineout,0.39
114,119,smoke on the water by deep purple but in this stadium at the moment it is a sea of green they were expecting around 30 0 irish fans to come to start to france today but,lineout,0.39
117,122,smoke on the water by deep purple but in this stadium at the moment it is a sea of green they were expecting around 30 0 irish fans to come to start to france today but,lineout,0.39
120,125,green they were expecting around 30 0 irish fans to come to start to france today but it certainly sounds like more it is absolutely incredible,normal_play,0.04
123,128,it certainly sounds like more it is absolutely incredible the pitch side necky nidhis undone stanford road olympia time mitchell pinch at the,normal_play,0.04
126,131,it certainly sounds like more it is absolutely incredible the pitch side necky nidhis undone stanford road olympia time mitchell pinch at the line of time for south africa he comes away though for ireland down the right they go,normal_play,0.04
129,134,the pitch side necky nidhis undone stanford road olympia time mitchell pinch at the line of time for south africa he comes away though for ireland down the right they go,normal_play,0.04
132,137,line of time for south africa he comes away though for ireland down the right they go,normal_play,0.03
135,140,line of time for south africa he comes away though for ireland down the right they go gibson park shifts it fords looking for some work around the fringes ty burr such an,normal_play,0.03
138,143,gibson park shifts it fords looking for some work around the fringes ty burr such an,normal_play,0.03
141,146,gibson park shifts it fords looking for some work around the fringes ty burr such an,normal_play,0.04
144,149,gibson park shifts it fords looking for some work around the fringes ty burr such an experienced player puts his head down does the monster man gibson park yet again to,normal_play,0.04
147,152,experienced player puts his head down does the monster man gibson park yet again to the left thats a gary ringrose cuts in nicely into the 22 its ireland now that,normal_play,0.04
150,155,experienced player puts his head down does the monster man gibson park yet again to the left thats a gary ringrose cuts in nicely into the 22 its ireland now that,normal_play,0.04
153,158,the left thats a gary ringrose cuts in nicely into the 22 its ireland now that are building their phases nicely early on burn again for the second carry johnny sexton finds,normal_play,0.04
156,161,the left thats a gary ringrose cuts in nicely into the 22 its ireland now that are building their phases nicely early on burn again for the second carry johnny sexton finds,normal_play,0.04
159,164,are building their phases nicely early on burn again for the second carry johnny sexton finds his full back hugo hugo keenan such a cunning player with advantage to the irish side now,normal_play,0.39
162,167,are building their phases nicely early on burn again for the second carry johnny sexton finds his full back hugo hugo keenan such a cunning player with advantage to the irish side now,normal_play,0.39
165,170,his full back hugo hugo keenan such a cunning player with advantage to the irish side now burlong turns it to vande bundee aki hes 50th international for his country ireland go to the right,normal_play,0.39
168,173,his full back hugo hugo keenan such a cunning player with advantage to the irish side now burlong turns it to vande bundee aki hes 50th international for his country ireland go to the right,normal_play,0.39
171,176,burlong turns it to vande bundee aki hes 50th international for his country ireland go to the right,normal_play,0.39
174,179,burlong turns it to vande bundee aki hes 50th international for his country ireland go to the right thats a big pass a lot of time number one he just came on the wrong side and rolled,normal_play,0.39
177,182,thats a big pass a lot of time number one he just came on the wrong side and rolled into number nine will stay with ireland an early look at that ireland attack the,normal_play,0.0
180,185,thats a big pass a lot of time number one he just came on the wrong side and rolled into number nine will stay with ireland an early look at that ireland attack the,normal_play,0.0
183,188,into number nine will stay with ireland an early look at that ireland attack the deception at play is quite fantastic already weve seen those passes fizzed across the,normal_play,0.0
186,191,into number nine will stay with ireland an early look at that ireland attack the deception at play is quite fantastic already weve seen those passes fizzed across the,normal_play,0.0
189,194,deception at play is quite fantastic already weve seen those passes fizzed across the front of players as a defender it looks like theyre going to receive it and then it goes,normal_play,0.0
192,197,deception at play is quite fantastic already weve seen those passes fizzed across the front of players as a defender it looks like theyre going to receive it and then it goes to the next man keeping on their rock speed as well irelands rock speed so far fastest,normal_play,0.16
195,200,front of players as a defender it looks like theyre going to receive it and then it goes to the next man keeping on their rock speed as well irelands rock speed so far fastest,normal_play,0.16
198,203,to the next man keeping on their rock speed as well irelands rock speed so far fastest in the tournament less than three seconds per rock and they are here to play johnny sexton,normal_play,0.16
201,206,to the next man keeping on their rock speed as well irelands rock speed so far fastest in the tournament less than three seconds per rock and they are here to play johnny sexton,normal_play,0.15
204,209,in the tournament less than three seconds per rock and they are here to play johnny sexton,normal_play,0.15
207,212,in the tournament less than three seconds per rock and they are here to play johnny sexton will pop this one in the corner jimmy good space good sit up make sure weve got the,lineout,0.31
210,215,will pop this one in the corner jimmy good space good sit up make sure weve got the,lineout,0.31
213,218,will pop this one in the corner jimmy good space good sit up make sure weve got the two by two for the nine one of the 7 0 irish bars around the globe certainly enjoying,lineout,0.31
216,221,will pop this one in the corner jimmy good space good sit up make sure weve got the two by two for the nine one of the 7 0 irish bars around the globe certainly enjoying,lineout,0.31
219,224,two by two for the nine one of the 7 0 irish bars around the globe certainly enjoying this endeavour from the irish side how many 20 try in the opening two matches four,lineout,0.31
222,227,two by two for the nine one of the 7 0 irish bars around the globe certainly enjoying this endeavour from the irish side how many 20 try in the opening two matches four,lineout,0.31
225,230,this endeavour from the irish side how many 20 try in the opening two matches four middle more passes in those two games than they did in the whole of the last rugby world,normal_play,0.0
228,233,this endeavour from the irish side how many 20 try in the opening two matches four middle more passes in those two games than they did in the whole of the last rugby world,normal_play,0.14
231,236,middle more passes in those two games than they did in the whole of the last rugby world cup to the front they go ty burne cant pinch and its hoofed downfield by colby,normal_play,0.14
234,239,middle more passes in those two games than they did in the whole of the last rugby world cup to the front they go ty burne cant pinch and its hoofed downfield by colby,normal_play,0.14
237,242,cup to the front they go ty burne cant pinch and its hoofed downfield by colby not out left behind from matt hanson always going backwards in the touch happy to see,normal_play,0.14
240,245,not out left behind from matt hanson always going backwards in the touch happy to see,normal_play,0.0
243,248,not out left behind from matt hanson always going backwards in the touch happy to see jimmy and so ireland go quickly f the clock spots a bit of space and its an awkward,normal_play,0.0
246,251,not out left behind from matt hanson always going backwards in the touch happy to see jimmy and so ireland go quickly f the clock spots a bit of space and its an awkward,normal_play,0.0
249,254,jimmy and so ireland go quickly f the clock spots a bit of space and its an awkward bounce but its good for south africa courtney aronson has it look out creels on the,normal_play,0.01
252,257,bounce but its good for south africa courtney aronson has it look out creels on the inside big jesse creel into the 22 and the clean up from dlndi through the legs it,normal_play,0.01
255,260,bounce but its good for south africa courtney aronson has it look out creels on the inside big jesse creel into the 22 and the clean up from dlndi through the legs it,normal_play,0.01
258,263,inside big jesse creel into the 22 and the clean up from dlndi through the legs it goes seven style play there from f the clock game back on jasper visser south africa,normal_play,0.03
261,266,inside big jesse creel into the 22 and the clean up from dlndi through the legs it goes seven style play there from f the clock game back on jasper visser south africa,normal_play,0.03
264,269,goes seven style play there from f the clock game back on jasper visser south africa now their chance to attack big step daniel villamse does well inside the 22 the ball,normal_play,0.03
267,272,goes seven style play there from f the clock game back on jasper visser south africa now their chance to attack big step daniel villamse does well inside the 22 the ball,normal_play,0.03
270,275,now their chance to attack big step daniel villamse does well inside the 22 the ball,normal_play,0.03
273,278,now their chance to attack big step daniel villamse does well inside the 22 the ball is now for the spring box the clock works the short side to his captain see how colisey,normal_play,0.0
276,281,is now for the spring box the clock works the short side to his captain see how colisey,normal_play,0.0
279,284,is now for the spring box the clock works the short side to his captain see how colisey got the penalty blungie in the nandis big carry from the hooker visser again for the,normal_play,0.0
282,287,is now for the spring box the clock works the short side to his captain see how colisey got the penalty blungie in the nandis big carry from the hooker visser again for the,normal_play,0.0
285,290,got the penalty blungie in the nandis big carry from the hooker visser again for the,normal_play,0.0
288,293,got the penalty blungie in the nandis big carry from the hooker visser again for the,normal_play,0.0
291,296,got the penalty blungie in the nandis big carry from the hooker visser again for the second time irelands wall holding strong here comes yvonne eben etzebeth man thats built,normal_play,0.0
294,299,second time irelands wall holding strong here comes yvonne eben etzebeth man thats built,normal_play,0.0
297,302,second time irelands wall holding strong here comes yvonne eben etzebeth man thats built like a bulgarian vending machine to the right it goes again creel trying to skip through,normal_play,0.0
300,305,second time irelands wall holding strong here comes yvonne eben etzebeth man thats built like a bulgarian vending machine to the right it goes again creel trying to skip through,normal_play,0.32
303,308,like a bulgarian vending machine to the right it goes again creel trying to skip through not back to peter step detoi and it will be a penalty for south africa what an entertaining,normal_play,0.32
306,311,not back to peter step detoi and it will be a penalty for south africa what an entertaining,normal_play,0.32
309,314,not back to peter step detoi and it will be a penalty for south africa what an entertaining opening four minutes dream straight over the top off feet to me you know a shot there,normal_play,0.32
312,317,not back to peter step detoi and it will be a penalty for south africa what an entertaining opening four minutes dream straight over the top off feet to me you know a shot there,normal_play,0.0
315,320,opening four minutes dream straight over the top off feet to me you know a shot there,normal_play,0.0
318,323,opening four minutes dream straight over the top off feet to me you know a shot there detoi we just saw hes getting some treatment on the ground now he got hit a little bit,normal_play,0.0
321,326,opening four minutes dream straight over the top off feet to me you know a shot there detoi we just saw hes getting some treatment on the ground now he got hit a little bit,normal_play,0.0
324,329,detoi we just saw hes getting some treatment on the ground now he got hit a little bit late yeah i think james ryan went straight through him there and the eyes up to the,tmo_replay,0.16
327,332,late yeah i think james ryan went straight through him there and the eyes up to the,tmo_replay,0.16
330,335,late yeah i think james ryan went straight through him there and the eyes up to the,tmo_replay,0.16
333,338,late yeah i think james ryan went straight through him there and the eyes up to the coaching box to see what kind of traffic lights are flashing on shots called two metres,tmo_replay,0.16
336,341,late yeah i think james ryan went straight through him there and the eyes up to the coaching box to see what kind of traffic lights are flashing on shots called two metres,tmo_replay,0.16
339,344,coaching box to see what kind of traffic lights are flashing on shots called two metres,tmo_replay,0.16
342,347,coaching box to see what kind of traffic lights are flashing on shots called two metres theres the ambition from south africa its a pretty loose kick but the bounce did aronson,tmo_replay,0.18
345,350,coaching box to see what kind of traffic lights are flashing on shots called two metres theres the ambition from south africa its a pretty loose kick but the bounce did aronson,tmo_replay,0.18
348,353,theres the ambition from south africa its a pretty loose kick but the bounce did aronson a favour were ronaners he dished it back inside to creel who was supporting ringrose,tmo_replay,0.18
351,356,theres the ambition from south africa its a pretty loose kick but the bounce did aronson a favour were ronaners he dished it back inside to creel who was supporting ringrose,tmo_replay,0.18
354,359,a favour were ronaners he dished it back inside to creel who was supporting ringrose,tmo_replay,0.18
357,362,a favour were ronaners he dished it back inside to creel who was supporting ringrose with the scramble tackle and nearly on the pinch we didnt see anything he was furious,tmo_replay,0.18
360,365,a favour were ronaners he dished it back inside to creel who was supporting ringrose with the scramble tackle and nearly on the pinch we didnt see anything he was furious,normal_play,0.0
363,368,with the scramble tackle and nearly on the pinch we didnt see anything he was furious wasnt it from south africa and theres a little look at bit of afters so there we,normal_play,0.0
366,371,with the scramble tackle and nearly on the pinch we didnt see anything he was furious wasnt it from south africa and theres a little look at bit of afters so there we,goal_kick,0.59
369,374,wasnt it from south africa and theres a little look at bit of afters so there we go area which theyve struggled in this rugby world cup ten out of eighteen kicks theyve,goal_kick,0.59
372,377,wasnt it from south africa and theres a little look at bit of afters so there we go area which theyve struggled in this rugby world cup ten out of eighteen kicks theyve,goal_kick,0.59
375,380,go area which theyve struggled in this rugby world cup ten out of eighteen kicks theyve got the ball its a big part of winning rugby world cup matches so the fly off from the,goal_kick,0.59
378,383,go area which theyve struggled in this rugby world cup ten out of eighteen kicks theyve got the ball its a big part of winning rugby world cup matches so the fly off from the,goal_kick,0.59
381,386,got the ball its a big part of winning rugby world cup matches so the fly off from the,goal_kick,0.59
384,389,got the ball its a big part of winning rugby world cup matches so the fly off from the,goal_kick,0.59
387,392,got the ball its a big part of winning rugby world cup matches so the fly off from the players south africas first shot at goal maniloboc turns the flags go up south africa,goal_kick,0.59
390,395,got the ball its a big part of winning rugby world cup matches so the fly off from the players south africas first shot at goal maniloboc turns the flags go up south africa,goal_kick,0.59
393,398,players south africas first shot at goal maniloboc turns the flags go up south africa,goal_kick,0.59
396,401,players south africas first shot at goal maniloboc turns the flags go up south africa,tmo_replay,0.11
399,404,players south africas first shot at goal maniloboc turns the flags go up south africa,tmo_replay,0.11
402,407,players south africas first shot at goal maniloboc turns the flags go up south africa have the opening points in this game they lead on and three nothing off the five theres,tmo_replay,0.11
405,410,players south africas first shot at goal maniloboc turns the flags go up south africa have the opening points in this game they lead on and three nothing off the five theres,tmo_replay,0.11
408,413,have the opening points in this game they lead on and three nothing off the five theres,kick_off,0.6
411,416,have the opening points in this game they lead on and three nothing off the five theres the,kick_off,0.6
414,419,have the opening points in this game they lead on and three nothing off the five theres the infringement nice one for maniloboc to settle himself in hes been backed by both coach,kick_off,0.6
417,422,infringement nice one for maniloboc to settle himself in hes been backed by both coach and captain in terms of his kicking hes only on forty percent kicking thats a nice one,kick_off,0.6
420,425,infringement nice one for maniloboc to settle himself in hes been backed by both coach and captain in terms of his kicking hes only on forty percent kicking thats a nice one,normal_play,0.11
423,428,and captain in terms of his kicking hes only on forty percent kicking thats a nice one to get off the board johnny sexton down the middle franco mustard is there places rugby with,normal_play,0.11
426,431,and captain in terms of his kicking hes only on forty percent kicking thats a nice one to get off the board johnny sexton down the middle franco mustard is there places rugby with,normal_play,0.15
429,434,to get off the board johnny sexton down the middle franco mustard is there places rugby with,normal_play,0.15
432,437,to get off the board johnny sexton down the middle franco mustard is there places rugby with,normal_play,0.15
435,440,to get off the board johnny sexton down the middle franco mustard is there places rugby with the heat in japan cant use it fifth gift cap against scotland during this rugby world,normal_play,0.15
438,443,the heat in japan cant use it fifth gift cap against scotland during this rugby world,normal_play,0.12
441,446,the heat in japan cant use it fifth gift cap against scotland during this rugby world cup six season with the spring box he goes to the air colby comes down a bunch of green,normal_play,0.12
444,449,the heat in japan cant use it fifth gift cap against scotland during this rugby world cup six season with the spring box he goes to the air colby comes down a bunch of green,normal_play,0.12
447,452,cup six season with the spring box he goes to the air colby comes down a bunch of green,normal_play,0.14
450,455,cup six season with the spring box he goes to the air colby comes down a bunch of green jerseys hanson does really well does the right wing up for ireland they have it at,normal_play,0.14
453,458,jerseys hanson does really well does the right wing up for ireland they have it at the halfway line jamison gibson park theres scrum off one of eleven the starting side,normal_play,0.14
456,461,jerseys hanson does really well does the right wing up for ireland they have it at the halfway line jamison gibson park theres scrum off one of eleven the starting side,normal_play,0.0
459,464,the halfway line jamison gibson park theres scrum off one of eleven the starting side,normal_play,0.0
462,467,the halfway line jamison gibson park theres scrum off one of eleven the starting side very familiar with their teammate johnny sexton try to get it away flies in penalty on,normal_play,0.0
465,470,the halfway line jamison gibson park theres scrum off one of eleven the starting side very familiar with their teammate johnny sexton try to get it away flies in penalty on,normal_play,0.31
468,473,very familiar with their teammate johnny sexton try to get it away flies in penalty on,normal_play,0.31
471,476,very familiar with their teammate johnny sexton try to get it away flies in penalty on it no attempt to catch the ball hes just hit that on the short pass apparently only,normal_play,0.31
474,479,very familiar with their teammate johnny sexton try to get it away flies in penalty on it no attempt to catch the ball hes just hit that on the short pass apparently only,normal_play,0.31
477,482,it no attempt to catch the ball hes just hit that on the short pass apparently only,normal_play,0.0
480,485,it no attempt to catch the ball hes just hit that on the short pass apparently only,normal_play,0.13
483,488,it no attempt to catch the ball hes just hit that on the short pass apparently only players outside its a really fascinating little tactical battle ireland playing with,normal_play,0.13
486,491,it no attempt to catch the ball hes just hit that on the short pass apparently only players outside its a really fascinating little tactical battle ireland playing with,normal_play,0.13
489,494,players outside its a really fascinating little tactical battle ireland playing with,tmo_replay,0.11
492,497,players outside its a really fascinating little tactical battle ireland playing with,tmo_replay,0.11
495,500,players outside its a really fascinating little tactical battle ireland playing with that flat attack johnny sexton taking it right close to the line and against the line speed of,tmo_replay,0.11
498,503,players outside its a really fascinating little tactical battle ireland playing with that flat attack johnny sexton taking it right close to the line and against the line speed of,tmo_replay,0.11
501,506,that flat attack johnny sexton taking it right close to the line and against the line speed of south africa its a real challenge see he just holds his feet stands still to try and,tmo_replay,0.11
504,509,that flat attack johnny sexton taking it right close to the line and against the line speed of south africa its a real challenge see he just holds his feet stands still to try and,lineout,0.31
507,512,south africa its a real challenge see he just holds his feet stands still to try and play around the line speed after clark absolutely flies off the line doesnt he such an,lineout,0.31
510,515,play around the line speed after clark absolutely flies off the line doesnt he such an,lineout,0.31
513,518,play around the line speed after clark absolutely flies off the line doesnt he such an acceleration as they scum off and now its ronan kelleher again theyve had a trouble,lineout,0.31
516,521,play around the line speed after clark absolutely flies off the line doesnt he such an acceleration as they scum off and now its ronan kelleher again theyve had a trouble,lineout,0.31
519,524,acceleration as they scum off and now its ronan kelleher again theyve had a trouble at line up time two knock ons first ball and let the line out johnny sexton south africa,tmo_replay,0.11
522,527,acceleration as they scum off and now its ronan kelleher again theyve had a trouble at line up time two knock ons first ball and let the line out johnny sexton south africa,tmo_replay,0.11
525,530,at line up time two knock ons first ball and let the line out johnny sexton south africa,tmo_replay,0.11
528,533,at line up time two knock ons first ball and let the line out johnny sexton south africa south africa scrum two loose ones thought the battle at scrum and line up would be,tmo_replay,0.11
531,536,south africa scrum two loose ones thought the battle at scrum and line up would be fascinating tonight i actually thought it would be an area where ireland might get a bit of,tmo_replay,0.11
534,539,south africa scrum two loose ones thought the battle at scrum and line up would be fascinating tonight i actually thought it would be an area where ireland might get a bit of change james ryan will be making the calls in there first scrum stability at the bind,tmo_replay,0.11
537,542,fascinating tonight i actually thought it would be an area where ireland might get a bit of change james ryan will be making the calls in there first scrum stability at the bind,normal_play,0.0
540,545,change james ryan will be making the calls in there first scrum stability at the bind,scrum,0.43
543,548,change james ryan will be making the calls in there first scrum stability at the bind good weight at the sit balance lost one at the front it was dutoy getting up for south,scrum,0.43
546,551,change james ryan will be making the calls in there first scrum stability at the bind good weight at the sit balance lost one at the front it was dutoy getting up for south africa earlier on great speed and that one looked like it was just an overthrow when youre,scrum,0.43
549,554,good weight at the sit balance lost one at the front it was dutoy getting up for south africa earlier on great speed and that one looked like it was just an overthrow when youre,scrum,0.43
552,557,africa earlier on great speed and that one looked like it was just an overthrow when youre trying to throw it between jumpers like etzabeth and dutoy and the likes of them youve got to,scrum,0.43
555,560,africa earlier on great speed and that one looked like it was just an overthrow when youre trying to throw it between jumpers like etzabeth and dutoy and the likes of them youve got to,scrum,0.43
558,563,trying to throw it between jumpers like etzabeth and dutoy and the likes of them youve got to be on your money many intriguing match ups weve seen scrum time 34 scrum this year,scrum,0.43
561,566,trying to throw it between jumpers like etzabeth and dutoy and the likes of them youve got to be on your money many intriguing match ups weve seen scrum time 34 scrum this year,scrum,0.43
564,569,be on your money many intriguing match ups weve seen scrum time 34 scrum this year,scrum,0.43
567,572,be on your money many intriguing match ups weve seen scrum time 34 scrum this year coming into this tournament battle 34 but they lost one of their own against romania and one,scrum,0.43
570,575,be on your money many intriguing match ups weve seen scrum time 34 scrum this year coming into this tournament battle 34 but they lost one of their own against romania and one,scrum,0.43
573,578,coming into this tournament battle 34 but they lost one of their own against romania and one against scotland arlen you pulled it back you went early next ones a penalty wait for,scrum,0.43
576,581,coming into this tournament battle 34 but they lost one of their own against romania and one against scotland arlen you pulled it back you went early next ones a penalty wait for,normal_play,0.0
579,584,against scotland arlen you pulled it back you went early next ones a penalty wait for my call three kick to the spring blocks another scrum we all came in early ok wait for the,normal_play,0.0
582,587,against scotland arlen you pulled it back you went early next ones a penalty wait for my call three kick to the spring blocks another scrum we all came in early ok wait for the,normal_play,0.0
585,590,my call three kick to the spring blocks another scrum we all came in early ok wait for the,normal_play,0.0
588,593,my call three kick to the spring blocks another scrum we all came in early ok wait for the call im waiting for stability then ill call set ill be louder i will next ones a penalty,scrum,0.45
591,596,my call three kick to the spring blocks another scrum we all came in early ok wait for the call im waiting for stability then ill call set ill be louder i will next ones a penalty,scrum,0.45
594,599,call im waiting for stability then ill call set ill be louder i will next ones a penalty,scrum,0.45
597,602,call im waiting for stability then ill call set ill be louder i will next ones a penalty wait for the timing of the call kitsuff wants to go again id say furlough wouldnt mind a bit,scrum,0.45
600,605,call im waiting for stability then ill call set ill be louder i will next ones a penalty wait for the timing of the call kitsuff wants to go again id say furlough wouldnt mind a bit,scrum,0.45
603,608,wait for the timing of the call kitsuff wants to go again id say furlough wouldnt mind a bit of that theyll look to right or wrong in this one take two coach boins set keep it up now,scrum,0.45
606,611,wait for the timing of the call kitsuff wants to go again id say furlough wouldnt mind a bit of that theyll look to right or wrong in this one take two coach boins set keep it up now,scrum,0.45
609,614,of that theyll look to right or wrong in this one take two coach boins set keep it up now,scrum,0.45
612,617,of that theyll look to right or wrong in this one take two coach boins set keep it up now,scrum,0.45
615,620,of that theyll look to right or wrong in this one take two coach boins set keep it up now,scrum,0.45
618,623,of that theyll look to right or wrong in this one take two coach boins set keep it up now,scrum,0.45
621,626,of that theyll look to right or wrong in this one take two coach boins set keep it up now,scrum,0.45
624,629,of that theyll look to right or wrong in this one take two coach boins set keep it up now chesman colby lurking behind faf de klaag at scrum time visser picks up blashes his way upfield,normal_play,0.02
627,632,of that theyll look to right or wrong in this one take two coach boins set keep it up now chesman colby lurking behind faf de klaag at scrum time visser picks up blashes his way upfield,normal_play,0.02
630,635,chesman colby lurking behind faf de klaag at scrum time visser picks up blashes his way upfield,normal_play,0.02
633,638,chesman colby lurking behind faf de klaag at scrum time visser picks up blashes his way upfield,normal_play,0.02
636,641,chesman colby lurking behind faf de klaag at scrum time visser picks up blashes his way upfield here here here de klaag looks for peter steph dutoy st abagas rugby player of the year three times,normal_play,0.02
639,644,here here here de klaag looks for peter steph dutoy st abagas rugby player of the year three times,normal_play,0.02
642,647,here here here de klaag looks for peter steph dutoy st abagas rugby player of the year three times ok use it box one high again another excellent take of an absolutely eaten on the ground is mack hanson,normal_play,0.02
645,650,here here here de klaag looks for peter steph dutoy st abagas rugby player of the year three times ok use it box one high again another excellent take of an absolutely eaten on the ground is mack hanson,normal_play,0.02
648,653,ok use it box one high again another excellent take of an absolutely eaten on the ground is mack hanson,normal_play,0.02
651,656,ok use it box one high again another excellent take of an absolutely eaten on the ground is mack hanson,normal_play,0.02
654,659,ok use it box one high again another excellent take of an absolutely eaten on the ground is mack hanson,normal_play,0.02
657,662,ok use it box one high again another excellent take of an absolutely eaten on the ground is mack hanson arlen youre fine youre on the wrong side youve got to roll quicker if i want a reward too youre ok,normal_play,0.32
660,665,ok use it box one high again another excellent take of an absolutely eaten on the ground is mack hanson arlen youre fine youre on the wrong side youve got to roll quicker if i want a reward too youre ok,normal_play,0.32
663,668,arlen youre fine youre on the wrong side youve got to roll quicker if i want a reward too youre ok,normal_play,0.32
666,671,arlen youre fine youre on the wrong side youve got to roll quicker if i want a reward too youre ok its just fours on the wrong side nice explain by van okeef the jackal is a bongi on benambi on the,normal_play,0.32
669,674,arlen youre fine youre on the wrong side youve got to roll quicker if i want a reward too youre ok its just fours on the wrong side nice explain by van okeef the jackal is a bongi on benambi on the,normal_play,0.0
672,677,its just fours on the wrong side nice explain by van okeef the jackal is a bongi on benambi on the,normal_play,0.0
675,680,its just fours on the wrong side nice explain by van okeef the jackal is a bongi on benambi on the jackal which was legit i was really happy with that contest i thought he was off your arm i thought your,normal_play,0.0
678,683,its just fours on the wrong side nice explain by van okeef the jackal is a bongi on benambi on the jackal which was legit i was really happy with that contest i thought he was off your arm i thought your,normal_play,0.13
681,686,jackal which was legit i was really happy with that contest i thought he was off your arm i thought your elbow was up as well but it was even at stibeth just lying on the wrong side deemed to be creating a,normal_play,0.13
684,689,elbow was up as well but it was even at stibeth just lying on the wrong side deemed to be creating a,normal_play,0.13
687,692,elbow was up as well but it was even at stibeth just lying on the wrong side deemed to be creating a hurdle for the clearers what about that scrum the irish forwards reckon that they took great confidence from,normal_play,0.13
690,695,elbow was up as well but it was even at stibeth just lying on the wrong side deemed to be creating a hurdle for the clearers what about that scrum the irish forwards reckon that they took great confidence from,normal_play,0.13
693,698,hurdle for the clearers what about that scrum the irish forwards reckon that they took great confidence from,normal_play,0.13
696,701,hurdle for the clearers what about that scrum the irish forwards reckon that they took great confidence from,tmo_replay,0.12
699,704,hurdle for the clearers what about that scrum the irish forwards reckon that they took great confidence from,tmo_replay,0.12
702,707,hurdle for the clearers what about that scrum the irish forwards reckon that they took great confidence from that win against south africa back in november even a couple of the backs have attended the scrum sessions this week,tmo_replay,0.12
705,710,that win against south africa back in november even a couple of the backs have attended the scrum sessions this week,tmo_replay,0.12
708,713,that win against south africa back in november even a couple of the backs have attended the scrum sessions this week so some education in the dark arts of course south africa poses such a physical challenge but theyre also,tmo_replay,0.12
711,716,that win against south africa back in november even a couple of the backs have attended the scrum sessions this week so some education in the dark arts of course south africa poses such a physical challenge but theyre also,lineout,0.37
714,719,so some education in the dark arts of course south africa poses such a physical challenge but theyre also technically smart so this is going to be a huge challenge for ireland,lineout,0.37
717,722,technically smart so this is going to be a huge challenge for ireland,lineout,0.37
720,725,technically smart so this is going to be a huge challenge for ireland,lineout,0.37
723,728,yeah now theyre in their look on some of the extras eleven players from ireland eleven from south africa who played in that,lineout,0.37
726,731,yeah now theyre in their look on some of the extras eleven players from ireland eleven from south africa who played in that,lineout,0.37
729,734,yeah now theyre in their look on some of the extras eleven players from ireland eleven from south africa who played in that last game well here tonight 1960 was a score there ireland winning by three traditionally been very close,normal_play,0.0
732,737,last game well here tonight 1960 was a score there ireland winning by three traditionally been very close,normal_play,0.0
735,740,last game well here tonight 1960 was a score there ireland winning by three traditionally been very close encounters over the top the fourth line up goes the right for andy farrell side a worrying point for them so far in this game,normal_play,0.0
738,743,last game well here tonight 1960 was a score there ireland winning by three traditionally been very close encounters over the top the fourth line up goes the right for andy farrell side a worrying point for them so far in this game,normal_play,0.13
741,746,encounters over the top the fourth line up goes the right for andy farrell side a worrying point for them so far in this game,normal_play,0.13
744,749,encounters over the top the fourth line up goes the right for andy farrell side a worrying point for them so far in this game franco mustard is at the back there de klaak for the touch line this time nice clearance from the scrum off,normal_play,0.13
747,752,encounters over the top the fourth line up goes the right for andy farrell side a worrying point for them so far in this game franco mustard is at the back there de klaak for the touch line this time nice clearance from the scrum off,normal_play,0.13
750,755,franco mustard is at the back there de klaak for the touch line this time nice clearance from the scrum off,normal_play,0.0
753,758,franco mustard is at the back there de klaak for the touch line this time nice clearance from the scrum off,normal_play,0.0
756,761,franco mustard is at the back there de klaak for the touch line this time nice clearance from the scrum off yes lovely techers from fafter klaak there he managed to get his side up towards the 10 from that position hes admirable,normal_play,0.0
759,764,franco mustard is at the back there de klaak for the touch line this time nice clearance from the scrum off yes lovely techers from fafter klaak there he managed to get his side up towards the 10 from that position hes admirable,normal_play,0.0
762,767,yes lovely techers from fafter klaak there he managed to get his side up towards the 10 from that position hes admirable,normal_play,0.0
765,770,yes lovely techers from fafter klaak there he managed to get his side up towards the 10 from that position hes admirable,lineout,0.32
768,773,yes lovely techers from fafter klaak there he managed to get his side up towards the 10 from that position hes admirable real concern for this ireland line up though and perhaps south africa wont mind pumping the ball at the sideline,lineout,0.32
771,776,real concern for this ireland line up though and perhaps south africa wont mind pumping the ball at the sideline,lineout,0.32
774,779,real concern for this ireland line up though and perhaps south africa wont mind pumping the ball at the sideline hes seen five continue to put threat theyre going to go for a five man line out see if they can get it right this time,lineout,0.32
777,782,hes seen five continue to put threat theyre going to go for a five man line out see if they can get it right this time,lineout,0.32
780,785,hes seen five continue to put threat theyre going to go for a five man line out see if they can get it right this time pressure on kelleher 25 year old hes 24th cap for ireland can he find his mark yes is the answer pidoh mani with a great take in his 100th,lineout,0.32
783,788,hes seen five continue to put threat theyre going to go for a five man line out see if they can get it right this time pressure on kelleher 25 year old hes 24th cap for ireland can he find his mark yes is the answer pidoh mani with a great take in his 100th,lineout,0.32
786,791,pressure on kelleher 25 year old hes 24th cap for ireland can he find his mark yes is the answer pidoh mani with a great take in his 100th,normal_play,0.0
789,794,pressure on kelleher 25 year old hes 24th cap for ireland can he find his mark yes is the answer pidoh mani with a great take in his 100th,normal_play,0.02
792,797,pressure on kelleher 25 year old hes 24th cap for ireland can he find his mark yes is the answer pidoh mani with a great take in his 100th,normal_play,0.02
795,800,pressure on kelleher 25 year old hes 24th cap for ireland can he find his mark yes is the answer pidoh mani with a great take in his 100th appearance and now flat ball in the middle from johnny sexton changes direction ringrose throws a dummy,normal_play,0.02
798,803,pressure on kelleher 25 year old hes 24th cap for ireland can he find his mark yes is the answer pidoh mani with a great take in his 100th appearance and now flat ball in the middle from johnny sexton changes direction ringrose throws a dummy,normal_play,0.02
801,806,appearance and now flat ball in the middle from johnny sexton changes direction ringrose throws a dummy the carry with james ryan players play out of the air for ireland in 2019 khaleesi a real nuisance around the breakdown,normal_play,0.02
804,809,appearance and now flat ball in the middle from johnny sexton changes direction ringrose throws a dummy the carry with james ryan players play out of the air for ireland in 2019 khaleesi a real nuisance around the breakdown,normal_play,0.7
807,812,the carry with james ryan players play out of the air for ireland in 2019 khaleesi a real nuisance around the breakdown,normal_play,0.7
810,815,the carry with james ryan players play out of the air for ireland in 2019 khaleesi a real nuisance around the breakdown,normal_play,0.7
813,818,the carry with james ryan players play out of the air for ireland in 2019 khaleesi a real nuisance around the breakdown,normal_play,0.7
816,821,the carry with james ryan players play out of the air for ireland in 2019 khaleesi a real nuisance around the breakdown johnny sexton nice dummy couple of fakes and they go over the top here comes ireland now beautiful bit of work hugo keenan the fox gets very close,normal_play,0.7
819,824,the carry with james ryan players play out of the air for ireland in 2019 khaleesi a real nuisance around the breakdown johnny sexton nice dummy couple of fakes and they go over the top here comes ireland now beautiful bit of work hugo keenan the fox gets very close,normal_play,0.7
822,827,johnny sexton nice dummy couple of fakes and they go over the top here comes ireland now beautiful bit of work hugo keenan the fox gets very close,normal_play,0.7
825,830,johnny sexton nice dummy couple of fakes and they go over the top here comes ireland now beautiful bit of work hugo keenan the fox gets very close,normal_play,0.7
828,833,johnny sexton nice dummy couple of fakes and they go over the top here comes ireland now beautiful bit of work hugo keenan the fox gets very close does hugo hugo keenan akira is in there as well kelleher to the right here come the irish now cailan doris they get very very close,normal_play,0.7
831,836,johnny sexton nice dummy couple of fakes and they go over the top here comes ireland now beautiful bit of work hugo keenan the fox gets very close does hugo hugo keenan akira is in there as well kelleher to the right here come the irish now cailan doris they get very very close,tmo_replay,0.27
834,839,does hugo hugo keenan akira is in there as well kelleher to the right here come the irish now cailan doris they get very very close,tmo_replay,0.27
837,842,does hugo hugo keenan akira is in there as well kelleher to the right here come the irish now cailan doris they get very very close,tmo_replay,0.27
840,845,does hugo hugo keenan akira is in there as well kelleher to the right here come the irish now cailan doris they get very very close thats off the back of a fabulous sequence of attack they managed to get the line out right this time and then they were off and running,tmo_replay,0.27
843,848,does hugo hugo keenan akira is in there as well kelleher to the right here come the irish now cailan doris they get very very close thats off the back of a fabulous sequence of attack they managed to get the line out right this time and then they were off and running,tmo_replay,0.27
846,851,thats off the back of a fabulous sequence of attack they managed to get the line out right this time and then they were off and running,tmo_replay,0.27
849,854,thats off the back of a fabulous sequence of attack they managed to get the line out right this time and then they were off and running,tmo_replay,0.27
852,857,thats off the back of a fabulous sequence of attack they managed to get the line out right this time and then they were off and running,tmo_replay,0.27
855,860,thats off the back of a fabulous sequence of attack they managed to get the line out right this time and then they were off and running what about the throw over the top the pump and then that perfectly played ball its hugo keenan would defend the pirouette and so close,tmo_replay,0.27
858,863,thats off the back of a fabulous sequence of attack they managed to get the line out right this time and then they were off and running what about the throw over the top the pump and then that perfectly played ball its hugo keenan would defend the pirouette and so close,tmo_replay,0.27
861,866,what about the throw over the top the pump and then that perfectly played ball its hugo keenan would defend the pirouette and so close,tmo_replay,0.27
864,869,what about the throw over the top the pump and then that perfectly played ball its hugo keenan would defend the pirouette and so close guys times a lot lets go please speaking to andy farrell pre match even he wasnt sure if they were going to be able to play that attacking attractive rugby that they have played in the first two games,normal_play,0.0
867,872,what about the throw over the top the pump and then that perfectly played ball its hugo keenan would defend the pirouette and so close guys times a lot lets go please speaking to andy farrell pre match even he wasnt sure if they were going to be able to play that attacking attractive rugby that they have played in the first two games,normal_play,0.0
870,875,guys times a lot lets go please speaking to andy farrell pre match even he wasnt sure if they were going to be able to play that attacking attractive rugby that they have played in the first two games,normal_play,0.0
873,878,guys times a lot lets go please speaking to andy farrell pre match even he wasnt sure if they were going to be able to play that attacking attractive rugby that they have played in the first two games,normal_play,0.0
876,881,guys times a lot lets go please speaking to andy farrell pre match even he wasnt sure if they were going to be able to play that attacking attractive rugby that they have played in the first two games given the physicality of south african side but its pretty clear the intent is there already as we see andre pallard there,scrum,0.37
879,884,guys times a lot lets go please speaking to andy farrell pre match even he wasnt sure if they were going to be able to play that attacking attractive rugby that they have played in the first two games given the physicality of south african side but its pretty clear the intent is there already as we see andre pallard there,scrum,0.37
882,887,given the physicality of south african side but its pretty clear the intent is there already as we see andre pallard there hes going to come back into the south african squad officially as a replacement for malcolm marks,scrum,0.37
885,890,given the physicality of south african side but its pretty clear the intent is there already as we see andre pallard there hes going to come back into the south african squad officially as a replacement for malcolm marks,scrum,0.37
888,893,hes going to come back into the south african squad officially as a replacement for malcolm marks,scrum,0.37
891,896,hes going to come back into the south african squad officially as a replacement for malcolm marks,scrum,0.37
894,899,hes going to come back into the south african squad officially as a replacement for malcolm marks,scrum,0.37
897,902,hes going to come back into the south african squad officially as a replacement for malcolm marks good hide this side great audio there from the crowd as you said andre pallard amazing addition for the africa side,scrum,0.37
900,905,hes going to come back into the south african squad officially as a replacement for malcolm marks good hide this side great audio there from the crowd as you said andre pallard amazing addition for the africa side,scrum,0.37
903,908,good hide this side great audio there from the crowd as you said andre pallard amazing addition for the africa side,scrum,0.37
906,911,good hide this side great audio there from the crowd as you said andre pallard amazing addition for the africa side,scrum,0.37
909,914,good hide this side great audio there from the crowd as you said andre pallard amazing addition for the africa side kick 22 points to the rugby world cup final in 2019 against england,normal_play,0.32
912,917,good hide this side great audio there from the crowd as you said andre pallard amazing addition for the africa side kick 22 points to the rugby world cup final in 2019 against england well cover from his car penalty south africa its scrum time,normal_play,0.32
915,920,kick 22 points to the rugby world cup final in 2019 against england well cover from his car penalty south africa its scrum time,normal_play,0.32
918,923,well cover from his car penalty south africa its scrum time its gone again twice its now a penalty wait for my call please,normal_play,0.0
921,926,well cover from his car penalty south africa its scrum time its gone again twice its now a penalty wait for my call please,normal_play,0.23
924,929,its gone again twice its now a penalty wait for my call please thanks boys,normal_play,0.23
927,932,its gone again twice its now a penalty wait for my call please thanks boys another early engagement identification from referee ben akeed i dont think theres a problem when theyre down scrumaging at the moment its just the process,normal_play,0.23
930,935,thanks boys another early engagement identification from referee ben akeed i dont think theres a problem when theyre down scrumaging at the moment its just the process,normal_play,0.23
933,938,another early engagement identification from referee ben akeed i dont think theres a problem when theyre down scrumaging at the moment its just the process,normal_play,0.0
936,941,another early engagement identification from referee ben akeed i dont think theres a problem when theyre down scrumaging at the moment its just the process obviously not quite o f a with mr okeefes calls or something but i need you to be able to adapt to the call its slow im waiting for balance and then you can go,normal_play,0.0
939,944,another early engagement identification from referee ben akeed i dont think theres a problem when theyre down scrumaging at the moment its just the process obviously not quite o f a with mr okeefes calls or something but i need you to be able to adapt to the call its slow im waiting for balance and then you can go,normal_play,0.0
942,947,obviously not quite o f a with mr okeefes calls or something but i need you to be able to adapt to the call its slow im waiting for balance and then you can go,lineout,0.45
945,950,obviously not quite o f a with mr okeefes calls or something but i need you to be able to adapt to the call its slow im waiting for balance and then you can go,lineout,0.45
948,953,obviously not quite o f a with mr okeefes calls or something but i need you to be able to adapt to the call its slow im waiting for balance and then you can go i saw green come first please adapt thank you,lineout,0.45
951,956,obviously not quite o f a with mr okeefes calls or something but i need you to be able to adapt to the call its slow im waiting for balance and then you can go i saw green come first please adapt thank you often its because theyre so desperate to meet the hit against the strong scrumaging side they dont want to lose that initial hit but at the moment theyre going early,lineout,0.45
954,959,i saw green come first please adapt thank you often its because theyre so desperate to meet the hit against the strong scrumaging side they dont want to lose that initial hit but at the moment theyre going early,lineout,0.45
957,962,often its because theyre so desperate to meet the hit against the strong scrumaging side they dont want to lose that initial hit but at the moment theyre going early,lineout,0.45
960,965,often its because theyre so desperate to meet the hit against the strong scrumaging side they dont want to lose that initial hit but at the moment theyre going early,normal_play,0.0
963,968,often its because theyre so desperate to meet the hit against the strong scrumaging side they dont want to lose that initial hit but at the moment theyre going early south africa get their line with eben etzebeth in the front khaleesi now in midfield with courageous captain tackle got his knee on the ground tackle,normal_play,0.0
966,971,often its because theyre so desperate to meet the hit against the strong scrumaging side they dont want to lose that initial hit but at the moment theyre going early south africa get their line with eben etzebeth in the front khaleesi now in midfield with courageous captain tackle got his knee on the ground tackle,normal_play,0.12
969,974,south africa get their line with eben etzebeth in the front khaleesi now in midfield with courageous captain tackle got his knee on the ground tackle,normal_play,0.12
972,977,south africa get their line with eben etzebeth in the front khaleesi now in midfield with courageous captain tackle got his knee on the ground tackle,normal_play,0.12
975,980,south africa get their line with eben etzebeth in the front khaleesi now in midfield with courageous captain tackle got his knee on the ground tackle good turnover good being pinched up the middle come ireland tight burn and then ireland lose it did well to stop south african captain,normal_play,0.12
978,983,good turnover good being pinched up the middle come ireland tight burn and then ireland lose it did well to stop south african captain,normal_play,0.12
981,986,good turnover good being pinched up the middle come ireland tight burn and then ireland lose it did well to stop south african captain,normal_play,0.12
984,989,good turnover good being pinched up the middle come ireland tight burn and then ireland lose it did well to stop south african captain good turnover good tackle got his knee on the ground tackle did you get a turnover did you get a good turnover knock on,normal_play,0.0
987,992,good turnover good being pinched up the middle come ireland tight burn and then ireland lose it did well to stop south african captain good turnover good tackle got his knee on the ground tackle did you get a turnover did you get a good turnover knock on,normal_play,0.0
990,995,good turnover good tackle got his knee on the ground tackle did you get a turnover did you get a good turnover knock on,normal_play,0.0
993,998,good turnover good tackle got his knee on the ground tackle did you get a turnover did you get a good turnover knock on,normal_play,0.0
996,1001,good turnover good tackle got his knee on the ground tackle did you get a turnover did you get a good turnover knock on well give it to you its a crisp seed from levoq to his skipper talk to ronan timing he was met pretty smartly by kalan doris they try and do the hold up eventually it ends up being a ruck,normal_play,0.0
999,1004,well give it to you its a crisp seed from levoq to his skipper talk to ronan timing he was met pretty smartly by kalan doris they try and do the hold up eventually it ends up being a ruck,normal_play,0.0
1002,1007,well give it to you its a crisp seed from levoq to his skipper talk to ronan timing he was met pretty smartly by kalan doris they try and do the hold up eventually it ends up being a ruck,normal_play,0.0
1005,1010,well give it to you its a crisp seed from levoq to his skipper talk to ronan timing he was met pretty smartly by kalan doris they try and do the hold up eventually it ends up being a ruck,normal_play,0.0
1008,1013,well give it to you its a crisp seed from levoq to his skipper talk to ronan timing he was met pretty smartly by kalan doris they try and do the hold up eventually it ends up being a ruck he gets the steal and its the offload from doris i think he might have dropped one close to the line hes shelled another it was good defensive work theyll be encouraged by that turnover first phase,normal_play,0.0
1011,1016,well give it to you its a crisp seed from levoq to his skipper talk to ronan timing he was met pretty smartly by kalan doris they try and do the hold up eventually it ends up being a ruck he gets the steal and its the offload from doris i think he might have dropped one close to the line hes shelled another it was good defensive work theyll be encouraged by that turnover first phase,normal_play,0.0
1014,1019,he gets the steal and its the offload from doris i think he might have dropped one close to the line hes shelled another it was good defensive work theyll be encouraged by that turnover first phase,normal_play,0.0
1017,1022,he gets the steal and its the offload from doris i think he might have dropped one close to the line hes shelled another it was good defensive work theyll be encouraged by that turnover first phase,normal_play,0.0
1020,1025,he gets the steal and its the offload from doris i think he might have dropped one close to the line hes shelled another it was good defensive work theyll be encouraged by that turnover first phase,normal_play,0.0
1023,1028,he gets the steal and its the offload from doris i think he might have dropped one close to the line hes shelled another it was good defensive work theyll be encouraged by that turnover first phase the bomb squad seven and one split on the bench so much chat about that of course since they use it against new zealand in the warm ups,normal_play,0.0
1026,1031,the bomb squad seven and one split on the bench so much chat about that of course since they use it against new zealand in the warm ups,normal_play,0.0
1029,1034,the bomb squad seven and one split on the bench so much chat about that of course since they use it against new zealand in the warm ups,normal_play,0.0
1032,1037,the bomb squad seven and one split on the bench so much chat about that of course since they use it against new zealand in the warm ups hes eating at a premium on that bench with seven forwards taking up all the space kovac rynapp the only lucky back to make the cut but i love it dalton because i think it reminds us that rugby is about the skill set,normal_play,0.0
1035,1040,the bomb squad seven and one split on the bench so much chat about that of course since they use it against new zealand in the warm ups hes eating at a premium on that bench with seven forwards taking up all the space kovac rynapp the only lucky back to make the cut but i love it dalton because i think it reminds us that rugby is about the skill set,normal_play,0.0
1038,1043,hes eating at a premium on that bench with seven forwards taking up all the space kovac rynapp the only lucky back to make the cut but i love it dalton because i think it reminds us that rugby is about the skill set,normal_play,0.0
1041,1046,hes eating at a premium on that bench with seven forwards taking up all the space kovac rynapp the only lucky back to make the cut but i love it dalton because i think it reminds us that rugby is about the skill set,normal_play,0.0
1044,1049,hes eating at a premium on that bench with seven forwards taking up all the space kovac rynapp the only lucky back to make the cut but i love it dalton because i think it reminds us that rugby is about the skill set its not just the number on your back i think thats a useful thing to remind youngsters of you know dont think too much about the position youre playing its as much just what you bring to the game you bring that wherever you play,normal_play,0.0
1047,1052,hes eating at a premium on that bench with seven forwards taking up all the space kovac rynapp the only lucky back to make the cut but i love it dalton because i think it reminds us that rugby is about the skill set its not just the number on your back i think thats a useful thing to remind youngsters of you know dont think too much about the position youre playing its as much just what you bring to the game you bring that wherever you play,normal_play,0.0
1050,1055,its not just the number on your back i think thats a useful thing to remind youngsters of you know dont think too much about the position youre playing its as much just what you bring to the game you bring that wherever you play,normal_play,0.0
1053,1058,its not just the number on your back i think thats a useful thing to remind youngsters of you know dont think too much about the position youre playing its as much just what you bring to the game you bring that wherever you play,normal_play,0.0
1056,1061,its not just the number on your back i think thats a useful thing to remind youngsters of you know dont think too much about the position youre playing its as much just what you bring to the game you bring that wherever you play yeah youre right some opposition fans question the decision some say i could support us all but as nervous as a long tailed cat in a room filled with rocking chairs but it worked for them in the past,normal_play,0.0
1059,1064,yeah youre right some opposition fans question the decision some say i could support us all but as nervous as a long tailed cat in a room filled with rocking chairs but it worked for them in the past,normal_play,0.0
1062,1067,yeah youre right some opposition fans question the decision some say i could support us all but as nervous as a long tailed cat in a room filled with rocking chairs but it worked for them in the past,normal_play,0.0
1065,1070,yeah youre right some opposition fans question the decision some say i could support us all but as nervous as a long tailed cat in a room filled with rocking chairs but it worked for them in the past,normal_play,0.0
1068,1073,yeah youre right some opposition fans question the decision some say i could support us all but as nervous as a long tailed cat in a room filled with rocking chairs but it worked for them in the past innovation its good for the game breaking the mould as weve seen the south africa team do before its creative well see how it goes over the course of this game,scrum,0.41
1071,1076,innovation its good for the game breaking the mould as weve seen the south africa team do before its creative well see how it goes over the course of this game,scrum,0.41
1074,1079,innovation its good for the game breaking the mould as weve seen the south africa team do before its creative well see how it goes over the course of this game,scrum,0.41
1077,1082,innovation its good for the game breaking the mould as weve seen the south africa team do before its creative well see how it goes over the course of this game,scrum,0.41
1080,1085,innovation its good for the game breaking the mould as weve seen the south africa team do before its creative well see how it goes over the course of this game jacques nineber admit that there was an element of risk to picking a 7 1 split on the bench but there was an element of risk in everything in rugby you could get a red card early so it was a risk they were willing to take,scrum,0.41
1083,1088,innovation its good for the game breaking the mould as weve seen the south africa team do before its creative well see how it goes over the course of this game jacques nineber admit that there was an element of risk to picking a 7 1 split on the bench but there was an element of risk in everything in rugby you could get a red card early so it was a risk they were willing to take,scrum,0.41
1086,1091,jacques nineber admit that there was an element of risk to picking a 7 1 split on the bench but there was an element of risk in everything in rugby you could get a red card early so it was a risk they were willing to take,scrum,0.41
1089,1094,jacques nineber admit that there was an element of risk to picking a 7 1 split on the bench but there was an element of risk in everything in rugby you could get a red card early so it was a risk they were willing to take,scrum,0.41
1092,1097,jacques nineber admit that there was an element of risk to picking a 7 1 split on the bench but there was an element of risk in everything in rugby you could get a red card early so it was a risk they were willing to take,scrum,0.41
1095,1100,jacques nineber admit that there was an element of risk to picking a 7 1 split on the bench but there was an element of risk in everything in rugby you could get a red card early so it was a risk they were willing to take yeah youre so right thats true nineber and the brain stress of this spring box who of course won the last one in 2019 played in seven of the nine rugby world cups,scrum,0.41
1098,1103,yeah youre so right thats true nineber and the brain stress of this spring box who of course won the last one in 2019 played in seven of the nine rugby world cups,scrum,0.41
1101,1106,yeah youre so right thats true nineber and the brain stress of this spring box who of course won the last one in 2019 played in seven of the nine rugby world cups,scrum,0.41
1104,1109,yeah youre so right thats true nineber and the brain stress of this spring box who of course won the last one in 2019 played in seven of the nine rugby world cups,normal_play,0.02
1107,1112,yeah youre so right thats true nineber and the brain stress of this spring box who of course won the last one in 2019 played in seven of the nine rugby world cups up the clack comes to willemsep played fly off as well early in this tournament damien willemsep does really well both full backs having some strong feet here comes the giant frame of etzabeth that takes his shot as well to the ground,normal_play,0.02
1110,1115,yeah youre so right thats true nineber and the brain stress of this spring box who of course won the last one in 2019 played in seven of the nine rugby world cups up the clack comes to willemsep played fly off as well early in this tournament damien willemsep does really well both full backs having some strong feet here comes the giant frame of etzabeth that takes his shot as well to the ground,normal_play,0.02
1113,1118,up the clack comes to willemsep played fly off as well early in this tournament damien willemsep does really well both full backs having some strong feet here comes the giant frame of etzabeth that takes his shot as well to the ground,normal_play,0.02
1116,1121,up the clack comes to willemsep played fly off as well early in this tournament damien willemsep does really well both full backs having some strong feet here comes the giant frame of etzabeth that takes his shot as well to the ground,normal_play,0.02
1119,1124,up the clack comes to willemsep played fly off as well early in this tournament damien willemsep does really well both full backs having some strong feet here comes the giant frame of etzabeth that takes his shot as well to the ground,normal_play,0.02
1122,1127,up the clack comes to willemsep played fly off as well early in this tournament damien willemsep does really well both full backs having some strong feet here comes the giant frame of etzabeth that takes his shot as well to the ground the clack want a quicker ball for livock to attack with here comes umbanami wide ball from pfaff finds adesap good tackle low gets in as well its ireland thats stopped this attack and draw the penalty as well,normal_play,0.02
1125,1130,up the clack comes to willemsep played fly off as well early in this tournament damien willemsep does really well both full backs having some strong feet here comes the giant frame of etzabeth that takes his shot as well to the ground the clack want a quicker ball for livock to attack with here comes umbanami wide ball from pfaff finds adesap good tackle low gets in as well its ireland thats stopped this attack and draw the penalty as well,normal_play,0.02
1128,1133,the clack want a quicker ball for livock to attack with here comes umbanami wide ball from pfaff finds adesap good tackle low gets in as well its ireland thats stopped this attack and draw the penalty as well,normal_play,0.13
1131,1136,the clack want a quicker ball for livock to attack with here comes umbanami wide ball from pfaff finds adesap good tackle low gets in as well its ireland thats stopped this attack and draw the penalty as well,normal_play,0.13
1134,1139,the clack want a quicker ball for livock to attack with here comes umbanami wide ball from pfaff finds adesap good tackle low gets in as well its ireland thats stopped this attack and draw the penalty as well,normal_play,0.13
1137,1142,the clack want a quicker ball for livock to attack with here comes umbanami wide ball from pfaff finds adesap good tackle low gets in as well its ireland thats stopped this attack and draw the penalty as well,normal_play,0.0
1140,1145,the clack want a quicker ball for livock to attack with here comes umbanami wide ball from pfaff finds adesap good tackle low gets in as well its ireland thats stopped this attack and draw the penalty as well,normal_play,0.0
1143,1148,the clack want a quicker ball for livock to attack with here comes umbanami wide ball from pfaff finds adesap good tackle low gets in as well its ireland thats stopped this attack and draw the penalty as well what a ball,normal_play,0.0
1146,1151,the clack want a quicker ball for livock to attack with here comes umbanami wide ball from pfaff finds adesap good tackle low gets in as well its ireland thats stopped this attack and draw the penalty as well what a ball,normal_play,0.0
1149,1154,what a ball i always think back three players get particularly fired up when they get turnover james does really good over the ball hes also got an absolutely monster boot on him,normal_play,0.0
1152,1157,what a ball i always think back three players get particularly fired up when they get turnover james does really good over the ball hes also got an absolutely monster boot on him,normal_play,0.0
1155,1160,i always think back three players get particularly fired up when they get turnover james does really good over the ball hes also got an absolutely monster boot on him,normal_play,0.0
1158,1163,i always think back three players get particularly fired up when they get turnover james does really good over the ball hes also got an absolutely monster boot on him,normal_play,0.15
1161,1166,i always think back three players get particularly fired up when they get turnover james does really good over the ball hes also got an absolutely monster boot on him hes pretty smart with ball in hand as well,normal_play,0.15
1164,1169,hes pretty smart with ball in hand as well such a weapon for this irish side,normal_play,0.15
1167,1172,such a weapon for this irish side the defence has been good,normal_play,0.15
1170,1175,the defence has been good the opening 16 or so minutes of this game,normal_play,0.15
1173,1178,the opening 16 or so minutes of this game,tmo_replay,0.16
1176,1181,the opening 16 or so minutes of this game lets work hard on the step here met you everyone at the front,tmo_replay,0.16
1179,1184,the opening 16 or so minutes of this game lets work hard on the step here met you everyone at the front,tmo_replay,0.16
1182,1187,lets work hard on the step here met you everyone at the front okay sam youve got a receiver two metres,tmo_replay,0.16
1185,1190,lets work hard on the step here met you everyone at the front okay sam youve got a receiver two metres willemsep will get his naughty feet out theres the turnover manages to get a hand on the ball look at that,normal_play,0.02
1188,1193,okay sam youve got a receiver two metres willemsep will get his naughty feet out theres the turnover manages to get a hand on the ball look at that,normal_play,0.02
1191,1196,willemsep will get his naughty feet out theres the turnover manages to get a hand on the ball look at that supporting his own weight nice and low great technique,normal_play,0.02
1194,1199,supporting his own weight nice and low great technique so here we go,normal_play,0.02
1197,1202,so here we go can ronan kelleher,lineout,0.31
1200,1205,can ronan kelleher andrew come down continue to get line of possession here,lineout,0.31
1203,1208,andrew come down continue to get line of possession here okay whats that met you,lineout,0.31
1206,1211,continue to get line of possession here okay whats that met you its an irish side that have won 27 of 29 games in the last two years only losing to new zealand and france,lineout,0.31
1209,1214,okay whats that met you its an irish side that have won 27 of 29 games in the last two years only losing to new zealand and france,lineout,0.31
1212,1217,its an irish side that have won 27 of 29 games in the last two years only losing to new zealand and france sit up off the mark off the mark managed to work a five man line up earlier with a bit of movement and that was the key,lineout,0.31
1215,1220,sit up off the mark off the mark managed to work a five man line up earlier with a bit of movement and that was the key thats good now,normal_play,0.02
1218,1223,managed to work a five man line up earlier with a bit of movement and that was the key thats good now,normal_play,0.02
1221,1226,thats good now again its moving this time they come right to the front,normal_play,0.02
1224,1229,again its moving this time they come right to the front secure ball kelleher rips it away,normal_play,0.31
1227,1232,secure ball kelleher rips it away bundee aki steaming in what a bulldozer he is for the irish side but its south africa,normal_play,0.31
1230,1235,bundee aki steaming in what a bulldozer he is for the irish side but its south africa,normal_play,0.31
1233,1238,what a bulldozer he is for the irish side but its south africa that are all over this one as well,normal_play,0.0
1236,1241,what a bulldozer he is for the irish side but its south africa that are all over this one as well both sides winning breakdown penalty,normal_play,0.14
1239,1244,that are all over this one as well both sides winning breakdown penalty sevens on the good side nine careful youve got the penalty,normal_play,0.14
1242,1247,both sides winning breakdown penalty sevens on the good side nine careful youve got the penalty here it is,normal_play,0.14
1245,1250,sevens on the good side nine careful youve got the penalty here it is side drop the ball the little raff on the wrist for fafta clark for rubbing it in,normal_play,0.14
1248,1253,side drop the ball the little raff on the wrist for fafta clark for rubbing it in expect nothing less from the nine,normal_play,0.14
1251,1256,the little raff on the wrist for fafta clark for rubbing it in expect nothing less from the nine im definitely watching,normal_play,0.14
1254,1259,expect nothing less from the nine im definitely watching dont get involved youve got the penalty,normal_play,0.14
1257,1262,im definitely watching dont get involved youve got the penalty yeah i agree,normal_play,0.0
1260,1265,dont get involved youve got the penalty yeah i agree so bandi bundee aki coming on that hard line,lineout,0.33
1263,1268,yeah i agree so bandi bundee aki coming on that hard line i mean he has been ridiculous so far theyve had two fairly comfortable games,lineout,0.33
1266,1271,so bandi bundee aki coming on that hard line i mean he has been ridiculous so far theyve had two fairly comfortable games but in those games hes gone for about 268 metres,lineout,0.33
1269,1274,i mean he has been ridiculous so far theyve had two fairly comfortable games but in those games hes gone for about 268 metres,lineout,0.33
1272,1277,but in those games hes gone for about 268 metres marked the line on and off i think hes been praised by anyone whos had him in their fantasy team,lineout,0.33
1275,1280,marked the line on and off i think hes been praised by anyone whos had him in their fantasy team,lineout,0.33
1278,1283,i think hes been praised by anyone whos had him in their fantasy team because hes been scoring points wholesale in that,normal_play,0.06
1281,1286,because hes been scoring points wholesale in that hes a player you do not look past,normal_play,0.06
1284,1289,because hes been scoring points wholesale in that hes a player you do not look past johnny sexton also collecting a ton of points for the irish side last time,normal_play,0.06
1287,1292,hes a player you do not look past johnny sexton also collecting a ton of points for the irish side last time,normal_play,0.06
1290,1295,johnny sexton also collecting a ton of points for the irish side last time le book finds aronson flat ball jesse krill comes flying in,normal_play,0.06
1293,1298,le book finds aronson flat ball jesse krill comes flying in the clark again nice ball on the inside peter steff the toy,normal_play,0.05
1296,1301,le book finds aronson flat ball jesse krill comes flying in the clark again nice ball on the inside peter steff the toy,normal_play,0.05
1299,1304,the clark again nice ball on the inside peter steff the toy and its the spring box now,normal_play,0.05
1302,1307,the clark again nice ball on the inside peter steff the toy and its the spring box now they find themselves on the front foot,normal_play,0.05
1305,1310,and its the spring box now they find themselves on the front foot no no no and benavi and exibeth in there as well,normal_play,0.05
1308,1313,no no no and benavi and exibeth in there as well between the legs le book,normal_play,0.07
1311,1316,and benavi and exibeth in there as well between the legs le book behind the bat to diolendi puts one to the ground,normal_play,0.07
1314,1319,behind the bat to diolendi puts one to the ground and the inside set up hes a bulky frame as well,normal_play,0.07
1317,1322,behind the bat to diolendi puts one to the ground and the inside set up hes a bulky frame as well the hands down the chain,normal_play,0.02
1320,1325,and the inside set up hes a bulky frame as well the hands down the chain a kick through from damian villamse,normal_play,0.02
1323,1328,the hands down the chain a kick through from damian villamse and he has timed that to perfection,normal_play,0.02
1326,1331,a kick through from damian villamse and he has timed that to perfection,normal_play,0.02
1329,1334,and he has timed that to perfection,normal_play,0.02
1332,1337,no it was ok real celebration,normal_play,0.02
1335,1340,no it was ok real celebration the perfect kick just staying the right side of that flag in the corner,normal_play,0.02
1338,1343,real celebration the perfect kick just staying the right side of that flag in the corner,normal_play,0.02
1341,1346,the perfect kick just staying the right side of that flag in the corner come on down carry him over the shoulder,normal_play,0.05
1344,1349,come on down carry him over the shoulder theres he trouble for gary ringrose,lineout,0.32
1347,1352,theres he trouble for gary ringrose hes out of the line out stop hes out of the line out,lineout,0.32
1350,1355,trouble for gary ringrose hes out of the line out stop hes out of the line out keep going jimmy line outs on,lineout,0.32
1353,1358,hes out of the line out stop hes out of the line out keep going jimmy line outs on,lineout,0.32
1356,1361,keep going jimmy line outs on,lineout,0.32
1362,1367,islands line out five out again shortened numbers to secure possession,normal_play,0.07
1365,1370,islands line out five out again shortened numbers to secure possession,normal_play,0.07
1368,1373,again shortened numbers to secure possession james ryan is accurate gibson park moves it away,normal_play,0.07
1371,1376,james ryan is accurate gibson park moves it away here comes cailan dorris,normal_play,0.07
1374,1379,james ryan is accurate gibson park moves it away here comes cailan dorris 25 year old,normal_play,0.03
1377,1382,here comes cailan dorris 25 year old island set up again use it now,normal_play,0.03
1380,1385,island set up again use it now no its not its not,tmo_replay,0.18
1383,1388,again use it now no its not its not great barrier island in new zealand and that one charged down,tmo_replay,0.18
1386,1391,great barrier island in new zealand and that one charged down,tmo_replay,0.18
1389,1394,and that one charged down he was onside the whole time thank you jimmy,tmo_replay,0.18
1392,1397,he was onside the whole time thank you jimmy,normal_play,0.0
1395,1400,he was onside the whole time thank you jimmy,normal_play,0.0
1401,1406,its a big obstacle isnt it when youre trying to box out of there,lineout,0.34
1404,1409,its a big obstacle isnt it when youre trying to box out of there portman ok for two hes offside but just about right side of the line,lineout,0.34
1407,1412,its a big obstacle isnt it when youre trying to box out of there portman ok for two hes offside but just about right side of the line two minutes,lineout,0.34
1410,1415,portman ok for two hes offside but just about right side of the line two minutes hes a real nuisance at the line up time as well hes giving it a bit,lineout,0.34
1413,1418,two minutes hes a real nuisance at the line up time as well hes giving it a bit,tmo_replay,0.11
1416,1421,hes a real nuisance at the line up time as well hes giving it a bit inaccuracy headline out time for island,tmo_replay,0.17
1419,1424,inaccuracy headline out time for island could be very costly in this game,tmo_replay,0.17
1422,1427,inaccuracy headline out time for island could be very costly in this game,tmo_replay,0.17
1425,1430,could be very costly in this game this is the last attack for south africa,tmo_replay,0.17
1428,1433,this is the last attack for south africa that angle krills coming on there its really nice,tmo_replay,0.19
1431,1436,that angle krills coming on there its really nice go please,tmo_replay,0.19
1434,1439,that angle krills coming on there its really nice go please and the slight of hands from marnie le boc,tmo_replay,0.19
1437,1442,and the slight of hands from marnie le boc thats the one that left gary ringrose feeling a little bit rusty,normal_play,0.01
1440,1445,thats the one that left gary ringrose feeling a little bit rusty,normal_play,0.02
1443,1448,thats the one that left gary ringrose feeling a little bit rusty tried to put the big shot on damian di alendi,normal_play,0.02
1446,1451,tried to put the big shot on damian di alendi not easy to do ok 13 green,normal_play,0.02
1449,1454,tried to put the big shot on damian di alendi not easy to do ok 13 green sub hia,normal_play,0.02
1452,1457,not easy to do ok 13 green sub hia in fact ringrose is going off for an hia,normal_play,0.01
1455,1460,sub hia in fact ringrose is going off for an hia,normal_play,0.01
1458,1463,in fact ringrose is going off for an hia tried to hit di alendi whos 106kg or so,normal_play,0.01
1461,1466,tried to hit di alendi whos 106kg or so,normal_play,0.01
1464,1469,tried to hit di alendi whos 106kg or so in the mould of jean de villiers you might say whos sat behind us here in the coventry box,normal_play,0.01
1467,1472,in the mould of jean de villiers you might say whos sat behind us here in the coventry box,normal_play,0.01
1470,1475,in the mould of jean de villiers you might say whos sat behind us here in the coventry box,normal_play,0.01
1473,1478,in the mould of jean de villiers you might say whos sat behind us here in the coventry box not a bad replacement from robbie henshaw there as well for gary ringrose,normal_play,0.01
1476,1481,not a bad replacement from robbie henshaw there as well for gary ringrose same message timing,scrum,0.41
1479,1484,not a bad replacement from robbie henshaw there as well for gary ringrose same message timing we also have bryna disco the great irish legend thats here as well didnt bring his boots he said,scrum,0.41
1482,1487,same message timing we also have bryna disco the great irish legend thats here as well didnt bring his boots he said,scrum,0.41
1485,1490,we also have bryna disco the great irish legend thats here as well didnt bring his boots he said still a rugby world cup record holder with the irish side,scrum,0.41
1488,1493,still a rugby world cup record holder with the irish side weve never got past the quarter finals in fact,scrum,0.41
1491,1496,still a rugby world cup record holder with the irish side weve never got past the quarter finals in fact i wouldnt believe that team to fall with the irish side,scrum,0.41
1494,1499,weve never got past the quarter finals in fact i wouldnt believe that team to fall with the irish side robbie henshaw coming in and hell need all 70 caps experience,scrum,0.41
1497,1502,i wouldnt believe that team to fall with the irish side robbie henshaw coming in and hell need all 70 caps experience,scrum,0.41
1500,1505,robbie henshaw coming in and hell need all 70 caps experience now 71 to defend this scrum,normal_play,0.65
1503,1508,now 71 to defend this scrum,normal_play,0.65
1506,1511,to clap feeds for south africa theyre up 3 0 21 minutes gone,normal_play,0.65
1509,1514,to clap feeds for south africa theyre up 3 0 21 minutes gone di alendi goes upfield,normal_play,0.65
1512,1517,to clap feeds for south africa theyre up 3 0 21 minutes gone di alendi goes upfield,normal_play,0.65
1515,1520,di alendi goes upfield daniel di alendi within 3 metres south africa on the verge of scoring,normal_play,0.65
1518,1523,daniel di alendi within 3 metres south africa on the verge of scoring,normal_play,0.09
1521,1526,daniel di alendi within 3 metres south africa on the verge of scoring he just stepped the toy stump and the balls been pitched as well that is excellent from ireland,normal_play,0.06
1524,1529,he just stepped the toy stump and the balls been pitched as well that is excellent from ireland,normal_play,0.06
1527,1532,he just stepped the toy stump and the balls been pitched as well that is excellent from ireland,normal_play,0.06
1533,1538,south africa scrum taken back south africa scrum,normal_play,0.06
1536,1541,south africa scrum taken back south africa scrum no its been ripped by green 11 and its gone back into end goal,normal_play,0.06
1539,1544,south africa scrum taken back south africa scrum no its been ripped by green 11 and its gone back into end goal,normal_play,0.06
1542,1547,no its been ripped by green 11 and its gone back into end goal,normal_play,0.06
1545,1550,no its been ripped by green 11 and its gone back into end goal at the moment daniel di alendi is taking out ireland players one by one,normal_play,0.06
1548,1553,at the moment daniel di alendi is taking out ireland players one by one,tmo_replay,0.13
1551,1556,at the moment daniel di alendi is taking out ireland players one by one,tmo_replay,0.13
1554,1559,honeylebock pre calling that im pretty sure he was saying you come back against the angle,tmo_replay,0.13
1557,1562,honeylebock pre calling that im pretty sure he was saying you come back against the angle he almost pre called the step running into johnny sex and he put a good shoulder contact,tmo_replay,0.13
1560,1565,honeylebock pre calling that im pretty sure he was saying you come back against the angle he almost pre called the step running into johnny sex and he put a good shoulder contact,tmo_replay,0.13
1563,1568,he almost pre called the step running into johnny sex and he put a good shoulder contact but its come off second best,tmo_replay,0.13
1566,1571,he almost pre called the step running into johnny sex and he put a good shoulder contact but its come off second best james lowe in there again doing a bit of back row work,normal_play,0.01
1569,1574,james lowe in there again doing a bit of back row work maybe save the score,normal_play,0.02
1572,1577,james lowe in there again doing a bit of back row work maybe save the score you know what will happen,normal_play,0.02
1575,1580,maybe save the score you know what will happen real worrying times for johnny sex and the captain of ireland,normal_play,0.02
1578,1583,real worrying times for johnny sex and the captain of ireland one of the most decorated players in the world,normal_play,0.02
1581,1586,real worrying times for johnny sex and the captain of ireland one of the most decorated players in the world hes for frankie world cup,normal_play,0.02
1584,1589,one of the most decorated players in the world hes for frankie world cup,normal_play,0.02
1587,1592,hes for frankie world cup,normal_play,0.02
1590,1595,okay south africa time to go back on please ireland time to go back on please,normal_play,0.02
1593,1598,okay south africa time to go back on please ireland time to go back on please,normal_play,0.02
1596,1601,okay south africa time to go back on please ireland time to go back on please well from the balls line this game is being played at a brilliant pace,normal_play,0.01
1599,1604,okay south africa time to go back on please ireland time to go back on please well from the balls line this game is being played at a brilliant pace,normal_play,0.01
1602,1607,well from the balls line this game is being played at a brilliant pace a great tempo,normal_play,0.01
1605,1610,well from the balls line this game is being played at a brilliant pace a great tempo,normal_play,0.01
1608,1613,a bit of a loose ill say use it,normal_play,0.01
1611,1616,a bit of a loose ill say use it french legend,normal_play,0.01
1614,1619,ill say use it french legend no no its taken back and then gone by green,scrum,0.49
1617,1622,no no its taken back and then gone by green ive heard you ive heard you bongi,scrum,0.49
1620,1625,no no its taken back and then gone by green ive heard you ive heard you bongi lets go theres the marcus in the middle,scrum,0.49
1623,1628,ive heard you ive heard you bongi lets go theres the marcus in the middle other legends in the house gough rory mcilroy from ireland,scrum,0.49
1626,1631,other legends in the house gough rory mcilroy from ireland michael flatley the celebrated irish dancer is here as well,scrum,0.49
1629,1634,other legends in the house gough rory mcilroy from ireland michael flatley the celebrated irish dancer is here as well lets get back lets get back,scrum,0.49
1632,1637,michael flatley the celebrated irish dancer is here as well lets get back lets get back,scrum,0.49
1635,1640,lets get back lets get back see the way marnie labarque has just got his eyes widened at this area of the park,scrum,0.49
1638,1643,see the way marnie labarque has just got his eyes widened at this area of the park,scrum,0.49
1641,1646,see the way marnie labarque has just got his eyes widened at this area of the park when he knows hes getting the chance to create something,scrum,0.49
1644,1649,when he knows hes getting the chance to create something just at his fast pace energising presence in this south african back line,normal_play,0.62
1647,1652,just at his fast pace energising presence in this south african back line and hes got villamse behind him here,normal_play,0.62
1650,1655,just at his fast pace energising presence in this south african back line and hes got villamse behind him here goal,normal_play,0.62
1653,1658,and hes got villamse behind him here goal fine,normal_play,0.62
1656,1661,fine six,normal_play,0.62
1659,1664,six,normal_play,0.62
1662,1667,the scrim box options both sides,normal_play,0.59
1665,1670,the scrim box options both sides,normal_play,0.59
1668,1673,the scrim box options both sides the clack short ball,normal_play,0.59
1671,1676,the clack short ball jesse kille very close khaleesi loses it,normal_play,0.59
1674,1679,jesse kille very close khaleesi loses it ireland have it theyre celebrating,normal_play,0.59
1677,1682,ireland have it theyre celebrating no the ball is over,normal_play,0.59
1680,1685,no the ball is over the way theyve repelled the spring box but its not out,normal_play,0.05
1683,1688,the way theyve repelled the spring box but its not out villamse big step off his left gets rid of one,normal_play,0.05
1686,1691,villamse big step off his left gets rid of one does the full back for south africa,normal_play,0.05
1689,1694,big step off his left gets rid of one does the full back for south africa visa,normal_play,0.05
1692,1697,does the full back for south africa visa skips mostad goes to steven kitzhoff the one they call the angry plum,normal_play,0.05
1695,1700,skips mostad goes to steven kitzhoff the one they call the angry plum khaleesi takes goes low,normal_play,0.05
1698,1703,the one they call the angry plum khaleesi takes goes low bounces out of a couple,normal_play,0.05
1701,1706,khaleesi takes goes low bounces out of a couple and a spill has come in there as well please dont run into him,normal_play,0.05
1704,1709,and a spill has come in there as well please dont run into him i did not see him move,normal_play,0.05
1707,1712,i did not see him move this is the set piece kille again piercing through the middle,normal_play,0.05
1710,1715,this is the set piece kille again piercing through the middle what a tackle from bandi bundee aki,tmo_replay,0.19
1713,1718,what a tackle from bandi bundee aki chops him down eyes on gets low takes the legs,tmo_replay,0.16
1716,1721,chops him down eyes on gets low takes the legs that is fabulous,tmo_replay,0.16
1719,1724,that is fabulous from both centres,tmo_replay,0.16
1722,1727,from both centres the ball is in the ball is in,tmo_replay,0.16
1725,1730,the ball is in the ball is in the ball is in,tmo_replay,0.16
1728,1733,the ball is in the ball is in the ball is in,tmo_replay,0.16
1731,1736,the ball is in the ball is in for all money that was going to be a score,tmo_replay,0.16
1734,1739,for all money that was going to be a score heres the turnover just a little knock on in there,tmo_replay,0.16
1737,1742,heres the turnover just a little knock on in there james ospire up and why not,tmo_replay,0.16
1740,1745,james ospire up and why not the ireland defence keeping them out,normal_play,0.03
1743,1748,the ireland defence keeping them out just about at the moment,normal_play,0.03
1746,1751,just about at the moment the timing is much better ireland good patience thats the call,scrum,0.38
1749,1754,the timing is much better ireland good patience thats the call,scrum,0.38
1761,1766,one two three,scrum,0.38
1764,1769,one two three,scrum,0.38
1767,1772,coach,scrum,0.38
1770,1775,coach fine,scrum,0.38
1773,1778,fine six,normal_play,0.06
1776,1781,six,normal_play,0.05
1779,1784,last side full noise here its dr france,normal_play,0.05
1782,1787,last side full noise here its dr france johnny sexton whoops and wide k9 hold,normal_play,0.02
1785,1790,johnny sexton whoops and wide k9 hold kicked downfield by hugo hugo keenan the former 7th international,normal_play,0.05
1788,1793,kicked downfield by hugo hugo keenan the former 7th international ireland work their way up the field jimmy control that mark,normal_play,0.02
1791,1796,ireland work their way up the field jimmy control that mark we need to have good depth of this line out,normal_play,0.02
1794,1799,jimmy control that mark we need to have good depth of this line out thats nifty,tmo_replay,0.16
1797,1802,thats nifty yeah it is now we must have good space,tmo_replay,0.16
1800,1805,yeah it is now we must have good space the south african back thrusters starting back to cover the kick but as the ireland attackers in the back shift it,tmo_replay,0.16
1803,1808,the south african back thrusters starting back to cover the kick but as the ireland attackers in the back shift it ireland,tmo_replay,0.16
1806,1811,but as the ireland attackers in the back shift it ireland the back three of south africa have to come up which then leaves that backfield space,lineout,0.38
1809,1814,the back three of south africa have to come up which then leaves that backfield space i actually think hugo hugo keenan is so skillful he probably would have wanted that to roll into the 22,lineout,0.38
1812,1817,the back three of south africa have to come up which then leaves that backfield space i actually think hugo hugo keenan is so skillful he probably would have wanted that to roll into the 22 by his own standards,lineout,0.38
1815,1820,i actually think hugo hugo keenan is so skillful he probably would have wanted that to roll into the 22 by his own standards hes been so impressive really making that 15 jersey his own,lineout,0.38
1818,1823,by his own standards hes been so impressive really making that 15 jersey his own,normal_play,0.02
1821,1826,hes been so impressive really making that 15 jersey his own south africa solid with khaleesi,normal_play,0.21
1824,1829,south africa solid with khaleesi,normal_play,0.21
1827,1832,solid with khaleesi sataku no your hands no,normal_play,0.04
1830,1835,sataku no your hands no thank you clack monty leboc goes to the sky,normal_play,0.04
1833,1838,thank you clack monty leboc goes to the sky kurt lee aronson comes down,normal_play,0.04
1836,1841,monty leboc goes to the sky kurt lee aronson comes down what a contest that is,normal_play,0.05
1839,1844,what a contest that is aronson wins it another international 7th player lining it up here at the rugby field,normal_play,0.05
1842,1847,aronson wins it another international 7th player lining it up here at the rugby field lying it up here at the rugby world cup,normal_play,0.06
1845,1850,another international 7th player lining it up here at the rugby field lying it up here at the rugby world cup low thought about a kick and then the dunny and hes been had by villamsa,normal_play,0.03
1848,1853,lying it up here at the rugby world cup low thought about a kick and then the dunny and hes been had by villamsa,normal_play,0.06
1851,1856,low thought about a kick and then the dunny and hes been had by villamsa ireland under pressure in their 22,normal_play,0.06
1854,1859,ireland under pressure in their 22 josh vanderfleet with a head gear is there as well,normal_play,0.05
1857,1862,josh vanderfleet with a head gear is there as well world rugby player of the year in 2022,normal_play,0.02
1860,1865,josh vanderfleet with a head gear is there as well world rugby player of the year in 2022,normal_play,0.05
1863,1868,world rugby player of the year in 2022 johnny sexton just telling his forwards and backs where to go,normal_play,0.05
1866,1871,johnny sexton just telling his forwards and backs where to go no take a step,normal_play,0.15
1869,1874,johnny sexton just telling his forwards and backs where to go no take a step five five four jamison gibson park,normal_play,0.02
1872,1877,five five four jamison gibson park use it nine no youre still off,normal_play,0.03
1875,1880,use it nine no youre still off take a step behind the foot,normal_play,0.03
1878,1883,take a step behind the foot eben etzebeth gets close puts under pressure,normal_play,0.16
1881,1886,eben etzebeth gets close puts under pressure,normal_play,0.02
1884,1889,eben etzebeth gets close puts under pressure on the ground knocked on by south africa,normal_play,0.02
1887,1892,on the ground knocked on by south africa,tmo_replay,0.23
1890,1895,on the ground knocked on by south africa first forward in the year thats his 14,tmo_replay,0.23
1893,1898,first forward in the year thats his 14 almost peel how nerve racking that must be for gibson park trying to box,tmo_replay,0.23
1896,1901,almost peel how nerve racking that must be for gibson park trying to box,tmo_replay,0.23
1899,1904,almost peel how nerve racking that must be for gibson park trying to box kick under that pressure,tmo_replay,0.23
1902,1907,kick under that pressure and eben etzebeth,normal_play,0.02
1905,1910,and eben etzebeth kugelkeen potentially,normal_play,0.02
1908,1913,kugelkeen potentially laying ironson in the air there,normal_play,0.02
1911,1916,laying ironson in the air there thats pressure that causes gibson park to have to put thumbs off,normal_play,0.02
1914,1919,thats pressure that causes gibson park to have to put thumbs off different trajectory on his kicks hes got to almost go straight up in the air which is why the ball dropped only about 10 metres ahead of where the rock was,normal_play,0.02
1917,1922,that causes gibson park to have to put thumbs off different trajectory on his kicks hes got to almost go straight up in the air which is why the ball dropped only about 10 metres ahead of where the rock was,normal_play,0.01
1920,1925,hes got to almost go straight up in the air which is why the ball dropped only about 10 metres ahead of where the rock was,normal_play,0.01
1923,1928,hes got to almost go straight up in the air which is why the ball dropped only about 10 metres ahead of where the rock was but iris chase is able to get up and make a mess of it,normal_play,0.01
1926,1931,but iris chase is able to get up and make a mess of it yes so electric to see kugelkeen ironson,normal_play,0.01
1929,1934,but iris chase is able to get up and make a mess of it yes so electric to see kugelkeen ironson 12 try in 12 games,normal_play,0.01
1932,1937,yes so electric to see kugelkeen ironson 12 try in 12 games,normal_play,0.01
1935,1940,12 try in 12 games and brad did you mention kugelkeen hes been 10 try on the score for his country,normal_play,0.01
1938,1943,and brad did you mention kugelkeen hes been 10 try on the score for his country,normal_play,0.01
1941,1946,hes been 10 try on the score for his country,normal_play,0.01
1944,1949,cross the olympic games coming here next year to france at this very stadium,normal_play,0.01
1947,1952,cross the olympic games coming here next year to france at this very stadium sevens will be played here,normal_play,0.01
1950,1955,cross the olympic games coming here next year to france at this very stadium sevens will be played here inside start to france,normal_play,0.01
1953,1958,sevens will be played here inside start to france what an occasion,normal_play,0.01
1956,1961,what an occasion now were going to restart with the scrum,scrum,0.33
1959,1964,now were going to restart with the scrum ollumbo,scrum,0.33
1962,1967,now were going to restart with the scrum ollumbo you want me to stop there well watch him on,scrum,0.33
1965,1970,you want me to stop there well watch him on hell be here watching the sevens in the olympics next year no doubt,scrum,0.33
1968,1973,hell be here watching the sevens in the olympics next year no doubt hes going to be absolutely rocking hes going to be kicking off the olympics feet under you,scrum,0.33
1971,1976,hes going to be absolutely rocking hes going to be kicking off the olympics feet under you thats the message feet under next year,scrum,0.33
1974,1979,thats the message feet under next year his feet need to come under your elbow needs to come up thats the message okay,scrum,0.33
1977,1982,his feet need to come under your elbow needs to come up thats the message okay tidbit for you guys willy larue is not in the 22 today,scrum,0.33
1980,1985,tidbit for you guys willy larue is not in the 22 today the 23 today i should say but he is running the water for south africa,scrum,0.33
1983,1988,the 23 today i should say but he is running the water for south africa a couple of experienced water carriers out there,scrum,0.35
1986,1991,a couple of experienced water carriers out there its keith earls i think down there as well running water for ireland,scrum,0.35
1989,1994,its keith earls i think down there as well running water for ireland so a couple of useful wise old heads,scrum,0.35
1992,1997,its keith earls i think down there as well running water for ireland so a couple of useful wise old heads guys we need to run the water on both teams,scrum,0.35
1995,2000,so a couple of useful wise old heads guys we need to run the water on both teams,scrum,0.35
1998,2003,guys we need to run the water on both teams lets go lets sit please weve been waiting too long,scrum,0.35
2001,2006,lets go lets sit please weve been waiting too long lets hit the scrum weve got the ball,scrum,0.35
2004,2009,lets hit the scrum weve got the ball nearly half an hour play,scrum,0.35
2007,2012,nearly half an hour play 3 0 south african lead ireland,scrum,0.35
2010,2015,3 0 south african lead ireland typically low affair only once in 117 years of this fixture,scrum,0.35
2013,2018,typically low affair only once in 117 years of this fixture as the team produced more than 50 points,scrum,0.35
2016,2021,only once in 117 years of this fixture as the team produced more than 50 points it was back in 2016,normal_play,0.47
2019,2024,as the team produced more than 50 points it was back in 2016 6 32 26 so they have the 1 0 1,normal_play,0.47
2022,2027,6 32 26 so they have the 1 0 1 their last time theyve beaten the irish,normal_play,0.47
2025,2030,so they have the 1 0 1 their last time theyve beaten the irish gives them a pull up rolls it backwards bundee aki again,normal_play,0.47
2028,2033,gives them a pull up rolls it backwards bundee aki again bursts through the line bundy bundee aki look at him go over the halfway line,normal_play,0.47
2031,2036,bursts through the line bundy bundee aki look at him go over the halfway line bundee aki is a sensation in this game,normal_play,0.47
2034,2039,bundee aki is a sensation in this game into the 22 for ireland,normal_play,0.47
2037,2042,into the 22 for ireland gives them a little bit of a break,normal_play,0.47
2040,2045,gives them a little bit of a break gibson park saw a bunch of watchers,normal_play,0.47
2043,2048,gibson park saw a bunch of watchers hes flying up on the right hand side the side to take contact,normal_play,0.47
2046,2051,hes flying up on the right hand side the side to take contact numbers to the left porter,normal_play,0.08
2049,2054,the side to take contact numbers to the left porter for ireland can they capitalise on their break by bundy bundee aki,normal_play,0.08
2052,2057,for ireland can they capitalise on their break by bundy bundee aki,normal_play,0.08
2055,2060,can they capitalise on their break by bundy bundee aki he carries again delayed ball you know a manny is there,normal_play,0.08
2058,2063,he carries again delayed ball you know a manny is there,normal_play,0.08
2061,2066,you know a manny is there much better from this irish side a second carry again from andrew porter,normal_play,0.03
2064,2069,much better from this irish side a second carry again from andrew porter debut in 2017,normal_play,0.03
2067,2072,a second carry again from andrew porter debut in 2017 johnny sexton,normal_play,0.03
2070,2075,debut in 2017 johnny sexton crunched as he gives the inside ball to james lowe,normal_play,0.03
2073,2078,crunched as he gives the inside ball to james lowe,normal_play,0.03
2076,2081,crunched as he gives the inside ball to james lowe porter for the third time the hits keep coming,normal_play,0.02
2079,2084,porter for the third time the hits keep coming gibson park,normal_play,0.02
2082,2087,the hits keep coming gibson park shifts it to the right as ireland,normal_play,0.04
2085,2090,shifts it to the right as ireland trying to make some progress here in the 22 johnny sexton,normal_play,0.04
2088,2093,trying to make some progress here in the 22 johnny sexton just that wall of white jerseys,normal_play,0.04
2091,2096,just that wall of white jerseys with dutoy again behind the back wall,normal_play,0.04
2094,2099,with dutoy again behind the back wall trying to unlock,normal_play,0.04
2097,2102,trying to unlock josh vanderfleet,normal_play,0.04
2100,2105,josh vanderfleet johnny sexton over the top he goes,normal_play,0.04
2103,2108,johnny sexton over the top he goes bundy bundee aki yet again,normal_play,0.04
2106,2111,over the top he goes bundy bundee aki yet again beautiful ball to lowe on the inside,normal_play,0.04
2109,2114,beautiful ball to lowe on the inside needs help theres mustards all over him,normal_play,0.04
2112,2117,needs help theres mustards all over him and a bindage for the irish side,normal_play,0.54
2115,2120,and a bindage for the irish side porter nice dummy from the front,normal_play,0.54
2118,2123,porter nice dummy from the front but the field is open,normal_play,0.54
2121,2126,but the field is open nice dummy from the front from leicester,normal_play,0.54
2124,2129,nice dummy from the front from leicester a free play here for the irish side,normal_play,0.54
2127,2132,a free play here for the irish side with advantage gibson park still got the penalty advantage,normal_play,0.54
2130,2135,with advantage gibson park still got the penalty advantage across theyll go the cross kick,normal_play,0.54
2133,2138,across theyll go the cross kick from henshaw,normal_play,0.54
2136,2141,from henshaw and ireland will come back no clear release,normal_play,0.54
2139,2144,and ireland will come back no clear release youre always in contact with the tackler,normal_play,0.54
2142,2147,youre always in contact with the tackler goes to ground no clear release,normal_play,0.03
2145,2150,youre always in contact with the tackler goes to ground no clear release so even if he stays on his feet as the tackle assist there,normal_play,0.03
2148,2153,so even if he stays on his feet as the tackle assist there throwing the guy to ground he has to release,normal_play,0.03
2151,2156,so even if he stays on his feet as the tackle assist there throwing the guy to ground he has to release before he can get on the ball bundy bundee aki how about that for a carry,normal_play,0.03
2154,2159,before he can get on the ball bundy bundee aki how about that for a carry down the middle i thought he was going to go all the way showed a clean set of heels,normal_play,0.04
2157,2162,down the middle i thought he was going to go all the way showed a clean set of heels the south african defence got back in numbers,normal_play,0.07
2160,2165,showed a clean set of heels the south african defence got back in numbers and quickly so they could get off the line and start putting their typical shots in,normal_play,0.07
2163,2168,the south african defence got back in numbers and quickly so they could get off the line and start putting their typical shots in,normal_play,0.07
2166,2171,and start putting their typical shots in there were some brilliant tackle in there franz malhauver upending andrew porter,normal_play,0.07
2169,2174,there were some brilliant tackle in there franz malhauver upending andrew porter amongst many others,normal_play,0.0
2172,2177,franz malhauver upending andrew porter amongst many others we knew it was going to be a tight affair weve only got three points on the scoreboard so far,normal_play,0.0
2175,2180,we knew it was going to be a tight affair weve only got three points on the scoreboard so far really off the five,normal_play,0.0
2178,2183,weve only got three points on the scoreboard so far really off the five you get a look at the penalty there you can see he went all,normal_play,0.0
2181,2186,you get a look at the penalty there you can see he went all never released the tackle player before he then got on the ball,lineout,0.34
2184,2189,never released the tackle player before he then got on the ball penalty all day good spot from ben bundee aki,lineout,0.34
2187,2192,penalty all day good spot from ben bundee aki very quick,lineout,0.34
2190,2195,very quick theres some good news for ireland gary ringrose has passed his hia,lineout,0.34
2193,2198,theres some good news for ireland gary ringrose has passed his hia and will return to the field shortly,lineout,0.34
2196,2201,and will return to the field shortly thank you thank you,lineout,0.34
2199,2204,thank you thank you will return to the field shortly,normal_play,0.07
2202,2207,will return to the field shortly that is great news for the irish side they cant love that they kick for the corner,normal_play,0.07
2205,2210,that is great news for the irish side they cant love that they kick for the corner because here comes callaghan now to the front,normal_play,0.07
2208,2213,because here comes callaghan now to the front van der vleer peels around eben etzebeth hasnt,normal_play,0.07
2211,2216,van der vleer peels around eben etzebeth hasnt,normal_play,0.07
2214,2219,eben etzebeth hasnt van de bundee aki,normal_play,0.04
2217,2222,van de bundee aki the most dangerous runner tonight,normal_play,0.02
2220,2225,the most dangerous runner tonight still the irish wave comes at south africa,normal_play,0.02
2223,2228,still the irish wave comes at south africa gibson park to the right,try,0.94
2226,2231,gibson park to the right,try,0.94
2229,2234,gibson park to the right forwards quickly regathering themselves for the next wave,try,0.94
2232,2237,forwards quickly regathering themselves for the next wave peter omahony,try,0.94
2235,2240,forwards quickly regathering themselves for the next wave peter omahony,try,0.94
2238,2243,gibson park looks both ways,try,0.94
2241,2246,gibson park looks both ways again its van der vleer,try,0.94
2244,2249,again its van der vleer ireland inching their way closer to the springbok trial line,try,0.94
2247,2252,ireland inching their way closer to the springbok trial line beautiful play,try,0.94
2250,2255,ireland inching their way closer to the springbok trial line beautiful play johnny sexton throws a dummy,try,0.94
2253,2258,johnny sexton throws a dummy he gets so close to johnny johnny sexton no there it is,try,0.95
2256,2261,he gets so close to johnny johnny sexton no there it is heads behind,try,0.95
2259,2264,heads behind to the right no the numbers there,try,0.95
2262,2267,to the right no the numbers there ireland will score,try,0.95
2265,2270,ireland will score and they put it down mack hanson,try,0.95
2268,2273,and they put it down mack hanson rooks one in for the irish,try,0.95
2271,2276,rooks one in for the irish and the crowd erupts its not the france,tmo_replay,0.23
2274,2279,and the crowd erupts its not the france,tmo_replay,0.23
2277,2282,its not the france,tmo_replay,0.23
2280,2285,well thats a beautiful bit of play,tmo_replay,0.23
2283,2288,well thats a beautiful bit of play johnny johnny sexton gets so close the scramble from south africa,tmo_replay,0.23
2286,2291,johnny johnny sexton gets so close the scramble from south africa and it goes wide into the hands of the mustachioed mack hanson,tmo_replay,0.23
2289,2294,the scramble from south africa and it goes wide into the hands of the mustachioed mack hanson who gets over for irelands first score,tmo_replay,0.23
2292,2297,into the hands of the mustachioed mack hanson who gets over for irelands first score seven points,tmo_replay,0.23
2295,2300,who gets over for irelands first score seven points if johnny sexton can pop this one over,tmo_replay,0.23
2298,2303,if johnny sexton can pop this one over what a moment for mack hanson,tmo_replay,0.23
2301,2306,if johnny sexton can pop this one over what a moment for mack hanson born and bred in canberra australia,tmo_replay,0.23
2304,2309,what a moment for mack hanson born and bred in canberra australia he played super rugby for the brumbies was actually convinced to come playing or go play in ireland,goal_kick,0.54
2307,2312,he played super rugby for the brumbies was actually convinced to come playing or go play in ireland by iconic coach andy friend,goal_kick,0.54
2310,2315,was actually convinced to come playing or go play in ireland by iconic coach andy friend qualifies for ireland through his irish born mother,goal_kick,0.54
2313,2318,by iconic coach andy friend qualifies for ireland through his irish born mother and he has another try on the big stage,goal_kick,0.54
2316,2321,qualifies for ireland through his irish born mother and he has another try on the big stage hes head of the head of this game,goal_kick,0.54
2319,2324,hes head of the head of this game these type of games its probably everything you dream of growing up,goal_kick,0.54
2322,2327,hes head of the head of this game these type of games its probably everything you dream of growing up well he might have to pitch himself,goal_kick,0.54
2325,2330,these type of games its probably everything you dream of growing up well he might have to pitch himself okay thank you,goal_kick,0.54
2328,2333,well he might have to pitch himself okay thank you so sit up were just going to keep working johnny johnny sexton,goal_kick,0.54
2331,2336,so sit up were just going to keep working johnny johnny sexton from the right hand side,goal_kick,0.54
2334,2339,from the right hand side i think weve got the right pitchers at scrum,goal_kick,0.65
2337,2342,i think weve got the right pitchers at scrum gave it in 2009 in dublin for his country,goal_kick,0.65
2340,2345,gave it in 2009 in dublin for his country,goal_kick,0.65
2343,2348,gave it in 2009 in dublin for his country four six nations titles,goal_kick,0.65
2346,2351,four six nations titles too many other titles to list right now,goal_kick,0.65
2349,2354,too many other titles to list right now he lines up the extra two does johnny sexton,goal_kick,0.65
2352,2357,he lines up the extra two does johnny sexton its straight through the middle,tmo_replay,0.26
2355,2360,its straight through the middle its irelands seventh south africas three,tmo_replay,0.26
2358,2363,its irelands seventh south africas three and the flags are flying at 35 minutes,tmo_replay,0.26
2361,2366,and the flags are flying at 35 minutes,tmo_replay,0.26
2364,2369,and the flags are flying at 35 minutes its a fifth pass to james lowe across the face of the defenders,tmo_replay,0.26
2367,2372,its a fifth pass to james lowe across the face of the defenders it cut out about three defenders that pass james lowe just holding his feet,kick_off,0.62
2370,2375,it cut out about three defenders that pass james lowe just holding his feet good hands the catch and pass,kick_off,0.62
2373,2378,james lowe just holding his feet good hands the catch and pass it felt like they earned that score,kick_off,0.62
2376,2381,it felt like they earned that score its a brilliant attack really nice from the guys in the emerald green,kick_off,0.62
2379,2384,its a brilliant attack really nice from the guys in the emerald green,kick_off,0.62
2382,2387,really nice from the guys in the emerald green going for the attacking line ups as well,normal_play,0.07
2385,2390,going for the attacking line ups as well its paid full value,normal_play,0.07
2388,2393,its paid full value so theres seven points khaleesi has it for south africa,normal_play,0.01
2391,2396,so theres seven points khaleesi has it for south africa and yolendi puts a kick over the top,normal_play,0.01
2394,2399,and yolendi puts a kick over the top a one bounce and just like that the spring box,normal_play,0.01
2397,2402,a one bounce and just like that the spring box putting on the pressure against ireland,normal_play,0.01
2400,2405,and just like that the spring box putting on the pressure against ireland,normal_play,0.01
2403,2408,putting on the pressure against ireland well weve seen some bullish touches from vlnd with ball in hand,normal_play,0.01
2406,2411,well weve seen some bullish touches from vlnd with ball in hand,normal_play,0.01
2409,2414,well weve seen some bullish touches from vlnd with ball in hand that was a delicate one lovely little touch over the top,normal_play,0.01
2412,2417,that was a delicate one lovely little touch over the top i dont mind that you know youve got gertrude arnst out there,normal_play,0.01
2415,2420,i dont mind that you know youve got gertrude arnst out there hell chase anything and hes quick,lineout,0.32
2418,2423,hell chase anything and hes quick,lineout,0.32
2421,2426,ronan callaghan,lineout,0.32
2424,2429,ronan callaghan to the middle,normal_play,0.32
2427,2432,to the middle uncontested gibson park,normal_play,0.32
2430,2435,uncontested gibson park ireland running upfield now doris,normal_play,0.33
2433,2438,ireland running upfield now doris penalty on the ireland this will help them get down the field,normal_play,0.33
2436,2441,penalty on the ireland this will help them get down the field,normal_play,0.33
2439,2444,this will help them get down the field fabulous carry from doris,normal_play,0.19
2442,2447,fabulous carry from doris it was dutoy who was lying on the wrong side,normal_play,0.19
2445,2450,fabulous carry from doris it was dutoy who was lying on the wrong side thats what can happen if you get the dominant carries,normal_play,0.19
2448,2453,it was dutoy who was lying on the wrong side thats what can happen if you get the dominant carries so you get through the contact like that,normal_play,0.19
2451,2456,thats what can happen if you get the dominant carries so you get through the contact like that you can often leave tacklers stranded on the wrong side and theyre liable to get penalty,normal_play,0.19
2454,2459,you can often leave tacklers stranded on the wrong side and theyre liable to get penalty,tmo_replay,0.17
2457,2462,you can often leave tacklers stranded on the wrong side and theyre liable to get penalty the irish forwards on a 52 on their gain line success so far in this tournament coming into this game,tmo_replay,0.17
2460,2465,you can often leave tacklers stranded on the wrong side and theyre liable to get penalty the irish forwards on a 52 on their gain line success so far in this tournament coming into this game,tmo_replay,0.17
2463,2468,the irish forwards on a 52 on their gain line success so far in this tournament coming into this game its all about gain line success,tmo_replay,0.17
2466,2471,the irish forwards on a 52 on their gain line success so far in this tournament coming into this game its all about gain line success what a joy to have bandiaki in the centers,tmo_replay,0.17
2469,2474,its all about gain line success what a joy to have bandiaki in the centers what a joy to be watching him,tmo_replay,0.17
2472,2477,what a joy to have bandiaki in the centers what a joy to be watching him lovely little change of pace on the whip there,lineout,0.36
2475,2480,what a joy to be watching him lovely little change of pace on the whip there one of the standout performers of this world cup so far bandiaki,lineout,0.36
2478,2483,one of the standout performers of this world cup so far bandiaki,lineout,0.36
2481,2486,one of the standout performers of this world cup so far bandiaki what a venue for this cliffhanger,lineout,0.36
2484,2489,what a venue for this cliffhanger what a venue for this cliffhanger,normal_play,0.05
2487,2492,what a venue for this cliffhanger what a venue for this cliffhanger ireland in the 15th match wind streak currently,normal_play,0.05
2490,2495,ireland in the 15th match wind streak currently johnny sexton theres bundee aki again,normal_play,0.05
2493,2498,johnny sexton theres bundee aki again flies into the line doris loops around,normal_play,0.11
2496,2501,flies into the line doris loops around gets a good ball and a good tackle in from khaleesi,normal_play,0.06
2499,2504,gets a good ball and a good tackle in from khaleesi gibson park changes direction,normal_play,0.06
2502,2507,gibson park changes direction under flair bundee aki again this time dielendis there,normal_play,0.06
2505,2510,under flair bundee aki again this time dielendis there two of the bulkier inside centers in world cup,normal_play,0.06
2508,2513,two of the bulkier inside centers in world cup use it,normal_play,0.19
2511,2516,two of the bulkier inside centers in world cup use it okay no so powerful,normal_play,0.19
2514,2519,okay no so powerful down now javison gibson park and the place is kind of married,normal_play,0.05
2517,2522,down now javison gibson park and the place is kind of married its come off the under change its a good ball thank you on tonga,normal_play,0.06
2520,2525,its come off the under change its a good ball thank you on tonga ardenseur,normal_play,0.03
2523,2528,ardenseur lets go backwards,normal_play,0.03
2526,2531,lets go backwards and david villimsa is there the fullback to tidy up for south africa,normal_play,0.04
2529,2534,and david villimsa is there the fullback to tidy up for south africa first receiver,normal_play,0.06
2532,2537,the fullback to tidy up for south africa first receiver javan etzebet,normal_play,0.08
2535,2540,javan etzebet takes in a couple irish players,normal_play,0.08
2538,2543,takes in a couple irish players monnie leboc on the left boot down the field,normal_play,0.04
2541,2546,monnie leboc on the left boot down the field trans for a counter here,normal_play,0.04
2544,2549,monnie leboc on the left boot down the field trans for a counter here hugo keenan does really well,normal_play,0.05
2547,2552,hugo keenan does really well theres a fullback so hes upended,normal_play,0.05
2550,2555,theres a fullback so hes upended ringrose again tackle,normal_play,0.23
2553,2558,ringrose again tackle etzebet has him such a ferocious battle at the breakdown,normal_play,0.09
2556,2561,etzebet has him such a ferocious battle at the breakdown no lift big ball over the top,normal_play,0.07
2559,2564,no lift big ball over the top james lowe puts a kick through,normal_play,0.07
2562,2567,james lowe puts a kick through,normal_play,0.07
2565,2570,and this one will go out the back door,normal_play,0.07
2568,2573,and this one will go out the back door options,normal_play,0.07
2571,2576,options see ya he mentioned it during that passage down the battle of the breakdown,normal_play,0.07
2574,2579,see ya he mentioned it during that passage down the battle of the breakdown drum roll 22,tmo_replay,0.16
2577,2582,he mentioned it during that passage down the battle of the breakdown drum roll 22 whos this gum its been so good already,tmo_replay,0.16
2580,2585,whos this gum its been so good already so many strats in the jackal,tmo_replay,0.16
2583,2588,its been so good already so many strats in the jackal which means that everyone technically and in terms of their urgency has got to be so good in attack as well,tmo_replay,0.16
2586,2591,which means that everyone technically and in terms of their urgency has got to be so good in attack as well,tmo_replay,0.16
2589,2594,which means that everyone technically and in terms of their urgency has got to be so good in attack as well such a great contest this is what hugo keenan gives you,tmo_replay,0.16
2592,2597,such a great contest this is what hugo keenan gives you the roaming runner,scrum,0.38
2595,2600,this is what hugo keenan gives you the roaming runner great work,scrum,0.38
2598,2603,the roaming runner great work really good thats what i want,scrum,0.38
2601,2606,really good thats what i want youre watching the best players in the world here tonight,scrum,0.38
2604,2609,youre watching the best players in the world here tonight tell me please,scrum,0.38
2607,2612,youre watching the best players in the world here tonight tell me please,scrum,0.38
2613,2618,another get as pull he crosses over a little pull that includes france new zealand italy uruguay and namibia,scrum,0.38
2616,2621,another get as pull he crosses over a little pull that includes france new zealand italy uruguay and namibia,scrum,0.38
2619,2624,a little pull that includes france new zealand italy uruguay and namibia quarter finals will take place here october 14th and 15th,scrum,0.38
2622,2627,quarter finals will take place here october 14th and 15th coach,scrum,0.4
2625,2630,october 14th and 15th coach fine,scrum,0.4
2628,2633,fine six,scrum,0.4
2631,2636,six seven,scrum,0.4
2634,2639,seven overboard south africa,scrum,0.4
2637,2642,overboard south africa here comes odense behind the back,scrum,0.4
2640,2645,here comes odense behind the back and the bock close and wide,scrum,0.4
2643,2648,and the bock close and wide to cheswin colby he spins out,scrum,0.4
2646,2651,to cheswin colby he spins out good tackle on him score to try in the rugby world cup final,scrum,0.4
2649,2654,good tackle on him score to try in the rugby world cup final in japan last year,scrum,0.4
2652,2657,score to try in the rugby world cup final in japan last year the clap and that breakdown has been won by ireland,normal_play,0.01
2655,2660,the clap and that breakdown has been won by ireland and the crowd will let you know that,normal_play,0.01
2658,2663,and that breakdown has been won by ireland and the crowd will let you know that well case in point,normal_play,0.01
2661,2666,and the crowd will let you know that well case in point thats jasper wieser on the carry,normal_play,0.01
2664,2669,thats jasper wieser on the carry yeah i know exactly what you mean,normal_play,0.01
2667,2672,yeah i know exactly what you mean i saw the same picture hes had a sick seat cant believe it,normal_play,0.01
2670,2675,yeah i know exactly what you mean i saw the same picture hes had a sick seat cant believe it yeah im watching it,normal_play,0.02
2673,2678,yeah im watching it hes not an easy man to take down by any stretch of the imagination,normal_play,0.02
2676,2681,hes not an easy man to take down by any stretch of the imagination and yet he got shot there,normal_play,0.23
2679,2684,hes not an easy man to take down by any stretch of the imagination and yet he got shot there van der vleer ended up sneaking in on the pill and robbing it,normal_play,0.23
2682,2687,van der vleer ended up sneaking in on the pill and robbing it guys is it the final ten,normal_play,0.23
2685,2690,van der vleer ended up sneaking in on the pill and robbing it guys is it the final ten timekeeper,normal_play,0.23
2688,2693,timekeeper well there he is,tmo_replay,0.17
2691,2696,well there he is gets underneath but just before that was a brilliant display of tackling,tmo_replay,0.17
2694,2699,gets underneath but just before that was a brilliant display of tackling the back row just working together so nicely,tmo_replay,0.17
2697,2702,but just before that was a brilliant display of tackling the back row just working together so nicely steven,tmo_replay,0.17
2700,2705,the back row just working together so nicely steven steven its pretty similar to johnny johnny sextons reaction in back play,lineout,0.38
2703,2708,steven its pretty similar to johnny johnny sextons reaction in back play you can just see exactly what it means to irelands leaders,lineout,0.38
2706,2711,its pretty similar to johnny johnny sextons reaction in back play you can just see exactly what it means to irelands leaders peter omalley the back row,lineout,0.38
2709,2714,you can just see exactly what it means to irelands leaders peter omalley the back row and the back row and the back row and the back row,lineout,0.38
2712,2717,and the back row and the back row and the back row and im sure you know exactly what it means to irelands leaders,normal_play,0.07
2715,2720,and im sure you know exactly what it means to irelands leaders peter omalley gave them a stirring pump up before the game,normal_play,0.07
2718,2723,peter omalley gave them a stirring pump up before the game they are here to play today,normal_play,0.07
2721,2726,they are here to play today they really are and so far the scoreboard shows that as well,normal_play,0.07
2724,2729,they really are and so far the scoreboard shows that as well vandee bundee aki again goes in that middle channel,normal_play,0.03
2727,2732,vandee bundee aki again goes in that middle channel,normal_play,0.03
2730,2735,vandee bundee aki again goes in that middle channel behind the backpull to van der vleer,normal_play,0.03
2733,2738,behind the backpull to van der vleer ireland back to the right hand side they go,normal_play,0.03
2736,2741,ireland back to the right hand side they go porter is there,normal_play,0.03
2739,2744,porter is there jasper wieser hot johnny sexton quick hands,normal_play,0.03
2742,2747,jasper wieser hot johnny sexton quick hands,normal_play,0.03
2745,2750,hot johnny sexton quick hands tucked through long the oxford bull is there,normal_play,0.03
2748,2753,tucked through long the oxford bull is there james ryan catches forward,normal_play,0.03
2751,2756,tucked through long the oxford bull is there james ryan catches forward for ireland but peter stepter tour has it,normal_play,0.03
2754,2759,james ryan catches forward for ireland but peter stepter tour has it difficult pass for khaleesi to take and almost,normal_play,0.03
2757,2762,for ireland but peter stepter tour has it difficult pass for khaleesi to take and almost ireland coming through here and that is the first 40 minutes gone,normal_play,0.08
2760,2765,difficult pass for khaleesi to take and almost ireland coming through here and that is the first 40 minutes gone,normal_play,0.08
2763,2768,ireland coming through here and that is the first 40 minutes gone theyre in saint denis north of paris its the full b battle at the 2023 rugby,normal_play,0.08
2766,2771,ireland coming through here and that is the first 40 minutes gone theyre in saint denis north of paris its the full b battle at the 2023 rugby,normal_play,0.09
2769,2774,theyre in saint denis north of paris its the full b battle at the 2023 rugby world cup we knew itd be close and it is the half time score,normal_play,0.09
2772,2777,theyre in saint denis north of paris its the full b battle at the 2023 rugby world cup we knew itd be close and it is the half time score sees ireland lead south africa 7 3 from a packed start to france,normal_play,0.0
2775,2780,world cup we knew itd be close and it is the half time score sees ireland lead south africa 7 3 from a packed start to france,normal_play,0.0
2778,2783,sees ireland lead south africa 7 3 from a packed start to france last time ireland played south africa both countries scored two try,normal_play,0.0
2781,2786,sees ireland lead south africa 7 3 from a packed start to france last time ireland played south africa both countries scored two try each in the second half the difference being a single penalty by johnny johnny sexton,normal_play,0.0
2784,2789,last time ireland played south africa both countries scored two try each in the second half the difference being a single penalty by johnny johnny sexton,normal_play,0.0
2787,2792,each in the second half the difference being a single penalty by johnny johnny sexton tonight its start to france its 7 3 ireland,normal_play,0.0
2790,2795,tonight its start to france its 7 3 ireland lead south africa mack hanson on the board for this irish side a big second,normal_play,0.0
2793,2798,tonight its start to france its 7 3 ireland lead south africa mack hanson on the board for this irish side a big second 40 awaits us metri well we knew it was going to be close,normal_play,0.0
2796,2801,lead south africa mack hanson on the board for this irish side a big second 40 awaits us metri well we knew it was going to be close,normal_play,0.0
2799,2804,40 awaits us metri well we knew it was going to be close previous meetings limited to gap of six at max and the crowd here stand to their,normal_play,0.0
2802,2807,previous meetings limited to gap of six at max and the crowd here stand to their,normal_play,0.0
2805,2810,previous meetings limited to gap of six at max and the crowd here stand to their feet the balance in the crowd slide tipped,normal_play,0.0
2808,2813,previous meetings limited to gap of six at max and the crowd here stand to their feet the balance in the crowd slide tipped towards the irish perhaps,normal_play,0.0
2811,2816,feet the balance in the crowd slide tipped towards the irish perhaps,normal_play,0.0
2814,2819,towards the irish perhaps,normal_play,0.0
2817,2822,theres the south african legend familiar face,normal_play,0.0
2820,2825,theres the south african legend familiar face we see him around the world the 7th circuit brian havana,normal_play,0.0
2823,2828,theres the south african legend familiar face we see him around the world the 7th circuit brian havana one of the best to have done it out there on the ding a ling,normal_play,0.0
2826,2831,we see him around the world the 7th circuit brian havana one of the best to have done it out there on the ding a ling,normal_play,0.0
2829,2834,one of the best to have done it out there on the ding a ling record try scorer for south africa he watches on,normal_play,0.0
2832,2837,one of the best to have done it out there on the ding a ling record try scorer for south africa he watches on bongi mbanambi gears up for our second half,normal_play,0.0
2835,2840,record try scorer for south africa he watches on bongi mbanambi gears up for our second half,normal_play,0.0
2838,2843,bongi mbanambi gears up for our second half,normal_play,0.0
2841,2846,bongi mbanambi gears up for our second half ringrose is good hes back on his feet mustard,normal_play,0.0
2844,2849,ringrose is good hes back on his feet mustard,normal_play,0.0
2847,2852,ringrose is good hes back on his feet mustard big imposing south african forwards this irish side,normal_play,0.0
2850,2855,big imposing south african forwards this irish side stacked with talented players johnny sexton for their leader,normal_play,0.0
2853,2858,big imposing south african forwards this irish side stacked with talented players johnny sexton for their leader,normal_play,0.0
2856,2861,stacked with talented players johnny sexton for their leader,normal_play,0.0
2859,2864,stacked with talented players johnny sexton for their leader,normal_play,0.0
2862,2867,all good to see you andy farrell looks on from ireland,normal_play,0.0
2865,2870,all good to see you andy farrell looks on from ireland,normal_play,0.0
2868,2873,all good to see you andy farrell looks on from ireland youre watching the second half between ireland and south africa from starting,normal_play,0.0
2871,2876,youre watching the second half between ireland and south africa from starting start to france at the 2023 rugby world cup ireland on the left lead,normal_play,0.0
2874,2879,youre watching the second half between ireland and south africa from starting start to france at the 2023 rugby world cup ireland on the left lead,normal_play,0.0
2877,2882,start to france at the 2023 rugby world cup ireland on the left lead 7 3 against south africa bandiaki with a take,normal_play,0.0
2880,2885,7 3 against south africa bandiaki with a take welcome to the thrilling rugby matchup,normal_play,0.0
2883,2888,welcome to the thrilling rugby matchup,normal_play,0.0
2886,2891,here comes bissa for south africa straight away,normal_play,0.0
2889,2894,here comes bissa for south africa straight away so what pinori a quick pinch,normal_play,0.0
2892,2897,so what pinori a quick pinch mustard pinori to the line for the spring box,normal_play,0.0
2895,2900,mustard pinori to the line for the spring box and hold on,normal_play,0.0
2898,2903,and hold on fours on the wrong side a kick the ball coming out,normal_play,0.0
2901,2906,fours on the wrong side a kick the ball coming out its a bet again in trouble four whites,normal_play,0.0
2904,2909,fours on the wrong side a kick the ball coming out its a bet again in trouble four whites yeah i saw that in the ruck he was on the wrong side,normal_play,0.0
2907,2912,yeah i saw that in the ruck he was on the wrong side the ball coming out comes out on your side,normal_play,0.0
2910,2915,the ball coming out comes out on your side we saw that penalty in the first half the tackle line on the wrong side,normal_play,0.0
2913,2918,we saw that penalty in the first half the tackle line on the wrong side i think he probably is a good call from the referee or from his assistant,normal_play,0.0
2916,2921,i think he probably is a good call from the referee or from his assistant,normal_play,0.0
2919,2924,i think he probably is a good call from the referee or from his assistant it did disrupt that ruckball for ireland,normal_play,0.0
2922,2927,it did disrupt that ruckball for ireland even eben etzebeth came from a hell of a long way to make that first tackle,normal_play,0.0
2925,2930,even eben etzebeth came from a hell of a long way to make that first tackle he started on their own 10 meet line so that he could hit,normal_play,0.0
2928,2933,even eben etzebeth came from a hell of a long way to make that first tackle he started on their own 10 meet line so that he could hit just watching halfway running,normal_play,0.0
2931,2936,he started on their own 10 meet line so that he could hit just watching halfway running hes got a different ball just if were going to take it quick,normal_play,0.0
2934,2939,hes got a different ball just if were going to take it quick so hes running at full tilt and he was the first to arrive to make the hit on bundy bundee aki but then,normal_play,0.0
2937,2942,so hes running at full tilt and he was the first to arrive to make the hit on bundy bundee aki but then,normal_play,0.0
2940,2945,so hes running at full tilt and he was the first to arrive to make the hit on bundy bundee aki but then slightly earlier than that okay lets start with good spaces,normal_play,0.0
2943,2948,slightly earlier than that okay lets start with good spaces half and half there he is lying on the wrong side see disrupting the ireland ruck,normal_play,0.0
2946,2951,half and half there he is lying on the wrong side see disrupting the ireland ruck its a bet his ideal holiday isnt to the beaches of greece but to the gym,normal_play,0.0
2949,2954,see disrupting the ireland ruck its a bet his ideal holiday isnt to the beaches of greece but to the gym,normal_play,0.0
2952,2957,its a bet his ideal holiday isnt to the beaches of greece but to the gym heres coach jafnina but looks on,normal_play,0.0
2955,2960,heres coach jafnina but looks on gala head to the back thats a great line up from ireland,normal_play,0.0
2958,2963,gala head to the back thats a great line up from ireland bundee aki throws a short ball to his centre partner ringrose,normal_play,0.0
2961,2966,gala head to the back thats a great line up from ireland bundee aki throws a short ball to his centre partner ringrose,normal_play,0.0
2964,2969,bundee aki throws a short ball to his centre partner ringrose and then gibson pock puts one over the top,normal_play,0.0
2967,2972,and then gibson pock puts one over the top its a very good kick from the irish number nine,normal_play,0.0
2970,2975,its a very good kick from the irish number nine and its south africa that are capped in their 22,normal_play,0.0
2973,2978,and its south africa that are capped in their 22 lets go please,normal_play,0.0
2976,2981,lets go please,normal_play,0.0
2979,2984,no changes to either side at half time so the south african bomb sport,normal_play,0.0
2982,2987,no changes to either side at half time so the south african bomb sport theyre lying in wait,normal_play,0.0
2985,2990,no changes to either side at half time so the south african bomb sport theyre lying in wait its never a ball confirmed it doesnt already out,normal_play,0.0
2988,2993,its never a ball confirmed it doesnt already out,normal_play,0.0
2991,2996,its never a ball confirmed it doesnt already out,normal_play,0.0
2994,2999,the suggestion was peter marny saying that hit faf on his nose before it went out,normal_play,0.0
2997,3002,the suggestion was peter marny saying that hit faf on his nose before it went out i think it might have done you know looked like it did catch him,normal_play,0.0
3000,3005,the suggestion was peter marny saying that hit faf on his nose before it went out i think it might have done you know looked like it did catch him maybe it was just a lock of hair,normal_play,0.0
3003,3008,i think it might have done you know looked like it did catch him maybe it was just a lock of hair thats bound to get in the way the fuf the clack,normal_play,0.0
3006,3011,thats bound to get in the way the fuf the clack mustard takes as the captain sear colisi goes upfield,normal_play,0.0
3009,3014,thats bound to get in the way the fuf the clack mustard takes as the captain sear colisi goes upfield,normal_play,0.0
3012,3017,mustard takes as the captain sear colisi goes upfield south african player here of 2021,normal_play,0.0
3015,3020,south african player here of 2021 captain south africa to a series win of the british and irish line,normal_play,0.0
3018,3023,captain south africa to a series win of the british and irish line some of these players were playing against south africa,normal_play,0.0
3021,3026,some of these players were playing against south africa hanson throws it to his fullback hugo keenan,normal_play,0.0
3024,3029,hanson throws it to his fullback hugo keenan cuts back in nicely they link well and then he runs it to his own player,normal_play,0.0
3027,3032,hanson throws it to his fullback hugo keenan cuts back in nicely they link well and then he runs it to his own player was porter that wont count as a tackle,normal_play,0.0
3030,3035,cuts back in nicely they link well and then he runs it to his own player was porter that wont count as a tackle but ireland still with possession playing on peter omanning,normal_play,0.0
3033,3038,but ireland still with possession playing on peter omanning johnny sexton,normal_play,0.0
3036,3041,johnny sexton that is a nice kick yet again two in a row from the irish halfbacks,normal_play,0.0
3039,3044,that is a nice kick yet again two in a row from the irish halfbacks,normal_play,0.0
3042,3047,two in a row from the irish halfbacks and hes saying its touched so he wants a piece of this line out,normal_play,0.0
3045,3050,and hes saying its touched so he wants a piece of this line out,normal_play,0.0
3048,3053,whether they get it or not whether they get it or not,normal_play,0.0
3051,3056,whether they get it or not whether they get it or not thats threaded that like a noodle down the touchline,normal_play,0.0
3054,3059,thats threaded that like a noodle down the touchline theres not really much on there look at the space hes aiming for there,normal_play,0.0
3057,3062,theres not really much on there look at the space hes aiming for there hes putting on an absolute sixpence so that bounces out,normal_play,0.0
3060,3065,hes putting on an absolute sixpence so that bounces out,normal_play,0.0
3063,3068,okay you got to stay out as we see they dont have one,normal_play,0.0
3066,3071,okay you got to stay out as we see they dont have one 65 caps for south africa interference close by in the lineup,normal_play,0.0
3069,3074,they dont have one 65 caps for south africa interference close by in the lineup ireland getting involved now against south africas attack,normal_play,0.0
3072,3077,65 caps for south africa interference close by in the lineup ireland getting involved now against south africas attack,normal_play,0.0
3075,3080,ireland getting involved now against south africas attack,normal_play,0.0
3078,3083,weve got to offset africa through,normal_play,0.0
3081,3086,weve got to offset africa through,normal_play,0.0
3084,3089,fives the call,normal_play,0.0
3087,3092,fives the call its never your fault,normal_play,0.0
3090,3095,its never your fault,normal_play,0.0
3093,3098,omanning getting up in front of esabeth on that occasion,normal_play,0.0
3096,3101,omanning getting up in front of esabeth on that occasion no easy task fighting fire with fire at line out time,normal_play,0.0
3099,3104,no easy task fighting fire with fire at line out time a massive opportunity for the irish here,normal_play,0.0
3102,3107,fighting fire with fire at line out time a massive opportunity for the irish here mossad returns the favour,normal_play,0.0
3105,3110,a massive opportunity for the irish here mossad returns the favour peter steps it to a hazard four south africa,normal_play,0.0
3108,3113,mossad returns the favour peter steps it to a hazard four south africa never on the ball just the body no for the contest weve seen from the big men,normal_play,0.0
3111,3116,peter steps it to a hazard four south africa never on the ball just the body no for the contest weve seen from the big men okay use it,normal_play,0.0
3114,3119,for the contest weve seen from the big men okay use it hold here foster clack plays alongside jesse creel in japan,normal_play,0.0
3117,3122,okay use it hold here foster clack plays alongside jesse creel in japan,normal_play,0.0
3120,3125,foster clack plays alongside jesse creel in japan downtown is the kick to the halfway line pinpoint from south africa,normal_play,0.0
3123,3128,downtown is the kick to the halfway line pinpoint from south africa,normal_play,0.0
3126,3131,downtown is the kick to the halfway line pinpoint from south africa this side of the half jimmy yeah go work,normal_play,0.0
3129,3134,this side of the half jimmy yeah go work,normal_play,0.0
3132,3137,its an absolute master class in line out jump here at the moment,normal_play,0.0
3135,3140,its an absolute master class in line out jump here at the moment,normal_play,0.0
3138,3143,its an absolute master class in line out jump here at the moment the way the lifters are getting the speed with which those jumps are getting the eggs,normal_play,0.0
3141,3146,the way the lifters are getting the speed with which those jumps are getting the eggs the lifters are throwing them getting right close together so theyre getting the jumper,normal_play,0.0
3144,3149,the way the lifters are getting the speed with which those jumps are getting the eggs the lifters are throwing them getting right close together so theyre getting the jumper to the maximum height,normal_play,0.0
3147,3152,the lifters are throwing them getting right close together so theyre getting the jumper to the maximum height get that those six line outs lost for ireland,normal_play,0.0
3150,3155,get that those six line outs lost for ireland,normal_play,0.0
3153,3158,get that those six line outs lost for ireland callaghan improves his stats,normal_play,0.0
3156,3161,callaghan improves his stats hes through the middle,normal_play,0.0
3159,3164,hes through the middle on the flip bundee aki comes in down to the halfway line for the irish side,normal_play,0.0
3162,3167,on the flip bundee aki comes in down to the halfway line for the irish side,normal_play,0.0
3165,3170,bundee aki comes in down to the halfway line for the irish side kallera again takes on kicsoff,normal_play,0.0
3168,3173,bundee aki comes in down to the halfway line for the irish side kallera again takes on kicsoff,normal_play,0.0
3171,3176,kallera again takes on kicsoff khaleesi comes in,normal_play,0.0
3174,3179,khaleesi comes in hands the pill stays with the ball,normal_play,0.0
3177,3182,hands the pill stays with the ball the men in green use it,normal_play,0.0
3180,3185,the men in green use it sex them to the right hand side he lets his forwards attack a bit more,normal_play,0.0
3183,3188,sex them to the right hand side he lets his forwards attack a bit more,normal_play,0.0
3186,3191,sex them to the right hand side he lets his forwards attack a bit more penalty south africa,normal_play,0.0
3189,3194,penalty south africa,normal_play,0.0
3192,3197,hes well out of the way holding on,normal_play,0.0
3195,3200,hes well out of the way holding on five,normal_play,0.0
3198,3203,weve got some changes coming for south africa rg snimons coming on so too is quagga smith and so is jean klein who has previously played,normal_play,0.0
3201,3206,weve got some changes coming for south africa rg snimons coming on so too is quagga smith and so is jean klein who has previously played,normal_play,0.0
3204,3209,rg snimons coming on so too is quagga smith and so is jean klein who has previously played,normal_play,0.0
3207,3212,rg snimons coming on so too is quagga smith and so is jean klein who has previously played at international level for ireland so this is going to be a very interesting experience,normal_play,0.0
3210,3215,at international level for ireland so this is going to be a very interesting experience for him coming up against his old nation,normal_play,0.0
3213,3218,at international level for ireland so this is going to be a very interesting experience for him coming up against his old nation,normal_play,0.0
3216,3221,for him coming up against his old nation three members of the bomb squad about to take the field here and theres khaleesi getting over it,normal_play,0.0
3219,3224,three members of the bomb squad about to take the field here and theres khaleesi getting over it,normal_play,0.0
3222,3227,three members of the bomb squad about to take the field here and theres khaleesi getting over it well he just hesitated a little bit on that one because he wasnt sure if he was legal,normal_play,0.0
3225,3230,well he just hesitated a little bit on that one because he wasnt sure if he was legal but there was nothing illegal about this,normal_play,0.0
3228,3233,well he just hesitated a little bit on that one because he wasnt sure if he was legal but there was nothing illegal about this visa getting his legs nice and wide to allow himself to get low over that rock,normal_play,0.0
3231,3236,visa getting his legs nice and wide to allow himself to get low over that rock,normal_play,0.0
3234,3239,visa getting his legs nice and wide to allow himself to get low over that rock theres the light you mentioned,normal_play,0.0
3237,3242,theres the light you mentioned fafner clack will line up this penalty attempt,normal_play,0.0
3240,3245,theres the light you mentioned fafner clack will line up this penalty attempt,normal_play,0.0
3243,3248,fafner clack will line up this penalty attempt third most capped,normal_play,0.0
3246,3251,third most capped serapin scum off of all time behind the late uus on the best asian,normal_play,0.0
3249,3254,serapin scum off of all time behind the late uus on the best asian and fareed dupriya the rugby world cup winner,normal_play,0.0
3252,3257,and fareed dupriya the rugby world cup winner,normal_play,0.0
3255,3260,from inside hes off fafner clack,normal_play,0.0
3258,3263,from inside hes off fafner clack hes hit the upright,normal_play,0.0
3261,3266,hes hit the upright its come bouncing back and flying up there with cheslin colby force on africa,normal_play,0.0
3264,3269,its come bouncing back and flying up there with cheslin colby force on africa,normal_play,0.0
3267,3272,its come bouncing back and flying up there with cheslin colby force on africa somehow the spring box havent kille goes to the right,normal_play,0.0
3270,3275,somehow the spring box havent kille goes to the right umber nubbys there this may work out better for the spring box if they do score a try,normal_play,0.0
3273,3278,umber nubbys there this may work out better for the spring box if they do score a try,normal_play,0.0
3276,3281,this may work out better for the spring box if they do score a try jasper visser crunches forward,normal_play,0.0
3279,3284,jasper visser crunches forward the clack finds ezeved whos picked up,normal_play,0.0
3282,3287,jasper visser crunches forward the clack finds ezeved whos picked up that is a highlight reel for social media,normal_play,0.0
3285,3290,the clack finds ezeved whos picked up that is a highlight reel for social media here the nets a bit,normal_play,0.0
3288,3293,that is a highlight reel for social media here the nets a bit has been thrown out of the party,normal_play,0.0
3291,3296,has been thrown out of the party,normal_play,0.0
3294,3299,has been thrown out of the party,normal_play,0.0
3297,3302,damian,normal_play,0.0
3300,3305,damian,normal_play,0.0
3303,3308,time is a monster boot from the clack,normal_play,0.0
3306,3311,time is a monster boot from the clack subs,normal_play,0.0
3309,3314,time is a monster boot from the clack subs four five and eight bounce back absolute chaos,normal_play,0.0
3312,3317,four five and eight bounce back absolute chaos but how about this the big tree uprooted,normal_play,0.0
3315,3320,but how about this the big tree uprooted,normal_play,0.0
3318,3323,the big tree uprooted and its going to be his last play of the match because hes coming off,normal_play,0.0
3321,3326,and its going to be his last play of the match because hes coming off,normal_play,0.0
3324,3329,and its going to be his last play of the match because hes coming off hes going to be angry hell be very angry about that,normal_play,0.0
3327,3332,hes going to be angry hell be very angry about that,normal_play,0.0
3330,3335,but the replacements are on you mentioned that earlier,normal_play,0.0
3333,3338,but the replacements are on you mentioned that earlier oxencher is also coming on as well,normal_play,0.0
3336,3341,oxencher is also coming on as well thats four replacements on the bench,normal_play,0.0
3339,3344,thats four replacements on the bench jean klein erichir sneyman,normal_play,0.0
3342,3347,jean klein erichir sneyman wocker smith as well there he goes its a bit,normal_play,0.0
3345,3350,wocker smith as well there he goes its a bit the viking they call him,normal_play,0.0
3348,3353,the viking they call him erichir sneyman plays his rugby monster,normal_play,0.0
3351,3356,erichir sneyman plays his rugby monster a new prop nice and square good hes been lethal,normal_play,0.0
3354,3359,a new prop nice and square good hes been lethal defense,normal_play,0.0
3357,3362,defense hes off loading tight head feet underneath,normal_play,0.0
3360,3365,hes off loading tight head feet underneath hes had an injury oj sneyman since 2019 but made an impressive impact on this world cup already,normal_play,0.0
3363,3368,hes had an injury oj sneyman since 2019 but made an impressive impact on this world cup already,normal_play,0.0
3366,3371,oj sneyman since 2019 but made an impressive impact on this world cup already theres wocker smith,normal_play,0.0
3369,3374,oj sneyman since 2019 but made an impressive impact on this world cup already theres wocker smith i love watching him play the game an all rounder,normal_play,0.0
3372,3377,i love watching him play the game an all rounder he might seem slot in a few different positions today,normal_play,0.0
3375,3380,he might seem slot in a few different positions today the olympian kofi smith,normal_play,0.0
3378,3383,the olympian kofi smith and steven kitzhoff goes off the field now seven months to make two for sabaev again,normal_play,0.0
3381,3386,and steven kitzhoff goes off the field now seven months to make two for sabaev again five for ireland,normal_play,0.0
3384,3389,now seven months to make two for sabaev again five for ireland big jump from the spring box,normal_play,0.0
3387,3392,big jump from the spring box ireland pick it up the back they hit the deck,normal_play,0.0
3390,3395,ireland pick it up the back they hit the deck and south africa reward it with a penalty,normal_play,0.0
3393,3398,they hit the deck and south africa reward it with a penalty five out,normal_play,0.0
3396,3401,and south africa reward it with a penalty five out there it is,normal_play,0.0
3399,3404,there it is number 12 sealing hands on the ground,normal_play,0.0
3402,3407,number 12 sealing hands on the ground,normal_play,0.0
3408,3413,andy akir puts his hands up to seal it off,normal_play,0.0
3411,3416,andy akir puts his hands up to seal it off were gonna go again its scrum time,normal_play,0.0
3414,3419,were gonna go again its scrum time the south african engine room,normal_play,0.0
3417,3422,the south african engine room fight out,normal_play,0.0
3420,3425,the south african engine room fight out timing full force timing,normal_play,0.0
3423,3428,full force timing the island pack on roller skates there,normal_play,0.0
3426,3431,the island pack on roller skates there what a hit what a shove,normal_play,0.0
3429,3434,what a hit what a shove theyre substitutes with south africa doing the business,normal_play,0.0
3432,3437,theyre substitutes with south africa doing the business,normal_play,0.0
3447,3452,go,normal_play,0.0
3450,3455,go fine,normal_play,0.0
3453,3458,fine six its a sport that means so much,normal_play,0.0
3456,3461,six its a sport that means so much for these two countries,normal_play,0.0
3459,3464,its a sport that means so much for these two countries reset,normal_play,0.0
3462,3467,reset down far side,normal_play,0.0
3465,3470,reset were down the far side,normal_play,0.0
3468,3473,reset were down the far side were gonna move it over here,normal_play,0.0
3471,3476,were gonna move it over here very good very good okay keep that up,normal_play,0.0
3474,3479,very good okay keep that up,normal_play,0.0
3480,3485,same message weve got to keep the height to the side,normal_play,0.0
3483,3488,same message weve got to keep the height to the side the both of you,normal_play,0.0
3486,3491,weve got to keep the height to the side the both of you 150 firsts watching the scrum and being in them,normal_play,0.0
3489,3494,150 firsts watching the scrum and being in them,normal_play,0.0
3492,3497,150 firsts watching the scrum and being in them,normal_play,0.0
3495,3500,ches and colby right here in front of us in the far touch line,normal_play,0.0
3498,3503,ches and colby right here in front of us in the far touch line but i think the action initially at least is gonna be up front,normal_play,0.0
3501,3506,but i think the action initially at least is gonna be up front for the spring box,normal_play,0.0
3504,3509,for the spring box crouch,normal_play,0.0
3507,3512,crouch fine,normal_play,0.0
3510,3515,fine six,normal_play,0.0
3513,3518,six elbow up,normal_play,0.0
3516,3521,elbow up vantage leasing clapsing elbow vantage for south africa with four of their bomb squad members on the field,normal_play,0.0
3519,3524,vantage leasing clapsing elbow vantage for south africa with four of their bomb squad members on the field,normal_play,0.0
3522,3527,vantage for south africa with four of their bomb squad members on the field the elendi beautiful ball on the outside,normal_play,0.0
3525,3530,the elendi beautiful ball on the outside south africa will power over,normal_play,0.0
3528,3533,south africa will power over cheslin colby with the try,normal_play,0.0
3531,3536,cheslin colby with the try,normal_play,0.0
3534,3539,cheslin colby with the try forget load shedding,normal_play,0.0
3537,3542,forget load shedding hes electric 24 7,normal_play,0.0
3540,3545,hes electric 24 7,normal_play,0.0
3546,3551,cheslin colby,normal_play,0.0
3549,3554,cheslin colby,normal_play,0.0
3552,3557,what we saw we hoped it would come to him eventually,normal_play,0.0
3555,3560,what we saw we hoped it would come to him eventually,normal_play,0.0
3558,3563,we hoped it would come to him eventually and it was marnie lebart that delivered the goods,normal_play,0.0
3561,3566,and it was marnie lebart that delivered the goods im happy with that the pass was good,normal_play,0.0
3564,3569,im happy with that the pass was good cheslin colby the olympian hes magic in open space,normal_play,0.0
3567,3572,cheslin colby the olympian hes magic in open space and there was plenty of it down in this touch line,normal_play,0.0
3570,3575,hes magic in open space and there was plenty of it down in this touch line the only easier run in to have please go back,normal_play,0.0
3573,3578,and there was plenty of it down in this touch line the only easier run in to have please go back thank you thank you,normal_play,0.0
3576,3581,thank you thank you he dots down its a statement score for the spring box after those two scrum where they absolutely,normal_play,0.0
3579,3584,he dots down its a statement score for the spring box after those two scrum where they absolutely,normal_play,0.0
3582,3587,its a statement score for the spring box after those two scrum where they absolutely pushed ireland back towards their own try line,normal_play,0.0
3585,3590,its a statement score for the spring box after those two scrum where they absolutely pushed ireland back towards their own try line and you called it the wood from colby just lurking on this left hand touch line,normal_play,0.0
3588,3593,and you called it the wood from colby just lurking on this left hand touch line,normal_play,0.0
3591,3596,and you called it the wood from colby just lurking on this left hand touch line so africa have the lead now eight seven,normal_play,0.0
3594,3599,and you called it the wood from colby just lurking on this left hand touch line so africa have the lead now eight seven,normal_play,0.0
3597,3602,referee benno keith,normal_play,0.0
3600,3605,referee benno keith sorry i just lost you just checking something,normal_play,0.0
3603,3608,sorry i just lost you just checking something,normal_play,0.0
3606,3611,yeah yeah,normal_play,0.0
3609,3614,yeah thank you all good shot clock back on please,normal_play,0.0
3612,3617,all good shot clock back on please all good heres the call for benno keith,normal_play,0.0
3615,3620,heres the call for benno keith,normal_play,0.0
3618,3623,marnie lebart lines this one up,normal_play,0.0
3621,3626,marnie lebart lines this one up urc record point scoring triasis in recent times for the stormers from cape town,normal_play,0.0
3624,3629,urc record point scoring triasis in recent times for the stormers from cape town,normal_play,0.0
3627,3632,urc record point scoring triasis in recent times for the stormers from cape town,normal_play,0.0
3630,3635,urc record point scoring triasis in recent times for the stormers from cape town thank you thank you,normal_play,0.0
3633,3638,thank you thank you,normal_play,0.0
3636,3641,be just to me after this,normal_play,0.0
3639,3644,be just to me after this,normal_play,0.0
3651,3656,lebart taking his time,normal_play,0.0
3654,3659,lebart taking his time the clock ticks five seconds to take the kick,normal_play,0.0
3657,3662,the clock ticks five seconds to take the kick just pulls it to the left hand side,normal_play,0.0
3660,3665,just pulls it to the left hand side but so now we go on front eight seven thanks to this try from chesman colby,normal_play,0.0
3663,3668,but so now we go on front eight seven thanks to this try from chesman colby,normal_play,0.0
3666,3671,but so now we go on front eight seven thanks to this try from chesman colby we can restart,normal_play,0.0
3669,3674,we can restart well we just saw out of picture there it was mack hanson,normal_play,0.0
3672,3677,well we just saw out of picture there it was mack hanson taken out of the ball a little bit with the running lines but tafka wont mind,normal_play,0.0
3675,3680,taken out of the ball a little bit with the running lines but tafka wont mind,normal_play,0.0
3678,3683,taken out of the ball a little bit with the running lines but tafka wont mind,normal_play,0.0
3681,3686,taken out of the ball a little bit with the running lines but tafka wont mind some really big changes for both sides,normal_play,0.0
3684,3689,some really big changes for both sides marco van statens come on for the skipper sia khaleesi,normal_play,0.0
3687,3692,marco van statens come on for the skipper sia khaleesi while ian henderson and dan sheehan have both come on for ireland,normal_play,0.0
3690,3695,while ian henderson and dan sheehan have both come on for ireland thanks man thats a lot of changes indeed,normal_play,0.0
3693,3698,thanks man thats a lot of changes indeed as ireland look to run it back with their number eight,normal_play,0.0
3696,3701,as ireland look to run it back with their number eight kalan doris studying psychology at university college dublin,normal_play,0.0
3699,3704,as ireland look to run it back with their number eight kalan doris studying psychology at university college dublin,normal_play,0.0
3702,3707,kalan doris studying psychology at university college dublin sexta taking back the glass,normal_play,0.0
3705,3710,sexta taking back the glass well fielded in the end,normal_play,0.0
3708,3713,well fielded in the end give him space 10 meters pull back,normal_play,0.0
3711,3716,give him space 10 meters pull back hold sia khaleesi will look from the sideline now after being replaced,normal_play,0.0
3714,3719,hold sia khaleesi will look from the sideline now after being replaced,normal_play,0.0
3717,3722,sia khaleesi will look from the sideline now after being replaced inside,normal_play,0.0
3720,3725,inside feels kind of early to make that change,normal_play,0.0
3723,3728,feels kind of early to make that change sexta,normal_play,0.0
3726,3731,sexta again to the heavens with that kick his full back chases,normal_play,0.0
3729,3734,again to the heavens with that kick his full back chases hugo hugo keenan is there against villamsa,normal_play,0.0
3732,3737,hugo hugo keenan is there against villamsa and it stays with this african side,normal_play,0.0
3735,3740,and it stays with this african side thok declak try to dig in,normal_play,0.0
3738,3743,thok declak try to dig in finds his fly off under pressure,normal_play,0.0
3741,3746,finds his fly off under pressure creel has it jesse creel cuts in does the outside center,normal_play,0.0
3744,3749,finds his fly off under pressure creel has it jesse creel cuts in does the outside center,normal_play,0.0
3747,3752,jesse creel cuts in does the outside center declak to oxencheck behind the back he goes,normal_play,0.0
3750,3755,declak to oxencheck behind the back he goes laboc finds villamsa with a beautiful step,normal_play,0.0
3753,3758,laboc finds villamsa with a beautiful step no damien villamsa,normal_play,0.0
3756,3761,laboc finds villamsa with a beautiful step no damien villamsa with some fancy footwork for south africa,normal_play,0.0
3759,3764,with some fancy footwork for south africa,normal_play,0.0
3762,3767,keep watching maybe,normal_play,0.0
3765,3770,keep watching maybe great presence of mind to let that one go,normal_play,0.0
3768,3773,great presence of mind to let that one go creel on the charge,normal_play,0.0
3771,3776,great presence of mind to let that one go creel on the charge and theres villamsa,normal_play,0.0
3774,3779,and theres villamsa fancy footwork indeed,normal_play,0.0
3777,3782,fancy footwork indeed steps out of it that is beautiful,normal_play,0.0
3780,3785,steps out of it that is beautiful,normal_play,0.0
3786,3791,such poise for a big man damien villamsa,normal_play,0.0
3789,3794,such poise for a big man damien villamsa,normal_play,0.0
3792,3797,good take ian henderson the replacement,normal_play,0.0
3795,3800,good take ian henderson the replacement and a play out turns it in beautifully dan sheenan his rugby world cup debut,normal_play,0.0
3798,3803,and a play out turns it in beautifully dan sheenan his rugby world cup debut,normal_play,0.0
3801,3806,dan sheenan his rugby world cup debut hasnt played for ireland since they cant use it hes put in the warm up game against england,normal_play,0.0
3804,3809,hasnt played for ireland since they cant use it hes put in the warm up game against england but hes on the post but hes on the park,normal_play,0.0
3807,3812,hes put in the warm up game against england but hes on the post but hes on the park on this mammoth stage in this mammoth game,normal_play,0.0
3810,3815,on this mammoth stage in this mammoth game charge down is there from anfield snamon,normal_play,0.0
3813,3818,charge down is there from anfield snamon advantage low with a kick,normal_play,0.0
3816,3821,advantage low with a kick offside play offside despite being as tall as the upper tower,normal_play,0.0
3819,3824,offside play offside despite being as tall as the upper tower on purpose sorry i didnt see that,normal_play,0.0
3822,3827,on purpose sorry i didnt see that offside guys,normal_play,0.0
3825,3830,offside guys coming perhaps ireland may cover those changes,normal_play,0.0
3828,3833,coming perhaps ireland may cover those changes dan sheenan ian henderson jemison,normal_play,0.0
3831,3836,dan sheenan ian henderson jemison its a ball still i doubt thats on dont dummy get that line out,normal_play,0.0
3834,3839,i doubt thats on dont dummy get that line out okay might go the other way,normal_play,0.0
3837,3842,might go the other way yeah i worked on that occasion they came away with it,normal_play,0.0
3840,3845,i worked on that occasion they came away with it someones still in someones hand but im seeing it sorry,normal_play,0.0
3843,3848,but im seeing it sorry weve got the penalty here weve got the penalty here,normal_play,0.0
3846,3851,weve got the penalty here,normal_play,0.0
3855,3860,stents now johnny sexton might just want to,normal_play,0.0
3858,3863,stents now johnny sexton might just want to steer this control this a little bit in irelands favour,normal_play,0.0
3861,3866,steer this control this a little bit in irelands favour feels like as so often the case,normal_play,0.0
3864,3869,feels like as so often the case with the springboks and they make those changes,normal_play,0.0
3867,3872,with the springboks and they make those changes always dials the momentum in their favour,normal_play,0.0
3870,3875,always dials the momentum in their favour,normal_play,0.0
3873,3878,everyones side on that,normal_play,0.0
3876,3881,everyones side on that charge down round by the rock,normal_play,0.0
3879,3884,charge down round by the rock that guy make the catch hats off to him,normal_play,0.0
3882,3887,that guy make the catch hats off to him i think you did brilliant for the skill,normal_play,0.0
3885,3890,i think you did brilliant for the skill from this wonderful crowd to the front,normal_play,0.0
3888,3893,from this wonderful crowd to the front b i manning,normal_play,0.0
3891,3896,b i manning here come ireland now bundee aki releases johnny sexton,normal_play,0.0
3894,3899,here come ireland now bundee aki releases johnny sexton an intricate move brings in low that beats one in short space,normal_play,0.0
3897,3902,brings in low that beats one in short space,normal_play,0.0
3900,3905,that beats one in short space former basketball player now rugby star,normal_play,0.0
3903,3908,former basketball player now rugby star here comes doris again the 25 year old carries well for ireland,normal_play,0.0
3906,3911,here comes doris again the 25 year old carries well for ireland good counter and then a counter there,normal_play,0.0
3909,3914,good counter and then a counter there pocha smith getting heavily involved,normal_play,0.0
3912,3917,pocha smith getting heavily involved for south africa hes so versatile,normal_play,0.0
3915,3920,for south africa hes so versatile hes the macgyver of rugby can solve any issue,normal_play,0.0
3918,3923,hes the macgyver of rugby can solve any issue ken pocha good,normal_play,0.0
3921,3926,ken pocha good a bit of an accuracy from ireland with the breakdown,normal_play,0.0
3924,3929,a bit of an accuracy from ireland with the breakdown this was the set piece,normal_play,0.0
3927,3932,this was the set piece play with the wrap around the little inside ball,normal_play,0.0
3930,3935,this was the set piece play with the wrap around the little inside ball but south africa pretty wise to it,normal_play,0.0
3933,3938,but south africa pretty wise to it,normal_play,0.0
3936,3941,james lowe making a few metres theres a carry for the back of this,normal_play,0.0
3939,3944,james lowe making a few metres theres a carry for the back of this doris where the post contact meters,normal_play,0.0
3942,3947,doris where the post contact meters then they were inaccurate theyre still at the breakdown,normal_play,0.0
3945,3950,then they were inaccurate theyre still at the breakdown big counter up coming in for south africa,normal_play,0.0
3948,3953,big counter up coming in for south africa you really feel now theyve got the fire underneath them,normal_play,0.0
3951,3956,you really feel now theyve got the fire underneath them one point the difference on the scoreboard,normal_play,0.0
3954,3959,one point the difference on the scoreboard plenty of time to go thank goodness because ive enjoyed this alan,normal_play,0.0
3957,3962,plenty of time to go thank goodness because ive enjoyed this alan first off shot by,normal_play,0.0
3960,3965,first off shot by and the same continues here this is paul v,normal_play,0.0
3963,3968,and the same continues here this is paul v number one and two side in the world,normal_play,0.0
3966,3971,number one and two side in the world happens to collide here,normal_play,0.0
3969,3974,happens to collide here penalty to ireland,normal_play,0.0
3972,3977,penalty to ireland what a scrub,normal_play,0.0
3975,3980,what a scrub from those forwards careful careful careful,normal_play,0.0
3978,3983,from those forwards careful careful careful,normal_play,0.0
3981,3986,guys tight head fully overextended,normal_play,0.0
3984,3989,guys tight head fully overextended tight head fully overextended collapsing,normal_play,0.0
3987,3992,tight head fully overextended collapsing,normal_play,0.0
3990,3995,you heard from referee and i keep saying the tight head,normal_play,0.0
3993,3998,you heard from referee and i keep saying the tight head overextending,normal_play,0.0
3996,4001,and i keep saying the tight head overextending,normal_play,0.0
3999,4004,now herbert,normal_play,0.0
4002,4007,now herbert looks like he did go down there,normal_play,0.0
4005,4010,looks like he did go down there too long,normal_play,0.0
4008,4013,too long with his body shape,normal_play,0.0
4011,4016,with his body shape just got a little pressure there from,normal_play,0.0
4014,4019,just got a little pressure there from andrew porter,normal_play,0.0
4017,4022,just got a little pressure there from andrew porter,normal_play,0.0
4023,4028,the crowd hushes and as johnny johnny sexton,normal_play,0.0
4026,4031,and as johnny johnny sexton world rugby player of the year a few years ago,normal_play,0.0
4029,4034,world rugby player of the year a few years ago lines up a potential lead for his country,normal_play,0.0
4032,4037,lines up a potential lead for his country,normal_play,0.0
4035,4040,lines up a potential lead for his country johnny sexton is a smooth operator,normal_play,0.0
4038,4043,johnny sexton is a smooth operator,normal_play,0.0
4041,4046,johnny sexton is a smooth operator,normal_play,0.0
4044,4049,johnny sexton is a smooth operator,normal_play,0.0
4047,4052,johnny sexton is a smooth operator,normal_play,0.0
4050,4055,johnny sexton is a smooth operator and ireland go back in the lead,normal_play,0.0
4053,4058,johnny sexton is a smooth operator and ireland go back in the lead 10 8,normal_play,0.0
4056,4061,10 8 as we approach the hour mark,normal_play,0.0
4059,4064,as we approach the hour mark alley johnny johnny sexton indeed no lights needed,normal_play,0.0
4062,4067,alley johnny johnny sexton indeed no lights needed from the ireland coaching box you might as well have a coach out there,normal_play,0.0
4065,4070,from the ireland coaching box you might as well have a coach out there run around the tension the 38 year old,normal_play,0.0
4068,4073,you might as well have a coach out there run around the tension the 38 year old so consistent so sharp,normal_play,0.0
4071,4076,so consistent so sharp hes used to winning six nations championships with ireland,normal_play,0.0
4074,4079,hes used to winning six nations championships with ireland but boy hed love a world cup you wonder is this a precursor for whats to come for ireland,normal_play,0.0
4077,4082,but boy hed love a world cup you wonder is this a precursor for whats to come for ireland yeah unbelievable stat,normal_play,0.0
4080,4085,you wonder is this a precursor for whats to come for ireland yeah unbelievable stat they have never got out of the quarterfinals at a rugby world cup,normal_play,0.0
4083,4088,they have never got out of the quarterfinals at a rugby world cup nice take from the irish side,normal_play,0.0
4086,4091,nice take from the irish side can this be there yet 2019 japan,normal_play,0.0
4089,4094,can this be there yet 2019 japan the lost two to zero 48 points to 14,normal_play,0.0
4092,4097,the lost two to zero 48 points to 14 gibson park has to pick quickly and scoot,normal_play,0.0
4095,4100,has to pick quickly and scoot first the scum off,normal_play,0.0
4098,4103,first the scum off okay that better continue thats a conch is here guys youre fine,normal_play,0.0
4101,4106,okay that better continue thats a conch is here guys youre fine in close quarters use it pundiaki no no,normal_play,0.0
4104,4109,in close quarters use it pundiaki no no he relieves it as ian henderson has a go,normal_play,0.0
4107,4112,he relieves it as ian henderson has a go hes third rugby world cup pretty experienced he brings,normal_play,0.0
4110,4115,hes third rugby world cup pretty experienced he brings captain of the 78 use it nine,normal_play,0.0
4113,4118,pretty experienced he brings captain of the 78 use it nine timing,normal_play,0.0
4116,4121,timing gibson park hes putting everyone on,normal_play,0.0
4119,4124,gibson park hes putting everyone on to villamsa damian villamsa,normal_play,0.0
4122,4127,to villamsa damian villamsa takes well and drives upfield,normal_play,0.0
4125,4130,takes well and drives upfield for the spring box buff the clock throws a dummy,normal_play,0.0
4128,4133,for the spring box buff the clock throws a dummy theyve got numbers wide,normal_play,0.0
4131,4136,theyve got numbers wide no hand off he just left the tweet,normal_play,0.0
4134,4139,hand off he just left the tweet turning around the back was john clay,normal_play,0.0
4137,4142,turning around the back was john clay going against his,normal_play,0.0
4140,4145,going against his teammates currently,normal_play,0.0
4143,4148,teammates currently again he carries hard,normal_play,0.0
4146,4151,again he carries hard what a story playing both for ireland and for that rigger,normal_play,0.0
4149,4154,what a story playing both for ireland and for that rigger in his career kurt lee aronson,normal_play,0.0
4152,4157,in his career kurt lee aronson with a lot of traffic in front of him,normal_play,0.0
4155,4160,with a lot of traffic in front of him monty lobach finds,normal_play,0.0
4158,4163,monty lobach finds villamsa its been left behind by dielendi,normal_play,0.0
4161,4166,its been left behind by dielendi and thats frustration for south africa,normal_play,0.0
4164,4169,and thats frustration for south africa,normal_play,0.0
4170,4175,time off,normal_play,0.0
4173,4178,time off well theres his aerial skill,normal_play,0.0
4176,4181,well theres his aerial skill and hes so good you dont expect,normal_play,0.0
4179,4184,and hes so good you dont expect errors,normal_play,0.0
4182,4187,errors a little dummy a little pump dielendi was about to come underneath i think on the cut line,normal_play,0.0
4185,4190,a little dummy a little pump dielendi was about to come underneath i think on the cut line,normal_play,0.0
4188,4193,dielendi was about to come underneath i think on the cut line i think villamsas frustrated with himself the hesitation,normal_play,0.0
4191,4196,i think villamsas frustrated with himself the hesitation that got the irish crowd on their feet here,normal_play,0.0
4194,4199,that got the irish crowd on their feet here lets start to france,normal_play,0.0
4197,4202,that got the irish crowd on their feet here lets start to france new promise this timing hot another change for south africa,normal_play,0.0
4200,4205,this timing hot another change for south africa trevor enyakar he has come onto the field for france,normal_play,0.0
4203,4208,trevor enyakar he has come onto the field for france malheurva,normal_play,0.0
4206,4211,he has come onto the field for france malheurva another forward,normal_play,0.0
4209,4214,another forward taking part third rugby world cup,normal_play,0.0
4212,4217,third rugby world cup with racing 92 hes tripping enyakar,normal_play,0.0
4215,4220,with racing 92 hes tripping enyakar,normal_play,0.0
4218,4223,thats me all in,normal_play,0.0
4221,4226,coach finds,normal_play,0.0
4224,4229,finds,normal_play,0.0
4227,4232,sits,normal_play,0.0
4230,4235,irelands possession as they crowd,normal_play,0.0
4233,4238,irelands possession as they crowd resit carries on this brilliant atmosphere weve seen,normal_play,0.0
4236,4241,carries on this brilliant atmosphere weve seen,normal_play,0.0
4239,4244,carries on this brilliant atmosphere weve seen we did it in dummy guys hold the weights,normal_play,0.0
4242,4247,we did it in dummy guys hold the weights its tense for everyone lads dont worry about that,normal_play,0.0
4245,4250,its tense for everyone lads dont worry about that times up for the shoot,normal_play,0.0
4248,4253,times up for the shoot okay guys hold it hold it,normal_play,0.0
4251,4256,hold it hold it,normal_play,0.0
4254,4259,no because it went down there tom,normal_play,0.0
4257,4262,no because it went down there tom,normal_play,0.0
4269,4274,yeah,normal_play,0.0
4272,4277,yeah,normal_play,0.0
4284,4289,you guys all doing to restart the game,normal_play,0.0
4287,4292,you guys all doing to restart the game,normal_play,0.0
4290,4295,you guys all doing to restart the game,normal_play,0.0
4299,4304,okay times on reset,normal_play,0.0
4302,4307,okay times on reset,normal_play,0.0
4305,4310,okay times on reset,normal_play,0.0
4308,4313,okay times on reset what an interlude listening to fields of afton rye ring out in this stadium,normal_play,0.0
4311,4316,okay times on reset what an interlude listening to fields of afton rye ring out in this stadium,normal_play,0.0
4314,4319,what an interlude listening to fields of afton rye ring out in this stadium,normal_play,0.0
4317,4322,what an interlude listening to fields of afton rye ring out in this stadium crowds,normal_play,0.0
4320,4325,crowds,normal_play,0.0
4323,4328,crowds five,normal_play,0.0
4326,4331,crowds five,normal_play,0.0
4329,4334,five six,normal_play,0.0
4332,4337,six ten half,normal_play,0.0
4335,4340,ten half and the spring blocks call one back,normal_play,0.0
4338,4343,ten half and the spring blocks call one back,normal_play,0.0
4341,4346,and the spring blocks call one back theyre staying straight pushing straight theyre not staying straight,normal_play,0.0
4344,4349,theyre staying straight pushing straight theyre not staying straight,normal_play,0.0
4347,4352,theyre staying straight pushing straight theyre not staying straight,normal_play,0.0
4350,4355,theyre staying straight pushing straight theyre not staying straight wow the combo of porter and tadhg furlong,normal_play,0.0
4353,4358,theyre staying straight pushing straight theyre not staying straight wow the combo of porter and tadhg furlong,normal_play,0.0
4356,4361,wow the combo of porter and tadhg furlong the props of the island scrum,normal_play,0.0
4359,4364,wow the combo of porter and tadhg furlong the props of the island scrum,normal_play,0.0
4362,4367,the props of the island scrum so warder just for the kicker nine hours away being demolished on this occasion you can see its power gets underneath,normal_play,0.0
4365,4370,so warder just for the kicker nine hours away being demolished on this occasion you can see its power gets underneath,normal_play,0.0
4368,4373,being demolished on this occasion you can see its power gets underneath,normal_play,0.0
4371,4376,being demolished on this occasion you can see its power gets underneath how are we looking at it are we looking at a sit up now,normal_play,0.0
4374,4379,being demolished on this occasion you can see its power gets underneath how are we looking at it are we looking at a sit up now underneath the chest there tadhg furlong,normal_play,0.0
4377,4382,how are we looking at it are we looking at a sit up now underneath the chest there tadhg furlong,normal_play,0.0
4380,4385,underneath the chest there tadhg furlong driving him up and in,normal_play,0.0
4383,4388,driving him up and in kicks supposed to be good with pepe,normal_play,0.0
4386,4391,driving him up and in kicks supposed to be good with pepe rani lubock from south africa with his country watching,normal_play,0.0
4389,4394,kicks supposed to be good with pepe rani lubock from south africa with his country watching,normal_play,0.0
4392,4397,rani lubock from south africa with his country watching dressed in such brilliant colour,normal_play,0.0
4395,4400,rani lubock from south africa with his country watching dressed in such brilliant colour,normal_play,0.0
4398,4403,dressed in such brilliant colour the rainbow nation,normal_play,0.0
4401,4406,the rainbow nation this to take back the lead,normal_play,0.0
4404,4409,the rainbow nation this to take back the lead,normal_play,0.0
4407,4412,this to take back the lead staying still,normal_play,0.0
4410,4415,this to take back the lead staying still,normal_play,0.0
4413,4418,staying still,normal_play,0.0
4416,4421,staying still the red numbers getting very low as marnie lubock looks on,normal_play,0.0
4419,4424,the red numbers getting very low as marnie lubock looks on,normal_play,0.0
4422,4427,the red numbers getting very low as marnie lubock looks on unsuccessful,normal_play,0.0
4425,4430,the red numbers getting very low as marnie lubock looks on unsuccessful,normal_play,0.0
4428,4433,unsuccessful the question marks remain around the goal kicker,normal_play,0.0
4431,4436,the question marks remain around the goal kicker south africas worst goal kicking record at this world cup of any team,normal_play,0.0
4434,4439,the question marks remain around the goal kicker south africas worst goal kicking record at this world cup of any team,normal_play,0.0
4437,4442,south africas worst goal kicking record at this world cup of any team coming into this just ten out of eighteen attempts,normal_play,0.0
4440,4445,coming into this just ten out of eighteen attempts and unfortunately marnie lubock only 40 kicking coming into this,normal_play,0.0
4443,4448,coming into this just ten out of eighteen attempts and unfortunately marnie lubock only 40 kicking coming into this,normal_play,0.0
4446,4451,and unfortunately marnie lubock only 40 kicking coming into this,normal_play,0.0
4449,4454,and unfortunately marnie lubock only 40 kicking coming into this questions mark remain,normal_play,0.0
4452,4457,questions mark remain most of the changes coming from both sides finlay bealham ryan baird and robbie henshaw have all come onto the field,normal_play,0.0
4455,4460,questions mark remain most of the changes coming from both sides finlay bealham ryan baird and robbie henshaw have all come onto the field,normal_play,0.0
4458,4463,most of the changes coming from both sides finlay bealham ryan baird and robbie henshaw have all come onto the field o marnie and rick rose both coming off the island,normal_play,0.0
4461,4466,most of the changes coming from both sides finlay bealham ryan baird and robbie henshaw have all come onto the field o marnie and rick rose both coming off the island while for south africa dionne furi has come onto the field,normal_play,0.0
4464,4469,o marnie and rick rose both coming off the island while for south africa dionne furi has come onto the field,normal_play,0.0
4467,4472,while for south africa dionne furi has come onto the field tadhg furlong mbongi mbong nabi,normal_play,0.0
4470,4475,tadhg furlong mbongi mbong nabi,normal_play,0.0
4473,4478,tadhg furlong mbongi mbong nabi some big changes on both sides,normal_play,0.0
4476,4481,tadhg furlong mbongi mbong nabi some big changes on both sides he can finish off strongly here comes kocha smith,normal_play,0.0
4479,4484,some big changes on both sides he can finish off strongly here comes kocha smith loves eating green millies hes not scared hes smith,normal_play,0.0
4482,4487,he can finish off strongly here comes kocha smith loves eating green millies hes not scared hes smith,normal_play,0.0
4485,4490,loves eating green millies hes not scared hes smith first touch for dionne furi,normal_play,0.0
4488,4493,first touch for dionne furi he can be the oldest test debutant in south african history,normal_play,0.0
4491,4496,he can be the oldest test debutant in south african history when his first cap was nearly 36 years of age and south africa have a penalty,normal_play,0.0
4494,4499,he can be the oldest test debutant in south african history when his first cap was nearly 36 years of age and south africa have a penalty at the halfway line,normal_play,0.0
4497,4502,when his first cap was nearly 36 years of age and south africa have a penalty at the halfway line,normal_play,0.0
4500,4505,at the halfway line okay guys 16 green was offside 16,normal_play,0.0
4503,4508,at the halfway line okay guys 16 green was offside 16,normal_play,0.0
4506,4511,okay guys 16 green was offside 16 razir azens barking orders,normal_play,0.0
4509,4514,okay guys 16 green was offside 16 razir azens barking orders down the microphone down the walkie talkie i should say to the touch line,normal_play,0.0
4512,4517,razir azens barking orders down the microphone down the walkie talkie i should say to the touch line,normal_play,0.0
4515,4520,down the microphone down the walkie talkie i should say to the touch line and we saw the traffic light again,normal_play,0.0
4518,4523,and we saw the traffic light again youve got to wonder,normal_play,0.0
4521,4526,and we saw the traffic light again youve got to wonder a look on andrew porters face going into that collision with faka smith,normal_play,0.0
4524,4529,youve got to wonder a look on andrew porters face going into that collision with faka smith,normal_play,0.0
4527,4532,a look on andrew porters face going into that collision with faka smith,normal_play,0.0
4530,4535,a look on andrew porters face going into that collision with faka smith the grimace the determination,normal_play,0.0
4533,4538,a look on andrew porters face going into that collision with faka smith the grimace the determination perfect,normal_play,0.0
4536,4541,the grimace the determination perfect the clerks going to need more determination to steer this one between the uprights,normal_play,0.0
4539,4544,the clerks going to need more determination to steer this one between the uprights and boy this team could do with it now,normal_play,0.0
4542,4547,and boy this team could do with it now,normal_play,0.0
4545,4550,and boy this team could do with it now the 31 year old,normal_play,0.0
4548,4553,the 31 year old bangs it downfield,normal_play,0.0
4551,4556,the 31 year old bangs it downfield and misses,normal_play,0.0
4554,4559,and misses thats two different attempts from south africa,normal_play,0.0
4557,4562,thats two different attempts from south africa keeps ireland in the lead 10 8,normal_play,0.0
4560,4565,thats two different attempts from south africa keeps ireland in the lead 10 8,normal_play,0.0
4563,4568,keeps ireland in the lead 10 8 substitution for ireland,normal_play,0.0
4566,4571,keeps ireland in the lead 10 8 substitution for ireland,normal_play,0.0
4569,4574,substitution for ireland and thats a change of scrum halves for ireland,normal_play,0.0
4572,4577,substitution for ireland and thats a change of scrum halves for ireland jamison park gibson park coming off the field,normal_play,0.0
4575,4580,and thats a change of scrum halves for ireland jamison park gibson park coming off the field the very experienced conor murray is coming off,normal_play,0.0
4578,4583,jamison park gibson park coming off the field the very experienced conor murray is coming off 119 total caps for murray hes on the field now,normal_play,0.0
4581,4586,the very experienced conor murray is coming off 119 total caps for murray hes on the field now here comes faka smith yet again,normal_play,0.0
4584,4589,119 total caps for murray hes on the field now here comes faka smith yet again to the right comes vellumsa the electric damian vellumsa,normal_play,0.0
4587,4592,here comes faka smith yet again to the right comes vellumsa the electric damian vellumsa,normal_play,0.0
4590,4595,to the right comes vellumsa the electric damian vellumsa,normal_play,0.0
4593,4598,to the right comes vellumsa the electric damian vellumsa,normal_play,0.0
4596,4601,to the right comes vellumsa the electric damian vellumsa,normal_play,0.0
4599,4604,to the right comes vellumsa the electric damian vellumsa such a threat on attack,normal_play,0.0
4602,4607,to the right comes vellumsa the electric damian vellumsa such a threat on attack jean klein carries now born in krugerstorp near johannesburg,normal_play,0.0
4605,4610,jean klein carries now born in krugerstorp near johannesburg dielendi cut down at the halfway line,normal_play,0.0
4608,4613,born in krugerstorp near johannesburg dielendi cut down at the halfway line big rough ball for fafnuklaagdau,normal_play,0.0
4611,4616,dielendi cut down at the halfway line big rough ball for fafnuklaagdau,normal_play,0.0
4614,4619,big rough ball for fafnuklaagdau vellumsa to the sky lowes there for ireland misses it,normal_play,0.0
4617,4622,vellumsa to the sky lowes there for ireland misses it,normal_play,0.0
4620,4625,lowes there for ireland misses it thats a large hookup theyre in their way,normal_play,0.0
4623,4628,thats a large hookup theyre in their way,normal_play,0.0
4626,4631,theyre in their way knock on,normal_play,0.0
4629,4634,knock on,normal_play,0.0
4632,4637,knock on massively in the balance this game isnt it,normal_play,0.0
4635,4640,massively in the balance this game isnt it vellumsas had a pretty all court game today,normal_play,0.0
4638,4643,massively in the balance this game isnt it vellumsas had a pretty all court game today weve seen him running into contact,normal_play,0.0
4641,4646,vellumsas had a pretty all court game today weve seen him running into contact weve seen him stepping around it on that occasion he felt boot to boot,normal_play,0.0
4644,4649,weve seen him stepping around it on that occasion he felt boot to boot,normal_play,0.0
4647,4652,on that occasion he felt boot to boot referee gunnar kiek nearly taking out faka smith,normal_play,0.0
4650,4655,on that occasion he felt boot to boot referee gunnar kiek nearly taking out faka smith itll probably take more than a swinging arm to put smith down,normal_play,0.0
4653,4658,referee gunnar kiek nearly taking out faka smith itll probably take more than a swinging arm to put smith down everyone square moving forward,normal_play,0.0
4656,4661,itll probably take more than a swinging arm to put smith down everyone square moving forward players like smith allow him to do the 7 1 split on the bench,normal_play,0.0
4659,4664,everyone square moving forward players like smith allow him to do the 7 1 split on the bench hes got an outstanding skill set honed in the game of sevens,normal_play,0.0
4662,4667,players like smith allow him to do the 7 1 split on the bench hes got an outstanding skill set honed in the game of sevens he can carry he can pass he can do high balls,normal_play,0.0
4665,4670,hes got an outstanding skill set honed in the game of sevens he can carry he can pass he can do high balls coach,normal_play,0.0
4668,4673,he can carry he can pass he can do high balls coach five,normal_play,0.0
4671,4676,coach five six,normal_play,0.0
4674,4679,five six sevens to fifteens,normal_play,0.0
4677,4682,sevens to fifteens okay,normal_play,0.0
4680,4685,sevens to fifteens okay so every game three time world cup champions,normal_play,0.0
4683,4688,okay so every game three time world cup champions we trail now,normal_play,0.0
4686,4691,so every game three time world cup champions we trail now you have great work great work,normal_play,0.0
4689,4694,we trail now you have great work great work the only champion to lose a cool game happened in 2019 against new zealand,normal_play,0.0
4692,4697,the only champion to lose a cool game happened in 2019 against new zealand they lost early in the stages,normal_play,0.0
4695,4700,happened in 2019 against new zealand they lost early in the stages carried in from oxn chek the plays are jumping for the sharks,normal_play,0.0
4698,4703,carried in from oxn chek the plays are jumping for the sharks good turn over,normal_play,0.0
4701,4706,the plays are jumping for the sharks good turn over pitch to swat the topside in the world,normal_play,0.0
4704,4709,pitch to swat the topside in the world theyre led to do things like that,normal_play,0.0
4707,4712,the topside in the world theyre led to do things like that,normal_play,0.0
4719,4724,a good carry from oxn chek backed up by trevor,normal_play,0.0
4722,4727,a good carry from oxn chek backed up by trevor neer khani,normal_play,0.0
4725,4730,backed up by trevor neer khani times up lets go please were good okay were good,normal_play,0.0
4728,4733,times up lets go please were good okay were good time back on,normal_play,0.0
4731,4736,were good okay were good time back on getting in there trying to make the difference for his team,normal_play,0.0
4734,4739,getting in there trying to make the difference for his team charging that one down and deflecting it out for this line up,normal_play,0.0
4737,4742,trying to make the difference for his team charging that one down and deflecting it out for this line up arlham will throw in just outside the 22 an error thats been problematic in this game,normal_play,0.0
4740,4745,arlham will throw in just outside the 22 an error thats been problematic in this game and these are important moments now,normal_play,0.0
4743,4748,an error thats been problematic in this game and these are important moments now dan sheehan,normal_play,0.0
4746,4751,dan sheehan he was well nominated for world rugby breakthrough player of the year in 2022,normal_play,0.0
4749,4754,dan sheehan he was well nominated for world rugby breakthrough player of the year in 2022 22 22,normal_play,0.0
4752,4757,he was well nominated for world rugby breakthrough player of the year in 2022 22 22 akis there,normal_play,0.0
4755,4760,22 22 akis there inside their half taking back,normal_play,0.0
4758,4763,inside their half taking back holden frons,normal_play,0.0
4761,4766,taking back holden frons james lowe down the throat of damian villainsa,normal_play,0.0
4764,4769,james lowe down the throat of damian villainsa will he kick or will he run,normal_play,0.0
4767,4772,down the throat of damian villainsa will he kick or will he run throws the big left footed step,normal_play,0.0
4770,4775,throws the big left footed step,normal_play,0.0
4773,4778,throws the big left footed step pass there from markovan staden so theyre working their way upfield,normal_play,0.0
4776,4781,pass there from markovan staden so theyre working their way upfield playing,normal_play,0.0
4779,4784,so theyre working their way upfield playing lovock does well and here comes arshia,normal_play,0.0
4782,4787,lovock does well and here comes arshia the viking,normal_play,0.0
4785,4790,and here comes arshia the viking sailing towards the 22 so theyre with numbers on the right hand side,normal_play,0.0
4788,4793,sailing towards the 22 so theyre with numbers on the right hand side lovock,normal_play,0.0
4791,4796,so theyre with numbers on the right hand side lovock creel peter steffert detoy,normal_play,0.0
4794,4799,creel peter steffert detoy loses possession,normal_play,0.0
4797,4802,peter steffert detoy loses possession and its a good tackle as well in from konamari,normal_play,0.0
4800,4805,and its a good tackle as well in from konamari do we not have a knock on or a touch by isidabrega,normal_play,0.0
4803,4808,in from konamari do we not have a knock on or a touch by isidabrega well it looked like you knocked that on in the tackle guys south africa ball,normal_play,0.0
4806,4811,well it looked like you knocked that on in the tackle guys south africa ball south africa ball was touched by greenhand,normal_play,0.0
4809,4814,guys south africa ball south africa ball was touched by greenhand a bit of crap by lots of things been late,normal_play,0.0
4812,4817,a bit of crap by lots of things been late bom also getting a look over,normal_play,0.0
4815,4820,been late bom also getting a look over touched by greenhand in the tackle timo confirmed it,normal_play,0.0
4818,4823,touched by greenhand in the tackle timo confirmed it great hands from lovock,normal_play,0.0
4821,4826,timo confirmed it great hands from lovock and a great look by the team and a great look by the team,normal_play,0.0
4824,4829,and a great look by the team and a great look by the team and a great look by the team,normal_play,0.0
4827,4832,and a great look by the team and a great look by the team and a great look by the team and a great look by the team,normal_play,0.0
4830,4835,and a great look by the team and a great look by the team great hands from lovock,normal_play,0.0
4833,4838,and a great look by the team great hands from lovock and a great line from snimon the big striding second row,normal_play,0.0
4836,4841,and a great line from snimon the big striding second row the big striding second row,normal_play,0.0
4839,4844,the big striding second row the big striding second row and i think detoy was just trying to lift it,normal_play,0.0
4842,4847,and i think detoy was just trying to lift it and i think detoy was just trying to lift it,normal_play,0.0
4845,4850,and i think detoy was just trying to lift it and i think detoy was just trying to lift it to his winger outside him is aronson,normal_play,0.0
4848,4853,to his winger outside him is aronson,normal_play,0.0
4851,4856,its party time at the rugby world cup,normal_play,0.0
4854,4859,its party time at the rugby world cup ok were going to restart lets go please,normal_play,0.0
4857,4862,its party time at the rugby world cup ok were going to restart lets go please its party time in the stands its a little bit more tense from the pitch going into the ten minutes to go mark,normal_play,0.0
4860,4865,its party time in the stands its a little bit more tense from the pitch going into the ten minutes to go mark going into the ten minutes to go mark,normal_play,0.0
4863,4868,going into the ten minutes to go mark going into the ten minutes to go mark its so important now these players coming into it was a lot made of this game,normal_play,0.0
4866,4871,its so important now these players coming into it was a lot made of this game i spanked the irish management beforehand,normal_play,0.0
4869,4874,coming into it was a lot made of this game i spanked the irish management beforehand and they were saying yes there is but the consequences are less than they will be in the future,normal_play,0.0
4872,4877,and they were saying yes there is but the consequences are less than they will be in the future in this competition,normal_play,0.0
4875,4880,but the consequences are less than they will be in the future in this competition so hopefully the players are allowed to feel the freedom and play with two points difference on the scoreboard,normal_play,0.0
4878,4883,so hopefully the players are allowed to feel the freedom and play with two points difference on the scoreboard one versus two,normal_play,0.0
4881,4886,with two points difference on the scoreboard one versus two this is going to be tense and its about their ability to stay in the moment,normal_play,0.0
4884,4889,this is going to be tense and its about their ability to stay in the moment stay processed stay composed,normal_play,0.0
4887,4892,and its about their ability to stay in the moment stay processed stay composed finally the pool currently ten points to nine over sarabaga as well,normal_play,0.0
4890,4895,finally the pool currently ten points to nine over sarabaga as well,normal_play,0.0
4893,4898,ten points to nine over sarabaga as well the take for the springbok,normal_play,0.0
4896,4901,the take for the springbok sean klein nearly 140 matches for munster,normal_play,0.0
4899,4904,for the springbok sean klein nearly 140 matches for munster going against prenz,normal_play,0.0
4902,4907,going against prenz in this rugby world cup pool game,normal_play,0.0
4905,4910,prenz in this rugby world cup pool game advantage for the springboks theyre inside the 22,normal_play,0.0
4908,4913,advantage for the springboks theyre inside the 22,normal_play,0.0
4911,4916,theyre inside the 22 basta klack pushing a few bodies away banda flea comes in,normal_play,0.0
4914,4919,basta klack pushing a few bodies away banda flea comes in here comes cocker smith,normal_play,0.0
4917,4922,banda flea comes in here comes cocker smith hes hit hard no no over here,normal_play,0.0
4920,4925,hes hit hard no no over here its the ireland player,normal_play,0.0
4923,4928,no no over here its the ireland player ireland comes around the side changes bond side entry,normal_play,0.0
4926,4931,ireland comes around the side changes bond side entry,normal_play,0.0
4929,4934,side entry no it was the same ball the whole time i dont know if it was,normal_play,0.0
4932,4937,no it was the same ball the whole time i dont know if it was tyburn initially with the infringement,normal_play,0.0
4935,4940,i dont know if it was tyburn initially with the infringement around the side in the mall,normal_play,0.0
4938,4943,around the side in the mall its one ball,normal_play,0.0
4941,4946,its one ball and we might see another one rolling there he is,normal_play,0.0
4944,4949,and we might see another one rolling there he is initially it looked like he came through the middle,normal_play,0.0
4947,4952,rolling there he is initially it looked like he came through the middle which would have been fine i actually thought he pulled out perhaps under the referees,normal_play,0.0
4950,4955,which would have been fine i actually thought he pulled out perhaps under the referees instruction but penalty,normal_play,0.0
4953,4958,i actually thought he pulled out perhaps under the referees instruction but penalty,normal_play,0.0
4959,4964,south africas chance would tend to go,normal_play,0.0
4962,4967,south africas chance would tend to go theyre five metres up,normal_play,0.0
4965,4970,would tend to go theyre five metres up dionne farik not accurate,normal_play,0.0
4968,4973,dionne farik not accurate,normal_play,0.0
4971,4976,not accurate one strike,normal_play,0.0
4974,4979,one strike well ireland line up coach paul oconnor,normal_play,0.0
4977,4982,one strike well ireland line up coach paul oconnor was asked before this whether they thought the introduction of dionne farik would be,normal_play,0.0
4980,4985,was asked before this whether they thought the introduction of dionne farik would be a weakness and he kind of played it down,normal_play,0.0
4983,4988,of dionne farik would be a weakness and he kind of played it down farik,normal_play,0.0
4986,4991,farik is it back row flow,normal_play,0.0
4989,4994,farik is it back row flow also plays it transferred and,normal_play,0.0
4992,4997,also plays it transferred and gives him that,normal_play,0.0
4995,5000,transferred and gives him that variety plenty of life experience coming in at 36 but,normal_play,0.0
4998,5003,variety plenty of life experience coming in at 36 but not a huge amount of game experience,normal_play,0.0
5001,5006,plenty of life experience coming in at 36 but not a huge amount of game experience at this level 28 caps coming on for his ninth today,normal_play,0.0
5004,5009,at this level 28 caps coming on for his ninth today pressure in these,normal_play,0.0
5007,5012,28 caps coming on for his ninth today pressure in these moments starting to boil it knew it would be an issue when,normal_play,0.0
5010,5015,moments starting to boil it knew it would be an issue when malcolm marks was injured,normal_play,0.0
5013,5018,it knew it would be an issue when malcolm marks was injured no longer take part with,normal_play,0.0
5016,5021,no longer take part with the south african side of this world cup,normal_play,0.0
5019,5024,part with the south african side of this world cup coach,normal_play,0.0
5022,5027,coach a chance for them to clear their lines,normal_play,0.0
5025,5030,coach a chance for them to clear their lines six,normal_play,0.0
5028,5033,six,normal_play,0.0
5031,5036,six sigh of relief perhaps,normal_play,0.0
5034,5039,sigh of relief perhaps,normal_play,0.0
5037,5042,sigh of relief perhaps big forward pack piling in ireland,normal_play,0.0
5040,5045,big forward pack piling in ireland theyre able to kick towards the touchline,normal_play,0.0
5043,5048,piling in ireland theyre able to kick towards the touchline using james lowe that is a stunning kick from the irish winger,normal_play,0.0
5046,5051,using james lowe that is a stunning kick from the irish winger,normal_play,0.0
5049,5054,that is a stunning kick from the irish winger,normal_play,0.0
5052,5057,that is huge,normal_play,0.0
5055,5060,that is huge that was absolute giant nudge huge change coming for ireland here,normal_play,0.0
5058,5063,that was absolute giant nudge huge change coming for ireland here johnny johnny sexton is coming off the field,normal_play,0.0
5061,5066,huge change coming for ireland here johnny johnny sexton is coming off the field of course he is a fan favourite he is a legend of irish rugby,normal_play,0.0
5064,5069,of course he is a fan favourite he is a legend of irish rugby hes a legend of irish rugby,normal_play,0.0
5067,5072,he is a legend of irish rugby hes a legend of irish rugby hes a legend of irish rugby hes a legend of irish rugby,normal_play,0.0
5070,5075,hes a legend of irish rugby hes a legend of irish rugby hes a legend of irish rugby,normal_play,0.0
5073,5078,hes a legend of irish rugby hes a legend of irish rugby hes a legend of irish rugby hes been the heart and soul of this team,normal_play,0.0
5076,5081,hes a legend of irish rugby hes been the heart and soul of this team all night hes going to come off,normal_play,0.0
5079,5084,hes been the heart and soul of this team all night hes going to come off for the last eight minutes of this absolute nail biter jack crowley,normal_play,0.0
5082,5087,for the last eight minutes of this absolute nail biter jack crowley hes going his replacement,normal_play,0.0
5085,5090,absolute nail biter jack crowley hes going his replacement johnny sexton leaves his country with a lead can they hold on to that,normal_play,0.0
5088,5093,johnny sexton leaves his country with a lead can they hold on to that here comes south africa up the middle,normal_play,0.0
5091,5096,can they hold on to that here comes south africa up the middle van staden gets a beautiful ball,normal_play,0.0
5094,5099,van staden gets a beautiful ball from kurt lee arnser,normal_play,0.0
5097,5102,gets a beautiful ball from kurt lee arnser who had that break for the springboks attempts to finish her in for,normal_play,0.0
5100,5105,who had that break for the springboks attempts to finish her in for beautiful ball back to,normal_play,0.0
5103,5108,attempts to finish her in for beautiful ball back to coffa smith from ergis neymar and here comes to clark,normal_play,0.0
5106,5111,coffa smith from ergis neymar and here comes to clark labaugh unchet,normal_play,0.0
5109,5114,and here comes to clark labaugh unchet steams upfield for south africa,normal_play,0.0
5112,5117,steams upfield for south africa trevon yacany,normal_play,0.0
5115,5120,for south africa trevon yacany with possession but to clark,normal_play,0.0
5118,5123,with possession but to clark cant get it ireland parling,normal_play,0.0
5121,5126,but to clark cant get it ireland parling fousey fousey,normal_play,0.0
5124,5129,fousey fousey and then its been left behind,normal_play,0.0
5127,5132,fousey and then its been left behind hoof downfield from ireland a stunning steal,normal_play,0.0
5130,5135,hoof downfield from ireland a stunning steal and they drive back the springboks,normal_play,0.0
5133,5138,a stunning steal and they drive back the springboks jesse creel beats one,normal_play,0.0
5136,5141,jesse creel beats one,normal_play,0.0
5139,5144,beats one south africa,normal_play,0.0
5142,5147,south africa theyve got turnover at the last break time,normal_play,0.0
5145,5150,theyve got turnover at the last break time may have lost it again ireland on attack here they come,normal_play,0.0
5148,5153,may have lost it again ireland on attack here they come ball splits free to the left hand side,normal_play,0.0
5151,5156,ireland on attack here they come ball splits free to the left hand side another look for some magic,normal_play,0.0
5154,5159,another look for some magic hugo keenan,normal_play,0.0
5157,5162,another look for some magic hugo keenan the fullback walk down inside the 22,normal_play,0.0
5160,5165,the fullback walk down inside the 22 here they go release,normal_play,0.0
5163,5168,walk down inside the 22 here they go release conor murray with this crowd urging him on,normal_play,0.0
5166,5171,conor murray with this crowd urging him on good ball again jack crowley on the field,normal_play,0.0
5169,5174,with this crowd urging him on good ball again jack crowley on the field the cheers continue,normal_play,0.0
5172,5177,the cheers continue ian henderson the oesterman,normal_play,0.0
5175,5180,the cheers continue ian henderson the oesterman behind the back ball,normal_play,0.0
5178,5183,behind the back ball just held on there from hugo hugo keenan,normal_play,0.0
5181,5186,behind the back ball just held on there from hugo hugo keenan the fox doing well porter,normal_play,0.0
5184,5189,the fox doing well porter takes a strong hit,normal_play,0.0
5187,5192,porter takes a strong hit theres robbie henshaw,normal_play,0.0
5190,5195,theres robbie henshaw looks to attack,normal_play,0.0
5193,5198,theres robbie henshaw looks to attack ireland looking at the options here,normal_play,0.0
5196,5201,ireland looking at the options here todd byrne,normal_play,0.0
5199,5204,ireland looking at the options here todd byrne carries well again with munster they go to the pocket,normal_play,0.0
5202,5207,carries well again with munster they go to the pocket,normal_play,0.0
5205,5210,with munster they go to the pocket not a successful attempt but they needed to have a go,normal_play,0.0
5208,5213,not a successful attempt but they needed to have a go got a scum,normal_play,0.0
5211,5216,but they needed to have a go got a scum taking back its going to be a five year scum because hes charged down,normal_play,0.0
5214,5219,taking back its going to be a five year scum because hes charged down been touched in the air,normal_play,0.0
5217,5222,its going to be a five year scum because hes charged down been touched in the air scum did,normal_play,0.0
5220,5225,scum did,normal_play,0.0
5223,5228,there it is touched here,normal_play,0.0
5226,5231,there it is touched here,normal_play,0.0
5229,5234,there it is touched here good work to charge it down,normal_play,0.0
5232,5237,good work to charge it down they countered through,normal_play,0.0
5235,5240,good work to charge it down they countered through creel scragged and caught,normal_play,0.0
5238,5243,creel scragged and caught and invited ireland to counteract,normal_play,0.0
5241,5246,scragged and caught and invited ireland to counteract,normal_play,0.0
5256,5261,another change for ireland,normal_play,0.0
5259,5264,another change for ireland andrew porter coming off the field hes been instrumental today in that set piece,normal_play,0.0
5262,5267,andrew porter coming off the field hes been instrumental today in that set piece,normal_play,0.0
5265,5270,hes been instrumental today in that set piece such has been the physicality of this game i think its a well deserved break for him,normal_play,0.0
5268,5273,such has been the physicality of this game i think its a well deserved break for him,normal_play,0.0
5271,5276,i think its a well deserved break for him its been the thick of it hes on the park,normal_play,0.0
5274,5279,its been the thick of it hes on the park kovac rynup as well,normal_play,0.0
5277,5282,hes on the park kovac rynup as well great shot there at the rsi were talking about how important it is to compose yourselves in these moments,normal_play,0.0
5280,5285,great shot there at the rsi were talking about how important it is to compose yourselves in these moments were just over five to play,normal_play,0.0
5283,5288,were talking about how important it is to compose yourselves in these moments were just over five to play theyre there in a huddle breathing in unison,normal_play,0.0
5286,5291,theyre there in a huddle breathing in unison and south africa have made the final change of their bench,normal_play,0.0
5289,5294,breathing in unison and south africa have made the final change of their bench stand alone back kovac rynup is on to the field,normal_play,0.0
5292,5297,stand alone back kovac rynup is on to the field back to klerk coming off,normal_play,0.0
5295,5300,kovac rynup is on to the field back to klerk coming off klerk is going to be on the field at some times hes said the only back,normal_play,0.0
5298,5303,klerk is going to be on the field at some times hes said the only back fan favourite,normal_play,0.0
5301,5306,hes said the only back fan favourite three years at northampton saints before he moved to france the second quickest in rugby world cup history,normal_play,0.0
5304,5309,three years at northampton saints before he moved to france the second quickest in rugby world cup history behind the one he set in 2019 against canada,normal_play,0.0
5307,5312,the second quickest in rugby world cup history behind the one he set in 2019 against canada,normal_play,0.0
5325,5330,its a close one can arliff put this game away,normal_play,0.0
5328,5333,its a close one can arliff put this game away five minutes to play,normal_play,0.0
5331,5336,can arliff put this game away five minutes to play there leads south africa 10 8 come up,normal_play,0.0
5334,5339,there leads south africa 10 8 come up times off,normal_play,0.0
5337,5342,come up times off straight down dont use your head on the shoulder,normal_play,0.0
5340,5345,straight down dont use your head on the shoulder its your ball,normal_play,0.0
5343,5348,dont use your head on the shoulder its your ball dont use your head on the shoulder lets reset please,normal_play,0.0
5346,5351,dont use your head on the shoulder lets reset please time will go when were ready,normal_play,0.0
5349,5354,lets reset please time will go when were ready its tense its head in hands time you can barely watch,normal_play,0.0
5352,5357,its tense its head in hands time you can barely watch two points on the scoreboard,normal_play,0.0
5355,5360,you can barely watch two points on the scoreboard five minutes to play island setting up camp at the scrum,normal_play,0.0
5358,5363,five minutes to play island setting up camp at the scrum five metres off,normal_play,0.0
5361,5366,island setting up camp at the scrum five metres off its an african line the experience of conor murray to put into this scrum,normal_play,0.0
5364,5369,its an african line the experience of conor murray to put into this scrum coach,normal_play,0.0
5367,5372,the experience of conor murray to put into this scrum coach fine,normal_play,0.0
5370,5375,fine here we go,normal_play,0.0
5373,5378,fine here we go as the world watches,normal_play,0.0
5376,5381,as the world watches kill the island,normal_play,0.0
5379,5384,kill the island unstable you can hear the roar,normal_play,0.0
5382,5387,unstable you can hear the roar you can hear the roar,normal_play,0.0
5385,5390,you can hear the roar you can hear the roar,normal_play,0.0
5394,5399,shot called,normal_play,0.0
5397,5402,shot called on the line please mac hansen just came up to this near side to fire the crowd up,normal_play,0.0
5400,5405,on the line please mac hansen just came up to this near side to fire the crowd up i dont think they need it mac,normal_play,0.0
5403,5408,mac hansen just came up to this near side to fire the crowd up i dont think they need it mac theyre all on their feet theyre loving life,normal_play,0.0
5406,5411,theyre all on their feet theyre loving life,normal_play,0.0
5409,5414,theyre loving life the substitute front row for island will be very very pleased to get one over on the box pack,normal_play,0.0
5412,5417,the substitute front row for island will be very very pleased to get one over on the box pack,normal_play,0.0
5415,5420,the substitute front row for island will be very very pleased to get one over on the box pack a massive moment in the game for island jack crowley,normal_play,0.0
5418,5423,a massive moment in the game for island jack crowley pivotal roll for the munster side winning the urc this year,normal_play,0.0
5421,5426,jack crowley pivotal roll for the munster side winning the urc this year from close range the,normal_play,0.0
5424,5429,from close range the,normal_play,0.0
5427,5432,the,normal_play,0.0
5430,5435,the,normal_play,0.0
5433,5438,the make it a five point lead,normal_play,0.0
5436,5441,the make it a five point lead crowley has his name in the books,normal_play,0.0
5439,5444,make it a five point lead crowley has his name in the books its 13 points to rate island leads south africa,normal_play,0.0
5442,5447,its 13 points to rate island leads south africa with three minutes to play,normal_play,0.0
5445,5450,island leads south africa with three minutes to play the game is over the game is over,normal_play,0.0
5448,5453,the game is over the game is over the game is over,normal_play,0.0
5451,5456,the game is over the game is over the game is over the game is over,normal_play,0.0
5454,5459,the game is over the game is over the game is over,normal_play,0.0
5457,5462,the game is over the game is over the game is over the game is over,normal_play,0.0
5460,5465,the game is over the game is over the game is over,normal_play,0.0
5463,5468,the game is over the game is over the game is over the game is over,normal_play,0.0
5466,5471,the game is over the game is over the game is over,normal_play,0.0
5469,5474,the game is over the game is over the game is over the game is over,normal_play,0.0
5472,5477,the game is over the game is over the game is over,normal_play,0.0
5475,5480,the game is over the game is over the game is over with three minutes to play,normal_play,0.0
5478,5483,the game is over with three minutes to play colby looks to the sky,normal_play,0.0
5481,5486,with three minutes to play colby looks to the sky is that a hint of despair in this african eyes now is that a hint of despair in this african eyes now,normal_play,0.0
5484,5489,is that a hint of despair in this african eyes now is that a hint of despair in this african eyes now down the middle goes south africa,normal_play,0.0
5487,5492,is that a hint of despair in this african eyes now down the middle goes south africa nice lift from island,normal_play,0.0
5490,5495,down the middle goes south africa nice lift from island can they close out this game no manu lubok launches the counter a flowers being had and theres a bunch of green jerseys,normal_play,0.0
5493,5498,can they close out this game no manu lubok launches the counter a flowers being had and theres a bunch of green jerseys,normal_play,0.0
5496,5501,no manu lubok launches the counter a flowers being had and theres a bunch of green jerseys,normal_play,0.0
5499,5504,no manu lubok launches the counter a flowers being had and theres a bunch of green jerseys around there no rana retains possession for south africa villainsa magic needed,normal_play,0.0
5502,5507,no manu lubok launches the counter a flowers being had and theres a bunch of green jerseys around there no rana retains possession for south africa villainsa magic needed,normal_play,0.0
5505,5510,around there no rana retains possession for south africa villainsa magic needed,normal_play,0.0
5508,5513,around there no rana retains possession for south africa villainsa magic needed,normal_play,0.0
5511,5516,around there no rana retains possession for south africa villainsa magic needed from some of the playmakers cheslin colby cant get free on this occasion to the halfway,normal_play,0.0
5514,5519,around there no rana retains possession for south africa villainsa magic needed from some of the playmakers cheslin colby cant get free on this occasion to the halfway,normal_play,0.0
5517,5522,from some of the playmakers cheslin colby cant get free on this occasion to the halfway,normal_play,0.0
5520,5525,from some of the playmakers cheslin colby cant get free on this occasion to the halfway line turnover good a pinch and another steal from ireland unbelievable from bandiakhi,normal_play,0.0
5523,5528,line turnover good a pinch and another steal from ireland unbelievable from bandiakhi,normal_play,0.0
5526,5531,line turnover good a pinch and another steal from ireland unbelievable from bandiakhi turnover good storming with ball in hand and on the other side of the ball low again chips,normal_play,0.0
5529,5534,line turnover good a pinch and another steal from ireland unbelievable from bandiakhi turnover good storming with ball in hand and on the other side of the ball low again chips,normal_play,0.0
5532,5537,turnover good storming with ball in hand and on the other side of the ball low again chips this one whos put him on colby hes on there hes opposite number 90 seconds left south africas,normal_play,0.0
5535,5540,turnover good storming with ball in hand and on the other side of the ball low again chips this one whos put him on colby hes on there hes opposite number 90 seconds left south africas,normal_play,0.0
5538,5543,this one whos put him on colby hes on there hes opposite number 90 seconds left south africas,normal_play,0.0
5541,5546,this one whos put him on colby hes on there hes opposite number 90 seconds left south africas chance with ball in hand big hit as well rana khans possession inche waits theres a behind,normal_play,0.0
5544,5549,this one whos put him on colby hes on there hes opposite number 90 seconds left south africas chance with ball in hand big hit as well rana khans possession inche waits theres a behind,normal_play,0.0
5547,5552,chance with ball in hand big hit as well rana khans possession inche waits theres a behind,normal_play,0.0
5550,5555,chance with ball in hand big hit as well rana khans possession inche waits theres a behind the back lubok by jesse creel to the halfway line the tackle keep coming from ireland,normal_play,0.0
5553,5558,chance with ball in hand big hit as well rana khans possession inche waits theres a behind the back lubok by jesse creel to the halfway line the tackle keep coming from ireland,normal_play,0.0
5556,5561,the back lubok by jesse creel to the halfway line the tackle keep coming from ireland,normal_play,0.0
5559,5564,the back lubok by jesse creel to the halfway line the tackle keep coming from ireland vantage second man hands on pindy avanis foreside outrigger villainsa almost got the,normal_play,0.0
5562,5567,vantage second man hands on pindy avanis foreside outrigger villainsa almost got the,normal_play,0.0
5565,5570,vantage second man hands on pindy avanis foreside outrigger villainsa almost got the,normal_play,0.0
5568,5573,vantage second man hands on pindy avanis foreside outrigger villainsa almost got the pass away in the tackle and ended eventually okay you got two penalty one penalty here for off feet south africa cheers,normal_play,0.0
5571,5576,vantage second man hands on pindy avanis foreside outrigger villainsa almost got the pass away in the tackle and ended eventually okay you got two penalty one penalty here for off feet south africa cheers,normal_play,0.0
5574,5579,pass away in the tackle and ended eventually okay you got two penalty one penalty here for off feet south africa cheers,normal_play,0.0
5577,5582,pass away in the tackle and ended eventually okay you got two penalty one penalty here for off feet south africa cheers,normal_play,0.0
5580,5585,pass away in the tackle and ended eventually okay you got two penalty one penalty here for off feet south africa cheers,normal_play,0.0
5583,5588,pass away in the tackle and ended eventually okay you got two penalty one penalty here for off feet south africa cheers one here one over there from the south african side off feet theyre not a group short of,normal_play,0.0
5586,5591,pass away in the tackle and ended eventually okay you got two penalty one penalty here for off feet south africa cheers one here one over there from the south african side off feet theyre not a group short of,normal_play,0.0
5589,5594,one here one over there from the south african side off feet theyre not a group short of belief they said coming into this they love the pressure cooker wow its dolled right up now,normal_play,0.0
5592,5597,one here one over there from the south african side off feet theyre not a group short of belief they said coming into this they love the pressure cooker wow its dolled right up now,normal_play,0.0
5595,5600,belief they said coming into this they love the pressure cooker wow its dolled right up now,normal_play,0.0
5598,5603,belief they said coming into this they love the pressure cooker wow its dolled right up now marni lubok so much said about his kicking in this game and his shots at goal have been questionable hes missed a few,normal_play,0.0
5601,5606,marni lubok so much said about his kicking in this game and his shots at goal have been questionable hes missed a few,normal_play,0.0
5604,5609,marni lubok so much said about his kicking in this game and his shots at goal have been questionable hes missed a few,normal_play,0.0
5607,5612,marni lubok so much said about his kicking in this game and his shots at goal have been questionable hes missed a few well thats a nice nudge hes giving his back and inviting blackpool to play here,normal_play,0.0
5610,5615,marni lubok so much said about his kicking in this game and his shots at goal have been questionable hes missed a few well thats a nice nudge hes giving his back and inviting blackpool to play here,normal_play,0.0
5613,5618,well thats a nice nudge hes giving his back and inviting blackpool to play here the drama unfolding in front of us and starts to frown final play ireland lead 13 8 farid goes to peter,normal_play,0.0
5616,5621,well thats a nice nudge hes giving his back and inviting blackpool to play here the drama unfolding in front of us and starts to frown final play ireland lead 13 8 farid goes to peter,normal_play,0.0
5619,5624,the drama unfolding in front of us and starts to frown final play ireland lead 13 8 farid goes to peter,normal_play,0.0
5622,5627,the drama unfolding in front of us and starts to frown final play ireland lead 13 8 farid goes to peter,normal_play,0.0
5625,5630,the drama unfolding in front of us and starts to frown final play ireland lead 13 8 farid goes to peter,normal_play,0.0
5628,5633,the drama unfolding in front of us and starts to frown final play ireland lead 13 8 farid goes to peter,normal_play,0.0
5631,5636,the drama unfolding in front of us and starts to frown final play ireland lead 13 8 farid goes to peter,normal_play,0.0
5634,5639,the drama unfolding in front of us and starts to frown final play ireland lead 13 8 farid goes to peter,normal_play,0.0
5637,5642,the drama unfolding in front of us and starts to frown final play ireland lead 13 8 farid goes to peter tewi south africa maul towards the trial and yelendis in there as well tyburn the irish defender on the side,normal_play,0.0
5640,5645,the drama unfolding in front of us and starts to frown final play ireland lead 13 8 farid goes to peter tewi south africa maul towards the trial and yelendis in there as well tyburn the irish defender on the side,normal_play,0.0
5643,5648,tewi south africa maul towards the trial and yelendis in there as well tyburn the irish defender on the side,normal_play,0.0
5646,5651,tewi south africa maul towards the trial and yelendis in there as well tyburn the irish defender on the side,normal_play,0.0
5649,5654,tewi south africa maul towards the trial and yelendis in there as well tyburn the irish defender on the side theyve defended superbly so theyre going to try to dig us out its there has he come out,normal_play,0.0
5652,5657,tewi south africa maul towards the trial and yelendis in there as well tyburn the irish defender on the side theyve defended superbly so theyre going to try to dig us out its there has he come out,normal_play,0.0
5655,5660,theyve defended superbly so theyre going to try to dig us out its there has he come out,normal_play,0.0
5658,5663,theyve defended superbly so theyre going to try to dig us out its there has he come out,normal_play,0.0
5661,5666,theyve defended superbly so theyre going to try to dig us out its there has he come out ireland have done it the number one team in the world irish eyes are smiling tonight theyve taken one step closer to their rugby world cup dream,normal_play,0.0
5664,5669,ireland have done it the number one team in the world irish eyes are smiling tonight theyve taken one step closer to their rugby world cup dream,normal_play,0.0
5667,5672,ireland have done it the number one team in the world irish eyes are smiling tonight theyve taken one step closer to their rugby world cup dream,normal_play,0.0
5670,5675,ireland have done it the number one team in the world irish eyes are smiling tonight theyve taken one step closer to their rugby world cup dream,normal_play,0.0
5673,5678,ireland have done it the number one team in the world irish eyes are smiling tonight theyve taken one step closer to their rugby world cup dream,normal_play,0.0
5676,5681,ireland have done it the number one team in the world irish eyes are smiling tonight theyve taken one step closer to their rugby world cup dream,normal_play,0.0
5679,5684,ireland have done it the number one team in the world irish eyes are smiling tonight theyve taken one step closer to their rugby world cup dream,normal_play,0.0
5682,5687,ireland have done it the number one team in the world irish eyes are smiling tonight theyve taken one step closer to their rugby world cup dream theyve beaten the springboks its been an extraordinary evening in paris therell be tears therell be celebrations 80 0 fans,normal_play,0.0
5685,5690,ireland have done it the number one team in the world irish eyes are smiling tonight theyve taken one step closer to their rugby world cup dream theyve beaten the springboks its been an extraordinary evening in paris therell be tears therell be celebrations 80 0 fans,normal_play,0.0
5688,5693,theyve beaten the springboks its been an extraordinary evening in paris therell be tears therell be celebrations 80 0 fans,normal_play,0.0
5691,5696,theyve beaten the springboks its been an extraordinary evening in paris therell be tears therell be celebrations 80 0 fans,normal_play,0.0
5694,5699,theyve beaten the springboks its been an extraordinary evening in paris therell be tears therell be celebrations 80 0 fans millions around the world have witnessed one of the great battles in rugby world cup history,normal_play,0.0
5697,5702,theyve beaten the springboks its been an extraordinary evening in paris therell be tears therell be celebrations 80 0 fans millions around the world have witnessed one of the great battles in rugby world cup history,normal_play,0.0
5700,5705,millions around the world have witnessed one of the great battles in rugby world cup history,normal_play,0.0
5703,5708,millions around the world have witnessed one of the great battles in rugby world cup history,normal_play,0.0
