start_time,end_time,text,event_class,highlight_score
0,4,four years of toil,kick_off,0.5159
2,6,four years of toil pain and sacrifice boil,kick_off,0.5159
4,8,pain and sacrifice boil down to one almighty,kick_off,0.5159
6,10,boil down to one almighty evening under the parisian,kick_off,0.5159
8,12,evening under the parisian floodlights ireland in,normal_play,0.4032
10,14,parisian floodlights ireland in the green through the great johnny johnny sexton,normal_play,0.4032
12,16,in the green through the great johnny johnny sexton kick off what,normal_play,0.1923
14,18,johnny sexton kick off what could be a rugby world,normal_play,0.1923
16,20,what could be a rugby world cup night for the ages,normal_play,0.1923
18,22,world cup night for the ages,normal_play,0.1923
20,24,and the first relieving kick,normal_play,0.4032
22,26,and the first relieving kick made by ali price in for ben white,normal_play,0.4032
24,28,kick made by ali price in for ben white and asking hugo hugo keenan,normal_play,0.4032
26,30,white and asking hugo hugo keenan to run from deep,normal_play,0.4032
28,32,hugo keenan to run from deep key man in the,normal_play,0.4032
30,34,deep key man in the ireland side that has won 16 matches,normal_play,0.4032
32,36,the ireland side that has won 16 matches on the spin,normal_play,0.4032
34,38,matches on the spin a national record,normal_play,0.4032
36,40,a national record two more victories and the equal the most,normal_play,0.3519
38,42,two more victories and the equal the most ever i hope,normal_play,0.3519
40,44,most ever i hope we refer to often as tier one teams,normal_play,0.3519
42,46,hope we refer to often as tier one teams in the international game,normal_play,0.3519
44,48,teams in the international game ireland getting into their shape hugo keenan,normal_play,0.4032
46,50,game ireland getting into their shape hugo keenan again thats a touch,normal_play,0.4032
48,52,again thats a touch,normal_play,0.2549
54,58,ireland,try,1.0
56,60,ireland looking for possession,try,1.0
58,62,ireland looking for possession ireland slices scotland,try,1.0
60,64,possession ireland slices scotland open hanson james lowe,try,1.0
62,66,scotland open hanson james lowe for the corner,try,1.0
64,68,lowe for the corner,try,1.0
68,72,63 seconds gone,try,1.0
70,74,63 seconds gone,try,1.0
72,76,gone ireland stupefied the scots,try,1.0
74,78,ireland stupefied the scots with first,try,1.0
76,80,scots with first base poison and,try,1.0
78,82,first base poison and the parisian cauldron,try,1.0
80,84,and the parisian cauldron,normal_play,0.0
82,86,so many,normal_play,0.0
84,88,so many weapons in this irish arsenal that,normal_play,0.0
86,90,many weapons in this irish arsenal that was gary ringrose who,normal_play,0.0
88,92,that was gary ringrose who opened it up not looking like,normal_play,0.0
90,94,who opened it up not looking like much was on here but scotland just ran out,normal_play,0.0
92,96,much was on here but scotland just ran out of defenders some indecision there as ringrose,normal_play,0.0
94,98,out of defenders some indecision there as ringrose squared upfield and then heaps,normal_play,0.0
96,100,ringrose squared upfield and then heaps of options going through the hands,normal_play,0.0
98,102,of options going through the hands lowe getting crucial,normal_play,0.0
100,104,lowe getting crucial blow that would be a huge,normal_play,0.0
102,106,crucial blow that would be a huge test for the mental side for this scottish team,normal_play,0.0
104,108,huge test for the mental side for this scottish team beautifully,normal_play,0.0
106,110,team beautifully executed by the irish players,normal_play,0.0
108,112,executed by the irish players hard running good distribution,normal_play,0.0
110,114,players hard running good distribution again so many options available,normal_play,0.0
112,116,distribution again so many options available for every irish player on the field,normal_play,0.0
114,118,available for every irish player on the field what a start,normal_play,0.0
116,120,what a start james lowe was a triscorer,normal_play,0.0
118,122,james lowe was a triscorer in irelands most recent win over scotland,normal_play,0.0
120,124,triscorer in irelands most recent win over scotland in march,normal_play,0.0
122,126,scotland in march he suffered from debilitating juvenile,normal_play,0.0
124,128,he suffered from debilitating juvenile arthritis as a teenager,normal_play,0.0
126,130,juvenile arthritis as a teenager he may never have dreamed he,normal_play,0.0
128,132,he may never have dreamed he would reach this,goal_kick,0.8688
130,134,he would reach this pinnacle of rugby union,goal_kick,0.8688
132,136,this pinnacle of rugby union,goal_kick,0.8688
134,138,union,goal_kick,0.8688
136,140,johnny johnny sexton,goal_kick,0.8688
138,142,johnny johnny sexton irelands ultimate points,goal_kick,0.8688
140,144,irelands ultimate points machine,goal_kick,0.8688
142,146,points machine hes missed just once from the,goal_kick,0.8688
144,148,hes missed just once from the tee in 15 attempts,goal_kick,0.8688
146,150,the tee in 15 attempts in this competition,goal_kick,0.8688
148,152,in this competition,goal_kick,0.6259
150,154,competition,goal_kick,0.6259
154,158,hes missed another,goal_kick,0.8688
156,160,hes missed another but that is a rippling beginning,goal_kick,0.8688
158,162,but that is a rippling beginning from this irish machine,goal_kick,0.8688
160,164,beginning from this irish machine well such is the respect and,normal_play,0.0
162,166,machine well such is the respect and the understanding of both these great rivals,normal_play,0.0
164,168,and the understanding of both these great rivals absolute silence for that kick,normal_play,0.0
166,170,absolute silence for that kick but this was far too easy,normal_play,0.0
168,172,but this was far too easy just,normal_play,0.0
170,174,easy just running out of numbers and,normal_play,0.0
172,176,running out of numbers and i said off the top if scotland,normal_play,0.0
174,178,and i said off the top if scotland had any chance they had to plant some seeds,normal_play,0.0
176,180,scotland had any chance they had to plant some seeds of doubt early on and that kind of,kick_off,0.5159
178,182,of doubt early on and that kind of defending is not going to do it the number,kick_off,0.5159
180,184,of defending is not going to do it the number one team in the world are off and running,kick_off,0.5159
182,186,one team in the world are off and running the round of,kick_off,0.5159
184,188,the round of scotland must win by eight points tonight,normal_play,0.0
186,190,of scotland must win by eight points tonight before we start thinking about bonus,normal_play,0.0
188,192,tonight before we start thinking about bonus points and the like,normal_play,0.2881
190,194,points and the like we havent beaten ireland by more than eight points,normal_play,0.2881
192,196,we havent beaten ireland by more than eight points in a competitive match since 2001,normal_play,0.2881
194,198,points in a competitive match since 2001 22,normal_play,0.2881
196,200,2001 22 years ago coach gregor,normal_play,0.0
198,202,22 years ago coach gregor townsend started at fly half that,normal_play,0.0
200,204,gregor townsend started at fly half that day,normal_play,0.0853
202,206,that day,normal_play,0.0853
230,234,hes got just blood in his veins,normal_play,0.0
232,236,hes got just blood in his veins schumann,normal_play,0.0
234,238,schumann,normal_play,0.0
236,240,scotland have a free play here,normal_play,0.4032
238,242,scotland have a free play here russell passed to dempsey,normal_play,0.4032
240,244,russell passed to dempsey on the touch line,normal_play,0.4032
242,246,dempsey on the touch line hanson sends him,normal_play,0.4032
244,248,hanson sends him russell,normal_play,0.0
246,250,russell again picking his options,normal_play,0.0
248,252,russell again picking his options finding schumann,normal_play,0.4032
250,254,finding schumann,normal_play,0.4032
252,256,schumann russell,normal_play,0.4032
254,258,russell hes literally captain he puts that,normal_play,0.4032
256,260,hes literally captain he puts that one on to kinghorn stepping,normal_play,0.4032
258,262,one on to kinghorn stepping inside to jones,normal_play,0.4032
260,264,stepping inside to jones hes put them up towards the irish 22,normal_play,0.3671
262,266,hes put them up towards the irish 22 still have that penalty advantage,normal_play,0.3671
264,268,still have that penalty advantage as they go from touch line to,normal_play,0.3671
266,270,advantage as they go from touch line to touch line russell lovely ball on to xander,normal_play,0.3671
268,272,to touch line russell lovely ball on to xander fegerson scotland,normal_play,0.0
270,274,xander fegerson scotland searching for a quick response,normal_play,0.0
272,276,searching for a quick response ireland steal it and,penalty,0.6128
274,278,ireland steal it and macberry will bring them back,penalty,0.6128
276,280,and macberry will bring them back much better play from the scots,penalty,0.6128
278,282,much better play from the scots really confident on,penalty,0.6128
280,284,scots really confident on the ball finn russell,normal_play,0.0
282,286,on the ball finn russell,normal_play,0.0
284,288,russell controlling the ship a few concerns,normal_play,0.0
286,290,controlling the ship a few concerns there but again the irish,normal_play,0.0
288,292,concerns there but again the irish they bent a little bit there but they didnt break as they,normal_play,0.0
290,294,irish they bent a little bit there but they didnt break as they look at the review guy easterby,normal_play,0.0
292,296,they look at the review guy easterby the defence coach,normal_play,0.0
294,298,the defence coach,normal_play,0.0
296,300,gregor townsend 74th test,normal_play,0.0
298,302,gregor townsend 74th test in charge of scotland,normal_play,0.0
300,304,test in charge of scotland hes faced ireland eight,normal_play,0.0
302,306,hes faced ireland eight times in a coaching box hes,normal_play,0.0
304,308,eight times in a coaching box hes been on the losing side on every occasion,normal_play,0.0
306,310,hes been on the losing side on every occasion that was the high tackle there,normal_play,0.0
308,312,that was the high tackle there just back around,normal_play,0.0
310,314,there just back around its doris right out,normal_play,0.0
312,316,its doris right out of the gates,normal_play,0.0
314,318,out of the gates dont think they could quite,normal_play,0.0
316,320,dont think they could quite believe their luck robb recommended and,normal_play,0.0
318,322,quite believe their luck robb recommended and neither could the coach,normal_play,0.0
320,324,and neither could the coach thats how you start the game incredible isnt it this,normal_play,0.0
322,326,thats how you start the game incredible isnt it this is exactly the tactic that ireland are looking for,normal_play,0.0
324,328,this is exactly the tactic that ireland are looking for the majority of their try will,normal_play,0.0
326,330,the majority of their try will be coming from these punching phases,normal_play,0.0
328,332,will be coming from these punching phases getting into these scottish defenders,normal_play,0.0
330,334,getting into these scottish defenders scotland conversely love possession as,normal_play,0.0
332,336,defenders scotland conversely love possession as well and like russell will relish,normal_play,0.0
334,338,as well and like russell will relish having ball in hand,normal_play,0.0
336,340,relish having ball in hand and that decision there,normal_play,0.0
338,342,and that decision there a reflection of the circumstances,normal_play,0.0
340,344,there a reflection of the circumstances they need a win and they need,normal_play,0.0
342,346,they need a win and they need to win by a margin,normal_play,0.0
344,348,need to win by a margin so taking the line out rather than possible kickable,normal_play,0.0
346,350,so taking the line out rather than possible kickable three points,normal_play,0.0
348,352,kickable three points i need you two metres,normal_play,0.0
350,354,i need you two metres please i need you two,normal_play,0.0
352,356,metres please i need you two metres fancy,lineout,0.4726
354,358,metres fancy george turner can clearly hear the,lineout,0.4726
356,360,fancy george turner can clearly hear the call from his forwards at this line out,lineout,0.4726
358,362,the call from his forwards at this line out such as the din inside skadi fons,lineout,0.4726
360,364,such as the din inside skadi fons turner breaks away and,normal_play,0.4032
362,366,fons turner breaks away and hugh jones meets a beeline for,normal_play,0.4032
364,368,hugh jones meets a beeline for johnny johnny sexton,normal_play,0.4032
366,370,for johnny johnny sexton price rory darge the,normal_play,0.4032
368,372,price rory darge the young open side wrapped up by,normal_play,0.0
370,374,the young open side wrapped up by bandi bundee aki,normal_play,0.0
372,376,by bandi bundee aki richie on the blind,normal_play,0.2855
374,378,richie on the blind scotland must make the most of,normal_play,0.2855
376,380,scotland must make the most of these attacking opportunities,normal_play,0.2855
378,382,of these attacking opportunities russell looks around to the left,normal_play,0.2855
380,384,opportunities russell looks around to the left heres jones fandamerva,normal_play,0.0
382,386,left heres jones fandamerva static but still,normal_play,0.0
384,388,fandamerva static but still steps out of two tackle,normal_play,0.4032
386,390,steps out of two tackle hansen chops the giant down,normal_play,0.4032
388,392,hansen chops the giant down irelands half a penalty,normal_play,0.4032
390,394,down irelands half a penalty,normal_play,0.4032
396,400,big tackle from,normal_play,0.0
398,402,big tackle from hansen,normal_play,0.0
400,404,from hansen fandamerva came back in,normal_play,0.0
402,406,fandamerva came back in field there and,normal_play,0.0
404,408,in field there and i have no doubt that the playbook is very,normal_play,0.0
406,410,and i have no doubt that the playbook is very much for the scots around,normal_play,0.0
408,412,very much for the scots around to buloto and hugh jones running hard,normal_play,0.0
410,414,to buloto and hugh jones running hard the legend that is johnny,normal_play,0.0
412,416,hard the legend that is johnny johnny sexton,normal_play,0.0
414,418,johnny sexton from jones,normal_play,0.0
416,420,from jones,normal_play,0.0
418,422,jones,normal_play,0.0
420,424,those so called red zone,normal_play,0.4032
422,426,those so called red zone opportunities when a team is attacking in the 22,normal_play,0.4032
424,428,zone opportunities when a team is attacking in the 22 the,normal_play,0.4032
426,430,22 the ruthlessness of their attack is measured,normal_play,0.4032
428,432,the ruthlessness of their attack is measured by how many try they score,normal_play,0.0
430,434,measured by how many try they score from those positions and scotland,normal_play,0.0
432,436,score from those positions and scotland have let one slip through their fingers,normal_play,0.0
434,438,scotland have let one slip through their fingers,normal_play,0.0
436,440,fingers,normal_play,0.0
440,444,there is the reaction from,normal_play,0.0
442,446,there is the reaction from andy farrell hes,normal_play,0.0
444,448,from andy farrell hes overseen 41 matches as ireland,normal_play,0.0
446,450,hes overseen 41 matches as ireland head coach hes only lost seven,normal_play,0.0
448,452,ireland head coach hes only lost seven 83 win,lineout,0.3834
450,454,seven 83 win success rate the best,lineout,0.3834
452,456,win success rate the best of any ireland coach in the professional,lineout,0.3834
454,458,best of any ireland coach in the professional era,lineout,0.3834
456,460,professional era josh van der vleer finds cale and,normal_play,0.0
458,462,josh van der vleer finds cale and doris,normal_play,0.0
460,464,and doris to the player to leinster,normal_play,0.0
462,466,doris to the player to leinster and dublin but a little knock on the floor,normal_play,0.0
464,468,leinster and dublin but a little knock on the floor hell give scotland,normal_play,0.0
466,470,floor hell give scotland another attacking foothold,normal_play,0.0
468,472,scotland another attacking foothold,normal_play,0.0
470,474,foothold,normal_play,0.0
474,478,well theyre going to have to go to the bench,normal_play,0.0
476,480,well theyre going to have to go to the bench early here,normal_play,0.0
478,482,bench early here i think its going to be an his,normal_play,0.0
480,484,i think its going to be an his assessment the independent doctors on the sideline,normal_play,0.0
482,486,his assessment the independent doctors on the sideline have seen something and theyre going to have,normal_play,0.0
484,488,sideline have seen something and theyre going to have a little look to make sure theyre,normal_play,0.0
486,490,have a little look to make sure theyre well for it blair kinghorn is ok,normal_play,0.0
488,492,theyre well for it blair kinghorn is ok,normal_play,0.0
490,494,ok blair kinghorn will troop,normal_play,0.0
492,496,blair kinghorn will troop down the tunnel with dr james robson,normal_play,0.0
494,498,troop down the tunnel with dr james robson very long standing very respected,normal_play,0.0
496,500,very long standing very respected scotland,normal_play,0.0
498,502,respected scotland doctor olly smith is on for him for the time,normal_play,0.0
500,504,doctor olly smith is on for him for the time being and this is the table as things,normal_play,0.0
502,506,time being and this is the table as things stand a win for ireland south africa would send,normal_play,0.0
504,508,things stand a win for ireland south africa would send them top and would pick a place,normal_play,0.0
506,510,send them top and would pick a place in the quarterfinals where they would face the all,normal_play,0.0
508,512,place in the quarterfinals where they would face the all blacks next weekend,normal_play,0.0
510,514,all blacks next weekend south africa would stay second and,normal_play,0.0
512,516,south africa would stay second and they would take on the host nation france,scrum,0.4877
514,518,and they would take on the host nation france whatever the upshots,scrum,0.4877
516,520,france whatever the upshots whatever the outcome there are,scrum,0.4877
518,522,upshots whatever the outcome there are going to be some monumental showdowns,scrum,0.4877
520,524,going to be some monumental showdowns in these knockout fixtures,scrum,0.4877
522,526,showdowns in these knockout fixtures well has there ever been a worse reward,scrum,0.4877
524,528,well has there ever been a worse reward for winning a big match like this than to get the,scrum,0.4877
526,530,reward for winning a big match like this than to get the all blacks at a world cup quarterfinal stage,scrum,0.4877
528,532,all blacks at a world cup quarterfinal stage yes yes no,normal_play,0.0
530,534,stage yes yes no ok but please dont,normal_play,0.0
532,536,ok but please dont stand up ok massive opportunity,normal_play,0.0
534,538,dont stand up ok massive opportunity now for scotland in this scrum ireland,normal_play,0.0
536,540,opportunity now for scotland in this scrum ireland have only conceded three try in the world cup,normal_play,0.0
538,542,have only conceded three try in the world cup each of them have been from first,normal_play,0.0
540,544,cup each of them have been from first phase and two of them have been from scrum so this is,normal_play,0.0
542,546,first phase and two of them have been from scrum so this is an opportunity that scotland will have,normal_play,0.0
544,548,is an opportunity that scotland will have to try and take to them,normal_play,0.0
546,550,have to try and take to them,normal_play,0.0
550,554,these are,scrum,0.3066
552,556,these are two of the best defences in new england one,scrum,0.3066
554,558,are two of the best defences in new england one will drop b two,scrum,0.3066
556,560,one will drop b two teams with the top defensive statistics,scrum,0.3066
558,562,two teams with the top defensive statistics in europes six nations championship,scrum,0.3066
560,564,statistics in europes six nations championship earlier this year,scrum,0.3066
562,566,championship earlier this year,scrum,0.3066
564,568,fields of aachen rhein reverberates around stade,scrum,0.3066
566,570,fields of aachen rhein reverberates around stade de france,scrum,0.3066
568,572,stade de france caught,penalty,0.4706
570,574,caught head,penalty,0.4706
572,576,caught head straight down onto your knee,penalty,0.4706
574,578,straight down onto your knee we heard our referee there nick berry saying,penalty,0.4706
576,580,we heard our referee there nick berry saying the irish front row player,normal_play,0.0
578,582,saying the irish front row player went straight down onto his knee,normal_play,0.0
580,584,player went straight down onto his knee so another opportunity for scotland,normal_play,0.0
582,586,so another opportunity for scotland yeah theyre going to go for the corner,normal_play,0.0
584,588,scotland yeah theyre going to go for the corner keep the pressure on their,normal_play,0.0
586,590,keep the pressure on their tight head went down to his knee as you said jamie,normal_play,0.0
588,592,their tight head went down to his knee as you said jamie last time in the red zone nothing to show for it,normal_play,0.0
590,594,jamie last time in the red zone nothing to show for it they want to change that,normal_play,0.0
592,596,it they want to change that,normal_play,0.0
596,600,i reckon,normal_play,0.0
598,602,i reckon you went early on the second and then,normal_play,0.0
600,604,reckon you went early on the second and then the tight head went to his knee so a bit more control,normal_play,0.0
602,606,then the tight head went to his knee so a bit more control ok,normal_play,0.0
604,608,control ok pierre schumann leads,lineout,0.4726
606,610,pierre schumann leads the charge for scotland hes built like a,lineout,0.4726
608,612,leads the charge for scotland hes built like a whisky bottle,lineout,0.4726
610,614,a whisky bottle chest that must be 64 inches,lineout,0.4726
612,616,chest that must be 64 inches big steal from ireland but gibson,normal_play,0.0
614,618,big steal from ireland but gibson park has to take it over the,normal_play,0.0
616,620,gibson park has to take it over the touchline and,normal_play,0.0
618,622,the touchline and scotland will gain a few metres here and,normal_play,0.0
620,624,and scotland will gain a few metres here and a reprieve well just some good,normal_play,0.0
622,626,and a reprieve well just some good insight into the conversation that goes on,normal_play,0.0
624,628,good insight into the conversation that goes on with the referee and the players rob,normal_play,0.0
626,630,with the referee and the players rob you picked up a little question there its quite revealing,normal_play,0.0
628,632,you picked up a little question there its quite revealing yeah really good both teams greatly,normal_play,0.0
630,634,revealing yeah really good both teams greatly disciplined less than 10 penalty for,normal_play,0.0
632,636,greatly disciplined less than 10 penalty for both of them reachers getting a bit of tension but,normal_play,0.0
634,638,for both of them reachers getting a bit of tension but the conversation with the referee was about what,normal_play,0.0
636,640,the conversation with the referee was about what can we do better the props,normal_play,0.0
638,642,what can we do better the props know that scrim time is so important as line,normal_play,0.0
640,644,props know that scrim time is so important as line out is ireland havent been functioning,normal_play,0.0
642,646,line out is ireland havent been functioning well in their line out throughout this tournament so thats,normal_play,0.0
644,648,functioning well in their line out throughout this tournament so thats a welcome sight for peter omahony,normal_play,0.0
646,650,thats a welcome sight for peter omahony the scots do,normal_play,0.0
648,652,the scots do have a very good defensive line out themselves,normal_play,0.0
650,654,do have a very good defensive line out themselves so it will definitely be an area,normal_play,0.0
652,656,themselves so it will definitely be an area that ireland address before this,normal_play,0.0
654,658,area that ireland address before this game,normal_play,0.0
656,660,this game,normal_play,0.0
658,662,just listening again here the referee is still,normal_play,0.0
660,664,just listening again here the referee is still talking to two of the irish front row boys just basically,normal_play,0.0
662,666,still talking to two of the irish front row boys just basically leave it,normal_play,0.0
664,668,basically leave it,normal_play,0.0
668,672,jamie you,normal_play,0.0
670,674,jamie you good,normal_play,0.0
672,676,you good okay guys water off,normal_play,0.0
674,678,okay guys water off water off guys well get,normal_play,0.0
676,680,water off guys well get going,normal_play,0.0
678,682,get going jordan just up in front please,normal_play,0.0
680,684,jordan just up in front please it was peter omahony who got,normal_play,0.0
682,686,please it was peter omahony who got irish fingertips on that last scottish,normal_play,0.0
684,688,got irish fingertips on that last scottish throw ahead of richie gray,lineout,0.2732
686,690,scottish throw ahead of richie gray scotland,lineout,0.2732
688,692,scotland can knock at the irish door again here,lineout,0.2732
690,694,scotland can knock at the irish door again here they go to the captain,lineout,0.2732
692,696,here they go to the captain richie at the tail yeah yeah theyre both dark,normal_play,0.0
694,698,captain richie at the tail yeah yeah theyre both dark both dark as well and they set the drive,normal_play,0.0
696,700,both dark as well and they set the drive,maul,0.4029
698,702,drive ireland not budging an inch so,maul,0.4029
700,704,ireland not budging an inch so far so scotland must,maul,0.4029
702,706,so far so scotland must play theres two,maul,0.4029
704,708,must play theres two for all two russell playing out the back,normal_play,0.0
706,710,two for all two russell playing out the back ollie smith darcy graham,normal_play,0.0
708,712,back ollie smith darcy graham darks in the inside but hes,normal_play,0.0
710,714,graham darks in the inside but hes well chopped down by hugo keenan,normal_play,0.0
712,716,hes well chopped down by hugo keenan and ireland piling off their feet,penalty,0.4606
714,718,and ireland piling off their feet ill see you to the other side,penalty,0.4606
716,720,ill see you to the other side i think ireland happy to,penalty,0.4606
718,722,i think ireland happy to concede out wide they were exposed momentarily,penalty,0.4606
720,724,to concede out wide they were exposed momentarily theyve got enough bodies,normal_play,0.0
722,726,momentarily theyve got enough bodies over there yeah and thats why,normal_play,0.0
724,728,bodies over there yeah and thats why you didnt get penalty for offside,normal_play,0.0
726,730,why you didnt get penalty for offside did you get that fin so the,normal_play,0.0
728,732,did you get that fin so the conversation is the,normal_play,0.0
730,734,the conversation is the line out went past the 15 metre line so,normal_play,0.0
732,736,the line out went past the 15 metre line so it ceases to be a line out and both sets of,normal_play,0.0
734,738,it ceases to be a line out and both sets of blacks can come up and play,normal_play,0.0
736,740,of blacks can come up and play and russell perhaps with some frustration they,normal_play,0.0
738,742,and russell perhaps with some frustration they didnt score on that play sticks it,normal_play,0.0
740,744,they didnt score on that play sticks it deep into the stands knowing its,normal_play,0.0
742,746,it deep into the stands knowing its time for his forwards to get to work,normal_play,0.0
744,748,its time for his forwards to get to work,normal_play,0.0
746,750,scotland merging towards 60,normal_play,0.0
748,752,scotland merging towards 60 possession and theyre opening another minute,normal_play,0.0
750,754,60 possession and theyre opening another minute this is their fourth line,normal_play,0.0
752,756,minute this is their fourth line out inside the irish 22,lineout,0.3115
754,758,line out inside the irish 22 ritchie again is,lineout,0.3115
756,760,22 ritchie again is the target scotland,lineout,0.3115
758,762,is the target scotland once more,lineout,0.3115
760,764,scotland once more trying to take on this irish juggernaut,maul,0.271
762,766,trying to take on this irish juggernaut up front i need to see,maul,0.271
764,768,juggernaut up front i need to see it moving forward ok 9,maul,0.271
766,770,see it moving forward ok 9 get going now theyre not shifting so price,maul,0.271
768,772,9 get going now theyre not shifting so price releasing tui polotu who touched,normal_play,0.0
770,774,price releasing tui polotu who touched the ball under a meaty bicep and,normal_play,0.0
772,776,touched the ball under a meaty bicep and carries russell standing,normal_play,0.4032
774,778,and carries russell standing flats well taken by ollie smith,normal_play,0.4032
776,780,standing flats well taken by ollie smith hanson stands up to the physical,normal_play,0.4032
778,782,smith hanson stands up to the physical challenge i dont have,normal_play,0.4032
780,784,physical challenge i dont have price to,normal_play,0.0
782,786,have price to darge cant escape the clutches,normal_play,0.0
784,788,to darge cant escape the clutches of ian henderson,normal_play,0.4032
786,790,clutches of ian henderson turner running direct,normal_play,0.4032
788,792,turner running direct straight into his opposite man sheehan,normal_play,0.3625
790,794,straight into his opposite man sheehan russell a lot of blue,normal_play,0.3625
792,796,russell a lot of blue jerseys off to the right tui polotu to smith,normal_play,0.3625
794,798,blue jerseys off to the right tui polotu to smith who i think saw a glimmer,normal_play,0.3625
796,800,smith who i think saw a glimmer of space opening up lost his,normal_play,0.4032
798,802,glimmer of space opening up lost his footing depsey,normal_play,0.4032
800,804,his footing depsey now former australian,normal_play,0.4032
802,806,depsey now former australian international a,normal_play,0.4032
804,808,australian international a ball was lifting,normal_play,0.4032
806,810,ball was lifting price bounces clear and gets it onto,normal_play,0.4032
808,812,price bounces clear and gets it onto darcy graham,normal_play,0.4032
810,814,onto darcy graham ireland detonating to that breakdown harry stay,normal_play,0.4032
812,816,ireland detonating to that breakdown harry stay back its tui polotu stay there,normal_play,0.4032
814,818,stay back its tui polotu stay there please keep your leg down scotland have gone 10 metres,normal_play,0.4032
816,820,there please keep your leg down scotland have gone 10 metres backwards russell has,normal_play,0.3806
818,822,metres backwards russell has to get it away quickly to depsey,normal_play,0.3806
820,824,has to get it away quickly to depsey smith stepping,normal_play,0.3806
822,826,smith stepping three jones in fact,normal_play,0.3806
824,828,three jones in fact the dancing footwork,normal_play,0.4032
826,830,the dancing footwork darge zander fegerson,normal_play,0.4032
828,832,darge zander fegerson tackle release irish,normal_play,0.0
830,834,fegerson tackle release irish lion,normal_play,0.0
832,836,irish lion one of only four players in this team,normal_play,0.4032
834,838,one of only four players in this team to have beaten ireland gilchrist,normal_play,0.4032
836,840,team to have beaten ireland gilchrist juggles just about holds,normal_play,0.3582
838,842,gilchrist juggles just about holds on,normal_play,0.3582
840,844,holds on eleven phases now for scotland,normal_play,0.3582
842,846,eleven phases now for scotland stay down,normal_play,0.3582
844,848,scotland stay down withstanding the onslaught,normal_play,0.4032
846,850,down withstanding the onslaught russell pulls,normal_play,0.4032
848,852,onslaught russell pulls it back for hugh jones,normal_play,0.4032
850,854,pulls it back for hugh jones again cutting on the inside again,normal_play,0.4032
852,856,again cutting on the inside again shackled by these,normal_play,0.4032
854,858,again shackled by these green demons even piers,normal_play,0.4032
856,860,these green demons even piers schumann with all his bulk cant get any go forward,normal_play,0.4032
858,862,piers schumann with all his bulk cant get any go forward,normal_play,0.4032
860,864,forward a knuckle between two tackle,normal_play,0.4032
862,866,a knuckle between two tackle sheehan with a big one,normal_play,0.4032
864,868,tackle sheehan with a big one darge enough,normal_play,0.4032
866,870,darge enough of the footwork from the open side,normal_play,0.4032
868,872,enough of the footwork from the open side,normal_play,0.0
870,874,fifteen phases now for the scots,normal_play,0.0
872,876,fifteen phases now for the scots if ireland,normal_play,0.3394
874,878,scots if ireland can hold them out it would be a huge psychological,normal_play,0.3394
876,880,ireland can hold them out it would be a huge psychological boost russell again for,normal_play,0.3394
878,882,psychological boost russell again for schumann all scores clear,normal_play,0.3394
880,884,for schumann all scores clear its all a bit chaotic now as russell,normal_play,0.4032
882,886,its all a bit chaotic now as russell moves it for tui polotu,normal_play,0.4032
884,888,russell moves it for tui polotu from the member riding side a key,normal_play,0.4032
886,890,from the member riding side a key deal with the,normal_play,0.4032
888,892,key deal with the scottish centre,normal_play,0.0
890,894,the scottish centre gilchrist back to fegerson,normal_play,0.0
892,896,centre gilchrist back to fegerson very very loose,normal_play,0.338
894,898,fegerson very very loose very unstructured,normal_play,0.338
896,900,very unstructured,normal_play,0.338
898,902,and its not on,normal_play,0.338
900,904,and its not on by scotland,normal_play,0.0
902,906,on by scotland its,normal_play,0.0
904,908,its a legal camera you didnt play the ball,normal_play,0.0
906,910,its a legal camera you didnt play the ball eighteen phases scotland pummel away,normal_play,0.0
908,912,eighteen phases scotland pummel away ireland smash,normal_play,0.0
910,914,away ireland smash the door in their faces,normal_play,0.0
912,916,smash the door in their faces well the irish fans let you know what they think,normal_play,0.0
914,918,well the irish fans let you know what they think about that this scottish team,normal_play,0.0
916,920,about that this scottish team have forced ireland to make three times,normal_play,0.0
918,922,team have forced ireland to make three times as many tackle as the scots,normal_play,0.0
920,924,times as many tackle as the scots so great possession for scotland but,normal_play,0.0
922,926,scots so great possession for scotland but theyre not able to break it down,normal_play,0.0
924,928,but theyre not able to break it down,normal_play,0.0
926,930,down russell wrapped up there some big,normal_play,0.0
928,932,russell wrapped up there some big double tackle going in as well there the balls,normal_play,0.0
930,934,big double tackle going in as well there the balls pop loose and,normal_play,0.0
932,936,balls pop loose and as you said it got a little bit loose there,normal_play,0.0
934,938,and as you said it got a little bit loose there and rob thats got to be very encouraging,normal_play,0.0
936,940,and rob thats got to be very encouraging for the time it needs to be in the irish defence,normal_play,0.0
938,942,for the time it needs to be in the irish defence system absolutely,normal_play,0.0
940,944,defence system absolutely we talked about how much possession scotland like to play,normal_play,0.0
942,946,we talked about how much possession scotland like to play with thats why its getting celebrated they did,normal_play,0.0
944,948,play with thats why its getting celebrated they did not budge past their 22,normal_play,0.0
946,950,did not budge past their 22 finn russell is not a fire up,normal_play,0.0
948,952,finn russell is not a fire up that likes going for drop goals but in those,normal_play,0.0
950,954,up that likes going for drop goals but in those situations you do wonder if he slips into the,normal_play,0.0
952,956,those situations you do wonder if he slips into the pocket and builds the score it,normal_play,0.0
954,958,the pocket and builds the score it would be a very interesting proposition scotland,normal_play,0.0
956,960,would be a very interesting proposition scotland look at encouraging with the ball at hand but that,normal_play,0.0
958,962,scotland look at encouraging with the ball at hand but that is a win for irelands attack,normal_play,0.0
960,964,that is a win for irelands attack just look at the defence look at these numbers,normal_play,0.0
962,966,attack just look at the defence look at these numbers massive amount of tackle from them in that phase,normal_play,0.0
964,968,massive amount of tackle from them in that phase,normal_play,0.0
966,970,phase scotland have to manage the,normal_play,0.0
968,972,scotland have to manage the game as well we said its not going to be one or lost in,normal_play,0.0
970,974,the game as well we said its not going to be one or lost in the first 20 30 minutes here that,normal_play,0.0
972,976,in the first 20 30 minutes here that kind of work that theyre forcing the irish to,normal_play,0.0
974,978,that kind of work that theyre forcing the irish to do may pay off down the road,normal_play,0.0
976,980,to do may pay off down the road so they wont be overly concerned but,normal_play,0.0
978,982,so they wont be overly concerned but they would like to see some incursion,normal_play,0.0
980,984,but they would like to see some incursion into that green wall,normal_play,0.0
982,986,incursion into that green wall,normal_play,0.0
984,988,the reds are trying to pride themselves,normal_play,0.0
986,990,the reds are trying to pride themselves on the attacking innovation,normal_play,0.0
988,992,themselves on the attacking innovation and incision,normal_play,0.0
990,994,innovation and incision of the scottish team,normal_play,0.0
992,996,incision of the scottish team so far they have,normal_play,0.0
994,998,so far they have no answer to the tsunami,normal_play,0.0
996,1000,have no answer to the tsunami of green that is,normal_play,0.0
998,1002,tsunami of green that is swamping and engulfing them with,normal_play,0.0
1000,1004,is swamping and engulfing them with each passing carry,normal_play,0.0
1002,1006,with each passing carry,normal_play,0.0
1004,1008,carry,normal_play,0.0
1030,1034,the penalty ireland,penalty,0.6128
1032,1036,the penalty ireland at scrumpton,penalty,0.6128
1034,1038,ireland at scrumpton,penalty,0.6128
1036,1040,scrumpton this time scottish,penalty,0.6128
1038,1042,this time scottish tight head he needs to bring his feet,penalty,0.6128
1040,1044,scottish tight head he needs to bring his feet up theres one down there deemed to have,normal_play,0.0
1042,1046,up theres one down there deemed to have gone down up taking his own weight,normal_play,0.0
1044,1048,gone down up taking his own weight,normal_play,0.0
1046,1050,so not only that defensive stand,normal_play,0.0
1048,1052,so not only that defensive stand but now the relief and territory that,normal_play,0.0
1050,1054,stand but now the relief and territory that will be gained through johnny,normal_play,0.0
1052,1056,that will be gained through johnny johnny sextons right boot he takes his time,normal_play,0.0
1054,1058,johnny johnny sextons right boot he takes his time and this set,normal_play,0.0
1056,1060,time and this set piece to set piece with big defensive,normal_play,0.0
1058,1062,set piece to set piece with big defensive effort in play is right up,normal_play,0.0
1060,1064,defensive effort in play is right up there you go on the near side,normal_play,0.0
1062,1066,up there you go on the near side the slip down,normal_play,0.0
1064,1068,side the slip down nick berry in no doubt,normal_play,0.0
1066,1070,nick berry in no doubt,normal_play,0.0
1068,1072,doubt,normal_play,0.0
1070,1074,the perplexed look that adorns,normal_play,0.0
1072,1076,the perplexed look that adorns every front row whos ever been penalty in,normal_play,0.0
1074,1078,adorns every front row whos ever been penalty in the history of rugby union,normal_play,0.0
1076,1080,in the history of rugby union but large across xander fegersens,lineout,0.4726
1078,1082,but large across xander fegersens mug,lineout,0.4726
1080,1084,fegersens mug north ireland taking,lineout,0.4726
1082,1086,north ireland taking attack omani rules the,lineout,0.4726
1084,1088,taking attack omani rules the skies johnny sexton for bundy,normal_play,0.0
1086,1090,the skies johnny sexton for bundy bundee aki johnny sexton on the run around,normal_play,0.0
1088,1092,bundy bundee aki johnny sexton on the run around matt hansons off his wing here,normal_play,0.37
1090,1094,around matt hansons off his wing here he needs to pause havoc thats where,normal_play,0.37
1092,1096,here he needs to pause havoc thats where the opening try came from,normal_play,0.37
1094,1098,where the opening try came from,normal_play,0.37
1096,1100,from gillian pulls it back for bundy bundee aki,normal_play,0.0
1098,1102,gillian pulls it back for bundy bundee aki two mastercard player of the,normal_play,0.0
1100,1104,two mastercard player of the match awards in three games,normal_play,0.3123
1102,1106,the match awards in three games,normal_play,0.3123
1104,1108,games dan sheehan with his first,normal_play,0.3123
1106,1110,dan sheehan with his first start of this rugby world cup after,normal_play,0.3123
1108,1112,first start of this rugby world cup after a ligament issue,normal_play,0.0
1110,1114,after a ligament issue big shot,normal_play,0.0
1112,1116,big shot from the scots and that forces the,normal_play,0.1886
1114,1118,from the scots and that forces the knock on from ty burne,normal_play,0.1886
1116,1120,the knock on from ty burne,normal_play,0.1886
1126,1130,well this is off the top line up,normal_play,0.0
1128,1132,well this is off the top line up ball meaning they dont catch it they release it,normal_play,0.0
1130,1134,up ball meaning they dont catch it they release it quickly and look at all those options again,normal_play,0.0
1132,1136,it quickly and look at all those options again for the irish this time scotland,normal_play,0.0
1134,1138,again for the irish this time scotland get enough bodies across just,normal_play,0.0
1136,1140,scotland get enough bodies across just the air ultimately,normal_play,0.0
1138,1142,just the air ultimately as theyre trying to offload in tight,normal_play,0.0
1140,1144,ultimately as theyre trying to offload in tight quarters so thatll be a little,normal_play,0.0
1142,1146,tight quarters so thatll be a little bit of a boost to the men in blue,normal_play,0.0
1144,1148,little bit of a boost to the men in blue,normal_play,0.0
1146,1150,its grant gilchrist dislodging the,normal_play,0.0
1148,1152,its grant gilchrist dislodging the ball from the grasp of,normal_play,0.0
1150,1154,the ball from the grasp of ty burne the big lock,normal_play,0.0
1152,1156,of ty burne the big lock the man whos captained scotland,normal_play,0.0
1154,1158,the man whos captained scotland on many occasions including against romania,normal_play,0.0
1156,1160,scotland on many occasions including against romania last weekend hes also afraid,normal_play,0.0
1158,1162,romania last weekend hes also afraid of mice incidentally an,normal_play,0.0
1160,1164,afraid of mice incidentally an unfortunate trait for a 6 8 inch bloke,scrum,0.4877
1162,1166,an unfortunate trait for a 6 8 inch bloke anyone,scrum,0.4877
1164,1168,bloke anyone suggested that mice might be,scrum,0.4877
1166,1170,anyone suggested that mice might be afraid of him,scrum,0.4877
1168,1172,be afraid of him,scrum,0.4877
1172,1176,depthsy,scrum,0.4877
1174,1178,depthsy breaks for ali price,scrum,0.4877
1176,1180,depthsy breaks for ali price he changes direction and oli smith smith cant,normal_play,0.0
1178,1182,he changes direction and oli smith smith cant go straight to touch,normal_play,0.0
1180,1184,cant go straight to touch oli smith and he hasnt,normal_play,0.0
1182,1186,touch oli smith and he hasnt hugo keenan twinkle toes,normal_play,0.0
1184,1188,hugo keenan twinkle toes splitting with that white paint,normal_play,0.4032
1186,1190,splitting with that white paint just managed to avoid grazing,normal_play,0.4032
1188,1192,just managed to avoid grazing the top,normal_play,0.4032
1190,1194,the top russell end,normal_play,0.4032
1192,1196,russell end of around langwood style,normal_play,0.0
1194,1198,end of around langwood style taken cleanly by james,normal_play,0.0
1196,1200,taken cleanly by james low who can kick the ball a country,normal_play,0.0
1198,1202,james low who can kick the ball a country mile and he has laced,normal_play,0.0
1200,1204,country mile and he has laced that to within a metre of,normal_play,0.4032
1202,1206,laced that to within a metre of the scottish 22 thats a,normal_play,0.4032
1204,1208,the scottish 22 thats a bopper its a massive kick,normal_play,0.4032
1206,1210,a bopper its a massive kick this one does he put a foot in touch here as,normal_play,0.4032
1208,1212,kick this one does he put a foot in touch here as he slides over,normal_play,0.0
1210,1214,as he slides over the fans in the stadium have just,normal_play,0.0
1212,1216,the fans in the stadium have just seen that view up where the feed is,normal_play,0.0
1214,1218,seen that view up where the feed is got it back in the stand look at,normal_play,0.0
1216,1220,got it back in the stand look at the referees going to have a look,normal_play,0.0
1218,1222,at the referees going to have a look ive already checked it not clearly in,normal_play,0.0
1220,1224,ive already checked it not clearly in touch hes checked it,normal_play,0.0
1222,1226,in touch hes checked it hes not clearly in touch i told the boys,normal_play,0.0
1224,1228,it hes not clearly in touch i told the boys at the television match,normal_play,0.0
1226,1230,boys at the television match officially hes not clearly in touch,normal_play,0.0
1228,1232,match officially hes not clearly in touch yeah,normal_play,0.0
1230,1234,touch yeah time off just give,normal_play,0.0
1232,1236,yeah time off just give me a second with the time off not the end of the hour,normal_play,0.0
1234,1238,give me a second with the time off not the end of the hour im sorry my tmos,normal_play,0.0
1236,1240,im sorry my tmos checked that hes not clearly out so were,normal_play,0.0
1238,1242,tmos checked that hes not clearly out so were going to play the line out here,normal_play,0.0
1240,1244,going to play the line out here loads of big calls,normal_play,0.0
1242,1246,loads of big calls to see ill tell,normal_play,0.0
1244,1248,calls to see ill tell you when times off i dont want to keep,normal_play,0.0
1246,1250,tell you when times off i dont want to keep talking are we outside here,normal_play,0.0
1248,1252,keep talking are we outside here okay thank you,normal_play,0.0
1250,1254,here okay thank you guys,normal_play,0.0
1252,1256,you guys were outside,normal_play,0.0
1254,1258,were outside gregor townsend is,normal_play,0.0
1256,1260,gregor townsend is flabbergasted,normal_play,0.0
1258,1262,is flabbergasted hugo hugo keenan did appear to,normal_play,0.0
1260,1264,hugo hugo keenan did appear to stuttle over,lineout,0.313
1262,1266,to stuttle over the white line,lineout,0.313
1264,1268,over the white line the officials happy,lineout,0.313
1266,1270,the officials happy theres no clear evidence that he was in,lineout,0.313
1268,1272,theres no clear evidence that he was in touch,maul,0.2976
1270,1274,in touch okay stop once,maul,0.2976
1272,1276,okay stop once were 80 metres out,maul,0.2976
1274,1278,were 80 metres out the george turner has to break off on,maul,0.2976
1276,1280,the george turner has to break off on his own tagburn very good,normal_play,0.2408
1278,1282,on his own tagburn very good in those positions tagburn,normal_play,0.2408
1280,1284,good in those positions tagburn has pilfered it back through ireland,normal_play,0.2408
1282,1286,tagburn has pilfered it back through ireland and now the,normal_play,0.2408
1284,1288,and now the green machine can crank into,normal_play,0.0
1286,1290,the green machine can crank into gear again with bundy bundee aki,normal_play,0.0
1288,1292,into gear again with bundy bundee aki more carries more metres,normal_play,0.0
1290,1294,more carries more metres made than any player in this competition,normal_play,0.0
1292,1296,metres made than any player in this competition heading into round four,normal_play,0.3267
1294,1298,competition heading into round four funner,normal_play,0.3267
1296,1300,funner player,normal_play,0.3267
1298,1302,funner player,normal_play,0.3267
1300,1304,gibson puck sixth in assessing,normal_play,0.4032
1302,1306,gibson puck sixth in assessing his options lovely pass umanis,normal_play,0.4032
1304,1308,assessing his options lovely pass umanis galloping away gets it to,normal_play,0.4032
1306,1310,umanis galloping away gets it to hanson and hanson cant,normal_play,0.4032
1308,1312,to hanson and hanson cant hold on with the line,normal_play,0.4032
1310,1314,cant hold on with the line beckoning,normal_play,0.4032
1312,1316,line beckoning well the fairy,normal_play,0.0
1314,1318,well the fairy tale ending might have been written there on his,normal_play,0.0
1316,1320,fairy tale ending might have been written there on his hundredth cap umani was into space,normal_play,0.0
1318,1322,hundredth cap umani was into space,normal_play,0.0
1320,1324,space just spilled that,normal_play,0.0
1322,1326,just spilled that final pass,normal_play,0.0
1324,1328,that final pass good,normal_play,0.0
1326,1330,good footwork nice angle of run stepping inside,normal_play,0.0
1328,1332,good footwork nice angle of run stepping inside the defender that left arm frees,normal_play,0.0
1330,1334,inside the defender that left arm frees up the ball,normal_play,0.0
1332,1336,frees up the ball but hanson cant hold,normal_play,0.0
1334,1338,but hanson cant hold on these are big moments and,normal_play,0.0
1336,1340,hold on these are big moments and despite that shocking start in the first,normal_play,0.0
1338,1342,and despite that shocking start in the first minute by the scots,normal_play,0.0
1340,1344,first minute by the scots youve got to give them credit theyve hung on in absolute,normal_play,0.0
1342,1346,youve got to give them credit theyve hung on in absolute anguish for the irish they looked to put in,normal_play,0.0
1344,1348,absolute anguish for the irish they looked to put in their second try,normal_play,0.0
1346,1350,in their second try,normal_play,0.0
1348,1352,a real point of difference so far in,normal_play,0.0
1350,1354,a real point of difference so far in this first 20 minutes is how ireland really dont,normal_play,0.0
1352,1356,in this first 20 minutes is how ireland really dont accept that tackle theyre running through the,normal_play,0.0
1354,1358,dont accept that tackle theyre running through the contacts theyre keeping that ball alive which creates,normal_play,0.0
1356,1360,the contacts theyre keeping that ball alive which creates the quick ball it seems ireland,normal_play,0.0
1358,1362,creates the quick ball it seems ireland are doubling up on their tackle,normal_play,0.0
1360,1364,ireland are doubling up on their tackle and its proving very efficient in how theyre,normal_play,0.0
1362,1366,tackle and its proving very efficient in how theyre defending rob talk to us,normal_play,0.0
1364,1368,theyre defending rob talk to us about accepting the tackle what does that phrase mean,normal_play,0.0
1366,1370,about accepting the tackle what does that phrase mean to a rugby league person watching,normal_play,0.0
1368,1372,mean to a rugby league person watching at home its known as the ardis sarvaiya statistic,normal_play,0.0
1370,1374,at home its known as the ardis sarvaiya statistic how far you can run beyond that,normal_play,0.0
1372,1376,statistic how far you can run beyond that first point of contact those extra two three,normal_play,0.0
1374,1378,that first point of contact those extra two three metres really absorb more,normal_play,0.0
1376,1380,three metres really absorb more players in the defensive line and creates more space,normal_play,0.0
1378,1382,more players in the defensive line and creates more space,normal_play,0.0
1380,1384,space,normal_play,0.0
1382,1386,jamie ritchie is,normal_play,0.0
1384,1388,jamie ritchie is walking wounded right now the,normal_play,0.0
1386,1390,is walking wounded right now the miss scotlands win over romania up with a head,normal_play,0.0
1388,1392,the miss scotlands win over romania up with a head injury is now nursing,normal_play,0.0
1390,1394,head injury is now nursing what appears to be,normal_play,0.0
1392,1396,what appears to be a rather sore midriff and,normal_play,0.0
1394,1398,a rather sore midriff and matt fegerson is on in his stead,normal_play,0.0
1396,1400,matt fegerson is on in his stead and we may not see the scotland captain again,normal_play,0.0
1398,1402,and we may not see the scotland captain again this evening,normal_play,0.0
1400,1404,again this evening well not in the first 18 minutes he,normal_play,0.0
1402,1406,well not in the first 18 minutes he wanted to see the side down,normal_play,0.0
1404,1408,he wanted to see the side down such a great competitor,normal_play,0.0
1406,1410,down such a great competitor 80 appearances for,normal_play,0.0
1408,1412,competitor 80 appearances for edinburgh rugby,normal_play,0.0
1410,1414,for edinburgh rugby great that he was cleared all precautions,normal_play,0.0
1412,1416,great that he was cleared all precautions taken about a head injury that,normal_play,0.0
1414,1418,precautions taken about a head injury that last one was really good it doesnt look good there,normal_play,0.0
1416,1420,that last one was really good it doesnt look good there for the skipper well the,normal_play,0.0
1418,1422,there for the skipper well the word is jamie ritchies done its a permanent,normal_play,0.0
1420,1424,the word is jamie ritchies done its a permanent substitution,normal_play,0.0
1422,1426,permanent substitution and finn russell is the new scotland captain,normal_play,0.0
1424,1428,and finn russell is the new scotland captain,normal_play,0.0
1426,1430,captain,normal_play,0.0
1428,1432,so much rest in his unflustered,normal_play,0.0
1430,1434,so much rest in his unflustered unflappable,normal_play,0.0
1432,1436,unflustered unflappable shoulders,scrum,0.4877
1434,1438,unflappable shoulders look at those action,scrum,0.4877
1436,1440,look at those action areas 46,scrum,0.4877
1438,1442,areas 46 of this 19,scrum,0.4877
1440,1444,of this 19 minutes played inside the,scrum,0.4877
1442,1446,19 minutes played inside the irish 22 but,scrum,0.4877
1444,1448,the irish 22 but contrast that stat with the one in the top left corner,scrum,0.4877
1446,1450,contrast that stat with the one in the top left corner of your screen 5 points,scrum,0.4877
1448,1452,corner of your screen 5 points to nil,normal_play,0.4032
1450,1454,points to nil jack dempsey looks to make some,normal_play,0.4032
1452,1456,jack dempsey looks to make some meters for the scots,normal_play,0.4032
1454,1458,some meters for the scots and now the,normal_play,0.4032
1456,1460,and now the press can affect the clearance now,normal_play,0.4032
1458,1462,the press can affect the clearance now and she has keenened back,normal_play,0.4032
1460,1464,and she has keenened back and thats nicely done,normal_play,0.4032
1462,1466,and thats nicely done by scotland,normal_play,0.4032
1464,1468,done by scotland great energy from the scots dempsey doing,normal_play,0.4032
1466,1470,great energy from the scots dempsey doing what he needs to do from the back of the scrum,normal_play,0.4032
1468,1472,what he needs to do from the back of the scrum and the wee man in the nine jersey putting,normal_play,0.4032
1470,1474,scrum and the wee man in the nine jersey putting his left boot to it,normal_play,0.4032
1472,1476,putting his left boot to it absolute despair from the,normal_play,0.0
1474,1478,absolute despair from the skipper,normal_play,0.0
1476,1480,the skipper,normal_play,0.0
1478,1482,sometimes the picture doesnt take any worse,normal_play,0.0
1480,1484,sometimes the picture doesnt take any worse for some of these players,normal_play,0.0
1482,1486,for some of these players jamie ritchie included this,normal_play,0.0
1484,1488,players jamie ritchie included this will be the biggest game of their lives,normal_play,0.0
1486,1490,this will be the biggest game of their lives,normal_play,0.0
1488,1492,lives and its so cruel that the scotland,lineout,0.3208
1490,1494,and its so cruel that the scotland captain invalidated out of weston,lineout,0.3208
1492,1496,scotland captain invalidated out of weston porter gaughan clean,lineout,0.3208
1494,1498,weston porter gaughan clean ball for ireland johnny johnny sexton,lineout,0.3208
1496,1500,clean ball for ireland johnny johnny sexton introduces bundee aki and doris,normal_play,0.0
1498,1502,johnny sexton introduces bundee aki and doris to punch some holes in the first line,normal_play,0.0
1500,1504,doris to punch some holes in the first line of scottish defence,normal_play,0.4032
1502,1506,line of scottish defence gibson park mark hanson,normal_play,0.4032
1504,1508,gibson park mark hanson,normal_play,0.4032
1506,1510,hanson tap back by ireland so if,normal_play,0.4032
1508,1512,tap back by ireland so if under three or can play cailan,normal_play,0.0
1510,1514,under three or can play cailan doris much back in the,normal_play,0.0
1512,1516,cailan doris much back in the tackle,normal_play,0.4032
1514,1518,the tackle gibson park,normal_play,0.4032
1516,1520,gibson park he saw that olly smith was out of position,normal_play,0.4032
1518,1522,park he saw that olly smith was out of position marcy graham scuddies,normal_play,0.4032
1520,1524,position marcy graham scuddies back quickly enough,normal_play,0.4032
1522,1526,scuddies back quickly enough calls for the mark he appeared to be in his 22,normal_play,0.4032
1524,1528,calls for the mark he appeared to be in his 22 when he caught that ball and now hes watching swigert,normal_play,0.4032
1526,1530,22 when he caught that ball and now hes watching swigert the irish crowd on that far side,normal_play,0.4032
1528,1532,swigert the irish crowd on that far side of voicing their disapproval,normal_play,0.4032
1530,1534,side of voicing their disapproval and just to let you know whats,normal_play,0.4032
1532,1536,and just to let you know whats happened there because hes in his 22 metre,normal_play,0.0
1534,1538,whats happened there because hes in his 22 metre and i think he probably was just puts,normal_play,0.0
1536,1540,metre and i think he probably was just puts out the bad arm and hes allowed to mark the,normal_play,0.0
1538,1542,puts out the bad arm and hes allowed to mark the ball a fair catch if you will,normal_play,0.0
1540,1544,ball a fair catch if you will now hes been able to clear,normal_play,0.0
1542,1546,now hes been able to clear i think that ball was in touch there wont be a,normal_play,0.0
1544,1548,i think that ball was in touch there wont be a knock on there,normal_play,0.0
1546,1550,a knock on there,normal_play,0.0
1554,1558,a little bit closer than,normal_play,0.0
1556,1560,a little bit closer than i thought there maybe he was jumping back in,normal_play,0.0
1558,1562,than i thought there maybe he was jumping back in okay thank you good to go,normal_play,0.0
1560,1564,in okay thank you good to go the attrition rate of this,normal_play,0.0
1562,1566,go the attrition rate of this game,normal_play,0.0
1564,1568,this game hes quite substantial mark hanson the,normal_play,0.0
1566,1570,hes quite substantial mark hanson the latest to require some medical,normal_play,0.0
1568,1572,the latest to require some medical attention hes off for a head injury assessment,normal_play,0.0
1570,1574,medical attention hes off for a head injury assessment and on comes stuart mccloskey,normal_play,0.0
1572,1576,assessment and on comes stuart mccloskey who although,normal_play,0.0
1574,1578,mccloskey who although in unfortunate circumstances will savour his,normal_play,0.0
1576,1580,in unfortunate circumstances will savour his opportunity to compete at this,normal_play,0.0
1578,1582,his opportunity to compete at this stage having been,normal_play,0.0
1580,1584,this stage having been kicked out of this island back line by,normal_play,0.0
1582,1586,been kicked out of this island back line by just this year fully by talent,normal_play,0.0
1584,1588,by just this year fully by talent and andy farrell and joe schmin before him have had with,normal_play,0.0
1586,1590,and andy farrell and joe schmin before him have had with ringrose and bundee aki and robbie henshaw,normal_play,0.0
1588,1592,with ringrose and bundee aki and robbie henshaw whos injured tonight,normal_play,0.0
1590,1594,henshaw whos injured tonight and not playing big chance for mccloskey,normal_play,0.0
1592,1596,tonight and not playing big chance for mccloskey to make his mark,normal_play,0.0
1594,1598,mccloskey to make his mark and i think that is a big feature about any fairies,normal_play,0.0
1596,1600,and i think that is a big feature about any fairies team there is so much depth but quality,normal_play,0.0
1598,1602,fairies team there is so much depth but quality depth real depth players that can perform,normal_play,0.0
1600,1604,quality depth real depth players that can perform at this level that will rise to the,normal_play,0.0
1602,1606,perform at this level that will rise to the occasion i wont let the side down and,normal_play,0.0
1604,1608,the occasion i wont let the side down and you need that when youre the number one team in the world,normal_play,0.0
1606,1610,and you need that when youre the number one team in the world and youre trying to go further than the nearest teams ever,normal_play,0.0
1608,1612,world and youre trying to go further than the nearest teams ever gone before in a rugby world cup,lineout,0.2332
1610,1614,ever gone before in a rugby world cup,lineout,0.2332
1612,1616,uncontested,lineout,0.2332
1614,1618,uncontested,lineout,0.2332
1616,1620,uncontested thats a tackle,normal_play,0.0
1618,1622,thats a tackle,normal_play,0.0
1622,1626,news now,normal_play,0.3164
1624,1628,news now again give some part tests,normal_play,0.3164
1626,1630,again give some part tests the structures back three of the year,normal_play,0.3164
1628,1632,tests the structures back three of the year brock sigway cant take it,normal_play,0.0
1630,1634,brock sigway cant take it an island from jews,normal_play,0.0
1632,1636,it an island from jews squam or later here,normal_play,0.0
1634,1638,jews squam or later here,normal_play,0.0
1636,1640,well i,normal_play,0.0
1638,1642,well i see a green jerseys there,normal_play,0.0
1640,1644,i see a green jerseys there trying to get a darcy grahams head this unfortunate,normal_play,0.0
1642,1646,trying to get a darcy grahams head this unfortunate,normal_play,0.0
1644,1648,unfortunate doesnt quite time it right,normal_play,0.0
1646,1650,doesnt quite time it right theyre going to choose the line up,normal_play,0.0
1648,1652,theyre going to choose the line up are they irish,normal_play,0.0
1650,1654,are they irish its got full try,normal_play,0.0
1652,1656,its got full try okay come on in please up to,normal_play,0.0
1654,1658,okay come on in please up to five in the rugby world cup,normal_play,0.0
1656,1660,to five in the rugby world cup only being outstripped by damian cuno,lineout,0.1669
1658,1662,only being outstripped by damian cuno repeat with a little to the sword,lineout,0.1669
1660,1664,repeat with a little to the sword in new york last night for france,lineout,0.1669
1662,1666,sword in new york last night for france ireland are on the attack,lineout,0.1669
1664,1668,ireland are on the attack again mccloskeys first touch,normal_play,0.0
1666,1670,attack again mccloskeys first touch into bundy bundee aki,normal_play,0.0
1668,1672,touch into bundy bundee aki a meeting of muscle,normal_play,0.4032
1670,1674,a meeting of muscle in the middle finn russell with a good shot,normal_play,0.4032
1672,1676,muscle in the middle finn russell with a good shot sheehan he,normal_play,0.4032
1674,1678,shot sheehan he really is the prototype for the modern hooker,normal_play,0.4032
1676,1680,he really is the prototype for the modern hooker 6 foot 3,normal_play,0.0
1678,1682,hooker 6 foot 3 110 kilos but turned,normal_play,0.0
1680,1684,3 110 kilos but turned over and russell can,normal_play,0.4032
1682,1686,turned over and russell can push ireland back,normal_play,0.4032
1684,1688,can push ireland back debut looks for the 50 22,normal_play,0.4032
1686,1690,back debut looks for the 50 22 hugo keenan saves the,normal_play,0.4032
1688,1692,22 hugo keenan saves the day its great covering from hugo,normal_play,0.0
1690,1694,the day its great covering from hugo hugo keenan,normal_play,0.0
1692,1696,hugo hugo keenan he ran halfway across,normal_play,0.2277
1694,1698,he ran halfway across paris to get there,normal_play,0.2277
1696,1700,across paris to get there but thats a big moment for the scots and for,normal_play,0.2277
1698,1702,but thats a big moment for the scots and for gregor townshend what could,normal_play,0.2277
1700,1704,for gregor townshend what could have been had that kick rolled into touch of,normal_play,0.0
1702,1706,could have been had that kick rolled into touch of course with the 50 22 lock,normal_play,0.0
1704,1708,of course with the 50 22 lock kicking from one side your own,normal_play,0.0
1706,1710,lock kicking from one side your own half would have been scotland possession theyve still got possession,normal_play,0.0
1708,1712,half would have been scotland possession theyve still got possession but a bit further out see if,lineout,0.4541
1710,1714,possession but a bit further out see if they can build something here thank you ladies please number two,lineout,0.4541
1712,1716,they can build something here thank you ladies please number two theyre not messing around at line up,lineout,0.4541
1714,1718,theyre not messing around at line up time but ireland steal a second,lineout,0.4541
1716,1720,up time but ireland steal a second and the set piece of oars,normal_play,0.0
1718,1722,second and the set piece of oars the ghosts of so many,normal_play,0.0
1720,1724,oars the ghosts of so many matches in this fixture coming,normal_play,0.0
1722,1726,many matches in this fixture coming back to hot george turner and,normal_play,0.0
1724,1728,coming back to hot george turner and the scottish line out,normal_play,0.0858
1726,1730,and the scottish line out,normal_play,0.0858
1728,1732,okay use it now,normal_play,0.0858
1730,1734,okay use it now please nian,normal_play,0.0858
1732,1736,now please nian gibson park hoops it,normal_play,0.0
1734,1738,gibson park hoops it over the tower in richard ray,normal_play,0.0
1736,1740,it over the tower in richard ray ray him again catches that one cleanly,normal_play,0.4032
1738,1742,ray him again catches that one cleanly and a significant duress,normal_play,0.4032
1740,1744,cleanly and a significant duress,normal_play,0.4032
1742,1746,duress price has to squirt,normal_play,0.4032
1744,1748,price has to squirt around some heavy carriers at the base,normal_play,0.0
1746,1750,squirt around some heavy carriers at the base thuy pallottu looking up a bit for,normal_play,0.0
1748,1752,base thuy pallottu looking up a bit for scotland here thuy pallottu straightened,normal_play,0.4032
1750,1754,for scotland here thuy pallottu straightened and took the contact,normal_play,0.4032
1752,1756,straightened and took the contact russell again,normal_play,0.4032
1754,1758,russell again probing the corners,normal_play,0.4032
1756,1760,again probing the corners that one easily dealt with,normal_play,0.0
1758,1762,that one easily dealt with by jameson gibson park,normal_play,0.0
1760,1764,with by jameson gibson park james low is down injured on halfway,normal_play,0.4032
1762,1766,james low is down injured on halfway so ireland attacking with,normal_play,0.4032
1764,1768,so ireland attacking with 14 now defending with 14,normal_play,0.4032
1766,1770,with 14 now defending with 14 russell,normal_play,0.4032
1768,1772,14 russell sizing up his options,normal_play,0.0
1770,1774,russell sizing up his options this is a bit of space in behind gary ringrose,normal_play,0.0
1772,1776,this is a bit of space in behind gary ringrose cute footballing,normal_play,0.0
1774,1778,ringrose cute footballing work from gary ringrose,normal_play,0.0
1776,1780,footballing work from gary ringrose not bad with ball in hand either,normal_play,0.4032
1778,1782,not bad with ball in hand either and ali price,normal_play,0.4032
1780,1784,and ali price being harried by ringrose,normal_play,0.4032
1782,1786,price being harried by ringrose lashes it out,normal_play,0.4032
1784,1788,lashes it out and its a good yardage,normal_play,0.0
1786,1790,and its a good yardage game for the irish and can,normal_play,0.0
1788,1792,yardage game for the irish and can he play from gary ringrose,normal_play,0.4032
1790,1794,can he play from gary ringrose well there i say but again coming in there,normal_play,0.4032
1792,1796,well there i say but again coming in there managing the football the,normal_play,0.4032
1794,1798,there managing the football the odd shaped football in rugby world cups case,normal_play,0.4032
1796,1800,odd shaped football in rugby world cups case watch the touch of the left foot just traps,normal_play,0.0
1798,1802,case watch the touch of the left foot just traps the ball wow he,normal_play,0.0
1800,1804,traps the ball wow he knows what hes doing there absolute class,normal_play,0.0
1802,1806,he knows what hes doing there absolute class and then he gets the bounce come,normal_play,0.0
1804,1808,class and then he gets the bounce come back and play at the parc des princes for paris,normal_play,0.0
1806,1810,come back and play at the parc des princes for paris saint germain with skills like that,normal_play,0.0
1808,1812,saint germain with skills like that james,normal_play,0.0
1810,1814,james lows eyes being split,normal_play,0.0
1812,1816,james lows eyes being split just get to think from his own teammate,normal_play,0.0
1814,1818,split just get to think from his own teammate looks like maybe some friendly,normal_play,0.0
1816,1820,looks like maybe some friendly fire there but rob the atmosphere,normal_play,0.0
1818,1822,friendly fire there but rob the atmosphere here is still remarkable and youve got to,normal_play,0.0
1820,1824,atmosphere here is still remarkable and youve got to say after that start scotland will be,normal_play,0.0
1822,1826,to say after that start scotland will be happy to still be only five points down,normal_play,0.0
1824,1828,be happy to still be only five points down,normal_play,0.0
1826,1830,down the contests are all over,normal_play,0.0
1828,1832,the contests are all over the park this is a great one building,normal_play,0.0
1830,1834,over the park this is a great one building james low and darcy gray but the kicker battle,normal_play,0.0
1832,1836,james low and darcy gray but the kicker battle for me is whats exceptional finn russell,normal_play,0.0
1834,1838,battle for me is whats exceptional finn russell nearly spirals into the corner,normal_play,0.0
1836,1840,russell nearly spirals into the corner low just nursing,normal_play,0.0
1838,1842,low just nursing the eye from a straight finger ok guys well get,normal_play,0.0
1840,1844,nursing the eye from a straight finger ok guys well get going eh,normal_play,0.0
1842,1846,going eh battles everywhere,normal_play,0.0
1844,1848,battles everywhere youve got to feel for blair keighorn who will not be,normal_play,0.0
1846,1850,youve got to feel for blair keighorn who will not be taking part as failed as hia,normal_play,0.0
1848,1852,be taking part as failed as hia absolutely devastating on the sideline,normal_play,0.0
1850,1854,hia absolutely devastating on the sideline you,normal_play,0.0
1852,1856,sideline you can see the tears swelling in,normal_play,0.0
1854,1858,you can see the tears swelling in blair kinghorns eyes its his 50th cap,normal_play,0.0
1856,1860,in blair kinghorns eyes its his 50th cap but player welfare is paramount,normal_play,0.0
1858,1862,but player welfare is paramount any suspicion of concussion,normal_play,0.0
1860,1864,paramount any suspicion of concussion any symptom of concussion,normal_play,0.0
1862,1866,any symptom of concussion and the player plays no further part,normal_play,0.0
1864,1868,and the player plays no further part in the match just to fill you in,normal_play,0.0
1866,1870,in the match just to fill you in thats a process theyve gone in with an independent doctor,normal_play,0.0
1868,1872,thats a process theyve gone in with an independent doctor theyve set questions,normal_play,0.0
1870,1874,doctor theyve set questions they have standards they need to meet so,normal_play,0.0
1872,1876,they have standards they need to meet so theres no guessing in this,try,1.0
1874,1878,so theres no guessing in this and again its all about player welfare,try,1.0
1876,1880,and again its all about player welfare and richie as well will be,lineout,0.1985
1878,1882,and richie as well will be joining him so a readjust to scottish,lineout,0.1985
1880,1884,be joining him so a readjust to scottish side trying to get back into this match,lineout,0.1985
1882,1886,scottish side trying to get back into this match that could be crucial as well remember,lineout,0.1985
1884,1888,that could be crucial as well remember scotland only have two backs on the bench now theyve,try,1.0
1886,1890,remember scotland only have two backs on the bench now theyve got one olly smith is already on as,try,1.0
1888,1892,theyve got one olly smith is already on as ireland weave their,try,1.0
1890,1894,as ireland weave their attacking tapestry and bundee aki,try,1.0
1892,1896,their attacking tapestry and bundee aki frees the hands heres an opportunity,try,1.0
1894,1898,bundee aki frees the hands heres an opportunity its hugo hugo keenan,try,1.0
1896,1900,opportunity its hugo hugo keenan,try,1.0
1898,1902,hugo keenan,try,1.0
1902,1906,ireland cleaves,normal_play,0.0
1904,1908,ireland cleaves scotland to ribbons,normal_play,0.0
1906,1910,cleaves scotland to ribbons,normal_play,0.0
1908,1912,ribbons hugo hugo keenan sears home of,normal_play,0.0
1910,1914,hugo hugo keenan sears home of the corner,normal_play,0.0
1912,1916,of the corner and scotland to the mountain of,normal_play,0.0
1914,1918,and scotland to the mountain of himalayan proportions to,normal_play,0.0
1916,1920,of himalayan proportions to scale now,normal_play,0.0
1918,1922,scale now first phase attacking brilliance,normal_play,0.0
1920,1924,first phase attacking brilliance from the number one team in the world,normal_play,0.0
1922,1926,brilliance from the number one team in the world ball out the back short,normal_play,0.0
1924,1928,ball out the back short ball but the hands are free so that keeps it,normal_play,0.0
1926,1930,short ball but the hands are free so that keeps it alive and again the offload,normal_play,0.0
1928,1932,it alive and again the offload hugo keenan gets the try but,normal_play,0.0
1930,1934,hugo keenan gets the try but what execution from the irish back,normal_play,0.0
1932,1936,but what execution from the irish back line perfection,normal_play,0.0
1934,1938,back line perfection,normal_play,0.0
1936,1940,perfection,normal_play,0.0
1942,1946,hugo hugo keenan one,normal_play,0.0
1944,1948,hugo hugo keenan one of the best full backs anywhere in,normal_play,0.0
1946,1950,one of the best full backs anywhere in the world rugby he wasnt,normal_play,0.0
1948,1952,in the world rugby he wasnt picked up by the leinster province at academy,normal_play,0.0
1950,1954,wasnt picked up by the leinster province at academy level they didnt offer him,normal_play,0.0
1952,1956,academy level they didnt offer him a contract he hired his,goal_kick,0.8688
1954,1958,him a contract he hired his own sprint coach he worked,goal_kick,0.8688
1956,1960,his own sprint coach he worked like a beast on the field and the parrots,goal_kick,0.8688
1958,1962,worked like a beast on the field and the parrots of home and now he,goal_kick,0.8688
1960,1964,parrots of home and now he is a world cup try scorer again,goal_kick,0.8688
1962,1966,he is a world cup try scorer again,goal_kick,0.8688
1968,1972,johnny sexton from wide on the left once,goal_kick,0.8349
1970,1974,johnny sexton from wide on the left once more,goal_kick,0.8349
1972,1976,once more,goal_kick,0.611
1978,1982,this one sails,goal_kick,0.8349
1980,1984,this one sails down the middle,goal_kick,0.8349
1982,1986,sails down the middle and in a game scotland,goal_kick,0.8349
1984,1988,and in a game scotland had to win by eight points,normal_play,0.0
1986,1990,scotland had to win by eight points they trail 12 0,normal_play,0.0
1988,1992,they trail 12 0 great wind and,normal_play,0.0
1990,1994,0 great wind and watch johnny sexton hes going to get the ball back again,normal_play,0.0
1992,1996,and watch johnny sexton hes going to get the ball back again he handles twice the,normal_play,0.0
1994,1998,he handles twice the team scores bundee aki doing his job,normal_play,0.0
1996,2000,the team scores bundee aki doing his job probably the most impactful,normal_play,0.0
1998,2002,probably the most impactful player in this whole world cup,normal_play,0.0
2000,2004,impactful player in this whole world cup and hugo keenan the forward the former seventh player gets,normal_play,0.0
2002,2006,and hugo keenan the forward the former seventh player gets the reward in the far corner,normal_play,0.0
2004,2008,gets the reward in the far corner,normal_play,0.0
2008,2012,ireland have a firm grip,kick_off,0.5159
2010,2014,ireland have a firm grip on this match and an even firmer,kick_off,0.5159
2012,2016,grip on this match and an even firmer one on top spots in,kick_off,0.5159
2014,2018,firmer one on top spots in rugby world cup pool b,kick_off,0.5159
2016,2020,in rugby world cup pool b which would set up a mouth watering,normal_play,0.4032
2018,2022,which would set up a mouth watering quarterfinal against the all blacks,normal_play,0.4032
2020,2024,watering quarterfinal against the all blacks ollie,normal_play,0.4032
2022,2026,blacks ollie smith,normal_play,0.4032
2024,2028,ollie smith scotland have time but they have fired so few,normal_play,0.4032
2026,2030,scotland have time but they have fired so few meaningful shots at this irish defence,normal_play,0.4032
2028,2032,few meaningful shots at this irish defence as yet did that go,normal_play,0.3642
2030,2034,defence as yet did that go forwards no,normal_play,0.3642
2032,2036,go forwards no it didnt say the referees,normal_play,0.3642
2034,2038,no it didnt say the referees xander fegerson,normal_play,0.3642
2036,2040,xander fegerson flung onto by tye burn,normal_play,0.4032
2038,2042,flung onto by tye burn,normal_play,0.4032
2040,2044,pitching rate,normal_play,0.2446
2042,2046,pitching rate,normal_play,0.2446
2044,2048,his father tuifohe,normal_play,0.2446
2046,2050,his father tuifohe will be watching back in melbourne with,normal_play,0.2446
2048,2052,tuifohe will be watching back in melbourne with his little brother tavi,normal_play,0.0
2050,2054,with his little brother tavi proud rugby family the tuipulotus,normal_play,0.0
2052,2056,proud rugby family the tuipulotus his brother mosece with the warrataz,normal_play,0.2899
2054,2058,his brother mosece with the warrataz in australia russell inside,normal_play,0.2899
2056,2060,warrataz in australia russell inside too for the melbourne ireland,normal_play,0.2899
2058,2062,inside too for the melbourne ireland hold him up van den erven manages to,normal_play,0.2899
2060,2064,ireland hold him up van den erven manages to free a big arm and hit russell,normal_play,0.4032
2062,2066,to free a big arm and hit russell jones what a tackle bundy,normal_play,0.4032
2064,2068,russell jones what a tackle bundy bundee aki jones clears,normal_play,0.4032
2066,2070,bundy bundee aki jones clears it away in the nick of time,normal_play,0.4032
2068,2072,clears it away in the nick of time schumann the men outside,normal_play,0.4032
2070,2074,time schumann the men outside him schumann takes the more industrial,normal_play,0.4032
2072,2076,outside him schumann takes the more industrial approach,normal_play,0.0
2074,2078,industrial approach russell gail crist,normal_play,0.0
2076,2080,russell gail crist dips his enormous shoulders,normal_play,0.3152
2078,2082,crist dips his enormous shoulders into keelan doris,normal_play,0.3152
2080,2084,shoulders into keelan doris again scotland building phases,normal_play,0.3152
2082,2086,doris again scotland building phases and pressure but once more,normal_play,0.3152
2084,2088,phases and pressure but once more this fabulous ireland defence holding,normal_play,0.2622
2086,2090,this fabulous ireland defence holding firm,normal_play,0.2622
2088,2092,holding firm side ball jones,normal_play,0.0
2090,2094,side ball jones again marauding ireland over,normal_play,0.0
2092,2096,again marauding ireland over the ball ireland win the penalty,penalty,0.4581
2094,2098,over the ball ireland win the penalty,penalty,0.4581
2096,2100,penalty,penalty,0.4581
2098,2102,look at andrew porter,penalty,0.4581
2100,2104,look at andrew porter,normal_play,0.0
2102,2106,120 kilo boulder,normal_play,0.0
2104,2108,120 kilo boulder wedging himself over that,normal_play,0.0
2106,2110,wedging himself over that ball gareth rees,normal_play,0.0
2108,2112,that ball gareth rees how do you move this man,normal_play,0.0
2110,2114,rees how do you move this man well fantastic tackle,normal_play,0.0
2112,2116,well fantastic tackle and look what it means to him,normal_play,0.0
2114,2118,tackle and look what it means to him this is what team defence,normal_play,0.0
2116,2120,him this is what team defence is all about doing your job and when the,normal_play,0.0
2118,2122,defence is all about doing your job and when the opportunity presents as it did there because,normal_play,0.0
2120,2124,the opportunity presents as it did there because the scottish player was isolated,normal_play,0.0
2122,2126,because the scottish player was isolated you do your work you win the penalty and,normal_play,0.0
2124,2128,you do your work you win the penalty and the team advances down the field,normal_play,0.0
2126,2130,and the team advances down the field through the right boot of your captain,normal_play,0.0
2128,2132,through the right boot of your captain,normal_play,0.1342
2130,2134,captain,normal_play,0.1342
2132,2136,ireland winning every battle that,normal_play,0.1342
2134,2138,ireland winning every battle that matters,normal_play,0.1342
2136,2140,that matters jamie we,normal_play,0.0
2138,2142,jamie we talked about it rob be interesting to see if you picked up,normal_play,0.0
2140,2144,we talked about it rob be interesting to see if you picked up any vibes down there but the problem with,normal_play,0.0
2142,2146,up any vibes down there but the problem with being down two scores is that scotland now have to,normal_play,0.0
2144,2148,with being down two scores is that scotland now have to actually start to chase the game,normal_play,0.0
2146,2150,to actually start to chase the game and get out of their own game plan,normal_play,0.0
2148,2152,and get out of their own game plan they know they need at least a score in this,normal_play,0.0
2150,2154,they know they need at least a score in this half,normal_play,0.0
2152,2156,this half and ireland are supremely good at maintaining,normal_play,0.0
2154,2158,and ireland are supremely good at maintaining the lead they dont often give it up,normal_play,0.0
2156,2160,maintaining the lead they dont often give it up thats their stronghold thats what they look to,normal_play,0.0
2158,2162,thats their stronghold thats what they look to do it just looks as though theyre playing with a different level,normal_play,0.0
2160,2164,to do it just looks as though theyre playing with a different level of intensity both with and without the ball,normal_play,0.0
2162,2166,level of intensity both with and without the ball at the moment,normal_play,0.0
2164,2168,ball at the moment,lineout,0.3568
2166,2170,once more,lineout,0.3568
2168,2172,once more peter omahony the centurion claims the,lineout,0.3568
2170,2174,more peter omahony the centurion claims the ball and sheehan hes lifted,lineout,0.3568
2172,2176,the ball and sheehan hes lifted up by george turner bit,normal_play,0.0
2174,2178,lifted up by george turner bit of hooker on hooker teta tet,normal_play,0.0
2176,2180,bit of hooker on hooker teta tet and now three fours,normal_play,0.1448
2178,2182,tet and now three fours just here fours just here just open,normal_play,0.1448
2180,2184,just here fours just here just open up if you can thank you just keep your eye on that,normal_play,0.1448
2182,2186,open up if you can thank you just keep your eye on that gibson park has,normal_play,0.1448
2184,2188,gibson park has just been dicked out from the,normal_play,0.0
2186,2190,has just been dicked out from the mighty fame of xander faberson,normal_play,0.0
2188,2192,mighty fame of xander faberson ireland change direction gibson,normal_play,0.4032
2190,2194,ireland change direction gibson park for stuart mccloskey,normal_play,0.4032
2192,2196,gibson park for stuart mccloskey who takes some stopping hes a,normal_play,0.4032
2194,2198,mccloskey who takes some stopping hes a huge man gibson park the one two,normal_play,0.4032
2196,2200,a huge man gibson park the one two is johnny sexton and the irish,normal_play,0.0
2198,2202,two is johnny sexton and the irish sprite the pace,normal_play,0.0
2200,2204,irish sprite the pace setter moves ireland,normal_play,0.3499
2202,2206,pace setter moves ireland deeper and deeper into the,normal_play,0.3499
2204,2208,deeper and deeper into the scottish 22 stay,normal_play,0.3499
2206,2210,the scottish 22 stay third,normal_play,0.3499
2208,2212,third try for ireland could be terminal for the scots,normal_play,0.4032
2210,2214,third try for ireland could be terminal for the scots even at this stage in proceedings,normal_play,0.4032
2212,2216,scots even at this stage in proceedings,normal_play,0.31
2214,2218,gibson park away kaig byrne,normal_play,0.31
2216,2220,gibson park away kaig byrne the munsterman caught on,normal_play,0.31
2218,2222,byrne the munsterman caught on the five meter line,normal_play,0.31
2220,2224,on the five meter line gibson park kaelan doris,normal_play,0.0
2222,2226,gibson park kaelan doris theyve got an overlap down the left,normal_play,0.0
2224,2228,doris theyve got an overlap down the left shuman holds up doris,normal_play,0.4032
2226,2230,shuman holds up doris then has to let him go,normal_play,0.4032
2228,2232,doris then has to let him go ireland so,normal_play,0.4032
2230,2234,ireland so close to an all important,normal_play,0.4032
2232,2236,so close to an all important third score,try,1.0
2234,2238,important third score irish fruit wedged,try,1.0
2236,2240,irish fruit wedged on scottish throats gibson,normal_play,0.3023
2238,2242,wedged on scottish throats gibson park dummies of darts,normal_play,0.3023
2240,2244,gibson park dummies of darts caught to short,normal_play,0.3023
2242,2246,caught to short ireland has the penalty advantage,normal_play,0.3023
2244,2248,ireland has the penalty advantage ireland,try,0.7663
2246,2250,advantage ireland can smell scottish blood,try,0.7663
2248,2252,ireland can smell scottish blood and theyre in again,try,0.7663
2250,2254,blood and theyre in again,try,0.7663
2252,2256,again,try,1.0
2254,2258,this is emerald,try,1.0
2256,2260,this is emerald supremacy,normal_play,0.0
2258,2262,emerald supremacy and,normal_play,0.0
2260,2264,and its ian henderson,normal_play,0.0
2262,2266,and its ian henderson who butters through,normal_play,0.0
2264,2268,who butters through this,normal_play,0.0
2266,2270,through this faltering failing scottish defence,normal_play,0.0
2268,2272,this faltering failing scottish defence and theyre almost out of,normal_play,0.0
2270,2274,defence and theyre almost out of sight,normal_play,0.0
2272,2276,of sight well the man with two world cups under his,normal_play,0.0
2274,2278,well the man with two world cups under his belt gets the try in the end but to,normal_play,0.0
2276,2280,his belt gets the try in the end but to a man every green jersey is firing,normal_play,0.0
2278,2282,to a man every green jersey is firing into rocks recognise,normal_play,0.0
2280,2284,firing into rocks recognise the need look the scrimmage gets isolated and the,normal_play,0.0
2282,2286,recognise the need look the scrimmage gets isolated and the boys are piling in,normal_play,0.0
2284,2288,the boys are piling in making sure they can win that rock,normal_play,0.0
2286,2290,making sure they can win that rock unselfish play then it comes,normal_play,0.0
2288,2292,unselfish play then it comes to henderson,goal_kick,0.8688
2290,2294,comes to henderson just real intensity being applied,goal_kick,0.8688
2292,2296,just real intensity being applied at all the right moments by the irish,goal_kick,0.8688
2294,2298,applied at all the right moments by the irish,goal_kick,0.8688
2296,2300,irish,goal_kick,0.8688
2298,2302,ireland score 22 points against,goal_kick,0.8688
2300,2304,ireland score 22 points against scotland in march theyre almost,goal_kick,0.8688
2302,2306,against scotland in march theyre almost up to that tally,goal_kick,0.8688
2304,2308,almost up to that tally its seven and a half minutes of,goal_kick,0.7178
2306,2310,its seven and a half minutes of this first 40 left,goal_kick,0.7178
2308,2312,of this first 40 left,goal_kick,0.7178
2318,2322,johnny sexton slots the,normal_play,0.0
2320,2324,johnny sexton slots the extras and ireland,normal_play,0.0
2322,2326,the extras and ireland can practically chase the quarter,normal_play,0.0
2324,2328,ireland can practically chase the quarter finals well,normal_play,0.0
2326,2330,finals well for me its when gibson park has a go at the,normal_play,0.0
2328,2332,well for me its when gibson park has a go at the line the boys get there henderson,normal_play,0.0
2330,2334,the line the boys get there henderson wisely ducks under the scottish tackle,normal_play,0.0
2332,2336,henderson wisely ducks under the scottish tackle and reaches out and so much,normal_play,0.0
2334,2338,tackle and reaches out and so much to cheer about for these fans the first,normal_play,0.0
2336,2340,much to cheer about for these fans the first 30 minutes here,normal_play,0.0
2338,2342,first 30 minutes here,normal_play,0.0
2340,2344,brilliant shots coming,normal_play,0.0
2342,2346,brilliant shots coming in from our many many talented camera,normal_play,0.0
2344,2348,coming in from our many many talented camera operators around the ground capturing,kick_off,0.4228
2346,2350,camera operators around the ground capturing the emotion the contrast,kick_off,0.4228
2348,2352,capturing the emotion the contrast irish arms in the air,kick_off,0.4228
2350,2354,irish arms in the air scottish backsides glued to the seats,kick_off,0.4228
2352,2356,scottish backsides glued to the seats,normal_play,0.0
2354,2358,seats johnny sexton,normal_play,0.0
2356,2360,johnny sexton carr will away,normal_play,0.4032
2358,2362,johnny sexton carr will away finn russell,normal_play,0.4032
2360,2364,finn russell wants to play,normal_play,0.4032
2362,2366,russell wants to play scotland already need a miracle,normal_play,0.4032
2364,2368,scotland already need a miracle oliver smith,normal_play,0.0
2366,2370,miracle oliver smith stepping through the,normal_play,0.0
2368,2372,smith stepping through the middle,normal_play,0.0
2370,2374,the middle,normal_play,0.0
2372,2376,shuman call,normal_play,0.0
2374,2378,shuman call him the sheriff of the scottish caps hes in,normal_play,0.0
2376,2380,call him the sheriff of the scottish caps hes in charge of dishing out the punishments and the fines for,normal_play,0.3673
2378,2382,in charge of dishing out the punishments and the fines for late missings wearing the,normal_play,0.3673
2380,2384,for late missings wearing the wrong kit tackle down,normal_play,0.3673
2382,2386,the wrong kit tackle down matt faberson,normal_play,0.3673
2384,2388,down matt faberson running down a blind alley,normal_play,0.0
2386,2390,faberson running down a blind alley try to find a chink of light but,normal_play,0.0
2388,2392,try to find a chink of light but all scotland are facing is,normal_play,0.2246
2390,2394,but all scotland are facing is green,normal_play,0.2246
2392,2396,is green,normal_play,0.2246
2394,2398,releasing through the two steps,normal_play,0.2246
2396,2400,releasing through the two steps and then cant,normal_play,0.0
2398,2402,steps and then cant find hugh jones but try,normal_play,0.0
2400,2404,cant find hugh jones but try of obstruction from ireland what you,normal_play,0.2656
2402,2406,try of obstruction from ireland what you did by nick berry,normal_play,0.2656
2404,2408,you did by nick berry richie gray the glasgow lighthouse,normal_play,0.2656
2406,2410,richie gray the glasgow lighthouse neck roll blue,normal_play,0.2656
2408,2412,neck roll blue seven neck roll blue seven well have a penalty,penalty,0.3271
2410,2414,blue seven neck roll blue seven well have a penalty here because,penalty,0.3271
2412,2416,penalty here because lory darge with the illegal,penalty,0.3271
2414,2418,lory darge with the illegal clearance,penalty,0.3271
2416,2420,illegal clearance is it neck roll by blue,normal_play,0.0
2418,2422,is it neck roll by blue seven,normal_play,0.0
2420,2424,blue seven at a previous rock,normal_play,0.0
2422,2426,at a previous rock that was the voice of brett,normal_play,0.0
2424,2428,that was the voice of brett cronin the australian television match,normal_play,0.0
2426,2430,brett cronin the australian television match official who came in not only to your broadcast,normal_play,0.0
2428,2432,match official who came in not only to your broadcast here but also to referee,normal_play,0.0
2430,2434,broadcast here but also to referee nick berry letting you know there was a,normal_play,0.0
2432,2436,referee nick berry letting you know there was a neck roll which is a clean out technique,normal_play,0.0
2434,2438,a neck roll which is a clean out technique thats no longer allowed to the scots in,normal_play,0.0
2436,2440,thats no longer allowed to the scots in trying to secure possession,normal_play,0.0
2438,2442,in trying to secure possession just roll here and see if we got,normal_play,0.0
2440,2444,just roll here and see if we got it from our queue yeah there it is you cant,normal_play,0.0
2442,2446,got it from our queue yeah there it is you cant pull from the,normal_play,0.0
2444,2448,cant pull from the shoulder and i think its andrew porter again,normal_play,0.0
2446,2450,the shoulder and i think its andrew porter again being the pest in there,normal_play,0.0
2448,2452,again being the pest in there getting rolled out,normal_play,0.0
2450,2454,there getting rolled out hes had a big first half,normal_play,0.0
2452,2456,hes had a big first half well that answers our question how do you,normal_play,0.0
2454,2458,well that answers our question how do you shift andrew porter you have to do it illegally,normal_play,0.0
2456,2460,you shift andrew porter you have to do it illegally sometimes thats a,normal_play,0.0
2458,2462,illegally sometimes thats a good spot by brett cronin our television,normal_play,0.0
2460,2464,a good spot by brett cronin our television match official he does perform,normal_play,0.2715
2462,2466,television match official he does perform that roll hell feed in little bits of,normal_play,0.2715
2464,2468,perform that roll hell feed in little bits of insight and information to nick berry anything that,normal_play,0.2715
2466,2470,of insight and information to nick berry anything that the officials on the pitch or running,normal_play,0.2715
2468,2472,that the officials on the pitch or running the touchline havent seen,normal_play,0.0
2470,2474,running the touchline havent seen,normal_play,0.0
2474,2478,what will gregor townsend be thinking,lineout,0.2017
2476,2480,what will gregor townsend be thinking hes got to somehow rouse,lineout,0.2017
2478,2482,thinking hes got to somehow rouse his troops at half time,lineout,0.2017
2480,2484,rouse his troops at half time into some kind of revival,lineout,0.2017
2482,2486,time into some kind of revival things could,lineout,0.2017
2484,2488,things could yet get worse,maul,0.4379
2486,2490,could yet get worse,maul,0.4379
2488,2492,still,maul,0.4379
2490,2494,still going forward still the same old,maul,0.4379
2492,2496,still going forward still the same old still the same old,maul,0.5137
2494,2498,old still the same old deliberately,maul,0.5137
2496,2500,deliberately painfully,maul,0.4753
2498,2502,painfully marching scotland backwards and,maul,0.4753
2500,2504,marching scotland backwards and backwards again theyve got a,normal_play,0.0
2502,2506,and backwards again theyve got a penalty advantage as well,normal_play,0.0
2504,2508,a penalty advantage as well dan sheehan breaks off hits gibson park,normal_play,0.0
2506,2510,dan sheehan breaks off hits gibson park this is,normal_play,0.0
2508,2512,park this is a relentless irish attack van,normal_play,0.349
2510,2514,is a relentless irish attack van der vleer porter on,normal_play,0.349
2512,2516,van der vleer porter on the line on the line,normal_play,0.349
2514,2518,on the line on the line ireland come again,normal_play,0.349
2516,2520,ireland come again ireland always come again,penalty,0.6128
2518,2522,again ireland always come again too blue,penalty,0.6128
2520,2524,again too blue its the same old george,penalty,0.6128
2522,2526,its the same old george turners mall infringement,penalty,0.6128
2524,2528,george turners mall infringement well give him another shot,normal_play,0.0
2526,2530,well give him another shot its the same old,normal_play,0.0
2528,2532,its the same old thats what i saw,normal_play,0.0
2530,2534,thats what i saw im not going to have an argument about it,normal_play,0.0
2532,2536,saw im not going to have an argument about it five penalty now conceded by the scots,normal_play,0.0
2534,2538,it five penalty now conceded by the scots,normal_play,0.0
2536,2540,scots yeah i,normal_play,0.0
2538,2542,yeah i didnt see it like that i think id better be,normal_play,0.0
2540,2544,i didnt see it like that i think id better be able to walk off i didnt see it like that,normal_play,0.0
2542,2546,be able to walk off i didnt see it like that so difference of opinion there,normal_play,0.0
2544,2548,that so difference of opinion there finn russell acting as the captain,normal_play,0.0
2546,2550,there finn russell acting as the captain a lone voice to be able to,normal_play,0.0
2548,2552,a lone voice to be able to have a discussion with nick berry are you tapping,normal_play,0.0
2550,2554,to have a discussion with nick berry are you tapping are you okay guys you ready,normal_play,0.0
2552,2556,tapping are you okay guys you ready theyre not getting attached,normal_play,0.1354
2554,2558,ready theyre not getting attached so keep your eyes open easy ten theyre,normal_play,0.1354
2556,2560,attached so keep your eyes open easy ten theyre fine,normal_play,0.1354
2558,2562,theyre fine irish pack throw down,normal_play,0.1354
2560,2564,irish pack throw down the gauntlets dan sheehan,normal_play,0.4032
2562,2566,down the gauntlets dan sheehan toxin trundles,normal_play,0.4032
2564,2568,sheehan toxin trundles porter change of direction nick,normal_play,0.4032
2566,2570,trundles porter change of direction nick berry has run the,normal_play,0.4032
2568,2572,nick berry has run the most convincing of wlis,normal_play,0.4032
2570,2574,the most convincing of wlis nick,normal_play,0.4032
2572,2576,nick youve ruined it i wouldnt say that,normal_play,0.0
2574,2578,youve ruined it i wouldnt say that,normal_play,0.0
2576,2580,come on a former professional,normal_play,0.0
2578,2582,come on a former professional strongman youve got to anticipate,normal_play,0.0
2580,2584,strongman youve got to anticipate that pass mr berry,normal_play,0.0
2582,2586,anticipate that pass mr berry well thats how good the deception was five,normal_play,0.0
2584,2588,well thats how good the deception was five of them on the move and berrys the only,normal_play,0.0
2586,2590,five of them on the move and berrys the only one who could stop them that is pretty,normal_play,0.0
2588,2592,only one who could stop them that is pretty much a try,normal_play,0.0
2590,2594,pretty much a try,normal_play,0.0
2592,2596,well the irony of this from a scottish point of,normal_play,0.0
2594,2598,well the irony of this from a scottish point of view is that nick berry has made the most telling choice try,normal_play,0.0
2596,2600,view is that nick berry has made the most telling choice try saving intervention,normal_play,0.0
2598,2602,saving intervention theyre looking good,normal_play,0.0
2600,2604,theyre looking good there but jamie how about the diversity,normal_play,0.0
2602,2606,good there but jamie how about the diversity of threats this team holds theyve,normal_play,0.0
2604,2608,diversity of threats this team holds theyve done it through driving line out there off a set piece move,normal_play,0.0
2606,2610,done it through driving line out there off a set piece move the backs have carved open an open,normal_play,0.0
2608,2612,move the backs have carved open an open play and off set piece this,scrum,0.415
2610,2614,open play and off set piece this has been fairly comprehensive with,scrum,0.415
2612,2616,this has been fairly comprehensive with two and a half minutes to go,scrum,0.415
2614,2618,with two and a half minutes to go theyve pretty much done it in every way,scrum,0.415
2616,2620,theyve pretty much done it in every way possible,scrum,0.415
2618,2622,way possible,scrum,0.415
2622,2626,and the sway of the green my,normal_play,0.0
2624,2628,and the sway of the green my advantage,normal_play,0.0
2626,2630,my advantage,normal_play,0.0
2628,2632,scotland in the fringe again second,normal_play,0.0
2630,2634,scotland in the fringe again second scrum penalty conceded by scotland,normal_play,0.0
2632,2636,second scrum penalty conceded by scotland walking round blue six penalty,normal_play,0.0
2634,2638,walking round blue six penalty in total yeah,normal_play,0.0
2636,2640,penalty in total yeah and they deemed that they were walking around scotland cant,normal_play,0.0
2638,2642,yeah and they deemed that they were walking around scotland cant pull that scrum around to the,normal_play,0.0
2640,2644,cant pull that scrum around to the side,normal_play,0.0
2642,2646,the side see as the scrum sits,normal_play,0.0
2644,2648,see as the scrum sits here great shot from the cable cam,normal_play,0.0
2646,2650,sits here great shot from the cable cam as they walk it around,normal_play,0.0
2648,2652,as they walk it around and pull it around to the referee now,normal_play,0.0
2650,2654,around and pull it around to the referee now gibson park try to keep it alive playing,normal_play,0.0
2652,2656,now gibson park try to keep it alive playing advantage theyre,normal_play,0.0
2654,2658,playing advantage theyre going again,normal_play,0.0
2656,2660,theyre going again ireland assemble,normal_play,0.2921
2658,2662,ireland assemble their monsters for another,normal_play,0.2921
2660,2664,assemble their monsters for another mighty raid on the scottish,normal_play,0.2921
2662,2666,another mighty raid on the scottish line,normal_play,0.2921
2664,2668,scottish line porter feeds it out,normal_play,0.4032
2666,2670,porter feeds it out sword on the line ireland inches,normal_play,0.4032
2668,2672,sword on the line ireland inches away from a bonus point try,normal_play,0.2535
2670,2674,inches away from a bonus point try my advantage,normal_play,0.2535
2672,2676,try my advantage blue offside scotland offside,normal_play,0.2535
2674,2678,advantage blue offside scotland offside ireland have the penalty should they need it,normal_play,0.2535
2676,2680,offside ireland have the penalty should they need it johnny sexton flings it,try,1.0
2678,2682,it johnny sexton flings it wide hugo keenans away can he,try,1.0
2680,2684,it wide hugo keenans away can he catch him no he cant,try,1.0
2682,2686,he catch him no he cant,try,1.0
2684,2688,cant,try,1.0
2688,2692,ireland are searing towards,normal_play,0.0
2690,2694,ireland are searing towards the milk out rounds,normal_play,0.0
2692,2696,towards the milk out rounds this is,normal_play,0.0
2694,2698,this is a first half annihilation,normal_play,0.0
2696,2700,is a first half annihilation by the many,normal_play,0.0
2698,2702,annihilation by the many green,normal_play,0.0
2700,2704,many green,normal_play,0.0
2702,2706,wow they hit,normal_play,0.0
2704,2708,wow they hit away at the line they ship it wide,normal_play,0.0
2706,2710,away at the line they ship it wide johnny sexton a little bit of,normal_play,0.0
2708,2712,wide johnny sexton a little bit of hesitation but great take from hugo keenan,normal_play,0.0
2710,2714,of hesitation but great take from hugo keenan maybe some question whether he got it,normal_play,0.0
2712,2716,hugo keenan maybe some question whether he got it down johnny sexton realize he was,normal_play,0.0
2714,2718,it down johnny sexton realize he was unmarked,normal_play,0.0
2716,2720,was unmarked good finish here getting his body,normal_play,0.0
2718,2722,good finish here getting his body low does he get the ball down he bounces once,normal_play,0.0
2720,2724,body low does he get the ball down he bounces once going,normal_play,0.0
2722,2726,once going to be interesting i wonder if the television match official may,normal_play,0.0
2724,2728,to be interesting i wonder if the television match official may have a second look there,normal_play,0.0
2726,2730,may have a second look there looks like hugo keenan had just slid,normal_play,0.0
2728,2732,there looks like hugo keenan had just slid over and,normal_play,0.0
2730,2734,slid over and got the ball to the line,normal_play,0.0
2732,2736,and got the ball to the line ireland with,normal_play,0.0
2734,2738,line ireland with the bonus point,normal_play,0.0
2736,2740,with the bonus point try that means scotland,normal_play,0.0
2738,2742,point try that means scotland too,normal_play,0.0
2740,2744,scotland too try all,normal_play,0.0
2742,2746,too try all clear,normal_play,0.0
2744,2748,all clear that seems,normal_play,0.0
2746,2750,that seems very very fatiful right now,normal_play,0.0
2748,2752,seems very very fatiful right now game clock has got 39,normal_play,0.0
2750,2754,now game clock has got 39 40 to go,normal_play,0.0
2752,2756,39 40 to go its 39 40 gone ireland with the bonus,goal_kick,0.8688
2754,2758,its 39 40 gone ireland with the bonus,goal_kick,0.8688
2756,2760,bonus,goal_kick,0.8688
2758,2762,bonus,goal_kick,0.8688
2760,2764,bonus point 2016 wipes,goal_kick,0.862
2762,2766,bonus point 2016 wipes the sweat from his brow,goal_kick,0.862
2764,2768,wipes the sweat from his brow,goal_kick,0.6621
2766,2770,takes all of his 60 seconds,goal_kick,0.6621
2768,2772,takes all of his 60 seconds hes kicked it before the clock is,goal_kick,0.6621
2770,2774,seconds hes kicked it before the clock is up,goal_kick,0.6621
2772,2776,is up and rattles it between the posts,goal_kick,0.862
2774,2778,and rattles it between the posts ireland 26,goal_kick,0.862
2776,2780,ireland 26 scotland 0,goal_kick,0.8688
2778,2782,26 scotland 0,goal_kick,0.8688
2780,2784,0,goal_kick,0.8688
2784,2788,and this is what,normal_play,0.0
2786,2790,and this is what the current score means,normal_play,0.0
2788,2792,what the current score means for rugby world cup pooleby,normal_play,0.0
2790,2794,means for rugby world cup pooleby ireland at the moment recording a bonus,normal_play,0.0
2792,2796,ireland at the moment recording a bonus point victory they move from 14,normal_play,0.0
2794,2798,point victory they move from 14 points to 19 from second,normal_play,0.0
2796,2800,14 points to 19 from second place to first and set up,kick_off,0.3685
2798,2802,second place to first and set up a quarter final against the,kick_off,0.3685
2800,2804,up a quarter final against the all blacks of south africa in second,kick_off,0.3685
2802,2806,all blacks of south africa in second facing france,kick_off,0.3685
2804,2808,second facing france,normal_play,0.0
2806,2810,it almost feels like the job is done,normal_play,0.0
2808,2812,it almost feels like the job is done for ireland,normal_play,0.4032
2810,2814,done for ireland the springboks analysis team have,normal_play,0.4032
2812,2816,the springboks analysis team have got an extra 40 minutes to work,normal_play,0.4032
2814,2818,have got an extra 40 minutes to work on preparing for their quarter final,normal_play,0.4032
2816,2820,work on preparing for their quarter final,normal_play,0.0
2818,2822,final,normal_play,0.0
2820,2824,this was built as a clash for the ages,normal_play,0.4032
2822,2826,this was built as a clash for the ages,normal_play,0.4032
2824,2828,ages right now its,normal_play,0.4032
2826,2830,right now its one way traffic,normal_play,0.4032
2828,2832,its one way traffic just a remarkable step,normal_play,0.0
2830,2834,just a remarkable step out of the gates in behind him,normal_play,0.0
2832,2836,step out of the gates in behind him,kick_off,0.5159
2834,2838,him russell with the short and restarts,kick_off,0.5159
2836,2840,russell with the short and restarts picks the second half under way,kick_off,0.5159
2838,2842,restarts picks the second half under way,kick_off,0.5159
2840,2844,way mission improbable for scotland looks,normal_play,0.0
2842,2846,mission improbable for scotland looks very much like mission impossible,normal_play,0.0
2844,2848,looks very much like mission impossible hugh,normal_play,0.0
2846,2850,hugh jones try to get over against ireland,normal_play,0.0
2848,2852,hugh jones try to get over against ireland back in march paul schumann,normal_play,0.3401
2850,2854,ireland back in march paul schumann ireland heading for a,normal_play,0.3401
2852,2856,schumann ireland heading for a ninth win in a row over scotland,normal_play,0.3401
2854,2858,a ninth win in a row over scotland theyve played 30 times since the turn of,normal_play,0.3401
2856,2860,theyve played 30 times since the turn of the millennium ireland have won 24,normal_play,0.0
2858,2862,of the millennium ireland have won 24 of those matches,normal_play,0.0
2860,2864,24 of those matches richard gray one of only four scots,normal_play,0.4032
2862,2866,richard gray one of only four scots in the team to have tasted victory,normal_play,0.4032
2864,2868,scots in the team to have tasted victory against ireland,normal_play,0.4032
2866,2870,victory against ireland the last time that happened was 2017,normal_play,0.4032
2868,2872,the last time that happened was 2017 under wern,normal_play,0.0
2870,2874,2017 under wern cotters aegis head coach,normal_play,0.0
2872,2876,wern cotters aegis head coach,normal_play,0.2519
2874,2878,coach bryce matt fagerson,normal_play,0.2519
2876,2880,bryce matt fagerson takes the way from big brother xander,normal_play,0.2519
2878,2882,takes the way from big brother xander who came on early in,normal_play,0.2519
2880,2884,who came on early in the first half for jamie ritchie the captains stricken,normal_play,0.4032
2882,2886,in the first half for jamie ritchie the captains stricken and invalidated out of this match,normal_play,0.4032
2884,2888,stricken and invalidated out of this match dempsey,normal_play,0.4032
2886,2890,dempsey hardly been seen as scotlands primary,normal_play,0.4032
2888,2892,hardly been seen as scotlands primary ball carrier,normal_play,0.4032
2890,2894,primary ball carrier xander fagerson again,normal_play,0.4032
2892,2896,xander fagerson again scotland saw,normal_play,0.4032
2894,2898,again scotland saw plenty of possession in the first half a lot of it in this,normal_play,0.4032
2896,2900,saw plenty of possession in the first half a lot of it in this middle third were unable,normal_play,0.4032
2898,2902,this middle third were unable to escape the,normal_play,0.4032
2900,2904,to escape the clutches the tendrils,normal_play,0.4032
2902,2906,the clutches the tendrils of this far reaching,normal_play,0.4032
2904,2908,tendrils of this far reaching long lasting irish,normal_play,0.4032
2906,2910,long lasting irish defence darcy graham,normal_play,0.4032
2908,2912,irish defence darcy graham even he cant,normal_play,0.4032
2910,2914,even he cant unshackle himself,normal_play,0.4032
2912,2916,cant unshackle himself,normal_play,0.0
2914,2918,eleven phases now for the scots russell,normal_play,0.0
2916,2920,eleven phases now for the scots russell sees a gap flings it away,normal_play,0.4032
2918,2922,russell sees a gap flings it away to gilchrist and its,normal_play,0.4032
2920,2924,away to gilchrist and its johnny tupulotu jack dempsey,normal_play,0.4032
2922,2926,its johnny tupulotu jack dempsey again onto duran fandemerba just the,normal_play,0.4032
2924,2928,dempsey again onto duran fandemerba just the second touch of the game in,normal_play,0.4032
2926,2930,the second touch of the game in the 42nd minute,normal_play,0.4032
2928,2932,in the 42nd minute the reds have kicked him as,normal_play,0.2862
2930,2934,the reds have kicked him as quiet as a mouse,normal_play,0.2862
2932,2936,as quiet as a mouse,normal_play,0.2862
2934,2938,mouse,normal_play,0.2862
2936,2940,lashed the crossfield away to,normal_play,0.0
2938,2942,lashed the crossfield away to darcy graham he took it,normal_play,0.0
2940,2944,to darcy graham he took it well but he was in touch,normal_play,0.0
2942,2946,well but he was in touch and even the innovation the,normal_play,0.0
2944,2948,and even the innovation the trick plays are not coming off for,normal_play,0.0
2946,2950,the trick plays are not coming off for scotland johnny johnny sexton,normal_play,0.0
2948,2952,for scotland johnny johnny sexton fuming that he was tripped up off the ball,normal_play,0.0
2950,2954,johnny sexton fuming that he was tripped up off the ball,normal_play,0.0
2952,2956,ball and tempsey you suspect,normal_play,0.0
2954,2958,and tempsey you suspect will fray in the scottish team,normal_play,0.0
2956,2960,suspect will fray in the scottish team hed been,normal_play,0.0
2958,2962,team hed been given a battering of the rugby,normal_play,0.0
2960,2964,been given a battering of the rugby pierre schumann might win the wrestling match,normal_play,0.0
2962,2966,pierre schumann might win the wrestling match,normal_play,0.0
2964,2968,match,normal_play,0.0
2970,2974,two,normal_play,0.0
2972,2976,two crowd nations youd expect them to stand out for,normal_play,0.0
2974,2978,two crowd nations youd expect them to stand out for themselves actually when texans,normal_play,0.0
2976,2980,for themselves actually when texans one of the,normal_play,0.0
2978,2982,texans one of the players nick berry,normal_play,0.0
2980,2984,the players nick berry has referred it up to the team and says were going to have to,normal_play,0.0
2982,2986,berry has referred it up to the team and says were going to have to check this its just a referee wayne,normal_play,0.0
2984,2988,to check this its just a referee wayne barnes is right in there amongst it,normal_play,0.0
2986,2990,wayne barnes is right in there amongst it,normal_play,0.0
2988,2992,it well johnny johnny sexton felt he was,normal_play,0.0
2990,2994,well johnny johnny sexton felt he was tripped off the ball after darcy,normal_play,0.0
2992,2996,was tripped off the ball after darcy graham was caught in touch its kicking off,normal_play,0.0
2994,2998,darcy graham was caught in touch its kicking off again,normal_play,0.0
2996,3000,off again its like chucking,normal_play,0.0
2998,3002,its like chucking out time in the bastille region,normal_play,0.0
3000,3004,chucking out time in the bastille region,normal_play,0.0
3002,3006,theres really not,normal_play,0.0
3004,3008,theres really not much here but in this cauldron that weve created,normal_play,0.0
3006,3010,not much here but in this cauldron that weve created here this incredible atmosphere,normal_play,0.0
3008,3012,created here this incredible atmosphere every push every stumble,normal_play,0.0
3010,3014,every push every stumble and when that man omani is,normal_play,0.0
3012,3016,and when that man omani is involved,normal_play,0.0
3014,3018,is involved hes,normal_play,0.0
3016,3020,hes just trying to get the players to break up here,normal_play,0.0
3018,3022,hes just trying to get the players to break up here why not if youre scotland why not,normal_play,0.0
3020,3024,why not if youre scotland why not change the dynamic mix it up,normal_play,0.0
3022,3026,not change the dynamic mix it up youve got to do something peter omani never,normal_play,0.0
3024,3028,up youve got to do something peter omani never takes a backwards step and hes not about,normal_play,0.0
3026,3030,never takes a backwards step and hes not about to start unless were under the test match,normal_play,0.0
3028,3032,about to start unless were under the test match,normal_play,0.0
3030,3034,thats what starts,normal_play,0.0
3032,3036,thats what starts all this way just take him back and,normal_play,0.0
3034,3038,starts all this way just take him back and pull everyone down and its 23 blue,normal_play,0.0
3036,3040,and pull everyone down and its 23 blue okay well just give him a chance to pull down,normal_play,0.0
3038,3042,okay well just give him a chance to pull down mate so its the trip from ollie smith do you want to show us what,normal_play,0.0
3040,3044,down mate so its the trip from ollie smith do you want to show us what that was yeah sure so the,tmo_replay,0.85
3042,3046,what that was yeah sure so the first thing that happens is 23 blue puts,tmo_replay,0.85
3044,3048,the first thing that happens is 23 blue puts his leg out and trips green 10,tmo_replay,0.85
3046,3050,puts his leg out and trips green 10 green 10 has a retaliation,tmo_replay,0.85
3048,3052,10 green 10 has a retaliation to him with a push and 3,tmo_replay,0.85
3050,3054,retaliation to him with a push and 3 blue comes in and flares everything up,tmo_replay,0.85
3052,3056,3 blue comes in and flares everything up so that is whats happened i can show you a,tmo_replay,0.85
3054,3058,so that is whats happened i can show you a replay of it now were going to have a,tmo_replay,0.85
3056,3060,a replay of it now were going to have a look ollie smith has come on as a sub,tmo_replay,0.85
3058,3062,a look ollie smith has come on as a sub its deemed to have tripped,tmo_replay,0.85
3060,3064,its deemed to have tripped the irish captain johnny johnny sexton,tmo_replay,0.85
3062,3066,the irish captain johnny johnny sexton and then it all sort of kicks off from there,tmo_replay,0.85
3064,3068,johnny sexton and then it all sort of kicks off from there okay your first camera angle is going to,tmo_replay,0.85
3066,3070,there okay your first camera angle is going to come down so its after dyson green,tmo_replay,0.85
3068,3072,to come down so its after dyson green kicks the ball in ollie smith,tmo_replay,0.85
3070,3074,green kicks the ball in ollie smith the yellow card and football so thats the first,tmo_replay,0.85
3072,3076,smith the yellow card and football so thats the first action thats number 23 blue that puts,tmo_replay,0.5732
3074,3078,first action thats number 23 blue that puts his foot out for 10 green,tmo_replay,0.5732
3076,3080,his foot out for 10 green,tmo_replay,0.5732
3082,3086,and the,tmo_replay,0.5732
3084,3088,and the second player in there from scotland is number,tmo_replay,0.5732
3086,3090,the second player in there from scotland is number 3 blue,tmo_replay,0.5732
3088,3092,number 3 blue,tmo_replay,0.6475
3092,3096,thats number 3 blue thats number,tmo_replay,0.6475
3094,3098,thats number 3 blue thats number 3 blue number 3,tmo_replay,0.6475
3096,3100,number 3 blue number 3 blue is the first guy that comes in,tmo_replay,0.6475
3098,3102,3 blue is the first guy that comes in and,tmo_replay,0.6475
3100,3104,in and then ive reviewed everything else after that and theres nothing,tmo_replay,0.6475
3102,3106,and then ive reviewed everything else after that and theres nothing else to look at,tmo_replay,0.6475
3104,3108,nothing else to look at,tmo_replay,0.85
3108,3112,yeah okay,tmo_replay,0.85
3110,3114,yeah okay,tmo_replay,0.85
3112,3116,okay this is the,tmo_replay,0.85
3114,3118,this is the initial action that started it nick yeah,tmo_replay,0.85
3116,3120,initial action that started it nick yeah mate its taken inception to me,tmo_replay,0.85
3118,3122,yeah mate its taken inception to me,tmo_replay,0.85
3120,3124,okay,tmo_replay,0.85
3122,3126,okay youre going to come back on screen now nick,tmo_replay,0.85
3124,3128,youre going to come back on screen now nick yeah thanks mate so what,tmo_replay,0.85
3126,3130,yeah thanks mate so what started it all is hes taken inception,tmo_replay,0.85
3128,3132,what started it all is hes taken inception to the trip so,tmo_replay,0.85
3130,3134,to the trip so thats what started the whole thing i didnt need what everything,tmo_replay,0.85
3132,3136,so thats what started the whole thing i didnt need what everything else happened afterwards okay all the push and shove,tmo_replay,0.85
3134,3138,everything else happened afterwards okay all the push and shove so 23 blue,tmo_replay,0.85
3136,3140,so 23 blue is going to go to the bin he was the one who,normal_play,0.0
3138,3142,blue is going to go to the bin he was the one who started it for the trip okay but talk to the,normal_play,0.0
3140,3144,who started it for the trip okay but talk to the guys we dont want everyone coming in okay weve still got 35,normal_play,0.0
3142,3146,the guys we dont want everyone coming in okay weve still got 35 minutes of footage to play alright so 23,normal_play,0.0
3144,3148,35 minutes of footage to play alright so 23 blues going to the bin,card_event,1.0
3146,3150,23 blues going to the bin wow so thats number 3 blue,card_event,1.0
3148,3152,wow so thats number 3 blue,card_event,1.0
3150,3154,yeah things go from bad to worse for the,card_event,1.0
3152,3156,yeah things go from bad to worse for the scots,card_event,1.0
3154,3158,the scots ollysmiths act of petulance,card_event,1.0
3156,3160,ollysmiths act of petulance punished with a yellow,card_event,1.0
3158,3162,punished with a yellow card hes off to the naughty step,card_event,1.0
3160,3164,yellow card hes off to the naughty step,normal_play,0.0
3162,3166,i dont know if i can agree with that its,normal_play,0.0
3164,3168,i dont know if i can agree with that its obviously not something you want to see in the game,normal_play,0.0
3166,3170,obviously not something you want to see in the game its a,normal_play,0.0
3168,3172,game its a penalty definitely how this,normal_play,0.0
3170,3174,a penalty definitely how this is a yellow card i dont know,normal_play,0.0
3172,3176,this is a yellow card i dont know,normal_play,0.0
3176,3180,no timeline,normal_play,0.0
3178,3182,no timeline this is when it got a bit more tasty,normal_play,0.0
3180,3184,this is when it got a bit more tasty a bit more wwf over there,normal_play,0.0
3182,3186,tasty a bit more wwf over there right in front of you its,normal_play,0.0
3184,3188,right in front of you its right in front of me triple,normal_play,0.0
3186,3190,its right in front of me triple h and the rock wasnt it thats,normal_play,0.0
3188,3192,triple h and the rock wasnt it thats my earthquake and typhoon with those two,normal_play,0.0
3190,3194,my earthquake and typhoon with those two well thats the first yellow card scotland have had in,normal_play,0.0
3192,3196,well thats the first yellow card scotland have had in this world cup that disciplines been great,normal_play,0.0
3194,3198,in this world cup that disciplines been great youve been crowding a little bit just stay with,normal_play,0.0
3196,3200,youve been crowding a little bit just stay with your front seven penalty now considered by,normal_play,0.0
3198,3202,with your front seven penalty now considered by the scots and a yellow card to boots,normal_play,0.0
3200,3204,by the scots and a yellow card to boots and ireland will wrap this,lineout,0.2434
3202,3206,boots and ireland will wrap this up,lineout,0.2434
3204,3208,this up they look to continue their,lineout,0.2434
3206,3210,they look to continue their dominance that,lineout,0.2434
3208,3212,their dominance that sheen nick berry almost getting,normal_play,0.2939
3210,3214,that sheen nick berry almost getting in the way of the rampaging,normal_play,0.2939
3212,3216,getting in the way of the rampaging hooker,normal_play,0.2939
3214,3218,rampaging hooker murray inside tag burn bundy,normal_play,0.2939
3216,3220,murray inside tag burn bundy bundee aki blasting into the 22,normal_play,0.0
3218,3222,bundy bundee aki blasting into the 22 ireland attacking,normal_play,0.0
3220,3224,22 ireland attacking the 14 men of scotland,normal_play,0.3697
3222,3226,attacking the 14 men of scotland johnny sexton sliding away from,normal_play,0.3697
3224,3228,johnny sexton sliding away from turners tackle tackle now open up corner,normal_play,0.3697
3226,3230,from turners tackle tackle now open up corner murray,normal_play,0.3697
3228,3232,corner murray whos on at scrum half into ian,normal_play,0.4032
3230,3234,murray whos on at scrum half into ian henderson,normal_play,0.4032
3232,3236,ian henderson tackle release,normal_play,0.2427
3234,3238,tackle release no no no,normal_play,0.2427
3236,3240,no no no murray,normal_play,0.2427
3238,3242,murray jonny johnny sexton keed in,normal_play,0.2427
3240,3244,jonny johnny sexton keed in the line hunting the hat trick right they,normal_play,0.0
3242,3246,in the line hunting the hat trick right they go heres trouble this is gibson,normal_play,0.0
3244,3248,they go heres trouble this is gibson park darcy,normal_play,0.4032
3246,3250,gibson park darcy graham cuts down the scrum half masquerading,normal_play,0.4032
3248,3252,darcy graham cuts down the scrum half masquerading as a winger,normal_play,0.4032
3250,3254,masquerading as a winger,normal_play,0.4032
3252,3256,murray,try,1.0
3254,3258,murray gary rindroes,try,1.0
3256,3260,murray gary rindroes johnny sexton standing deep ireland menacing,try,1.0
3258,3262,johnny sexton standing deep ireland menacing again gibson park injecting,try,1.0
3260,3264,menacing again gibson park injecting the pace sheens on the wing,try,1.0
3262,3266,injecting the pace sheens on the wing sheens in for the try,try,1.0
3264,3268,sheens in for the try,try,1.0
3270,3274,there is no let,try,1.0
3272,3276,there is no let up,try,1.0
3274,3278,let up theres no respite,try,1.0
3276,3280,theres no respite there is no,try,1.0
3278,3282,there is no mercy from ireland its been a win,try,1.0
3280,3284,mercy from ireland its been a win for them,normal_play,0.0
3282,3286,win for them then,normal_play,0.0
3284,3288,then sheen gets the try the hooker held,normal_play,0.0
3286,3290,then sheen gets the try the hooker held the win,normal_play,0.0
3288,3292,held the win watch the work rate from jameson gibson park,normal_play,0.0
3290,3294,watch the work rate from jameson gibson park this is a classic,normal_play,0.0
3292,3296,park this is a classic in timing,normal_play,0.0
3294,3298,in timing the lines angles are excellent,normal_play,0.0
3296,3300,the lines angles are excellent this one goes wide gibson park steps infield,normal_play,0.0
3298,3302,this one goes wide gibson park steps infield keeps the play alive,normal_play,0.0
3300,3304,infield keeps the play alive does well lots of support out there then he,normal_play,0.0
3302,3306,does well lots of support out there then he pops up and watch as nine moves into,normal_play,0.0
3304,3308,he pops up and watch as nine moves into the space hes moving now he keeps going,normal_play,0.0
3306,3310,into the space hes moving now he keeps going and then the final pass is his to,normal_play,0.0
3308,3312,going and then the final pass is his to give to his hooker who stretched,normal_play,0.0
3310,3314,to give to his hooker who stretched the scottish defence he will only have 14,normal_play,0.0
3312,3316,stretched the scottish defence he will only have 14 on the park,normal_play,0.0
3314,3318,14 on the park try all clear,normal_play,0.0
3316,3320,try all clear ive imported gareth it was the speed of,normal_play,0.0
3318,3322,clear ive imported gareth it was the speed of ball that ireland generated there they thrive,normal_play,0.0
3320,3324,of ball that ireland generated there they thrive off that quick rook recycling,normal_play,0.0
3322,3326,thrive off that quick rook recycling weve got this incredible stat,normal_play,0.0
3324,3328,weve got this incredible stat that the irish despite,normal_play,0.0
3326,3330,stat that the irish despite their dominance have only got four offload,normal_play,0.0
3328,3332,despite their dominance have only got four offload and thats because theyre passing before they,goal_kick,0.8688
3330,3334,offload and thats because theyre passing before they engage the tackler so their timing and,goal_kick,0.8688
3332,3336,they engage the tackler so their timing and their lines of run are just literally,goal_kick,0.8688
3334,3338,and their lines of run are just literally very very very good and its,goal_kick,0.8688
3336,3340,literally very very very good and its unstoppable right now,goal_kick,0.8688
3338,3342,its unstoppable right now,goal_kick,0.8688
3340,3344,now,goal_kick,0.8688
3348,3352,johnny sexton pulls this,goal_kick,0.8688
3350,3354,johnny sexton pulls this one just wide to the left,goal_kick,0.8688
3352,3356,this one just wide to the left 31 0,goal_kick,0.8688
3354,3358,left 31 0 ireland leads,goal_kick,0.8688
3356,3360,0 ireland leads the scottish defence looking fractured,goal_kick,0.8688
3358,3362,the scottish defence looking fractured because its all about speed of ball you mentioned,goal_kick,0.8688
3360,3364,fractured because its all about speed of ball you mentioned it the 70 rook speed,normal_play,0.0
3362,3366,mentioned it the 70 rook speed for ireland is less than three seconds,normal_play,0.0
3364,3368,speed for ireland is less than three seconds that goes up to 78,normal_play,0.0
3366,3370,seconds that goes up to 78 in the oppositions,normal_play,0.0
3368,3372,78 in the oppositions 22 flat this tournament and,normal_play,0.0
3370,3374,oppositions 22 flat this tournament and that man curates most of it,normal_play,0.0
3372,3376,and that man curates most of it,normal_play,0.0
3374,3378,it,normal_play,0.0
3378,3382,ireland have decided they can do without johnny johnny sexton,kick_off,0.5159
3380,3384,ireland have decided they can do without johnny johnny sexton for the last 35 minutes,kick_off,0.5159
3382,3386,johnny sexton for the last 35 minutes the captain the,kick_off,0.5159
3384,3388,minutes the captain the totem withdrawn,normal_play,0.0
3386,3390,the totem withdrawn jack crowley the young man from,normal_play,0.0
3388,3392,jack crowley the young man from munster on in his stead,normal_play,0.0
3390,3394,from munster on in his stead what an ovation the,normal_play,0.0
3392,3396,what an ovation the great man has received his,normal_play,0.2983
3394,3398,the great man has received his job is done for the evening,normal_play,0.2983
3396,3400,his job is done for the evening so too virtually as,normal_play,0.2983
3398,3402,so too virtually as irelands,normal_play,0.2983
3400,3404,as irelands what a luxury,normal_play,0.0
3402,3406,what a luxury for head coach andy farrell to,normal_play,0.0
3404,3408,luxury for head coach andy farrell to take his 38 year old talisman off the,normal_play,0.4032
3406,3410,to take his 38 year old talisman off the park and put him in cotton wool,normal_play,0.4032
3408,3412,the park and put him in cotton wool,normal_play,0.4032
3410,3414,wool the bubble wrapping johnny sexton on the bench he,normal_play,0.4032
3412,3416,the bubble wrapping johnny sexton on the bench he has bigger challenges ahead of him in this rugby,normal_play,0.4032
3414,3418,he has bigger challenges ahead of him in this rugby world cup,normal_play,0.4032
3416,3420,rugby world cup a date with the all blacks in the quarterfinals,normal_play,0.4032
3418,3422,a date with the all blacks in the quarterfinals next weekend looms,normal_play,0.4032
3420,3424,quarterfinals next weekend looms for ireland hes missed it,normal_play,0.4032
3422,3426,for ireland hes missed it scott,normal_play,0.4032
3424,3428,it scott would have scored 19 try in this rugby world,normal_play,0.0
3426,3430,would have scored 19 try in this rugby world cup but were trial less against,normal_play,0.0
3428,3432,world cup but were trial less against south africa scoreless thus,normal_play,0.3714
3430,3434,against south africa scoreless thus far in close to 50,normal_play,0.3714
3432,3436,thus far in close to 50 minutes,normal_play,0.3714
3434,3438,50 minutes against the irish juggernaut,normal_play,0.3714
3436,3440,against the irish juggernaut scott cummings whos just come on for grant,normal_play,0.0
3438,3442,scott cummings whos just come on for grant gilchrist in the second row carries,normal_play,0.0
3440,3444,grant gilchrist in the second row carries schumann russell,normal_play,0.4032
3442,3446,schumann russell richie gray,normal_play,0.4032
3444,3448,russell richie gray six foot ten inches over two,normal_play,0.4032
3446,3450,six foot ten inches over two metres tall,normal_play,0.4032
3448,3452,two metres tall,normal_play,0.4032
3450,3454,sioneke,normal_play,0.4032
3452,3456,sioneke purotu facing mpaki,normal_play,0.4032
3454,3458,sioneke purotu facing mpaki introducing darcy graham,normal_play,0.4032
3456,3460,mpaki introducing darcy graham,normal_play,0.4032
3458,3462,price schumann again carries into,normal_play,0.4032
3460,3464,price schumann again carries into heavy traffic,normal_play,0.0
3462,3466,into heavy traffic faster ball for scotland,normal_play,0.0
3464,3468,faster ball for scotland russell hugh jones running the arc,normal_play,0.4032
3466,3470,russell hugh jones running the arc richie gray with him jones good hand,normal_play,0.4032
3468,3472,richie gray with him jones good hand line by the next man down by duane,normal_play,0.4032
3470,3474,line by the next man down by duane fundemirva who couldnt hold on,normal_play,0.4032
3472,3476,duane fundemirva who couldnt hold on and tye tadhg furlong is falloping,normal_play,0.4032
3474,3478,and tye tadhg furlong is falloping out of a desperate scottish,normal_play,0.4032
3476,3480,falloping out of a desperate scottish challenge its,normal_play,0.0
3478,3482,scottish challenge its like a falling buffalo big,normal_play,0.0
3480,3484,its like a falling buffalo big tye tadhg furlong,normal_play,0.4032
3482,3486,big tye tadhg furlong crowley has,normal_play,0.4032
3484,3488,crowley has an age to pick his spot,normal_play,0.4032
3486,3490,has an age to pick his spot and the,normal_play,0.4032
3488,3492,spot and the bounce out foxes finn russell,normal_play,0.4032
3490,3494,the bounce out foxes finn russell,normal_play,0.4032
3492,3496,russell russell that languid,normal_play,0.0
3494,3498,russell that languid relaxed style,normal_play,0.0
3496,3500,languid relaxed style with a deception to darcy graham who,normal_play,0.4032
3498,3502,with a deception to darcy graham who cant get away from doris,normal_play,0.4032
3500,3504,who cant get away from doris price,normal_play,0.4032
3502,3506,price russell,normal_play,0.4032
3504,3508,price russell only two men outside him hugh jones is,normal_play,0.0
3506,3510,only two men outside him hugh jones is one of them bundy bundee aki has,normal_play,0.0
3508,3512,is one of them bundy bundee aki has watched that every time,normal_play,0.4032
3510,3514,has watched that every time he stood up to that classic jones,normal_play,0.4032
3512,3516,he stood up to that classic jones step and break on the outside,normal_play,0.4032
3514,3518,step and break on the outside schumann,normal_play,0.4032
3516,3520,outside schumann scotlands most,normal_play,0.0
3518,3522,schumann scotlands most prolific carrier thats his tenth of the game,normal_play,0.0
3520,3524,most prolific carrier thats his tenth of the game and then price,penalty,0.4397
3522,3526,game and then price interfered with at the base,penalty,0.4397
3524,3528,interfered with at the base yeah schumanns doing his,penalty,0.4397
3526,3530,yeah schumanns doing his work almost 50 metres made for,penalty,0.4397
3528,3532,his work almost 50 metres made for the,normal_play,0.0
3530,3534,for the gregor townsend and they do,normal_play,0.0
3532,3536,gregor townsend and they do have a penalty here,normal_play,0.0
3534,3538,do have a penalty here,normal_play,0.0
3536,3540,ireland are planning to bring on,normal_play,0.0
3538,3542,ireland are planning to bring on a battalion of five,normal_play,0.0
3540,3544,on a battalion of five substitutions up front,normal_play,0.0
3542,3546,five substitutions up front as russell goes for broke,normal_play,0.0
3544,3548,as russell goes for broke and hugo keenan keeps it in,normal_play,0.0
3546,3550,and hugo keenan keeps it in and that is scotlands,normal_play,0.0
3548,3552,and that is scotlands knight in michael cosum,normal_play,0.0
3550,3554,scotlands knight in michael cosum,normal_play,0.0
3552,3556,hugo keenan goes to touch and now,normal_play,0.0
3554,3558,hugo keenan goes to touch and now andy farrell will unleash his own,normal_play,0.0
3556,3560,now andy farrell will unleash his own irish bomb squad look at the,normal_play,0.0
3558,3562,own irish bomb squad look at the talent in the beef in shot,normal_play,0.0
3560,3564,talent in the beef in shot our camera lens is barely wide enough,normal_play,0.0
3562,3566,our camera lens is barely wide enough james ryan,normal_play,0.0
3564,3568,james ryan grand slam champion european champion,normal_play,0.0
3566,3570,grand slam champion european champion hes on in the second row,normal_play,0.0
3568,3572,champion hes on in the second row ronan kellihert is on at,normal_play,0.0
3570,3574,row ronan kellihert is on at hookup finlay bealham and dave,normal_play,0.0
3572,3576,at hookup finlay bealham and dave kilcoyne come on in the props,normal_play,0.0
3574,3578,dave kilcoyne come on in the props and british and irish ryan jack,normal_play,0.0
3576,3580,and british and irish ryan jack conan wearing number 20,normal_play,0.0
3578,3582,jack conan wearing number 20 makes this first rugby world,normal_play,0.0
3580,3584,20 makes this first rugby world cup appearance of the competition,normal_play,0.0
3582,3586,world cup appearance of the competition and what an ovation,normal_play,0.0
3584,3588,and what an ovation peter omahony is,normal_play,0.0
3586,3590,ovation peter omahony is getting,normal_play,0.0
3588,3592,is getting,lineout,0.4726
3590,3594,there are a few men who have given so much for the irish,lineout,0.4726
3592,3596,there are a few men who have given so much for the irish cause who have nursed every,lineout,0.4726
3594,3598,irish cause who have nursed every grudge and strained every sinew,lineout,0.4726
3596,3600,every grudge and strained every sinew and the centurion troops,normal_play,0.0
3598,3602,sinew and the centurion troops off with another opposition,normal_play,0.0
3600,3604,troops off with another opposition back row well and truly sickened,normal_play,0.4032
3602,3606,opposition back row well and truly sickened scottish line outs,normal_play,0.4032
3604,3608,sickened scottish line outs malfunctions george turner of all,normal_play,0.4032
3606,3610,outs malfunctions george turner of all people is back there well that was pretty nifty,normal_play,0.4032
3608,3612,people is back there well that was pretty nifty sliding and skating and,normal_play,0.4032
3610,3614,nifty sliding and skating and then smashing say that no no,normal_play,0.4032
3612,3616,and then smashing say that no no no very,normal_play,0.4032
3614,3618,no no very close russell james,normal_play,0.4032
3616,3620,very close russell james ryan hudson down,normal_play,0.4032
3618,3622,james ryan hudson down the captain moves it away quickly,normal_play,0.4032
3620,3624,the captain moves it away quickly its really about pride,normal_play,0.4032
3622,3626,its really about pride this point for scotland,normal_play,0.4032
3624,3628,pride this point for scotland 27 3 by ireland,normal_play,0.4032
3626,3630,27 3 by ireland in the rugby world cup in japan,normal_play,0.4032
3628,3632,ireland in the rugby world cup in japan four years ago that was the first,normal_play,0.4032
3630,3634,japan four years ago that was the first match of the pool and left them,normal_play,0.4032
3632,3636,first match of the pool and left them getting to beat japan they couldnt do,normal_play,0.4032
3634,3638,them getting to beat japan they couldnt do that they crashed out at the,normal_play,0.4032
3636,3640,do that they crashed out at the pool stage and they,normal_play,0.4032
3638,3642,the pool stage and they are well and truly bombing their way,normal_play,0.4032
3640,3644,they are well and truly bombing their way out of this competition as well,normal_play,0.1079
3642,3646,way out of this competition as well dont touch him 16 out of it,normal_play,0.1079
3644,3648,well dont touch him 16 out of it,normal_play,0.0738
3646,3650,it its under your man stay,normal_play,0.0738
3648,3652,its under your man stay there no stay back,normal_play,0.0738
3650,3654,stay there no stay back no you cant,normal_play,0.0738
3652,3656,no you cant,normal_play,0.1079
3654,3658,cant,normal_play,0.1079
3658,3662,russell has,normal_play,0.4032
3660,3664,russell has not been able to unpick this,normal_play,0.4032
3662,3666,has not been able to unpick this magnificent irish defence yet,normal_play,0.4032
3664,3668,this magnificent irish defence yet but he has come up with a 50 22,normal_play,0.4032
3666,3670,but he has come up with a 50 22 and that will mean a scottish throw in at the line out,normal_play,0.4032
3668,3672,and that will mean a scottish throw in at the line out well not,normal_play,0.4032
3670,3674,well not very many bright spots but that is pure,normal_play,0.4032
3672,3676,not very many bright spots but that is pure class because hes in his,normal_play,0.4032
3674,3678,class because hes in his own half he just hammers it hard and low it takes,normal_play,0.4032
3676,3680,his own half he just hammers it hard and low it takes the bounce a little bit of territory,normal_play,0.4032
3678,3682,takes the bounce a little bit of territory for scotland but i dont think,normal_play,0.4032
3680,3684,territory for scotland but i dont think if ive seen rob a greater sort of,normal_play,0.0
3682,3686,think if ive seen rob a greater sort of picture of job done,normal_play,0.0
3684,3688,of picture of job done as the legion of green jerseys the,normal_play,0.0
3686,3690,done as the legion of green jerseys the impact players storm onto the field,normal_play,0.0
3688,3692,the impact players storm onto the field some hurting scottish,normal_play,0.0
3690,3694,field some hurting scottish bodies out there this is a problem,normal_play,0.0
3692,3696,scottish bodies out there this is a problem for scotland because they went 6 2 forwards,normal_play,0.0
3694,3698,for scotland because they went 6 2 forwards and backs on the bench ollie smith,normal_play,0.0
3696,3700,forwards and backs on the bench ollie smith on early for blair kinghorn,normal_play,0.0
3698,3702,smith on early for blair kinghorn meaning only scrum half george horn is left,normal_play,0.0
3700,3704,meaning only scrum half george horn is left so horn is going to have to come,normal_play,0.0
3702,3706,left so horn is going to have to come on and play on the wing for,normal_play,0.0
3704,3708,come on and play on the wing for the second darcy graham,lineout,0.4726
3706,3710,for the second darcy graham four try against romania,lineout,0.4726
3708,3712,graham four try against romania hes scarcely had a,lineout,0.4726
3710,3714,romania hes scarcely had a sniff tonight,lineout,0.4726
3712,3716,a sniff tonight george horn the seventh specialist,normal_play,0.0
3714,3718,george horn the seventh specialist hes on is a makeshift,normal_play,0.0
3716,3720,specialist hes on is a makeshift winner,maul,0.2655
3718,3722,makeshift winner pryce,maul,0.2655
3720,3724,pryce must play the full 80 at scrum half 2,maul,0.2655
3722,3726,pryce must play the full 80 at scrum half 2 to the pull,maul,0.2655
3724,3728,2 to the pull off two for russell watch,normal_play,0.0
3726,3730,off two for russell watch him closely from the,normal_play,0.0
3728,3732,watch him closely from the nerve of it again clattered,normal_play,0.3506
3730,3734,the nerve of it again clattered,normal_play,0.3506
3732,3736,clattered richard gray running short,normal_play,0.3506
3734,3738,richard gray running short running alone,normal_play,0.3506
3736,3740,running alone,normal_play,0.4032
3738,3742,russell,normal_play,0.4032
3740,3744,russell faguson this time,normal_play,0.262
3742,3746,russell faguson this time,normal_play,0.262
3744,3748,debsie,normal_play,0.262
3746,3750,debsie one out cannies for scotland,normal_play,0.262
3748,3752,one out cannies for scotland finally making it a little headway,normal_play,0.4032
3750,3754,finally making it a little headway cummings,normal_play,0.4032
3752,3756,headway cummings dummies and then,normal_play,0.322
3754,3758,cummings dummies and then falls into the tackle,normal_play,0.322
3756,3760,falls into the tackle russell again threatening,normal_play,0.322
3758,3762,tackle russell again threatening this time q jones,normal_play,0.322
3760,3764,threatening this time q jones again cant get beyond bundy bundee aki,normal_play,0.0
3762,3766,again cant get beyond bundy bundee aki hes over that ball,normal_play,0.0
3764,3768,bundee aki hes over that ball its a big pause on,normal_play,0.4025
3766,3770,its a big pause on it faguson zander,normal_play,0.4025
3768,3772,on it faguson zander faguson neatly on to pierre schumann,normal_play,0.4025
3770,3774,zander faguson neatly on to pierre schumann,normal_play,0.4025
3772,3776,schumann debsie,normal_play,0.4032
3774,3778,debsie russell taking on the,normal_play,0.4032
3776,3780,russell taking on the defence russell dummies cant do it,normal_play,0.4032
3778,3782,the defence russell dummies cant do it all on his own no,normal_play,0.4032
3780,3784,it all on his own no no 21 theres been,normal_play,0.4032
3782,3786,no 21 theres been a run,normal_play,0.4032
3784,3788,been a run pryce dummies in ireland hold,normal_play,0.0
3786,3790,pryce dummies in ireland hold them out,normal_play,0.0
3788,3792,hold them out this is as close as scotland,normal_play,0.0
3790,3794,this is as close as scotland have come,normal_play,0.0
3792,3796,scotland have come its taken them the guts of an hour going down,normal_play,0.0
3794,3798,its taken them the guts of an hour going down its going onside penalty,normal_play,0.0
3796,3800,its going onside penalty advantage scotland matt faguson,normal_play,0.2153
3798,3802,penalty advantage scotland matt faguson carries around the corner,normal_play,0.2153
3800,3804,faguson carries around the corner scotland continue,normal_play,0.2153
3802,3806,scotland continue to keep it tight,normal_play,0.2153
3804,3808,continue to keep it tight and use their forwards and well,normal_play,0.0
3806,3810,and use their forwards and well try for schumann this time players offside,normal_play,0.0
3808,3812,well try for schumann this time players offside nice,normal_play,0.0
3810,3814,offside nice players offside but,normal_play,0.0
3812,3816,players offside but credit this scottish outfit down to 14,penalty,0.6128
3814,3818,credit this scottish outfit down to 14 men theyre pounding away at the line,penalty,0.6128
3816,3820,14 men theyre pounding away at the line thats all they can do at this stage,penalty,0.6128
3818,3822,thats all they can do at this stage elizabeths,penalty,0.6128
3820,3824,stage elizabeths sin bidding period is over,normal_play,0.0
3822,3826,elizabeths sin bidding period is over they wont be able to come,normal_play,0.0
3824,3828,they wont be able to come back on until theres a definitive break,normal_play,0.4032
3826,3830,come back on until theres a definitive break in play,normal_play,0.4032
3828,3832,break in play scotland tap and run elizabeth reintroduced,normal_play,0.342
3830,3834,scotland tap and run elizabeth reintroduced theyre back to 15,normal_play,0.342
3832,3836,reintroduced theyre back to 15 ireland have castled them,normal_play,0.342
3834,3838,ireland have castled them ransacked them forced them all,normal_play,0.342
3836,3840,ransacked them forced them all gone listen to this place,normal_play,0.4032
3838,3842,gone listen to this place,normal_play,0.4032
3840,3844,place,normal_play,0.0
3846,3850,well the players congratulate,normal_play,0.0
3848,3852,well the players congratulate and this educated irish,normal_play,0.0
3850,3854,congratulate and this educated irish rugby crowd too they know what,normal_play,0.0
3852,3856,irish rugby crowd too they know what this means because any sort of,normal_play,0.0
3854,3858,what this means because any sort of technical eye had passed over this,normal_play,0.0
3856,3860,of technical eye had passed over this this scottish attack is just,normal_play,0.0
3858,3862,this this scottish attack is just a little bit too deep,normal_play,0.0
3860,3864,just a little bit too deep off in russell theyre not really,normal_play,0.0
3862,3866,off in russell theyre not really separating the,normal_play,0.0
3864,3868,really separating the irish defenders,normal_play,0.0
3866,3870,the irish defenders something to look at but havent really,normal_play,0.0
3868,3872,something to look at but havent really been able to break it down at all as the big,normal_play,0.0
3870,3874,been able to break it down at all as the big man goes off and hes put in a fine shift,normal_play,0.0
3872,3876,man goes off and hes put in a fine shift 11 carries 63m,normal_play,0.0
3874,3878,11 carries 63m made ball in hand by piers schumann,normal_play,0.0
3876,3880,63m made ball in hand by piers schumann in a losing cause,normal_play,0.0
3878,3882,schumann in a losing cause but individual effort,normal_play,0.0
3880,3884,cause but individual effort rory sutherland,normal_play,0.0
3882,3886,effort rory sutherland who finished last season in northern,normal_play,0.0
3884,3888,who finished last season in northern ireland with elster,normal_play,0.0
3886,3890,northern ireland with elster comes on for him,normal_play,0.0
3888,3892,comes on for him,normal_play,0.0
3890,3894,and then as princess anne she will,normal_play,0.0
3892,3896,and then as princess anne she will be impressed by the irish display,normal_play,0.0
3894,3898,will be impressed by the irish display if a little disheartened by what,normal_play,0.0
3896,3900,display if a little disheartened by what scotland have served up,normal_play,0.0
3898,3902,what scotland have served up princess royal the patron of scottish rugby,normal_play,0.0
3900,3904,princess royal the patron of scottish rugby doesnt that picture,normal_play,0.0
3902,3906,doesnt that picture tell the tale,normal_play,0.0
3904,3908,picture tell the tale four years apart,normal_play,0.0
3906,3910,four years apart two world cups apart,normal_play,0.0
3908,3912,two world cups apart scotland being torn apart,normal_play,0.0
3910,3914,scotland being torn apart by an irrepressible ireland,normal_play,0.0
3912,3916,by an irrepressible ireland i was once captain at,normal_play,0.0
3914,3918,i was once captain at canadian side at murrayfield and the sleet started,normal_play,0.0
3916,3920,at canadian side at murrayfield and the sleet started to happen as princess royal was supposed to meet all,normal_play,0.0
3918,3922,started to happen as princess royal was supposed to meet all the players and she wisely,normal_play,0.0
3920,3924,all the players and she wisely showed a great touch and said lets get,normal_play,0.0
3922,3926,wisely showed a great touch and said lets get on with this lets get on with the rugby,normal_play,0.0
3924,3928,get on with this lets get on with the rugby but not a,normal_play,0.0
3926,3930,but not a day that we want to celebrate,normal_play,0.0
3928,3932,a day that we want to celebrate scotland still,normal_play,0.0
3930,3934,celebrate scotland still yet to cross the whitewash,normal_play,0.0
3932,3936,still yet to cross the whitewash,normal_play,0.0
3938,3942,look at andrew porter,normal_play,0.0
3940,3944,look at andrew porter,normal_play,0.0
3942,3946,porter portrait of a warrior,normal_play,0.0
3944,3948,portrait of a warrior,scrum,0.301
3946,3950,and like all good athletes he knows where the camera is,scrum,0.301
3948,3952,and like all good athletes he knows where the camera is and jamie were now getting to a stage where this is,scrum,0.301
3950,3954,and jamie were now getting to a stage where this is a statement performance theyre now sending messages,scrum,0.301
3952,3956,is a statement performance theyre now sending messages to the other teams left in the quarterfinals,scrum,0.301
3954,3958,messages to the other teams left in the quarterfinals about where ireland are,scrum,0.301
3956,3960,quarterfinals about where ireland are at the moment,scrum,0.301
3958,3962,are at the moment,scrum,0.301
3974,3978,of course weve seen that from the all,normal_play,0.0
3976,3980,of course weve seen that from the all blacks and weve seen that from the french this weekend,normal_play,0.0
3978,3982,all blacks and weve seen that from the french this weekend a great weekend for rugby but,normal_play,0.0
3980,3984,weekend a great weekend for rugby but for the irish team in,normal_play,0.0
3982,3986,but for the irish team in what is an incredibly,normal_play,0.0
3984,3988,in what is an incredibly fierce contest we thought it was going to be,normal_play,0.0
3986,3990,fierce contest we thought it was going to be they have just dismantled the scots,normal_play,0.0
3988,3992,be they have just dismantled the scots,normal_play,0.0
3990,3994,scots still 27 minutes to play,normal_play,0.0
3992,3996,still 27 minutes to play in this match,scrum,0.2941
3994,3998,play in this match,scrum,0.2941
3998,4002,and those eight successive ireland victories,scrum,0.2941
4000,4004,and those eight successive ireland victories over scotland the average,scrum,0.2941
4002,4006,over scotland the average score is ireland 25 scotland 11,scrum,0.2941
4004,4008,average score is ireland 25 scotland 11 its,scrum,0.2941
4006,4010,11 its looking a lot prettier for ireland,scrum,0.2941
4008,4012,its looking a lot prettier for ireland a lot uglier for scotland right,normal_play,0.0
4010,4014,a lot uglier for scotland right now plenty,normal_play,0.0
4012,4016,right now plenty time left on the clock,normal_play,0.0
4014,4018,plenty time left on the clock jack crowley,normal_play,0.0
4016,4020,jack crowley the quarter backed monster for the,normal_play,0.4032
4018,4022,the quarter backed monster for the united rugby championship title players,normal_play,0.4032
4020,4024,the united rugby championship title players scotland go fast ollie,normal_play,0.4032
4022,4026,players scotland go fast ollie smith back in the thick of things after,normal_play,0.4032
4024,4028,ollie smith back in the thick of things after a sin been in,normal_play,0.0
4026,4030,after a sin been in jack dempsey,normal_play,0.0
4028,4032,jack dempsey skips past the challenge of winning fulham,normal_play,0.3641
4030,4034,dempsey skips past the challenge of winning fulham and fimli bielum,normal_play,0.3641
4032,4036,fulham and fimli bielum russell runs it into,normal_play,0.3641
4034,4038,russell runs it into richie gray this will be his,normal_play,0.3641
4036,4040,into richie gray this will be his last appearance at the world cup hes been,normal_play,0.0
4038,4042,his last appearance at the world cup hes been turned over irelands steal it back,normal_play,0.0
4040,4044,been turned over irelands steal it back,normal_play,0.3316
4042,4046,back thats,normal_play,0.3316
4044,4048,thats the narrative for so many of the,normal_play,0.3316
4046,4050,thats the narrative for so many of the men out there they may not get back here again,normal_play,0.3316
4048,4052,the men out there they may not get back here again players on both teams know,normal_play,0.0
4050,4054,again players on both teams know that this could be their,normal_play,0.0
4052,4056,know that this could be their last shot at the rugby world cup,normal_play,0.4032
4054,4058,their last shot at the rugby world cup for ireland theres,normal_play,0.4032
4056,4060,for ireland theres still a long way to go potentially,normal_play,0.4032
4058,4062,theres still a long way to go potentially for scotland its all ending,normal_play,0.4032
4060,4064,for scotland its all ending in tears,normal_play,0.0
4062,4066,ending in tears tackle off the,normal_play,0.0
4064,4068,tackle off the ball from richie gray,penalty,0.6111
4066,4070,ball from richie gray tackle off the,penalty,0.6111
4068,4072,tackle off the ball,penalty,0.6111
4070,4074,the ball on the 10 metre line,penalty,0.6111
4072,4076,on the 10 metre line yes thats correct number,normal_play,0.0
4074,4078,line yes thats correct number 4 richie gray is,normal_play,0.0
4076,4080,number 4 richie gray is not going to go down without a fight maybe some frustration,normal_play,0.0
4078,4082,is not going to go down without a fight maybe some frustration coming in there,normal_play,0.0
4080,4084,frustration coming in there rob the wave starts to swing around,normal_play,0.0
4082,4086,rob the wave starts to swing around here and its largely a green wave as we,normal_play,0.0
4084,4088,around here and its largely a green wave as we look at this incredible stadium i dont,normal_play,0.0
4086,4090,we look at this incredible stadium i dont know who it was to be honest i just got a call from the tmo,normal_play,0.0
4088,4092,know who it was to be honest i just got a call from the tmo the atmosphere really built it its,normal_play,0.0
4090,4094,the atmosphere really built it its a 7 7 green,normal_play,0.0
4092,4096,its a 7 7 green scotland now looking at yet another replacement,normal_play,0.0
4094,4098,scotland now looking at yet another replacement ill play this one,normal_play,0.0
4096,4100,replacement ill play this one i didnt have my name on it,normal_play,0.0
4098,4102,i didnt have my name on it its been all on the side its been attritional,normal_play,0.0
4100,4104,its been all on the side its been attritional for them finn,normal_play,0.0
4102,4106,attritional for them finn russell tried to create something but this is very,normal_play,0.0
4104,4108,finn russell tried to create something but this is very much,normal_play,0.0
4106,4110,very much a difficult task on every single,normal_play,0.0
4108,4112,a difficult task on every single facet of this game at the moment,normal_play,0.2669
4110,4114,single facet of this game at the moment were just going to go quiet here and let you take,normal_play,0.2669
4112,4116,were just going to go quiet here and let you take in this atmosphere in the television sets,normal_play,0.2669
4114,4118,take in this atmosphere in the television sets at home its,normal_play,0.2669
4116,4120,at home its special,normal_play,0.0
4118,4122,its special,normal_play,0.0
4120,4124,yeah,normal_play,0.0
4122,4126,yeah,normal_play,0.0
4124,4128,yeah,normal_play,0.0
4136,4140,the bars,normal_play,0.0
4138,4142,the bars of paris and saint genea will be doing a,normal_play,0.0
4140,4144,bars of paris and saint genea will be doing a roaring trade tonight you fancy thank you,normal_play,0.0
4142,4146,a roaring trade tonight you fancy thank you irelands,normal_play,0.0
4144,4148,you irelands line is a picture of perfection,normal_play,0.0
4146,4150,irelands line is a picture of perfection and theyre still on the third of,normal_play,0.0
4148,4152,and theyre still on the third of the scottish throws too,lineout,0.3157
4150,4154,of the scottish throws too they look to keep the scoreboard ticking,lineout,0.3157
4152,4156,they look to keep the scoreboard ticking once again,lineout,0.3157
4154,4158,ticking once again murray ringrose throws,lineout,0.3157
4156,4160,murray ringrose throws the dummy,normal_play,0.0
4158,4162,throws the dummy,normal_play,0.0
4160,4164,kelleher such competition,normal_play,0.2453
4162,4166,kelleher such competition for places in this irish team,normal_play,0.2453
4164,4168,competition for places in this irish team ronan,normal_play,0.2453
4166,4170,team ronan kelleher finlay bealham vying with,normal_play,0.2453
4168,4172,ronan kelleher finlay bealham vying with sheehan and tadhg furlong james ryan,normal_play,0.3147
4170,4174,with sheehan and tadhg furlong james ryan too captain ireland,normal_play,0.3147
4172,4176,ryan too captain ireland captain leinster,normal_play,0.4032
4174,4178,ireland captain leinster crowley pulling it back for bundy bundee aki,normal_play,0.4032
4176,4180,crowley pulling it back for bundy bundee aki who is sitting down as,normal_play,0.3725
4178,4182,bundee aki who is sitting down as scuttling opponents,normal_play,0.3725
4180,4184,as scuttling opponents jack debsue,normal_play,0.3725
4182,4186,opponents jack debsue rocked,normal_play,0.3725
4184,4188,debsue rocked by big bad bundy,normal_play,0.4032
4186,4190,rocked by big bad bundy murray goes blind,normal_play,0.4032
4188,4192,bundy murray goes blind crowley,normal_play,0.4032
4190,4194,crowley ian vanez 13 blue offside,normal_play,0.4032
4192,4196,crowley ian vanez 13 blue offside we have penley vanez,normal_play,0.4032
4194,4198,offside we have penley vanez scotland in fringe again ireland can,normal_play,0.4032
4196,4200,scotland in fringe again ireland can rampage again,normal_play,0.4032
4198,4202,can rampage again crowley,normal_play,0.4032
4200,4204,crowley stabs the kick over the top,try,1.0
4202,4206,crowley stabs the kick over the top thats a pitch,try,1.0
4204,4208,top thats a pitch,try,1.0
4208,4212,artistry,normal_play,0.0
4210,4214,artistry sheer,normal_play,0.0
4212,4216,sheer magnificent,normal_play,0.0
4214,4218,sheer magnificent artistry,normal_play,0.0
4216,4220,artistry ireland masters of innovation,normal_play,0.0
4218,4222,ireland masters of innovation and so wonderfully,normal_play,0.0
4220,4224,and so wonderfully kill a kill gary,normal_play,0.0
4222,4226,wonderfully kill a kill gary ringrose the try scorer jack,normal_play,0.0
4224,4228,gary ringrose the try scorer jack crowleys gilded fingerprints all,normal_play,0.0
4226,4230,jack crowleys gilded fingerprints all over this,normal_play,0.0
4228,4232,all over this this doesnt happen without the,normal_play,0.0
4230,4234,this doesnt happen without the go forward from those forwards the 23,normal_play,0.0
4232,4236,the go forward from those forwards the 23 year old puts the outside of his right,normal_play,0.0
4234,4238,23 year old puts the outside of his right boot to that perfectly weighted,normal_play,0.0
4236,4240,right boot to that perfectly weighted great,normal_play,0.0
4238,4242,weighted great finish as well and ringrose who,normal_play,0.0
4240,4244,great finish as well and ringrose who started this match look at the youngster he knows,normal_play,0.0
4242,4246,who started this match look at the youngster he knows it looks good hes hoping and,normal_play,0.0
4244,4248,knows it looks good hes hoping and yes it is ringrose in for five,normal_play,0.0
4246,4250,yes it is ringrose in for five,normal_play,0.0
4250,4254,gary ringrose in amongst the try,normal_play,0.0
4252,4256,gary ringrose in amongst the try again,normal_play,0.0
4254,4258,try again and jack crowley,normal_play,0.0
4256,4260,and jack crowley ireland have a worthy successor to johnny,normal_play,0.0
4258,4262,ireland have a worthy successor to johnny johnny sexton,normal_play,0.0
4260,4264,johnny johnny sexton another off beat academy,normal_play,0.0
4262,4266,another off beat academy production line,normal_play,0.0
4264,4268,academy production line its a great,normal_play,0.0
4266,4270,its a great big party at gary ringroses period house,normal_play,0.0
4268,4272,great big party at gary ringroses period house in dublin when ireland won the six nations grand,normal_play,0.0
4270,4274,house in dublin when ireland won the six nations grand slam just over seven months,normal_play,0.0
4272,4276,grand slam just over seven months ago,goal_kick,0.8688
4274,4278,months ago i reckon the ringrose household will be,goal_kick,0.8688
4276,4280,i reckon the ringrose household will be abuzz just now,goal_kick,0.8688
4278,4282,abuzz just now as,goal_kick,0.8688
4280,4284,now as crowley lines up the conversion,goal_kick,0.8326
4282,4286,as crowley lines up the conversion,goal_kick,0.8326
4292,4296,off,goal_kick,0.6075
4294,4298,off the post no,goal_kick,0.6075
4296,4300,the post no luck for jack crowley,goal_kick,0.8688
4298,4302,no luck for jack crowley but ireland,goal_kick,0.8688
4300,4304,but ireland move on to 36 unanswered,goal_kick,0.8688
4302,4306,ireland move on to 36 unanswered points lee dewey is going to take,goal_kick,0.8688
4304,4308,unanswered points lee dewey is going to take a shot here just,normal_play,0.0
4306,4310,take a shot here just taps it with the outside of his right foot the,normal_play,0.0
4308,4312,taps it with the outside of his right foot the weight and the distance was perfect,normal_play,0.0
4310,4314,the weight and the distance was perfect,normal_play,0.0
4312,4316,perfect,normal_play,0.0
4316,4320,that physically sums,normal_play,0.0
4318,4322,that physically sums up the frustration of,normal_play,0.0
4320,4324,sums up the frustration of the scottish team,kick_off,0.5159
4322,4326,of the scottish team,kick_off,0.5159
4324,4328,a terrific,kick_off,0.5159
4326,4330,a terrific take in the air,kick_off,0.5159
4328,4332,terrific take in the air ireland seizing upon,normal_play,0.0
4330,4334,air ireland seizing upon it and ireland,normal_play,0.0
4332,4336,upon it and ireland are far from done yet,normal_play,0.4032
4334,4338,ireland are far from done yet ringrose footed wide to gibson,normal_play,0.4032
4336,4340,ringrose footed wide to gibson park and hes got the,normal_play,0.4032
4338,4342,gibson park and hes got the legs whirring again,normal_play,0.4032
4340,4344,the legs whirring again a perfect battleship duel,normal_play,0.0
4342,4346,a perfect battleship duel with george horn,normal_play,0.0
4344,4348,duel with george horn,normal_play,0.3288
4348,4352,tackle now his knees on the ground,normal_play,0.3288
4350,4354,tackle now his knees on the ground,normal_play,0.3288
4352,4356,ground,normal_play,0.4032
4354,4358,crowley hugo keenan into a thunder,normal_play,0.4032
4356,4360,crowley hugo keenan into a thunder flea or world play of the year,normal_play,0.3312
4358,4362,thunder flea or world play of the year in 2022,normal_play,0.3312
4360,4364,in 2022,normal_play,0.3312
4364,4368,weaving those patterns,normal_play,0.0
4366,4370,weaving those patterns painting those beautiful,normal_play,0.0
4368,4372,painting those beautiful attacking pictures,normal_play,0.2989
4370,4374,beautiful attacking pictures,normal_play,0.2989
4372,4376,crowley another little kick this time,normal_play,0.2989
4374,4378,crowley another little kick this time that one harder for,normal_play,0.2989
4376,4380,that one harder for ringrose to get after scotland win it back,normal_play,0.4032
4378,4382,for ringrose to get after scotland win it back and olly smith throws it way,normal_play,0.4032
4380,4384,back and olly smith throws it way beyond to poulotu,normal_play,0.4032
4382,4386,way beyond to poulotu doan fandemavera has to try and bake a kick with,normal_play,0.4032
4384,4388,poulotu doan fandemavera has to try and bake a kick with crumbs but they can tackle,normal_play,0.4032
4386,4390,with crumbs but they can tackle the monstrous winger,normal_play,0.4032
4388,4392,tackle the monstrous winger,normal_play,0.0
4390,4394,winger and once again theyve kicked doan fandemavera,normal_play,0.0
4392,4396,and once again theyve kicked doan fandemavera out of this match,normal_play,0.3961
4394,4398,fandemavera out of this match,normal_play,0.3961
4396,4400,russell saw space,normal_play,0.3961
4398,4402,russell saw space looking for the penalty doesnt get it,normal_play,0.3961
4400,4404,looking for the penalty doesnt get it and ireland on the counter with hugo,normal_play,0.0
4402,4406,it and ireland on the counter with hugo hugo keenan and he drills it,normal_play,0.0
4404,4408,hugo hugo keenan and he drills it back through the arms of olly smith hes,normal_play,0.4032
4406,4410,it back through the arms of olly smith hes been bamboozled by the ball and hes,normal_play,0.4032
4408,4412,hes been bamboozled by the ball and hes knocked it on at the second time of asking,normal_play,0.4032
4410,4414,hes knocked it on at the second time of asking and,normal_play,0.4032
4412,4416,asking and that is,normal_play,0.4032
4414,4418,and that is the summation of scotlands,normal_play,0.4032
4416,4420,the summation of scotlands nights and look at bundy bundee aki,normal_play,0.4032
4418,4422,scotlands nights and look at bundy bundee aki,normal_play,0.4032
4420,4424,bundee aki he sounds the battle cry,normal_play,0.0
4422,4426,he sounds the battle cry,normal_play,0.0
4424,4428,cry russell try,normal_play,0.0
4426,4430,russell try to get the call here the referees right on,normal_play,0.0
4428,4432,try to get the call here the referees right on top it says no you ran straight into him,normal_play,0.0
4430,4434,on top it says no you ran straight into him and then again,normal_play,0.0
4432,4436,him and then again just summing up whats been going on for scotland,normal_play,0.0
4434,4438,again just summing up whats been going on for scotland the bounce not going their way,normal_play,0.0
4436,4440,scotland the bounce not going their way,normal_play,0.0
4438,4442,way look at bundee aki hes been outstanding,normal_play,0.0
4440,4444,look at bundee aki hes been outstanding all tournament today,normal_play,0.0
4442,4446,outstanding all tournament today hes got all the go forward for ireland and,normal_play,0.0
4444,4448,hes got all the go forward for ireland and rob such an impressive player on,normal_play,0.0
4446,4450,and rob such an impressive player on both sides of the ball defence and,normal_play,0.0
4448,4452,both sides of the ball defence and attack yeah if youre picking out four players,normal_play,0.0
4450,4454,and attack yeah if youre picking out four players from the rugby world cup bundy bundee aki is right at the top of,normal_play,0.0
4452,4456,players from the rugby world cup bundy bundee aki is right at the top of that list everything he does is,normal_play,0.0
4454,4458,of that list everything he does is just power driven goes forward,normal_play,0.0
4456,4460,is just power driven goes forward gets the game line and then creates,normal_play,0.0
4458,4462,gets the game line and then creates opportunities for those around him,normal_play,0.0
4460,4464,creates opportunities for those around him,normal_play,0.0
4462,4466,its worth noting,normal_play,0.0
4464,4468,its worth noting as well irelands record victory over scotland,normal_play,0.0
4466,4470,noting as well irelands record victory over scotland is,normal_play,0.0
4468,4472,scotland is by a margin of 30 points,normal_play,0.0
4470,4474,is by a margin of 30 points that came in a six nations dropping,normal_play,0.0
4472,4476,that came in a six nations dropping in 2015 when ireland,normal_play,0.0
4474,4478,dropping in 2015 when ireland were going for the title,normal_play,0.0
4476,4480,ireland were going for the title clinched it on the final day at murrayfield in edinburgh,normal_play,0.0
4478,4482,clinched it on the final day at murrayfield in edinburgh without stripping that,normal_play,0.0
4480,4484,edinburgh without stripping that margin just now,scrum,0.4877
4482,4486,that margin just now i wonder if,scrum,0.4877
4484,4488,i wonder if those two senior heads there,scrum,0.4877
4486,4490,those two senior heads there that we just saw in shot know that,scrum,0.4877
4488,4492,there that we just saw in shot know that stat,scrum,0.4877
4490,4494,that stat fine what a gift from the irish team,scrum,0.4877
4492,4496,fine what a gift from the irish team for giving peter armani his,scrum,0.4877
4494,4498,team for giving peter armani his 100th cap,scrum,0.4877
4496,4500,his 100th cap steady,normal_play,0.0
4498,4502,steady,normal_play,0.0
4500,4504,little solace,penalty,0.491
4502,4506,little solace to scrum penalty going against ireland,penalty,0.491
4504,4508,solace to scrum penalty going against ireland,penalty,0.491
4506,4510,ireland,penalty,0.491
4508,4512,russell again,normal_play,0.0
4510,4514,russell again gambling,normal_play,0.0
4512,4516,again gambling tripling that ball towards,normal_play,0.0
4514,4518,tripling that ball towards the corner but greenrose watches it,normal_play,0.0
4516,4520,towards the corner but greenrose watches it all the way keeps it in,normal_play,0.4032
4518,4522,it all the way keeps it in vupmail leading the chase for scotland,normal_play,0.4032
4520,4524,vupmail leading the chase for scotland the 37 year old prop,normal_play,0.4032
4522,4526,scotland the 37 year old prop whos just come off the bench,normal_play,0.4032
4524,4528,whos just come off the bench russell,normal_play,0.0
4526,4530,russell might as well chance his arm at this stage,normal_play,0.0
4528,4532,russell might as well chance his arm at this stage hope pops his ring rose,normal_play,0.4032
4530,4534,stage hope pops his ring rose flings the medical ball away and its,normal_play,0.4032
4532,4536,flings the medical ball away and its well scooped up by jack dempsey,normal_play,0.4032
4534,4538,its well scooped up by jack dempsey,normal_play,0.4032
4536,4540,bryce to gray dupu,normal_play,0.4032
4538,4542,bryce to gray dupu lottu looping round,normal_play,0.4032
4540,4544,dupu lottu looping round cummings theres the dummy lee and,normal_play,0.4032
4542,4546,cummings theres the dummy lee and ashwin goes in to help,normal_play,0.4032
4544,4548,and ashwin goes in to help scotland desperate to avoid the,normal_play,0.4032
4546,4550,scotland desperate to avoid the ignominy of being held,normal_play,0.4032
4548,4552,the ignominy of being held all the pre match talk from the scots was,try,1.0
4550,4554,all the pre match talk from the scots was talk of belief gregor townsend,try,1.0
4552,4556,was talk of belief gregor townsend said we believe said this is our moment,try,1.0
4554,4558,townsend said we believe said this is our moment this is ewan ashwins moment,try,1.0
4556,4560,moment this is ewan ashwins moment scotland are on the board,try,1.0
4558,4562,moment scotland are on the board,try,1.0
4560,4564,board,try,1.0
4562,4566,63 brutal,try,1.0
4564,4568,63 brutal mortifying trialous pointless minutes,try,1.0
4566,4570,mortifying trialous pointless minutes scotland at,try,1.0
4568,4572,minutes scotland at last have,try,1.0
4570,4574,at last have troubled the scoreboard ewan,try,1.0
4572,4576,troubled the scoreboard ewan ashwin gets their opening try,try,1.0
4574,4578,ewan ashwin gets their opening try yeah you sense,try,1.0
4576,4580,yeah you sense the scotters werent going to leave this stadium without,normal_play,0.0
4578,4582,sense the scotters werent going to leave this stadium without something to show for it and finn russell gets,normal_play,0.0
4580,4584,without something to show for it and finn russell gets the initial break nice pick up there,normal_play,0.0
4582,4586,gets the initial break nice pick up there and some finally some go forward,normal_play,0.0
4584,4588,there and some finally some go forward from the scots,normal_play,0.0
4586,4590,forward from the scots and ship it out to the side,normal_play,0.0
4588,4592,scots and ship it out to the side nice hands from the centre there,normal_play,0.0
4590,4594,nice hands from the centre there dupu lottu does well,normal_play,0.0
4592,4596,there dupu lottu does well and puts away the replacement,normal_play,0.0
4594,4598,well and puts away the replacement hooker 23 year old,normal_play,0.0
4596,4600,replacement hooker 23 year old ewan ashwin,normal_play,0.0
4598,4602,old ewan ashwin,normal_play,0.0
4604,4608,ewan ashwin born in toronto canada,goal_kick,0.8688
4606,4610,ewan ashwin born in toronto canada his father was working,goal_kick,0.8688
4608,4612,canada his father was working his father a proud scotts raised in north,goal_kick,0.732
4610,4614,his father a proud scotts raised in north of england but very much a scotsman,goal_kick,0.732
4612,4616,north of england but very much a scotsman and finn russell,goal_kick,0.732
4614,4618,scotsman and finn russell steers that one between the posts,goal_kick,0.732
4616,4620,russell steers that one between the posts 36 points,normal_play,0.0
4618,4622,posts 36 points to 7 and those,normal_play,0.0
4620,4624,points to 7 and those fans have something to shout about at,normal_play,0.0
4622,4626,those fans have something to shout about at long last,normal_play,0.0
4624,4628,long last yeah they perhaps knew they werent favourites,normal_play,0.0
4626,4630,yeah they perhaps knew they werent favourites but they thought they were going to be giving it for a bit longer,normal_play,0.0
4628,4632,favourites but they thought they were going to be giving it for a bit longer i,normal_play,0.0
4630,4634,longer i,normal_play,0.0
4632,4636,i feel,normal_play,0.0
4634,4638,i feel scotland have used,normal_play,0.0
4636,4640,scotland have used their eighth and final replacement,normal_play,0.0
4638,4642,used their eighth and final replacement jodie darge is off,normal_play,0.0
4640,4644,replacement jodie darge is off luke crosby,normal_play,0.0
4642,4646,off luke crosby tough customer from a town of,normal_play,0.0
4644,4648,tough customer from a town of livingston,normal_play,0.0
4646,4650,of livingston in central scotland,normal_play,0.0
4648,4652,in central scotland hes on wearing jersey 21,kick_off,0.1313
4650,4654,hes on wearing jersey 21 the full compliment of scottish replacement is,kick_off,0.1313
4652,4656,the full compliment of scottish replacement is on and if this match,kick_off,0.1313
4654,4658,is on and if this match does not play him any more injured victims,kick_off,0.1313
4656,4660,match does not play him any more injured victims scotland will go down to,try,1.0
4658,4662,victims scotland will go down to,try,1.0
4660,4664,to 14,normal_play,0.4032
4662,4666,to 14,normal_play,0.4032
4664,4668,russell scotland look to,normal_play,0.4032
4666,4670,russell scotland look to move it from inside there in 22,normal_play,0.4032
4668,4672,to move it from inside there in 22 george horn thrives an open play,try,1.0
4670,4674,22 george horn thrives an open play rate and suddenly its opened up,try,1.0
4672,4676,play rate and suddenly its opened up for hugh jones away from bundee aki,normal_play,0.4032
4674,4678,up for hugh jones away from bundee aki the inside ball knocked back by an irish,normal_play,0.4032
4676,4680,the inside ball knocked back by an irish hand and steering away is oli,normal_play,0.4032
4678,4682,irish hand and steering away is oli smith hes got support,normal_play,0.4032
4680,4684,oli smith hes got support scotland are in again,try,1.0
4682,4686,scotland are in again,try,1.0
4684,4688,it,try,1.0
4686,4690,it may be a forlorn hope right,try,1.0
4688,4692,it may be a forlorn hope right now but that is one,try,1.0
4690,4694,right now but that is one of the try of the tournaments finished,try,1.0
4692,4696,one of the try of the tournaments finished by ali price and,try,1.0
4694,4698,finished by ali price and you wonder where this scotland has been,try,1.0
4696,4700,and you wonder where this scotland has been for the past 65 minutes,normal_play,0.0
4698,4702,been for the past 65 minutes,normal_play,0.0
4700,4704,minutes well finally some return,normal_play,0.0
4702,4706,well finally some return for the scottish outfit for going wide,normal_play,0.0
4704,4708,return for the scottish outfit for going wide,goal_kick,0.8459
4706,4710,wide try all clear,goal_kick,0.8459
4708,4712,try all clear try been cleared by,goal_kick,0.6874
4710,4714,clear try been cleared by the tmo a little regroup for the irish team,goal_kick,0.6874
4712,4716,by the tmo a little regroup for the irish team its not what they,goal_kick,0.6874
4714,4718,team its not what they expected russell adds two more,goal_kick,0.6874
4716,4720,they expected russell adds two more but from deep,goal_kick,0.8459
4718,4722,more but from deep in their own end they back themselves,goal_kick,0.8459
4720,4724,in their own end they back themselves theyll be commenting on the,normal_play,0.0
4722,4726,theyll be commenting on the open able to break down the irish this time they go,normal_play,0.0
4724,4728,the open able to break down the irish this time they go around the outside great pace exhibited,normal_play,0.0
4726,4730,go around the outside great pace exhibited by the,normal_play,0.0
4728,4732,exhibited by the scottish backs hugh jones stepping out of,normal_play,0.0
4730,4734,the scottish backs hugh jones stepping out of the tackle,normal_play,0.0
4732,4736,the tackle unselfish play here the show and go,normal_play,0.0
4734,4738,unselfish play here the show and go and ali price,normal_play,0.0
4736,4740,go and ali price the man whos been the talk of the town all week gets,normal_play,0.0
4738,4742,price the man whos been the talk of the town all week gets a nice try,normal_play,0.0
4740,4744,gets a nice try this is,normal_play,0.0
4742,4746,this is the kind of rugby scotland have longed to play,normal_play,0.0
4744,4748,is the kind of rugby scotland have longed to play this is when theyre,normal_play,0.0
4746,4750,play this is when theyre at their best,normal_play,0.0
4748,4752,theyre at their best taking opportunities manipulating,normal_play,0.0
4750,4754,taking opportunities manipulating defences,normal_play,0.0
4752,4756,manipulating defences but it looks like,normal_play,0.0
4754,4758,defences but it looks like much too little far too late,normal_play,0.0
4756,4760,like much too little far too late as ali price gets his,normal_play,0.0
4758,4762,as ali price gets his second in as many matches,normal_play,0.0
4760,4764,second in as many matches,kick_off,0.3542
4768,4772,mcveigh goes,normal_play,0.0
4770,4774,mcveigh goes in and takes crowleys,normal_play,0.0
4772,4776,goes in and takes crowleys restarts,normal_play,0.4032
4774,4778,restarts scotland this time shaped to,normal_play,0.4032
4776,4780,restarts scotland this time shaped to kick its been touched,normal_play,0.4032
4778,4782,to kick its been touched cannon off an irish paw,normal_play,0.4032
4780,4784,cannon off an irish paw zubikinen has it back,normal_play,0.0
4782,4786,paw zubikinen has it back cant get,normal_play,0.0
4784,4788,back cant get away from crosby,normal_play,0.4032
4786,4790,get away from crosby crowley ian henderson,normal_play,0.4032
4788,4792,crowley ian henderson squirt of the,normal_play,0.3187
4790,4794,henderson squirt of the violets third try,normal_play,0.3187
4792,4796,the violets third try third of six theyve mustered,normal_play,0.3187
4794,4798,third of six theyve mustered tonight ronan,normal_play,0.3187
4796,4800,mustered tonight ronan kelleher caught by vip inel,normal_play,0.4032
4798,4802,ronan kelleher caught by vip inel,normal_play,0.4032
4800,4804,inel,normal_play,0.2401
4806,4810,scott conleys loop for that turnover,normal_play,0.0
4808,4812,scott conleys loop for that turnover couldnt win it back for scotland,normal_play,0.0
4810,4814,turnover couldnt win it back for scotland ian henderson,normal_play,0.0
4812,4816,ian henderson off on the rampage once more,normal_play,0.1624
4814,4818,off on the rampage once more,normal_play,0.1624
4816,4820,morrie jack conen,normal_play,0.1624
4818,4822,morrie jack conen big moment for him,normal_play,0.1624
4820,4824,conen big moment for him suffered a nasty foot injury that,normal_play,0.0
4822,4826,suffered a nasty foot injury that kept him out of the early matches,normal_play,0.0
4824,4828,that kept him out of the early matches scotland with the penalty,penalty,0.4434
4826,4830,scotland with the penalty there is a momentum shift,penalty,0.4434
4828,4832,there is a momentum shift inside stade de france,penalty,0.4434
4830,4834,shift inside stade de france and,penalty,0.4434
4832,4836,and russell again wastes no time,normal_play,0.0
4834,4838,and russell again wastes no time and on this occasion does make touch,normal_play,0.0
4836,4840,and on this occasion does make touch,normal_play,0.0
4838,4842,touch the referees gonna,normal_play,0.0
4840,4844,the referees gonna kill that momentum for the,normal_play,0.0
4842,4846,gonna kill that momentum for the moment as he wants to see,normal_play,0.0
4844,4848,the moment as he wants to see james ryan looked at hes,normal_play,0.0
4846,4850,see james ryan looked at hes injured behind the play,normal_play,0.0
4848,4852,hes injured behind the play yeah big shouts going out,normal_play,0.0
4850,4854,yeah big shouts going out for scotland as theyve got hands on that rock ball theres,normal_play,0.0
4852,4856,for scotland as theyve got hands on that rock ball theres the big carry,normal_play,0.0
4854,4858,theres the big carry from conen hes,normal_play,0.0
4856,4860,from conen hes driven back and look immediately over the ball,normal_play,0.0
4858,4862,hes driven back and look immediately over the ball supporting his own weight,normal_play,0.0
4860,4864,supporting his own weight great technique,normal_play,0.0
4862,4866,great technique from luke crosby,normal_play,0.0
4864,4868,from luke crosby,normal_play,0.0
4872,4876,james ryan was panning,normal_play,0.0
4874,4878,james ryan was panning an injury into this match thats one of the reasons,normal_play,0.0
4876,4880,panning an injury into this match thats one of the reasons andy farrell selected ian henderson,normal_play,0.0
4878,4882,reasons andy farrell selected ian henderson ahead of him it would be a big,normal_play,0.0
4880,4884,henderson ahead of him it would be a big concern to lose him,normal_play,0.0
4882,4886,big concern to lose him such an important,normal_play,0.0
4884,4888,him such an important player such an ever present,normal_play,0.0
4886,4890,important player such an ever present member of this squad,normal_play,0.0
4888,4892,present member of this squad,normal_play,0.0
4890,4894,and there you see all,normal_play,0.0
4892,4896,and there you see all eight replacements on for the scots,normal_play,0.0
4894,4898,all eight replacements on for the scots,normal_play,0.0
4896,4900,scots luke crosby wearing jersey,normal_play,0.0
4898,4902,luke crosby wearing jersey 21 with the all important penalty,normal_play,0.0
4900,4904,jersey 21 with the all important penalty,normal_play,0.0
4902,4906,penalty luke salmajer,normal_play,0.0
4904,4908,luke salmajer crum of solace,normal_play,0.0
4906,4910,salmajer crum of solace in the final 10 minutes,normal_play,0.0
4908,4912,solace in the final 10 minutes well i think its fitting for,normal_play,0.0
4910,4914,minutes well i think its fitting for the scottish open they have at least this moment here,normal_play,0.0
4912,4916,for the scottish open they have at least this moment here two try on the board the stadiums,normal_play,0.0
4914,4918,here two try on the board the stadiums pumping a bit here,normal_play,0.0
4916,4920,stadiums pumping a bit here were in a very difficult pool with the world number,normal_play,0.0
4918,4922,were in a very difficult pool with the world number one team and the current world champions in,normal_play,0.0
4920,4924,number one team and the current world champions in south africa its always gonna,normal_play,0.0
4922,4926,in south africa its always gonna be tough they didnt have the first half they wanted,normal_play,0.0
4924,4928,be tough they didnt have the first half they wanted the first phase of defence has really let them down,normal_play,0.0
4926,4930,the first phase of defence has really let them down at least now a chance to show the world,normal_play,0.0
4928,4932,at least now a chance to show the world how good they are and how they,lineout,0.2348
4930,4934,world how good they are and how they can play,lineout,0.2348
4932,4936,they can play well that goes to the front and to,lineout,0.2348
4934,4938,well that goes to the front and to glasgows scott cummings,lineout,0.2348
4936,4940,to glasgows scott cummings,maul,0.3217
4942,4946,nice,normal_play,0.0
4944,4948,nice diplodio at first receiver,normal_play,0.0
4946,4950,diplodio at first receiver dummyd the pass to russell,normal_play,0.0
4948,4952,dummyd the pass to russell then thundered forth,normal_play,0.4032
4950,4954,then thundered forth,normal_play,0.4032
4952,4956,richie gray still full of running he knows this,normal_play,0.4032
4954,4958,richie gray still full of running he knows this could be his last rugby world,normal_play,0.4032
4956,4960,this could be his last rugby world cup match,normal_play,0.0
4958,4962,world cup match vp now ditto for him,normal_play,0.0
4960,4964,vp now ditto for him at 37 years old,normal_play,0.4032
4962,4966,him at 37 years old,normal_play,0.4032
4964,4968,russell delayed the pass,normal_play,0.4032
4966,4970,russell delayed the pass and pulled it back behind sione,normal_play,0.4032
4968,4972,pass and pulled it back behind sione dupilotu who cant take it,normal_play,0.4032
4970,4974,sione dupilotu who cant take it cleanly the ball,normal_play,0.4032
4972,4976,it cleanly the ball screwing out of an irish toe,normal_play,0.4032
4974,4978,ball screwing out of an irish toe,normal_play,0.4032
4978,4982,no knock on the,normal_play,0.0
4980,4984,no knock on the tackle chat with,normal_play,0.0
4982,4986,the tackle chat with our referees russell seems to think hes,normal_play,0.0
4984,4988,with our referees russell seems to think hes seen it weve got nothing clear there,normal_play,0.0
4986,4990,hes seen it weve got nothing clear there i didnt see anything disappointment,normal_play,0.0
4988,4992,i didnt see anything disappointment for the man who started this match as captain,normal_play,0.0
4990,4994,disappointment for the man who started this match as captain,normal_play,0.0
4992,4996,captain,normal_play,0.0
4994,4998,robbie,normal_play,0.0
4996,5000,robbie sent a bit of buzz here,normal_play,0.0
4998,5002,robbie sent a bit of buzz here scottish side showing,normal_play,0.0
5000,5004,scottish side showing their pride as they plough into,normal_play,0.0
5002,5006,showing their pride as they plough into the midway through the fourth,normal_play,0.0
5004,5008,into the midway through the fourth quarter here very much a,normal_play,0.0
5006,5010,fourth quarter here very much a case of looking for that unstructured play thats,normal_play,0.0
5008,5012,a case of looking for that unstructured play thats what scotland wanted all the way through this,lineout,0.4726
5010,5014,thats what scotland wanted all the way through this game unfortunately it took 63,lineout,0.4726
5012,5016,game unfortunately it took 63 minutes to really see that that is the,lineout,0.4726
5014,5018,63 minutes to really see that that is the suppression that ireland can really get on games,lineout,0.4726
5016,5020,the suppression that ireland can really get on games scott will move it,normal_play,0.0
5018,5022,scott will move it softly away from the line up diplodio again,normal_play,0.0
5020,5024,it softly away from the line up diplodio again,normal_play,0.0
5022,5026,again trying to blast the chasm in,normal_play,0.0
5024,5028,trying to blast the chasm in the irish midfield unsuccessfully,normal_play,0.0
5026,5030,in the irish midfield unsuccessfully nell back to russell,normal_play,0.0
5028,5032,nell back to russell static and looking for help and finally george,normal_play,0.0
5030,5034,static and looking for help and finally george horn who is the smallest,normal_play,0.0
5032,5036,george horn who is the smallest man in the world cup and,normal_play,0.3457
5034,5038,smallest man in the world cup and the hardest to shackle as well and,normal_play,0.3457
5036,5040,the hardest to shackle as well and ashman pops it up drops it cold,normal_play,0.3457
5038,5042,and ashman pops it up drops it cold ireland can punish the scots here,normal_play,0.3457
5040,5044,ireland can punish the scots here pump and jumble,normal_play,0.4032
5042,5046,here pump and jumble from bealum jack conan can,normal_play,0.4032
5044,5048,jumble from bealum jack conan can maraud over half way,normal_play,0.365
5046,5050,can maraud over half way dragged down by sutherland,normal_play,0.365
5048,5052,dragged down by sutherland,normal_play,0.365
5050,5054,dave,normal_play,0.365
5052,5056,dave kilcoyne the veteran,normal_play,0.4032
5054,5058,dave kilcoyne the veteran loose head prop 34 years of,normal_play,0.4032
5056,5060,veteran loose head prop 34 years of age,normal_play,0.4032
5058,5062,of age kerr who sends up the crossfield bomb,normal_play,0.4032
5060,5064,kerr who sends up the crossfield bomb on duan fandemervas side,normal_play,0.4032
5062,5066,bomb on duan fandemervas side relieves it for ollis smith,normal_play,0.4032
5064,5068,relieves it for ollis smith the u is caught,normal_play,0.0
5066,5070,the u is caught and support the hook fandemerva,normal_play,0.0
5068,5072,and support the hook fandemerva wrapped up hes not been able to get those,normal_play,0.4032
5070,5074,fandemerva wrapped up hes not been able to get those giant thighs free and,normal_play,0.4032
5072,5076,those giant thighs free and stampeding at any point today,normal_play,0.4032
5074,5078,and stampeding at any point today charge from,normal_play,0.4032
5076,5080,today charge from jack dempsey,normal_play,0.4032
5078,5082,from jack dempsey russell cummins,normal_play,0.4032
5080,5084,russell cummins sutherland,normal_play,0.1386
5082,5086,cummins sutherland what a hit ibsen park wow,normal_play,0.1386
5084,5088,what a hit ibsen park wow giving away about half,normal_play,0.1386
5086,5090,giving away about half a ton in body weight sits the big prop,normal_play,0.1386
5088,5092,half a ton in body weight sits the big prop down russell,normal_play,0.4032
5090,5094,prop down russell now,normal_play,0.4032
5092,5096,russell now hugh jones,normal_play,0.4032
5094,5098,hugh jones introducing ollis smith,normal_play,0.4032
5096,5100,introducing ollis smith,normal_play,0.4032
5098,5102,fandemerva the left handed,normal_play,0.4032
5100,5104,fandemerva the left handed pass to vipionel,normal_play,0.4032
5102,5106,handed pass to vipionel,normal_play,0.4032
5104,5108,into the final 10 minutes,normal_play,0.4032
5106,5110,into the final 10 minutes russell wide and flat,normal_play,0.4032
5108,5112,minutes russell wide and flat sutherland again hes,normal_play,0.2228
5110,5114,flat sutherland again hes put a bit of space for himself and from,normal_play,0.2228
5112,5116,hes put a bit of space for himself and from proud town of hoyk in the,normal_play,0.2228
5114,5118,from proud town of hoyk in the scottish borders its contributed more,normal_play,0.2228
5116,5120,the scottish borders its contributed more scotland internationals than any other town,normal_play,0.0
5118,5122,more scotland internationals than any other town as you will see hugo keenan will,normal_play,0.0
5120,5124,town as you will see hugo keenan will call the mark and take,normal_play,0.0
5122,5126,will call the mark and take the sting out of this attack,normal_play,0.0
5124,5128,the sting out of this attack a smart play from,normal_play,0.323
5126,5130,a smart play from hugo keenan they dont need to rush,normal_play,0.323
5128,5132,from hugo keenan they dont need to rush this theyve got this game in control,normal_play,0.323
5130,5134,this theyve got this game in control theyve,normal_play,0.323
5132,5136,control theyve got their quarter final plays,normal_play,0.0
5134,5138,theyve got their quarter final plays booked this,normal_play,0.0
5136,5140,booked this entire bodys out there,normal_play,0.0
5138,5142,this entire bodys out there the emotional,normal_play,0.0
5140,5144,the emotional intensity of playing against a team you know this,normal_play,0.0
5142,5146,emotional intensity of playing against a team you know this well knowing how much is on the line,normal_play,0.0
5144,5148,this well knowing how much is on the line knowing your world cup could end in,normal_play,0.0
5146,5150,line knowing your world cup could end in the evening,normal_play,0.0
5148,5152,in the evening really does have a toll on the players,normal_play,0.4032
5150,5154,really does have a toll on the players,normal_play,0.4032
5152,5156,russell moves it,normal_play,0.4032
5154,5158,russell moves it quickly away to fandemerva,normal_play,0.4032
5156,5160,it quickly away to fandemerva who in turn asks ollis,normal_play,0.0
5158,5162,fandemerva who in turn asks ollis smith to make the first cut,normal_play,0.0
5160,5164,ollis smith to make the first cut first man,normal_play,0.0
5162,5166,cut first man whos fine and will steal it back,normal_play,0.0
5164,5168,man whos fine and will steal it back,normal_play,0.0
5166,5170,back and its irish ball,normal_play,0.0
5168,5172,and its irish ball its bundy bundee akis ball,normal_play,0.0
5170,5174,its bundy bundee akis ball as it has been on so many occasions,normal_play,0.0
5172,5176,as it has been on so many occasions at this rugby world,normal_play,0.4032
5174,5178,occasions at this rugby world cup,normal_play,0.4032
5176,5180,cup jemison gibson park out of shot is,normal_play,0.4032
5178,5182,jemison gibson park out of shot is hugging the left touchline he,normal_play,0.4032
5180,5184,is hugging the left touchline he wants the cross kick,normal_play,0.4032
5182,5186,wants the cross kick here,normal_play,0.4032
5184,5188,here comes from hugo keenan,normal_play,0.3405
5186,5190,here comes from hugo keenan ryan crowley now there is,normal_play,0.3405
5188,5192,ryan crowley now there is that delicate little boot this one folded,normal_play,0.3405
5190,5194,that delicate little boot this one folded by finn russell,normal_play,0.3405
5192,5196,folded by finn russell conor murray wraps him up russell somehow,normal_play,0.4032
5194,5198,conor murray wraps him up russell somehow frees up an arm octopus style,normal_play,0.4032
5196,5200,somehow frees up an arm octopus style to two pull or two,normal_play,0.2564
5198,5202,style to two pull or two theres a bit of wrestling going on,normal_play,0.2564
5200,5204,theres a bit of wrestling going on finn russell has got,normal_play,0.2564
5202,5206,on finn russell has got conor murray pinned for a,normal_play,0.2564
5204,5208,got conor murray pinned for a three count,normal_play,0.4032
5206,5210,a three count,normal_play,0.4032
5208,5212,heres russell again standing captain,normal_play,0.341
5210,5214,heres russell again standing captain ashman scored,normal_play,0.341
5212,5216,captain ashman scored it with the first scottish try,normal_play,0.341
5214,5218,scored it with the first scottish try,normal_play,0.341
5218,5222,bryce,normal_play,0.3805
5220,5224,bryce sutherland,normal_play,0.3805
5222,5226,bryce sutherland the atmosphere inside stade de france is,normal_play,0.3805
5224,5228,the atmosphere inside stade de france is quiet as its been all evening,normal_play,0.3805
5226,5230,is quiet as its been all evening irish supporters,normal_play,0.3805
5228,5232,irish supporters content but subdued,normal_play,0.0
5230,5234,supporters content but subdued as scotland attack,normal_play,0.0
5232,5236,subdued as scotland attack spanish fans just,normal_play,0.4032
5234,5238,spanish fans just hoping for a little more cheer before the,normal_play,0.4032
5236,5240,just hoping for a little more cheer before the final whistle russell calls,normal_play,0.4032
5238,5242,the final whistle russell calls the mark,normal_play,0.4032
5240,5244,calls the mark russell searching for a 50 22,normal_play,0.4032
5242,5246,russell searching for a 50 22 find him only jameson gibson,normal_play,0.4032
5244,5248,find him only jameson gibson park,normal_play,0.3565
5246,5250,gibson park,normal_play,0.3565
5248,5252,come out,normal_play,0.3565
5250,5254,come out guys thank you,normal_play,0.3565
5252,5256,out guys thank you that one almost wound up in the parisian,normal_play,0.0
5254,5258,that one almost wound up in the parisian flight path it was so high,normal_play,0.0
5256,5260,parisian flight path it was so high price has found a lot of unguarded space,normal_play,0.4032
5258,5262,price has found a lot of unguarded space looking for the 50 22,normal_play,0.4032
5260,5264,space looking for the 50 22 the balls going to hold up,normal_play,0.4032
5262,5266,22 the balls going to hold up on the five metre line,normal_play,0.4032
5264,5268,up on the five metre line crowley tracking back,normal_play,0.0
5266,5270,crowley tracking back green white hes drilled down a,normal_play,0.0
5268,5272,green white hes drilled down a mile downfield,normal_play,0.4032
5270,5274,a mile downfield its a very high body seal i was just going to,normal_play,0.4032
5272,5276,its a very high body seal i was just going to say theres some men walking out there but you can,normal_play,0.4032
5274,5278,to say theres some men walking out there but you can totally understand at the pace of this game,normal_play,0.4032
5276,5280,totally understand at the pace of this game,normal_play,0.0
5278,5282,game almost unrelenting past,normal_play,0.0
5280,5284,almost unrelenting past few minutes the balls scarcely been off,normal_play,0.4032
5282,5286,past few minutes the balls scarcely been off the pitch its hardly,normal_play,0.4032
5284,5288,the pitch its hardly been a peep out of nick,normal_play,0.4032
5286,5290,hardly been a peep out of nick berrys whistle but theres a light blast there for,normal_play,0.4032
5288,5292,nick berrys whistle but theres a light blast there for another irish penalty,normal_play,0.0
5290,5294,for another irish penalty and its jameson,normal_play,0.0
5292,5296,and its jameson gibson park over the ball,penalty,0.6128
5294,5298,jameson gibson park over the ball winning the turnover penalty,penalty,0.6128
5296,5300,winning the turnover penalty he has,penalty,0.6128
5298,5302,penalty he has been everywhere,penalty,0.6128
5300,5304,has been everywhere,normal_play,0.0
5302,5306,yeah,normal_play,0.0
5304,5308,yeah the little man working hard,normal_play,0.0
5306,5310,yeah the little man working hard look at him he knows hes not going to get the ball,normal_play,0.0
5308,5312,hard look at him he knows hes not going to get the ball he just wants the penalty for his club,normal_play,0.0
5310,5314,he just wants the penalty for his club,normal_play,0.0
5312,5316,it just seems rob that,normal_play,0.0
5314,5318,it just seems rob that so much has happened in front of this irish,normal_play,0.0
5316,5320,that so much has happened in front of this irish defensive wall,normal_play,0.0
5318,5322,irish defensive wall the scottish couldnt get him behind and when they did they didnt,normal_play,0.0
5320,5324,the scottish couldnt get him behind and when they did they didnt get the off post they needed,normal_play,0.0
5322,5326,didnt get the off post they needed its played into the hands of the,normal_play,0.0
5324,5328,its played into the hands of the irish team quite enjoyed the secondary,normal_play,0.0
5326,5330,irish team quite enjoyed the secondary tackle as well from ireland and,normal_play,0.0
5328,5332,secondary tackle as well from ireland and theyre not just content with that first up hit theyre looking to,normal_play,0.0
5330,5334,theyre not just content with that first up hit theyre looking to try and secure the ball and stop that off load and look,normal_play,0.0
5332,5336,to try and secure the ball and stop that off load and look the runners track them all the way through,normal_play,0.0
5334,5338,look the runners track them all the way through and its been brilliant how theyve done it even at the,normal_play,0.0
5336,5340,and its been brilliant how theyve done it even at the point of absolute exhaustion they still look,normal_play,0.0
5338,5342,point of absolute exhaustion they still look organised,normal_play,0.0
5340,5344,look organised,normal_play,0.0
5344,5348,lapegna bajona,normal_play,0.0
5346,5350,lapegna bajona rings around stade de france,normal_play,0.0
5348,5352,rings around stade de france the adopted anthem of the french people,normal_play,0.0
5350,5354,the adopted anthem of the french people,normal_play,0.0
5352,5356,people,normal_play,0.0
5354,5358,look at those stats,normal_play,0.0
5356,5360,look at those stats ireland making,normal_play,0.0
5358,5362,stats ireland making the vast majority of the tackle,normal_play,0.0
5360,5364,making the vast majority of the tackle theyve been asked to,lineout,0.4726
5362,5366,tackle theyve been asked to,lineout,0.4726
5364,5368,to,lineout,0.4726
5366,5370,to,lineout,0.4726
5370,5374,ok thats stop lines,maul,0.2536
5372,5376,ok thats stop lines final five minutes,maul,0.2536
5374,5378,final five minutes of the match,maul,0.2536
5376,5380,minutes of the match contest,normal_play,0.0
5378,5382,contest dominated by ireland,normal_play,0.0
5380,5384,contest dominated by ireland,normal_play,0.0
5382,5386,five minutes from the quarter finals,normal_play,0.0
5384,5388,five minutes from the quarter finals and from another blockbuster date,normal_play,0.3234
5386,5390,finals and from another blockbuster date with new zealand and the all blacks,normal_play,0.3234
5388,5392,date with new zealand and the all blacks,normal_play,0.3234
5396,5400,ok,normal_play,0.4032
5398,5402,ok ok big runners,normal_play,0.4032
5400,5404,ok big runners,normal_play,0.4032
5402,5406,runners,normal_play,0.4032
5404,5408,irelands attack has been excellent,normal_play,0.3537
5406,5410,irelands attack has been excellent irelands defence too,normal_play,0.3537
5408,5412,irelands defence too theyve conceded 13,normal_play,0.1762
5410,5414,too theyve conceded 13 try in 11 matches in,normal_play,0.1762
5412,5416,13 try in 11 matches in 2023 its up,normal_play,0.1762
5414,5418,in 2023 its up to 15 and 12 now its,normal_play,0.1762
5416,5420,up to 15 and 12 now its been so impressive and for,normal_play,0.0
5418,5422,its been so impressive and for once the attack,normal_play,0.0
5420,5424,for once the attack thwarted,normal_play,0.0
5422,5426,attack thwarted by scotland who set up the mole,normal_play,0.0
5424,5428,thwarted by scotland who set up the mole and have the put in at the,normal_play,0.0
5426,5430,mole and have the put in at the scrimmage,normal_play,0.0
5428,5432,scrimmage well not that many people have played,normal_play,0.0
5430,5434,well not that many people have played test rugby leicester played it,normal_play,0.0
5432,5436,played test rugby leicester played it at a world cup venue in a crucial must,normal_play,0.0
5434,5438,it at a world cup venue in a crucial must win pool stage and you cant,normal_play,0.0
5436,5440,must win pool stage and you cant really fault either side theyve just put in,normal_play,0.0
5438,5442,cant really fault either side theyve just put in so much work here but obviously,normal_play,0.0
5440,5444,in so much work here but obviously the irish have just showed that class,normal_play,0.0
5442,5446,obviously the irish have just showed that class just showed that,normal_play,0.0
5444,5448,class just showed that cohesion i think they,normal_play,0.0
5446,5450,that cohesion i think they seem to have more options in the,normal_play,0.0
5448,5452,they seem to have more options in the opposition they carved up the scots,normal_play,0.0
5450,5454,opposition they carved up the scots early on its a really,normal_play,0.0
5452,5456,scots early on its a really really tight outfit right now rob brickham in there,normal_play,0.0
5454,5458,really really tight outfit right now rob brickham in there the other teams are looking in,normal_play,0.0
5456,5460,there the other teams are looking in as to how to get in amongst this,normal_play,0.0
5458,5462,in as to how to get in amongst this irish team so many senior vets like,normal_play,0.0
5460,5464,this irish team so many senior vets like that who are leading the charge of,normal_play,0.0
5462,5466,like that who are leading the charge of quality throughout the side,normal_play,0.0
5464,5468,of quality throughout the side and i think thats whats key to it all they are so,normal_play,0.0
5466,5470,and i think thats whats key to it all they are so comfortable in how they play and you,normal_play,0.0
5468,5472,so comfortable in how they play and you know their formations you know their structures you,normal_play,0.0
5470,5474,you know their formations you know their structures you can analyse them until youve got no,normal_play,0.0
5472,5476,you can analyse them until youve got no time left in the week hes just trying to stop it,normal_play,0.0
5474,5478,no time left in the week hes just trying to stop it players in motion their efficiency,normal_play,0.0
5476,5480,it players in motion their efficiency and interplay is what is setting them aside,normal_play,0.0
5478,5482,efficiency and interplay is what is setting them aside at the moment and their strength and depth is,normal_play,0.0
5480,5484,aside at the moment and their strength and depth is just ridiculous,normal_play,0.0
5482,5486,is just ridiculous yeah that efficiency they dont,normal_play,0.0
5484,5488,yeah that efficiency they dont seem to waste much energy out there,normal_play,0.0
5486,5490,dont seem to waste much energy out there and their lines have run theyre such a well,normal_play,0.0
5488,5492,and their lines have run theyre such a well rehearsed team,normal_play,0.0
5490,5494,well rehearsed team its a journey,normal_play,0.0
5492,5496,its a journey this irish team has been on jamie as you,normal_play,0.0
5494,5498,journey this irish team has been on jamie as you know youve been watching it from across,normal_play,0.0
5496,5500,you know youve been watching it from across the water there theyve put in so,normal_play,0.0
5498,5502,across the water there theyve put in so much work for such a long time to get,normal_play,0.0
5500,5504,so much work for such a long time to get to this stage,normal_play,0.0
5502,5506,get to this stage the great days in the 80s and the,normal_play,0.0
5504,5508,the great days in the 80s and the 90s for irish rugby,normal_play,0.0
5506,5510,the 90s for irish rugby when they lost to,normal_play,0.0
5508,5512,when they lost to all manner of teams from,normal_play,0.0
5510,5514,to all manner of teams from all manner of countries they lost 2 out of 2 to,normal_play,0.0
5512,5516,from all manner of countries they lost 2 out of 2 to namibia,scrum,0.4877
5514,5518,to namibia they lost 10 out of 11 to scotland,scrum,0.4877
5516,5520,they lost 10 out of 11 to scotland 11 out of 11 to england,scrum,0.4877
5518,5522,11 out of 11 to england they lost to samoa to italy,scrum,0.4877
5520,5524,they lost to samoa to italy,scrum,0.4877
5522,5526,italy no longer,scrum,0.4877
5524,5528,no longer no longer,scrum,0.4877
5526,5530,no longer,scrum,0.4877
5528,5532,longer so many people have contributed and now our colleague,normal_play,0.0
5530,5534,so many people have contributed and now our colleague hugo mcneil talks about the school system,normal_play,0.0
5532,5536,colleague hugo mcneil talks about the school system particularly the register school system the message im getting,normal_play,0.0
5534,5538,system particularly the register school system the message im getting guys bring your hide up please the,normal_play,0.0
5536,5540,getting guys bring your hide up please the likes of david musa for our work,normal_play,0.0
5538,5542,the likes of david musa for our work with stephen aboud who put a lot of,normal_play,0.0
5540,5544,work with stephen aboud who put a lot of time in that program so many,normal_play,0.0
5542,5546,of time in that program so many have built this up school teachers academy,normal_play,0.0
5544,5548,many have built this up school teachers academy teachers and this is the result,normal_play,0.0
5546,5550,academy teachers and this is the result theyre the best team in the world and for me,normal_play,0.0
5548,5552,result theyre the best team in the world and for me theyve got to be the favourite scoring,normal_play,0.0
5550,5554,me theyve got to be the favourite scoring in these quarter finals,normal_play,0.0
5552,5556,scoring in these quarter finals,normal_play,0.0
5570,5574,crouch,scrum,0.3423
5572,5576,crouch five,scrum,0.3423
5574,5578,five,scrum,0.3423
5576,5580,six,normal_play,0.0
5578,5582,six,normal_play,0.0
5582,5586,nine nine ireland penalty,penalty,0.4031
5584,5588,nine nine ireland penalty down hinging,penalty,0.4031
5586,5590,down hinging elbow down hinge,penalty,0.4031
5588,5592,elbow down hinge youre losing,normal_play,0.0
5590,5594,youre losing elbow down hinging,normal_play,0.0
5592,5596,losing elbow down hinging just to,normal_play,0.0
5594,5598,just to explain hinging is at the waist,normal_play,0.0
5596,5600,to explain hinging is at the waist holding that weight,normal_play,0.0
5598,5602,waist holding that weight,normal_play,0.0
5600,5604,weight probably some,normal_play,0.0
5602,5606,probably some important minutes here for the substitute there,normal_play,0.0
5604,5608,some important minutes here for the substitute there the youngster jack crowley has,normal_play,0.1279
5606,5610,the youngster jack crowley has all gone his ways since hes been on there but you,normal_play,0.1279
5608,5612,all gone his ways since hes been on there but you cant replicate this environment and,normal_play,0.1279
5610,5614,you cant replicate this environment and the importance of it,normal_play,0.1279
5612,5616,and the importance of it looking at some of the stats,normal_play,0.0
5614,5618,looking at some of the stats on our monitor in front of us some of the tackle,normal_play,0.0
5616,5620,stats on our monitor in front of us some of the tackle mumblers from ireland,normal_play,0.0
5618,5622,tackle mumblers from ireland 21 apiece made by josh fundaflea,normal_play,0.0
5620,5624,21 apiece made by josh fundaflea and cailan dorris in the irish,normal_play,0.0
5622,5626,fundaflea and cailan dorris in the irish back row most of the,normal_play,0.0
5624,5628,irish back row most of the pack well into double figures bundy bundee aki,lineout,0.2467
5626,5630,the pack well into double figures bundy bundee aki too and now they,lineout,0.2467
5628,5632,bundee aki too and now they have a chance to,lineout,0.2467
5630,5634,they have a chance to drive another dagger between,lineout,0.2467
5632,5636,to drive another dagger between scottish ribs,normal_play,0.0
5634,5638,between scottish ribs here goes the splinter,normal_play,0.0
5636,5640,here goes the splinter group fundaflea,normal_play,0.0
5638,5642,splinter group fundaflea and kelliher in there,normal_play,0.0
5640,5644,fundaflea and kelliher in there scotland dragging towards,normal_play,0.0
5642,5646,there scotland dragging towards the touch line and the ball,normal_play,0.0
5644,5648,towards the touch line and the ball is available so murray plays it,normal_play,0.3217
5646,5650,ball is available so murray plays it away,normal_play,0.3217
5648,5652,it away ireland on the hunt for their seventh try of the night,normal_play,0.3217
5650,5654,ireland on the hunt for their seventh try of the night,normal_play,0.3217
5652,5656,night murray dorris,normal_play,0.0
5654,5658,murray dorris tackle release met early,normal_play,0.0
5656,5660,dorris tackle release met early on the game line,normal_play,0.3245
5658,5662,early on the game line murray plays once more,normal_play,0.3245
5660,5664,murray plays once more to fundaflea,normal_play,0.3245
5662,5666,to fundaflea massive power to weight ratio,normal_play,0.3245
5664,5668,massive power to weight ratio the explosive,penalty,0.4057
5666,5670,the explosive flanker and another,penalty,0.4057
5668,5672,explosive flanker and another scottish penalty conceded tackles,penalty,0.4057
5670,5674,another scottish penalty conceded tackles complete and hes still played the ball there,penalty,0.4057
5672,5676,tackles complete and hes still played the ball there okay hes got,normal_play,0.0
5674,5678,okay hes got to release the tackler,normal_play,0.0
5676,5680,to release the tackler well,normal_play,0.0893
5678,5682,well ireland are managing the clock here and you mentioned the,normal_play,0.0893
5680,5684,well ireland are managing the clock here and you mentioned the back rowers fundaflea and dorris,normal_play,0.0893
5682,5686,the back rowers fundaflea and dorris you cant do what ireland done here,normal_play,0.0893
5684,5688,dorris you cant do what ireland done here tonight without those men,try,1.0
5686,5690,tonight without those men doing the work the body of work,try,1.0
5688,5692,men doing the work the body of work hes had 42 tackle between,normal_play,0.0567
5690,5694,work hes had 42 tackle between them constant work and theyre still going,normal_play,0.0567
5692,5696,between them constant work and theyre still going to pound away at the scottish line here,normal_play,0.0567
5694,5698,going to pound away at the scottish line here we go lord and kelliher,normal_play,0.0567
5696,5700,here we go lord and kelliher a little false start now he goes,try,1.0
5698,5702,kelliher a little false start now he goes this has,try,1.0
5700,5704,goes this has been a pummeling,try,1.0
5702,5706,has been a pummeling from the irish pack,try,1.0
5704,5708,from the irish pack and they are hungry for more,try,1.0
5706,5710,and they are hungry for more,try,1.0
5708,5712,more,try,1.0
5710,5714,finlay bealham,try,1.0
5712,5716,finlay bealham hoovers up another irish try,normal_play,0.0
5714,5718,hoovers up another irish try,normal_play,0.0
5716,5720,try the demolition job is,normal_play,0.0
5718,5722,the demolition job is complete clear knock on by green,normal_play,0.0
5720,5724,is complete clear knock on by green beforehand clear knock on,normal_play,0.0
5722,5726,green beforehand clear knock on no need to review,normal_play,0.0
5724,5728,on no need to review that was a knock on in the ruck beforehand,normal_play,0.0
5726,5730,that was a knock on in the ruck beforehand were going to have to play the strum stop the music,normal_play,0.0
5728,5732,beforehand were going to have to play the strum stop the music stop the commentator,normal_play,0.0
5730,5734,music stop the commentator finlay bealham denied,normal_play,0.0
5732,5736,finlay bealham denied the try its going to be your strum,normal_play,0.0
5734,5738,denied the try its going to be your strum its not going to matter in the grand scheme,normal_play,0.0
5736,5740,strum its not going to matter in the grand scheme of things but there was a little fumble,normal_play,0.0
5738,5742,scheme of things but there was a little fumble,normal_play,0.0
5740,5744,fumble of an irish fingertip,normal_play,0.0
5742,5746,of an irish fingertip in the build up,normal_play,0.0
5744,5748,in the build up im not sure who it was so,normal_play,0.0
5746,5750,im not sure who it was so a couple of minutes left in fact the clock about to,normal_play,0.0
5748,5752,so a couple of minutes left in fact the clock about to tick into the red garroth so time to,normal_play,0.0
5750,5754,to tick into the red garroth so time to anoint your master card player of the match,normal_play,0.0
5752,5756,to anoint your master card player of the match outstanding work started at,normal_play,0.0
5754,5758,match outstanding work started at the bottom half for all the key moments then moved out,normal_play,0.0
5756,5760,at the bottom half for all the key moments then moved out to the wing jameson gibson park,normal_play,0.0
5758,5762,out to the wing jameson gibson park your master card player of,normal_play,0.0
5760,5764,park your master card player of the match,normal_play,0.0
5762,5766,of the match,normal_play,0.0
5764,5768,so as,normal_play,0.0
5766,5770,so as attacking stats there one of his most impressive interventions,normal_play,0.0
5768,5772,as attacking stats there one of his most impressive interventions was belton rory,normal_play,0.0
5770,5774,interventions was belton rory sutherland a big,normal_play,0.0
5772,5776,rory sutherland a big beefy scottish proper full tilt,normal_play,0.0
5774,5778,big beefy scottish proper full tilt one v one on the,normal_play,0.0
5776,5780,one v one on the wing andy farrell knows the,scrum,0.4877
5778,5782,the wing andy farrell knows the job is done,scrum,0.4877
5780,5784,the job is done his features appearing,scrum,0.4877
5782,5786,his features appearing on,scrum,0.4877
5784,5788,appearing on the back of the net hes met with a ripple of,scrum,0.4877
5786,5790,on the back of the net hes met with a ripple of approval from,scrum,0.4877
5788,5792,of approval from this huge irish crowd,scrum,0.4877
5790,5794,this huge irish crowd clock is red last act for,scrum,0.4877
5792,5796,clock is red last act for scotland at the rugby world cup 2023,normal_play,0.0
5794,5798,for scotland at the rugby world cup 2023 theyve got,normal_play,0.0
5796,5800,2023 theyve got to go from 90 metres,normal_play,0.4032
5798,5802,got to go from 90 metres just for a consolation,normal_play,0.4032
5800,5804,just for a consolation try,normal_play,0.4032
5802,5806,consolation try how much do they want it,normal_play,0.4032
5804,5808,how much do they want it how much energy do,normal_play,0.0
5806,5810,it how much energy do they have left sutherland again,normal_play,0.0
5808,5812,do they have left sutherland again fandem erba still plenty,normal_play,0.4032
5810,5814,again fandem erba still plenty of running left in those big legs,normal_play,0.4032
5812,5816,plenty of running left in those big legs the first time,normal_play,0.4032
5814,5818,legs the first time he makes metres its coming to 80 first minute,normal_play,0.4032
5816,5820,time he makes metres its coming to 80 first minute and then scotland throw it away,normal_play,0.0
5818,5822,minute and then scotland throw it away ireland have it back,normal_play,0.0
5820,5824,away ireland have it back and ireland end the match,normal_play,0.4032
5822,5826,back and ireland end the match,normal_play,0.4032
