start_time,end_time,text,event_class,highlight_score
0,4,samoa in the blue japan in the red,kick_off,0.4047
2,6,blue japan in the red no margin for error,kick_off,0.4047
4,8,no margin for error no second chances tonight,kick_off,0.4047
6,10,no second chances tonight on a baking odd evening in,kick_off,0.4047
8,12,on a baking odd evening in toulouse who can keep,normal_play,0.0
10,14,in toulouse who can keep their cool its,normal_play,0.0
12,16,keep their cool its japan and manu samoa,normal_play,0.0
14,18,its japan and manu samoa doing battle in the rugby,normal_play,0.0
16,20,samoa doing battle in the rugby world cup once again,normal_play,0.0
18,22,rugby world cup once again naoto saito,normal_play,0.0
20,24,again naoto saito infamous darts,normal_play,0.0
22,26,saito infamous darts after utaka nageros injury,normal_play,0.0
24,28,darts after utaka nageros injury finds the warm embrace of,normal_play,0.4032
26,30,finds the warm embrace of fiel mcfarlane,normal_play,0.4032
28,32,of fiel mcfarlane,normal_play,0.4032
30,34,samoa have an early penalty,normal_play,0.4032
32,36,samoa have an early penalty,penalty,0.6128
34,38,nice first touch for,penalty,0.6128
36,40,nice first touch for naoto saito of course,normal_play,0.0
38,42,for naoto saito of course a scrum out for japan,normal_play,0.0
40,44,course a scrum out for japan its 11 days where hes thinking hes not going to,normal_play,0.0
42,46,its 11 days where hes thinking hes not going to start this match and only about an hour ago,normal_play,0.0
44,48,to start this match and only about an hour ago we got confirmation that he was in,normal_play,0.0
46,50,ago we got confirmation that he was in for the start in the nine jersey,normal_play,0.0
48,52,in for the start in the nine jersey,normal_play,0.2713
50,54,and that can be really pivoted how you,normal_play,0.2713
52,56,and that can be really pivoted how you play a game but conversely just,normal_play,0.2713
54,58,you play a game but conversely just to talk about the,normal_play,0.2713
56,60,just to talk about the game theyve given away six penalty,normal_play,0.0
58,62,the game theyve given away six penalty a game that was less than,normal_play,0.0
60,64,penalty a game that was less than a minute less than 30 seconds in the giveaway,normal_play,0.0
62,66,than a minute less than 30 seconds in the giveaway potentially point scoring but this,normal_play,0.0
64,68,giveaway potentially point scoring but this is a behemoth of,normal_play,0.0
66,70,this is a behemoth of a kick,normal_play,0.0
68,72,of a kick its going to,normal_play,0.0
70,74,its going to be allied the angelo lea way up,normal_play,0.0
72,76,to be allied the angelo lea way up making his first rugby world cup,normal_play,0.0
74,78,up making his first rugby world cup start born in auckland,normal_play,0.0
76,80,cup start born in auckland to a proud samoan family,normal_play,0.0
78,82,auckland to a proud samoan family as jamie joseph,normal_play,0.0
80,84,family as jamie joseph a dual japanese and new zealand international,normal_play,0.0
82,86,joseph a dual japanese and new zealand international watches on was he who oversaw,normal_play,0.0
84,88,international watches on was he who oversaw that incredible run to the quarters,normal_play,0.0
86,90,oversaw that incredible run to the quarters in 2019 hes revered,normal_play,0.0
88,92,quarters in 2019 hes revered in japan but this is his last,normal_play,0.0
90,94,revered in japan but this is his last tournament before returning to,normal_play,0.0
92,96,last tournament before returning to new zealand with the highlanders,normal_play,0.0
94,98,to new zealand with the highlanders,normal_play,0.0
96,100,highlanders and,goal_kick,0.7177
98,102,and now the angelo lea wheel up,goal_kick,0.7177
100,104,and now the angelo lea wheel up plucks his driver from his bag,goal_kick,0.7177
102,106,plucks his driver from his bag this is a biggie,goal_kick,0.7177
104,108,this is a biggie,goal_kick,0.6492
110,114,has,goal_kick,0.8688
112,116,has it got the legs no,goal_kick,0.8688
114,118,has it got the legs no just dips agonizingly,goal_kick,0.8688
116,120,no just dips agonizingly beneath the japanese crossbar,goal_kick,0.8688
118,122,agonizingly beneath the japanese crossbar but the upshot will,goal_kick,0.8688
120,124,crossbar but the upshot will nonetheless be a samoan line out,goal_kick,0.8688
122,126,will nonetheless be a samoan line out 20 meters inside,goal_kick,0.8688
124,128,out 20 meters inside the japanese half so,goal_kick,0.8688
126,130,inside the japanese half so i like that jamie they wanted to punish them,goal_kick,0.8688
128,132,so i like that jamie they wanted to punish them early on the return kick,normal_play,0.0
130,134,them early on the return kick means they have possession where they would have had it had they,normal_play,0.0
132,136,kick means they have possession where they would have had it had they just gone down the sideline so still,normal_play,0.0
134,138,they just gone down the sideline so still their possession,normal_play,0.0
136,140,still their possession of course they were denied a losing bonus,normal_play,0.0
138,142,of course they were denied a losing bonus point against argentina with that last minute kick,normal_play,0.0
140,144,bonus point against argentina with that last minute kick by sanchez okay somebody clear off back,normal_play,0.0
142,146,by sanchez okay somebody clear off back with possession all important,normal_play,0.0
144,148,back with possession all important staggeringly they only had,normal_play,0.0
146,150,important staggeringly they only had 58 carries in their last game samoa,normal_play,0.0
148,152,had 58 carries in their last game samoa so theyll be looking to try and get a bit of ball in hand,normal_play,0.0
150,154,samoa so theyll be looking to try and get a bit of ball in hand that is an almighty thump,normal_play,0.0
152,156,hand that is an almighty thump not quite with the gareth reece power,normal_play,0.0
154,158,not quite with the gareth reece power and finesse on that kick unfortunately,normal_play,0.0
156,160,power and finesse on that kick unfortunately well actually look how quickly the,normal_play,0.0
158,162,unfortunately well actually look how quickly the ball is spinning as it just falls short of the,normal_play,0.0
160,164,the ball is spinning as it just falls short of the bar he just hasnt got all his power through,lineout,0.3516
162,166,the bar he just hasnt got all his power through the middle of that couple more yards and,lineout,0.3516
164,168,through the middle of that couple more yards and thats the first three points of course samoan,lineout,0.3516
166,170,and thats the first three points of course samoan line out is a good one from lamb to fritzley,lineout,0.3516
168,172,samoan line out is a good one from lamb to fritzley the captain,maul,0.2369
170,174,fritzley the captain and samoa need,maul,0.2369
172,176,and samoa need to take on this japanese,maul,0.2369
174,178,need to take on this japanese pack up front its,maul,0.2369
176,180,japanese pack up front its the area where they might feel theyve got the physical advantage,maul,0.3134
178,182,the area where they might feel theyve got the physical advantage,maul,0.3134
180,184,advantage and it continues,maul,0.3134
182,186,and it continues to inch closer,maul,0.3134
184,188,continues to inch closer to the 22,maul,0.331
186,190,closer to the 22 jonathan dalmatini waits,maul,0.331
188,192,jonathan dalmatini waits patiently,maul,0.331
190,194,waits patiently still his forwards trundle,maul,0.331
192,196,still his forwards trundle still japan,normal_play,0.0
194,198,still japan suck players in now they move,normal_play,0.0
196,200,japan suck players in now they move it denoa manu cant,normal_play,0.0
198,202,move it denoa manu cant quite escape the clutches of jimeno,normal_play,0.0
200,204,cant quite escape the clutches of jimeno dalmatini lee comes,normal_play,0.4032
202,206,dalmatini lee comes battering round the corner,normal_play,0.4032
204,208,comes battering round the corner just front put stuff from,normal_play,0.4032
206,210,just front put stuff from samoa lealiti fano went,normal_play,0.4032
208,212,from samoa lealiti fano went for the kick so jordan,normal_play,0.4032
210,214,went for the kick so jordan dalfor couldnt take it and,normal_play,0.4032
212,216,jordan dalfor couldnt take it and use it and the ball is back,normal_play,0.3945
214,218,and use it and the ball is back for japan and a ripple of,normal_play,0.3945
216,220,back for japan and a ripple of japanese approval simmers,normal_play,0.3945
218,222,of japanese approval simmers around the stadium,normal_play,0.3945
220,224,simmers around the stadium duncan paia,normal_play,0.4032
222,226,duncan paia awa this yellow carded a minute into,normal_play,0.4032
224,228,paia awa this yellow carded a minute into the lost to argentina a fortnight,normal_play,0.3859
226,230,into the lost to argentina a fortnight ago,normal_play,0.3859
228,232,ago dalmatini boa alomile,normal_play,0.3859
230,234,dalmatini boa alomile stadfonse joggenholt,normal_play,0.3859
232,236,alomile stadfonse joggenholt his captain the parisian club paia,normal_play,0.4032
234,238,his captain the parisian club paia awa what a pass that is to,normal_play,0.4032
236,240,paia awa what a pass that is to dalfor silky,normal_play,0.3565
238,242,to dalfor silky hands serala,normal_play,0.3565
240,244,silky hands serala lamb,normal_play,0.3565
242,246,serala lamb,normal_play,0.3565
246,250,this is,normal_play,0.4032
248,252,this is that pass across forwards huck,normal_play,0.4032
250,254,is that pass across forwards huck farland who did very well to grapple it under control,normal_play,0.4032
252,256,huck farland who did very well to grapple it under control it was manu,normal_play,0.4032
254,258,control it was manu stepping stuttering and,normal_play,0.4032
256,260,manu stepping stuttering and then a bit of obstruction being run in,penalty,0.6128
258,262,and then a bit of obstruction being run in front of him in,penalty,0.6128
260,264,in front of him in front of the walkout of,penalty,0.6128
262,266,in front of the walkout of suction,penalty,0.6128
264,268,of suction a little bit of miscommunication from,normal_play,0.0
266,270,a little bit of miscommunication from samoa as they went wide there,normal_play,0.0
268,272,from samoa as they went wide there they came out the back the outside man had,normal_play,0.0
270,274,they came out the back the outside man had come forward a little bit of frustration there from,normal_play,0.0
272,276,had come forward a little bit of frustration there from mapusua,normal_play,0.0
274,278,from mapusua coach,normal_play,0.0
276,280,mapusua coach bawassa manaya silala mapusua,normal_play,0.0
278,282,coach bawassa manaya silala mapusua a legend of samoa and rugby,normal_play,0.0
280,284,a legend of samoa and rugby actually spent five years of a stellar,normal_play,0.4032
282,286,rugby actually spent five years of a stellar playing career in japan a,normal_play,0.4032
284,288,stellar playing career in japan a couple of league one clubs,normal_play,0.4032
286,290,a couple of league one clubs theyre all in charge,normal_play,0.4032
288,292,theyre all in charge of the pacific islanders,normal_play,0.0
290,294,charge of the pacific islanders yeah they have a good image of what the japanese,normal_play,0.0
292,296,yeah they have a good image of what the japanese side want to do and,normal_play,0.0
294,298,japanese side want to do and this is as the ball goes wide theres no one to pass to,normal_play,0.0
296,300,this is as the ball goes wide theres no one to pass to theyve all come forward too far,normal_play,0.0
298,302,theyve all come forward too far and its an obstruction call to the,normal_play,0.0
300,304,and its an obstruction call to the player in front invented the japanese,normal_play,0.0
302,306,player in front invented the japanese player for making a tackle samoa,normal_play,0.0
304,308,japanese player for making a tackle samoa being forced into an early change as,normal_play,0.0
306,310,samoa being forced into an early change as well and then hes seoh,normal_play,0.0
308,312,as well and then hes seoh limping gingerly to the touchline,normal_play,0.0
310,314,limping gingerly to the touchline the basketball international with,normal_play,0.0
312,316,the basketball international with john and the hulking,normal_play,0.0
314,318,with john and the hulking figure brian alaiwese who,normal_play,0.0
316,320,hulking figure brian alaiwese who plays as kozunori in,normal_play,0.0
318,322,who plays as kozunori in the south of france with tilo,normal_play,0.0
320,324,in the south of france with tilo hes on wearing jersey 19,lineout,0.2119
322,326,tilo hes on wearing jersey 19,lineout,0.2119
324,328,19 its a,lineout,0.2119
326,330,its a lost player in the warm up chris rui,lineout,0.2119
328,332,a lost player in the warm up chris rui theyre now down to their third,normal_play,0.0
330,334,theyre now down to their third and fourth choice locks,normal_play,0.0
332,336,third and fourth choice locks they do win the line up back,normal_play,0.4032
334,338,they do win the line up back to manu samoa,normal_play,0.4032
336,340,back to manu samoa samoa,normal_play,0.4032
338,342,samoa torpedoes samoa clear,normal_play,0.4032
340,344,samoa torpedoes samoa clear japan typically of,normal_play,0.0
342,346,japan typically of japan want the tempo high they want,normal_play,0.0
344,348,of japan want the tempo high they want to play manu lemeke,normal_play,0.0
346,350,want to play manu lemeke hoofs it skywards,normal_play,0.0
348,352,lemeke hoofs it skywards its awkward for tau foa,normal_play,0.4032
350,354,skywards its awkward for tau foa he cant take it ben,normal_play,0.4032
352,356,he cant take it ben lambs got his big mitts on it but michael luchs,normal_play,0.4032
354,358,ben lambs got his big mitts on it but michael luchs mitts are a bit bigger,normal_play,0.4032
356,360,luchs mitts are a bit bigger salto stabs,normal_play,0.0
358,362,salto stabs the kick in behind duncan paia awu,normal_play,0.0
360,364,stabs the kick in behind duncan paia awu and japan through nakamura,normal_play,0.4032
362,366,and japan through nakamura and lemeke chasing quickly,normal_play,0.4032
364,368,nakamura and lemeke chasing quickly it,normal_play,0.4032
366,370,quickly it will be their line outs,normal_play,0.4032
368,372,it will be their line outs the shot of halfway,normal_play,0.4032
370,374,outs the shot of halfway good clearance kick from duncan paia,normal_play,0.4032
372,376,good clearance kick from duncan paia awu just showing his complete,normal_play,0.4032
374,378,paia awu just showing his complete range of skills there put the smile on the coachs,normal_play,0.4032
376,380,complete range of skills there put the smile on the coachs face a beautiful 50 meter,normal_play,0.0
378,382,coachs face a beautiful 50 meter kick back to his own line but,normal_play,0.0
380,384,kick back to his own line but that will be a second,normal_play,0.0
382,386,but that will be a second shift in the second row that affects the line out here,normal_play,0.0
384,388,second shift in the second row that affects the line out here because theyve been spent all week working,normal_play,0.0
386,390,here because theyve been spent all week working with the second rows,normal_play,0.0
388,392,working with the second rows japan lost their last line out lets keep an eye on this one,lineout,0.4726
390,394,japan lost their last line out lets keep an eye on this one,lineout,0.4726
392,396,one pressure on the throw from,lineout,0.4726
394,398,pressure on the throw from shota horie its a,lineout,0.4726
396,400,from shota horie its a slick one making it,normal_play,0.0
398,402,a slick one making it first receiver,normal_play,0.0
400,404,it first receiver,normal_play,0.0
402,406,salto,normal_play,0.0
404,408,salto nakamura moves it on to kozuki,normal_play,0.2927
406,410,salto nakamura moves it on to kozuki himeno the captain,normal_play,0.2927
408,412,kozuki himeno the captain for japan,normal_play,0.2927
410,414,for japan jiwon gu the korean born,normal_play,0.2927
412,416,japan jiwon gu the korean born tight head prop part of,normal_play,0.4032
414,418,born tight head prop part of a very experienced front row,normal_play,0.4032
416,420,of a very experienced front row with horie and keita inagaki,normal_play,0.4032
418,422,row with horie and keita inagaki this is kiga labuskakne,normal_play,0.4032
420,424,this is kiga labuskakne,normal_play,0.4032
422,426,labuskakne 16 tackle he made against,normal_play,0.4032
424,428,16 tackle he made against him once matsuda sends,normal_play,0.0
426,430,against him once matsuda sends it high waiting under,normal_play,0.0
428,432,sends it high waiting under his lamp and he has time to,normal_play,0.4032
430,434,under his lamp and he has time to call the mark well just a meter too,normal_play,0.4032
432,436,to call the mark well just a meter too far obviously inside his own 22,normal_play,0.4032
434,438,too far obviously inside his own 22 he has the right to call a free catch,normal_play,0.4032
436,440,22 he has the right to call a free catch or a mark and he can clear the,normal_play,0.0
438,442,catch or a mark and he can clear the lines as he wants,normal_play,0.0
440,444,the lines as he wants,normal_play,0.4032
442,446,japan looking to,normal_play,0.4032
444,448,japan looking to use the boot a lot a,normal_play,0.4032
446,450,to use the boot a lot a slight disruption,normal_play,0.4032
448,452,a slight disruption a good place hes happy to make his calf,normal_play,0.0
450,454,a good place hes happy to make his calf didnt look strong before the game certainly not quite,normal_play,0.0
452,456,didnt look strong before the game certainly not quite held it from it line out is,normal_play,0.0
454,458,quite held it from it line out is all important but the kicking game for japan,normal_play,0.0
456,460,all important but the kicking game for japan theyre actually coming at the second lowest kick to,normal_play,0.0
458,462,theyre actually coming at the second lowest kick to pass so round about four passes they look to,normal_play,0.0
460,464,to pass so round about four passes they look to kick it blood different tactic,normal_play,0.0
462,466,to kick it blood different tactic blood and it will challenge the samoans in a different,normal_play,0.0
464,468,blood and it will challenge the samoans in a different way yeah and yet another,normal_play,0.0
466,470,different way yeah and yet another disruption here is theres a slight movement,normal_play,0.0
468,472,another disruption here is theres a slight movement on the japanese props theyll get,normal_play,0.0
470,474,movement on the japanese props theyll get cleaned up before they continue,normal_play,0.0
472,476,get cleaned up before they continue its interesting talking,normal_play,0.0
474,478,its interesting talking about the kicking rob that scenario jamie joseph,normal_play,0.0
476,480,talking about the kicking rob that scenario jamie joseph was pleased with in,normal_play,0.0
478,482,joseph was pleased with in the england match a couple of weeks ago he said his,normal_play,0.0
480,484,the england match a couple of weeks ago he said his kicking strategy surprised england,normal_play,0.0
482,486,his kicking strategy surprised england is it surprising you as well i think,normal_play,0.0
484,488,is it surprising you as well i think it is because you think about how japan play typically,normal_play,0.0
486,490,it is because you think about how japan play typically its ball in hand its very high number,normal_play,0.0
488,492,typically its ball in hand its very high number of passes its moving the ball laterally,normal_play,0.0
490,494,number of passes its moving the ball laterally it was part of their success in 2019,normal_play,0.0
492,496,it was part of their success in 2019 they actually phrased it about playing,normal_play,0.0
494,498,2019 they actually phrased it about playing low under eddie joness eyes,normal_play,0.0
496,500,playing low under eddie joness eyes i think when they look at how to,normal_play,0.0
498,502,i think when they look at how to develop their game and style yes they like,normal_play,0.0
500,504,to develop their game and style yes they like to move the ball their tempo is very high,normal_play,0.0
502,506,like to move the ball their tempo is very high conversely its the second oldest squad in,normal_play,0.0
504,508,conversely its the second oldest squad in the world cup with samoa they look to try and tie,normal_play,0.0
506,510,in the world cup with samoa they look to try and tie them out the size difference is,normal_play,0.0
508,512,them out the size difference is quite substantial just pitch side here,normal_play,0.0
510,514,is quite substantial just pitch side here you can really see how mounted as these samoan,normal_play,0.0
512,516,here you can really see how mounted as these samoan forwards are,normal_play,0.0
514,518,samoan forwards are the moonlight,normal_play,0.0
516,520,the moonlight clear gap,normal_play,0.0
518,522,moonlight clear gap,normal_play,0.0
522,526,g1,lineout,0.4726
524,528,g1 goo is patched up,lineout,0.4726
526,530,g1 goo is patched up the japanese tight knit prop,lineout,0.4726
528,532,up the japanese tight knit prop and shweta horiya,lineout,0.4726
530,534,and shweta horiya finds michael wich a,lineout,0.4726
532,536,horiya finds michael wich a 35 year old veteran in the league and hes got,normal_play,0.0
534,538,a 35 year old veteran in the league and hes got him to himeno himeno,normal_play,0.0
536,540,got him to himeno himeno hit hard but right for tackle of silala,normal_play,0.0
538,542,himeno hit hard but right for tackle of silala lam taken back,normal_play,0.0
540,544,silala lam taken back and again aoto saito goes,normal_play,0.0
542,546,back and again aoto saito goes to the skies and this one drops,normal_play,0.0
544,548,goes to the skies and this one drops outside the 22 lam rides,normal_play,0.4032
546,550,drops outside the 22 lam rides it well look at the power of ben lam,normal_play,0.4032
548,552,rides it well look at the power of ben lam thats a hookery splattered out of the,normal_play,0.4032
550,554,lam thats a hookery splattered out of the way,normal_play,0.4032
552,556,the way fritz lee borrowing,normal_play,0.4032
554,558,fritz lee borrowing fourth,normal_play,0.4032
556,560,fourth some seriously dynamic,normal_play,0.4032
558,562,some seriously dynamic specimens in this samoan pack,normal_play,0.4032
560,564,dynamic specimens in this samoan pack the leiras,normal_play,0.4032
562,566,the leiras left foot drops,normal_play,0.4032
564,568,leiras left foot drops one on lomano limeke first test start for nearly,normal_play,0.4032
566,570,one on lomano limeke first test start for nearly two years for the 34 year,normal_play,0.4032
568,572,nearly two years for the 34 year old fullback he returns the fame,normal_play,0.4032
570,574,year old fullback he returns the fame backwards but farland tips it awkwardly,normal_play,0.4032
572,576,backwards but farland tips it awkwardly limeke pounces on it,normal_play,0.4032
574,578,awkwardly limeke pounces on it and,normal_play,0.4032
576,580,it and japan have got plenty of,normal_play,0.3173
578,582,and japan have got plenty of patches of red and white off to the left,normal_play,0.3173
580,584,of patches of red and white off to the left and tomoa manu,normal_play,0.3173
582,586,left and tomoa manu up like a shot,normal_play,0.3173
584,588,manu up like a shot almost made them pay for that risky pass,normal_play,0.0
586,590,almost made them pay for that risky pass clear with him to catch,normal_play,0.0
588,592,pass clear with him to catch wow end to end stuff limeke got,normal_play,0.0
590,594,wow end to end stuff limeke got the bounce we know hes a great seventh player as,normal_play,0.0
592,596,got the bounce we know hes a great seventh player as a nose for the line this kick,normal_play,0.0
594,598,as a nose for the line this kick wasnt gathered,normal_play,0.0
596,600,kick wasnt gathered hes on it immediately,normal_play,0.0
598,602,hes on it immediately he does well to roll a couple times just,normal_play,0.0
600,604,he does well to roll a couple times just to let his support get there but then they go and i like,normal_play,0.0
602,606,just to let his support get there but then they go and i like the decision to go wide rob it,normal_play,0.0
604,608,like the decision to go wide rob it just doesnt go to hand good gamble midfield,normal_play,0.0
606,610,it just doesnt go to hand good gamble midfield it almost paid off and it goes against,normal_play,0.0
608,612,midfield it almost paid off and it goes against exactly what we saw in the success,normal_play,0.0
610,614,against exactly what we saw in the success of japan huge accuracy usually,normal_play,0.0
612,616,success of japan huge accuracy usually in their passing and skill set and,normal_play,0.0
614,618,usually in their passing and skill set and theyre the moments that really matter that was the three,normal_play,0.0
616,620,and theyre the moments that really matter that was the three players overlap on that far side,normal_play,0.0
618,622,three players overlap on that far side and it was speculative from samoa,normal_play,0.0
620,624,side and it was speculative from samoa looking to try and close down the space well,normal_play,0.0
622,626,samoa looking to try and close down the space well well you saw the grimace from tuomano,normal_play,0.0
624,628,well you saw the grimace from tuomano he knew that was a 14 pointer,normal_play,0.0
626,630,tuomano he knew that was a 14 pointer had he not got it japan were going to score and he,normal_play,0.0
628,632,had he not got it japan were going to score and he held that pass it would have been first try,normal_play,0.0
630,634,he held that pass it would have been first try to samoa,normal_play,0.0
632,636,try to samoa,scrum,0.1923
634,638,first scrim of the evening,scrum,0.1923
636,640,first scrim of the evening samoa with a significant,scrum,0.1923
638,642,evening samoa with a significant lead advantage as you would expect,scrum,0.1923
640,644,significant lead advantage as you would expect up front,scrum,0.1923
642,646,expect up front its an area of japan technically,scrum,0.1923
644,648,its an area of japan technically very proficient in,scrum,0.1675
646,650,technically very proficient in,scrum,0.1675
648,652,well its a stable platform for,scrum,0.1675
650,654,well its a stable platform for an alto cycle to dart away dylan,scrum,0.1675
652,656,for an alto cycle to dart away dylan reilly the centre drops it onto,normal_play,0.0
654,658,dylan reilly the centre drops it onto the toe knuckle,normal_play,0.0
656,660,onto the toe knuckle kick by awa scoops it up looking with,normal_play,0.0
658,662,kick by awa scoops it up looking with a touch line didnt feel,normal_play,0.0
660,664,with a touch line didnt feel well to fritz lee who sets the,normal_play,0.0
662,666,feel well to fritz lee who sets the platform,normal_play,0.0
664,668,the platform,normal_play,0.4032
666,670,australias top point scorer,normal_play,0.4032
668,672,australias top point scorer at the world cup 2019,normal_play,0.4032
670,674,scorer at the world cup 2019 returning to samoa roots and japan,normal_play,0.4032
672,676,returning to samoa roots and japan again with the quick line out wanting,normal_play,0.4032
674,678,japan again with the quick line out wanting to play wanting to get gotaro matsushima,normal_play,0.4032
676,680,wanting to play wanting to get gotaro matsushima in possession,normal_play,0.4032
678,682,matsushima in possession saito for getting inside,normal_play,0.4032
680,684,possession saito for getting inside but fell by,normal_play,0.4032
682,686,inside but fell by lam,normal_play,0.4032
684,688,by lam matsuda rameki in the,normal_play,0.4032
686,690,matsuda rameki in the line michael leach of all people,normal_play,0.4032
688,692,the line michael leach of all people lurking in the wide expanses and leach,normal_play,0.4032
690,694,people lurking in the wide expanses and leach takes some stopping,normal_play,0.4032
692,696,leach takes some stopping japan into the samoan 22,normal_play,0.4032
694,698,japan into the samoan 22 for the first time with ball,normal_play,0.4032
696,700,22 for the first time with ball in hands fakatawas carry,normal_play,0.3413
698,702,ball in hands fakatawas carry saito,normal_play,0.3413
700,704,carry saito using their,normal_play,0.3413
702,706,using their bulk samoa,normal_play,0.3413
704,708,their bulk samoa using theirs to greater effect and,penalty,0.6128
706,710,samoa using theirs to greater effect and its their penalty,penalty,0.6128
708,712,and its their penalty thanks to sila la lam,penalty,0.6128
710,714,penalty thanks to sila la lam yeah japan just got off script,penalty,0.6128
712,716,yeah japan just got off script there for one phase and,normal_play,0.0
714,718,script there for one phase and then the ball carrier,normal_play,0.0
716,720,and then the ball carrier was exposed not enough,normal_play,0.0
718,722,was exposed not enough support there but,normal_play,0.0
720,724,enough support there but looked really clinical,normal_play,0.0
722,726,but looked really clinical,normal_play,0.0
724,728,leach has,normal_play,0.0
726,730,leach has had enough of the scrum gear the head,normal_play,0.0
728,732,had enough of the scrum gear the head gears off and hes back playing,normal_play,0.0
730,734,gears off and hes back playing,normal_play,0.0
738,742,okay here it,normal_play,0.0
740,744,okay here it was they go wide not afraid,normal_play,0.0
742,746,it was they go wide not afraid and theres the big man leach hes a big ball,normal_play,0.0
744,748,afraid and theres the big man leach hes a big ball carrier for them such a,normal_play,0.0
746,750,ball carrier for them such a veteran but this one just not enough support there,normal_play,0.0
748,752,a veteran but this one just not enough support there he cant scramble in time,normal_play,0.0
750,754,there he cant scramble in time credit to samoans right,normal_play,0.0
752,756,credit to samoans right over the ball and strong,normal_play,0.0
754,758,right over the ball and strong,normal_play,0.0
756,760,hes a nephew of his coach,normal_play,0.0
758,762,hes a nephew of his coach sila la lam rameki saito,normal_play,0.0
760,764,coach sila la lam rameki saito a,lineout,0.3031
762,766,saito a former manu samoa player and bristol,lineout,0.3031
764,768,a former manu samoa player and bristol bears coach pat and cousin,lineout,0.3031
766,770,bristol bears coach pat and cousin of winger ben as well its,lineout,0.3031
768,772,cousin of winger ben as well its a fair old rugby clan,maul,0.4084
770,774,its a fair old rugby clan the lams of manu samoa,maul,0.4084
772,776,the lams of manu samoa,maul,0.4084
774,778,the lam is in the thick of things again,maul,0.4084
776,780,the lam is in the thick of things again as samoa all over,normal_play,0.0
778,782,again as samoa all over halfway,normal_play,0.0
780,784,over halfway,normal_play,0.0
782,786,its,normal_play,0.0
784,788,its ed fido in fact hes,normal_play,0.3254
786,790,its ed fido in fact hes just bumping and bulldozing but japan,normal_play,0.3254
788,792,hes just bumping and bulldozing but japan hunt him down bring him down,normal_play,0.3254
790,794,japan hunt him down bring him down,normal_play,0.3254
792,796,down the early final,normal_play,0.0
794,798,the early final the final is liwila,normal_play,0.0
796,800,final the final is liwila japan still,normal_play,0.0
798,802,japan still at back just lost,normal_play,0.0
800,804,still at back just lost in the tackle taking some heavy,normal_play,0.0
802,806,lost in the tackle taking some heavy blows the japanese defence but they,normal_play,0.0
804,808,heavy blows the japanese defence but they are refusing to be rocked,normal_play,0.0
806,810,they are refusing to be rocked,normal_play,0.0
808,812,rocked,normal_play,0.0
810,814,well tackling they,normal_play,0.0
812,816,well tackling they love to do their numbers are really,normal_play,0.0
814,818,they love to do their numbers are really strong in this area second most tackle and,normal_play,0.0
816,820,really strong in this area second most tackle and a massive 86,normal_play,0.0
818,822,and a massive 86 success rate youll need that because,normal_play,0.0
820,824,success rate youll need that because samoa will look at you all day and exactly the,normal_play,0.0
822,826,samoa will look at you all day and exactly the same guys theyve got a sidestep named after them,normal_play,0.0
824,828,the same guys theyve got a sidestep named after them usually means to try and go through,normal_play,0.0
826,830,them usually means to try and go through you yeah,normal_play,0.0
828,832,through you yeah looks like a lot of the japanese bears are on,normal_play,0.0
830,834,yeah looks like a lot of the japanese bears are on their feet quite a stingy wall,normal_play,0.0
832,836,on their feet quite a stingy wall there,normal_play,0.0
834,838,wall there giving up any line breaks here early on,normal_play,0.0
836,840,giving up any line breaks here early on,normal_play,0.0
838,842,on,normal_play,0.0
846,850,its japan with the only,scrum,0.3303
848,852,its japan with the only line breaks of the match so far,scrum,0.3303
850,854,only line breaks of the match so far,scrum,0.3303
858,862,either side can,scrum,0.3303
860,864,either side can really afford to lose this match goudi,scrum,0.3303
862,866,can really afford to lose this match goudi is so tight in the race for the quarterfinals,scrum,0.3303
864,868,is so tight in the race for the quarterfinals both level on five points,try,1.0
866,870,both level on five points japan shift it wide and lemeke shows,try,1.0
868,872,japan shift it wide and lemeke shows and goes sat down by manu,try,1.0
870,874,shows and goes sat down by manu but hes not held hes jinking and,try,1.0
872,876,manu but hes not held hes jinking and jiving and then hes clattering into,try,1.0
874,878,and jiving and then hes clattering into duncan awa,try,1.0
876,880,into duncan awa japan four meters out,try,1.0
878,882,japan four meters out kimenal leaves it for nabusakin,try,1.0
880,884,out kimenal leaves it for nabusakin,try,1.0
888,892,japan,try,1.0
890,894,japan land the first blow of,try,1.0
892,896,japan land the first blow of this monumental pool,try,1.0
894,898,of this monumental pool d match the first,try,1.0
896,900,pool d match the first player actually played the ball into this players,normal_play,0.0
898,902,first player actually played the ball into this players hands,normal_play,0.0
900,904,players hands we will just check for any,normal_play,0.0
902,906,we will just check for any obstruction involving,normal_play,0.0
904,908,obstruction involving kimenal and nabusakin,normal_play,0.0
906,910,involving kimenal and nabusakin whether the samoan tacklers,normal_play,0.0
908,912,nabusakin whether the samoan tacklers youre correct number eight catches the,normal_play,0.0
910,914,tacklers youre correct number eight catches the ball and number seven that takes it off,normal_play,0.0
912,916,the ball and number seven that takes it off him and number seven is behind him try is,normal_play,0.0
914,918,off him and number seven is behind him try is good so theres no obstruction the player in front actually,normal_play,0.0
916,920,is good so theres no obstruction the player in front actually plays the ball correct try is good thank you,normal_play,0.0
918,922,actually plays the ball correct try is good thank you so the try will stand the voice,normal_play,0.0
920,924,you so the try will stand the voice of kimo marius j nker,normal_play,0.0
922,926,voice of kimo marius j nker assisting yaku piper the front player actually,normal_play,0.0
924,928,assisting yaku piper the front player actually plays the ball back into the back player so theres no obstructions,normal_play,0.0
926,930,actually plays the ball back into the back player so theres no obstructions like a pass thank you,normal_play,0.0
928,932,obstructions like a pass thank you theres the explanation,normal_play,0.0
930,934,you theres the explanation try is good peter,normal_play,0.0
932,936,try is good peter lapis nabusakin leading,normal_play,0.0
934,938,peter lapis nabusakin leading the charge,normal_play,0.0
936,940,leading the charge well nabusakin,normal_play,0.0
938,942,well nabusakin got the ball from jimeno as you heard there five,normal_play,0.0
940,944,nabusakin got the ball from jimeno as you heard there five nil you bet first try,normal_play,0.0
942,946,five nil you bet first try,normal_play,0.0
944,948,he just had to check to see the,goal_kick,0.8688
946,950,he just had to check to see the pass hadnt gone forward the handoff hadnt,goal_kick,0.8688
948,952,the pass hadnt gone forward the handoff hadnt gone forward great support,goal_kick,0.8688
950,954,hadnt gone forward great support out wide as japan tested,goal_kick,0.8688
952,956,support out wide as japan tested that samoan defense and,goal_kick,0.8688
954,958,tested that samoan defense and sudo looked at the extras he has been perfect,goal_kick,0.8688
956,960,and sudo looked at the extras he has been perfect in this rugby world cup,goal_kick,0.8688
958,962,perfect in this rugby world cup attempted,goal_kick,0.8688
960,964,cup attempted 10 kicks slotted 10,goal_kick,0.8688
962,966,attempted 10 kicks slotted 10 kicks,goal_kick,0.8688
964,968,10 kicks super mario sisters watch on anxiously,goal_kick,0.8688
966,970,super mario sisters watch on anxiously,goal_kick,0.8688
968,972,anxiously,goal_kick,0.8688
978,982,picture of perfection,goal_kick,0.8688
980,984,picture of perfection japan 7,goal_kick,0.8688
982,986,japan 7 samoan 0,goal_kick,0.8688
984,988,samoan 0 yeah good reward,normal_play,0.0
986,990,yeah good reward for japanese look how wide they go here,normal_play,0.0
988,992,reward for japanese look how wide they go here well time pass and,normal_play,0.0
990,994,here well time pass and its actually a missed tackle not held,normal_play,0.0
992,996,and its actually a missed tackle not held so he can get up on his feet continue the,normal_play,0.0
994,998,held so he can get up on his feet continue the run and look at the power here takes,normal_play,0.0
996,1000,the run and look at the power here takes the hit but gets back in field and,normal_play,0.0
998,1002,takes the hit but gets back in field and then the troops arrive and it is a pass,normal_play,0.0
1000,1004,and then the troops arrive and it is a pass and the big left arm,normal_play,0.0
1002,1006,pass and the big left arm vlaavskagny gets japan the,normal_play,0.0
1004,1008,arm vlaavskagny gets japan the lead hes captain,kick_off,0.5159
1006,1010,the lead hes captain japan as all of the starting back,kick_off,0.5159
1008,1012,captain japan as all of the starting back row today have hes a seriously,kick_off,0.5159
1010,1014,back row today have hes a seriously important player for them,kick_off,0.5159
1012,1016,seriously important player for them usually on the offensive side,normal_play,0.0
1014,1018,them usually on the offensive side of the game but,normal_play,0.0
1016,1020,side of the game but hes a good attacking threat too,normal_play,0.0
1018,1022,but hes a good attacking threat too his try,normal_play,0.0
1020,1024,too his try holds the ball in use,normal_play,0.2231
1022,1026,try holds the ball in use,normal_play,0.2231
1024,1028,saito,normal_play,0.2231
1026,1030,saito over the shoulder asking,normal_play,0.2231
1028,1032,saito over the shoulder asking kaia awa to come forward trying to,normal_play,0.4032
1030,1034,asking kaia awa to come forward trying to create something for samoan,normal_play,0.4032
1032,1036,to create something for samoan hes yet to fire a shot in an attacking,normal_play,0.4032
1034,1038,hes yet to fire a shot in an attacking sense chris lee looking to,normal_play,0.4032
1036,1040,attacking sense chris lee looking to change that koriya and inagaki,normal_play,0.4032
1038,1042,to change that koriya and inagaki with the tackle,normal_play,0.4032
1040,1044,inagaki with the tackle kaia,normal_play,0.3741
1042,1046,kaia awa mcfarland watch for the,normal_play,0.3741
1044,1048,kaia awa mcfarland watch for the offload there it is and what a take from,normal_play,0.3741
1046,1050,offload there it is and what a take from le wiela diving,normal_play,0.3741
1048,1052,from le wiela diving to scoop it off the deck,normal_play,0.4032
1050,1054,diving to scoop it off the deck james lee younger brother,normal_play,0.4032
1052,1056,james lee younger brother jordan among the substitutes today,normal_play,0.3056
1054,1058,brother jordan among the substitutes today the elite final onto paul aloe,normal_play,0.3056
1056,1060,today the elite final onto paul aloe mene sandwiched,normal_play,0.3056
1058,1062,aloe mene sandwiched by two japanese,normal_play,0.3056
1060,1064,sandwiched by two japanese players,normal_play,0.4032
1062,1066,players,normal_play,0.4032
1064,1068,hot stepping,normal_play,0.2653
1066,1070,hot stepping defence leg line,normal_play,0.2653
1068,1072,stepping defence leg line speeds from the japanese shutting down,normal_play,0.2653
1070,1074,line speeds from the japanese shutting down the samoan options,normal_play,0.2653
1072,1076,down the samoan options,normal_play,0.0
1078,1082,mcfarlands,normal_play,0.0
1080,1084,mcfarlands former deck collector and basketball international,normal_play,0.0
1082,1086,former deck collector and basketball international back in samoa,normal_play,0.0
1084,1088,international back in samoa this time japanese line speed and defence a bit too,normal_play,0.1555
1086,1090,this time japanese line speed and defence a bit too quick penalty advantage,normal_play,0.1555
1088,1092,too quick penalty advantage samoa,normal_play,0.1555
1090,1094,advantage samoa domatini sniping wrapped up,normal_play,0.1555
1092,1096,domatini sniping wrapped up nothing doing penalty,penalty,0.6128
1094,1098,up nothing doing penalty,penalty,0.6128
1096,1100,japan truly off,penalty,0.6128
1098,1102,japan truly off the line there i was actually quite impressed,penalty,0.6128
1100,1104,off the line there i was actually quite impressed with their discipline tackle after,normal_play,0.0
1102,1106,impressed with their discipline tackle after tackle they know theres going to be big hits coming,normal_play,0.0
1104,1108,after tackle they know theres going to be big hits coming in rob but they seem really well organised,normal_play,0.0
1106,1110,coming in rob but they seem really well organised and really energetic in defence pulling themselves up,normal_play,0.0
1108,1112,organised and really energetic in defence pulling themselves up off the ground they do indeed,normal_play,0.0
1110,1114,up off the ground they do indeed with the serious intent of,normal_play,0.0
1112,1116,indeed with the serious intent of how samoa wouldnt have been needed to be,normal_play,0.0
1114,1118,of how samoa wouldnt have been needed to be this is a try we saw from a nice enterprise a bit,normal_play,0.0
1116,1120,be this is a try we saw from a nice enterprise a bit of play on the back of lemeke looking threatening,normal_play,0.0
1118,1122,bit of play on the back of lemeke looking threatening out wide but you do fear,normal_play,0.0
1120,1124,threatening out wide but you do fear if japan dont,normal_play,0.0
1122,1126,fear if japan dont try and attack the board at the breakdown,normal_play,0.0
1124,1128,dont try and attack the board at the breakdown its going to be a massive number of tackle,normal_play,0.0
1126,1130,its going to be a massive number of tackle that are going to have to try and be put in,normal_play,0.0
1128,1132,tackle that are going to have to try and be put in to stop samoa getting a hold of,normal_play,0.0
1130,1134,in to stop samoa getting a hold of it theyve got the patience they will literally run at you,normal_play,0.0
1132,1136,of it theyve got the patience they will literally run at you all day well,normal_play,0.0
1134,1138,you all day well japan have already made 20 30 tackle now,normal_play,0.0
1136,1140,japan have already made 20 30 tackle now up on the board in 16 minutes,normal_play,0.0
1138,1142,now up on the board in 16 minutes that plays out too a,normal_play,0.0
1140,1144,that plays out too a lot by the end of the match,normal_play,0.0
1142,1146,a lot by the end of the match samoa starve,normal_play,0.0
1144,1148,samoa starve the possession against argentina,normal_play,0.0
1146,1150,starve the possession against argentina 39 of the ball in,normal_play,0.0
1148,1152,39 of the ball in a very attritional game they lost 19,lineout,0.1437
1150,1154,in a very attritional game they lost 19 10 took no points in pool b,lineout,0.1437
1152,1156,19 10 took no points in pool b they cannot afford the repeat of,lineout,0.1437
1154,1158,b they cannot afford the repeat of that night from tonight line,lineout,0.1437
1156,1160,of that night from tonight line out is loose jimeno,normal_play,0.0
1158,1162,line out is loose jimeno looks to seize upon it did,normal_play,0.0
1160,1164,jimeno looks to seize upon it did just lose it on the floor,normal_play,0.0
1162,1166,did just lose it on the floor samoa have a reprieve,normal_play,0.0
1164,1168,samoa have a reprieve yeah that was awkward,normal_play,0.0
1166,1170,yeah that was awkward that was sort of a first slide,normal_play,0.0
1168,1172,awkward that was sort of a first slide from the samoan trying to clean it up,normal_play,0.0
1170,1174,slide from the samoan trying to clean it up both sides having,normal_play,0.0
1172,1176,both sides having initial line out problems,normal_play,0.0
1174,1178,initial line out problems,normal_play,0.0
1178,1182,get a,normal_play,0.0
1180,1184,get a sense there both sides are clear take that mark with,normal_play,0.0
1182,1186,a sense there both sides are clear take that mark with the referee you take that mark,normal_play,0.0
1184,1188,with the referee you take that mark a pipe of grass you go there,normal_play,0.0
1186,1190,mark a pipe of grass you go there and he stays there a lawyer,normal_play,0.0
1188,1192,and he stays there a lawyer from bromponte not afraid to,normal_play,0.0
1190,1194,lawyer from bromponte not afraid to engage in some debate hold your weight clear,normal_play,0.0
1192,1196,to engage in some debate hold your weight clear gap knock your ball,normal_play,0.0
1194,1198,clear gap knock your ball,normal_play,0.0
1196,1200,come on on,normal_play,0.0
1198,1202,come on on,normal_play,0.0
1202,1206,the mexican,scrum,0.4877
1204,1208,the mexican wave roars around,scrum,0.4877
1206,1210,mexican wave roars around statutes,scrum,0.4877
1208,1212,around statutes its,scrum,0.4877
1210,1214,its been a staple of the shrumpy world cup,scrum,0.4877
1212,1216,its been a staple of the shrumpy world cup fans,scrum,0.4877
1214,1218,cup fans having,scrum,0.4877
1216,1220,fans having such noise and colour to,normal_play,0.0
1218,1222,having such noise and colour to what is an incredible sporting occasion,normal_play,0.0
1220,1224,to what is an incredible sporting occasion free kick samoa come,normal_play,0.0
1222,1226,free kick samoa come again and surprise surprise they want,normal_play,0.0
1224,1228,come again and surprise surprise they want to come again youre leaning forward and then you lose control,normal_play,0.0
1226,1230,want to come again youre leaning forward and then you lose control japan taking too long and not listening to the,normal_play,0.0
1228,1232,japan taking too long and not listening to the commands of the referee in,normal_play,0.0
1230,1234,the commands of the referee in that more control,normal_play,0.0
1232,1236,that more control keep the gap he,normal_play,0.0
1234,1238,keep the gap he wants that gap keck before they engage,normal_play,0.0
1236,1240,he wants that gap keck before they engage lets move,normal_play,0.0
1238,1242,engage lets move we know weve got some big,normal_play,0.0
1240,1244,we know weve got some big old boppers up front rob but have,normal_play,0.0
1242,1246,big old boppers up front rob but have a look at the backs the weaponry that,normal_play,0.0
1244,1248,have a look at the backs the weaponry that samoa can wield from this rummage,normal_play,0.0
1246,1250,samoa can wield from this rummage yeah i think youre right there its how you utilise,normal_play,0.0
1248,1252,rummage yeah i think youre right there its how you utilise them in ben lamb youve got someone whos,normal_play,0.0
1250,1254,utilise them in ben lamb youve got someone whos about five kilograms shy of jonah lomus,normal_play,0.0
1252,1256,whos about five kilograms shy of jonah lomus statistics you need to use him,scrum,0.4877
1254,1258,lomus statistics you need to use him to run at these shorter channels off 10,scrum,0.4877
1256,1260,him to run at these shorter channels off 10 get him on the shoulder and,scrum,0.4877
1258,1262,get him on the shoulder and he will make some massive holes,scrum,0.4877
1260,1264,and he will make some massive holes,normal_play,0.0
1262,1266,samoa,normal_play,0.0
1264,1268,samoa tasting notch,normal_play,0.0
1266,1270,samoa tasting notch and a penalty advantage at some time,normal_play,0.0
1268,1272,notch and a penalty advantage at some time,normal_play,0.0
1270,1274,time number two knee on the ground,normal_play,0.0
1272,1276,number two knee on the ground,penalty,0.6128
1274,1278,thats what malu samoa were looking for,penalty,0.6128
1276,1280,thats what malu samoa were looking for and then not staying square great power,penalty,0.6128
1278,1282,and then not staying square great power from that samoa pack,penalty,0.6128
1280,1284,power from that samoa pack shota horiya hell see him drop it,normal_play,0.0
1282,1286,shota horiya hell see him drop it down to his knee in the hooker position,normal_play,0.0
1284,1288,down to his knee in the hooker position 70 caps to,normal_play,0.0
1286,1290,70 caps to his name but i felt that power there,normal_play,0.0
1288,1292,to his name but i felt that power there an interesting decision for the samoans and,normal_play,0.0
1290,1294,an interesting decision for the samoans and theyre going to go to the corner,normal_play,0.0
1292,1296,and theyre going to go to the corner so obviously this location,normal_play,0.0
1294,1298,so obviously this location is a very kickable kick they,normal_play,0.0
1296,1300,location is a very kickable kick they want to get the pressure on go,normal_play,0.0
1298,1302,they want to get the pressure on go to their line up,normal_play,0.0
1300,1304,go to their line up massive area for them this they want to have,normal_play,0.0
1302,1306,massive area for them this they want to have only two teams to get more than one try,normal_play,0.0
1304,1308,have only two teams to get more than one try from a maul and with this guy in,normal_play,0.0
1306,1310,try from a maul and with this guy in shot the athleticism and durability of a,normal_play,0.0
1308,1312,in shot the athleticism and durability of a basketball player youve got some aerial threats,normal_play,0.0
1310,1314,a basketball player youve got some aerial threats they need to secure it bring it down,normal_play,0.0
1312,1316,threats they need to secure it bring it down and for me,normal_play,0.0
1314,1318,down and for me they could get over the line easy here six,normal_play,0.0
1316,1320,they could get over the line easy here six meters,lineout,0.4056
1318,1322,six meters between malu samoa,lineout,0.4056
1320,1324,meters between malu samoa and their first points of the evening,lineout,0.4056
1322,1326,samoa and their first points of the evening there is mcfarland there is,lineout,0.4056
1324,1328,evening there is mcfarland there is the acrobatic take,normal_play,0.0
1326,1330,is the acrobatic take japan sack them all they drag it down legally,normal_play,0.0
1328,1332,japan sack them all they drag it down legally before it gets motoring,normal_play,0.0
1330,1334,legally before it gets motoring so samoa must think again,normal_play,0.0
1332,1336,so samoa must think again,normal_play,0.0
1334,1338,again alphua goes in to protect salavanis,normal_play,0.0
1336,1340,alphua goes in to protect salavanis for numbers alohae mule,normal_play,0.4032
1338,1342,salavanis for numbers alohae mule ive,normal_play,0.4032
1340,1344,mule ive got an advantage here samoa,normal_play,0.4032
1342,1346,ive got an advantage here samoa japan with too many men in the line ups,normal_play,0.4032
1344,1348,japan with too many men in the line ups,normal_play,0.4032
1346,1350,seven six,normal_play,0.4032
1348,1352,seven six one for many so free kicker friends rather,normal_play,0.4032
1350,1354,one for many so free kicker friends rather than a penalty if you dont have the same,normal_play,0.4032
1352,1356,rather than a penalty if you dont have the same number of players as the attacking team in that,normal_play,0.0
1354,1358,same number of players as the attacking team in that line up samoa might,normal_play,0.0
1356,1360,that line up samoa might fancy another scrum here lets see,normal_play,0.0
1358,1362,might fancy another scrum here lets see okay they choose a scrum,normal_play,0.0
1360,1364,okay they choose a scrum fritz lee was in the scrum in half position,normal_play,0.0
1362,1366,fritz lee was in the scrum in half position so it looked like a full line up japan put,normal_play,0.0
1364,1368,so it looked like a full line up japan put in the full complement but the,normal_play,0.0
1366,1370,put in the full complement but the numbers were wrong they had one extra,normal_play,0.0
1368,1372,the numbers were wrong they had one extra yeah,normal_play,0.0
1370,1374,extra yeah and the oka was down on his knees sorry,normal_play,0.0
1372,1376,yeah and the oka was down on his knees sorry you had seven,normal_play,0.0
1374,1378,sorry you had seven,normal_play,0.0
1376,1380,lets,normal_play,0.0
1378,1382,lets go id,normal_play,0.0
1380,1384,lets go id like to have seen a tap there create a mole,normal_play,0.0
1382,1386,id like to have seen a tap there create a mole ingenuity from,normal_play,0.0
1384,1388,mole ingenuity from kochi how hard would that be to stop,normal_play,0.0
1386,1390,kochi how hard would that be to stop you five meters from the trial and youve got a human,normal_play,0.0
1388,1392,stop you five meters from the trial and youve got a human shield in front of you,normal_play,0.0
1390,1394,human shield in front of you you need industrial flood defences to get those,normal_play,0.0
1392,1396,you need industrial flood defences to get those boys out from here,scrum,0.4585
1394,1398,those boys out from here five meter scrum,scrum,0.4585
1396,1400,five meter scrum manu samoa possession,scrum,0.4585
1398,1402,scrum manu samoa possession but jamie those five penalty,scrum,0.4585
1400,1404,possession but jamie those five penalty for japan very uncharacteristic as,scrum,0.4585
1402,1406,penalty for japan very uncharacteristic as rob said only six average per,scrum,0.4585
1404,1408,as rob said only six average per match so far in the tournament,scrum,0.4737
1406,1410,per match so far in the tournament,scrum,0.4737
1408,1412,what does,scrum,0.4737
1410,1414,what does samoa have planned here,scrum,0.4737
1412,1416,does samoa have planned here ben lam switches to the left what a,normal_play,0.0
1414,1418,ben lam switches to the left what a pass from damatene it almost,normal_play,0.0
1416,1420,a pass from damatene it almost caught lam by surprise and it,normal_play,0.0
1418,1422,almost caught lam by surprise and it goes forward through the giant winners,normal_play,0.0
1420,1424,it goes forward through the giant winners paws,normal_play,0.0
1422,1426,winners paws and japan roar,normal_play,0.0
1424,1428,and japan roar that is a big psychological,normal_play,0.0
1426,1430,that is a big psychological boost,normal_play,0.0
1428,1432,psychological boost well its a high risk option,normal_play,0.0
1430,1434,well its a high risk option im not sure its the planned option he,normal_play,0.0
1432,1436,option im not sure its the planned option he just reacted at the last minute he seemed to,normal_play,0.0
1434,1438,he just reacted at the last minute he seemed to be comfortable delivering,normal_play,0.0
1436,1440,to be comfortable delivering that pass,normal_play,0.0
1438,1442,delivering that pass i am all,normal_play,0.0
1440,1444,i am all over that no coach in the world,normal_play,0.0
1442,1446,all over that no coach in the world should ever criticize that,normal_play,0.0
1444,1448,world should ever criticize that that is flair its creativity and if that,normal_play,0.0
1446,1450,that is flair its creativity and if that came off youd be watching it thousands,normal_play,0.0
1448,1452,that came off youd be watching it thousands of times in line and lucky ben lam,normal_play,0.0
1450,1454,thousands of times in line and lucky ben lam but my word that was speculative,normal_play,0.0
1452,1456,lam but my word that was speculative im a big fan of that movement yeah but rob,normal_play,0.0
1454,1458,im a big fan of that movement yeah but rob theyre not here to entertain the fans the fans are here to beat japan,normal_play,0.0
1456,1460,rob theyre not here to entertain the fans the fans are here to beat japan taking the pressure,normal_play,0.0
1458,1462,japan taking the pressure off completely why dont,normal_play,0.0
1460,1464,off completely why dont you both,normal_play,0.0
1462,1466,you both,normal_play,0.0
1464,1468,well see,scrum,0.4877
1466,1470,well see,scrum,0.4877
1468,1472,see i loved it,scrum,0.4877
1470,1474,i loved it i wasnt sure it was a set move or not its hard to tell,scrum,0.4877
1472,1476,i wasnt sure it was a set move or not its hard to tell its a high risk,scrum,0.4877
1474,1478,tell its a high risk option,scrum,0.4877
1476,1480,risk option both down,scrum,0.4877
1478,1482,both down both down same old same strum,scrum,0.4877
1480,1484,both down same old same strum again,normal_play,0.0
1482,1486,strum again hes in collapse,normal_play,0.0
1484,1488,hes in collapse,normal_play,0.0
1486,1490,collapse both down and same old,normal_play,0.0
1488,1492,both down and same old same ball,normal_play,0.0
1490,1494,same ball lets,normal_play,0.0
1492,1496,lets form it up,normal_play,0.0
1494,1498,lets form it up and as things stand this is the live table,normal_play,0.0
1496,1500,and as things stand this is the live table japan leading samoa,normal_play,0.0
1498,1502,table japan leading samoa if this results these as it is,normal_play,0.0
1500,1504,if this results these as it is japan would take four points move on to,normal_play,0.0
1502,1506,japan would take four points move on to nine samoa finishing within seven,normal_play,0.0
1504,1508,to nine samoa finishing within seven they take one and move on to six and,normal_play,0.0
1506,1510,they take one and move on to six and a win for japan does guarantee,normal_play,0.0
1508,1512,and a win for japan does guarantee englands qualification for the quarterfinals,normal_play,0.0
1510,1514,guarantee englands qualification for the quarterfinals and after,normal_play,0.0
1512,1516,quarterfinals and after that 34 12 loss theyve had 11 days,scrum,0.4877
1514,1518,that 34 12 loss theyve had 11 days japan so if any club will,scrum,0.4877
1516,1520,days japan so if any club will benefit from that kind of time to do the,scrum,0.4877
1518,1522,will benefit from that kind of time to do the analysis it is this japanese braves blossoms team,scrum,0.4877
1520,1524,the analysis it is this japanese braves blossoms team,scrum,0.4877
1522,1526,team set,scrum,0.4877
1524,1528,set,scrum,0.3495
1526,1530,japan need an exit strategy,scrum,0.3495
1528,1532,japan need an exit strategy they need a solid strum,scrum,0.3495
1530,1534,strategy they need a solid strum the first,scrum,0.3495
1532,1536,the first carry was made by kyoto nakamura,normal_play,0.0
1534,1538,first carry was made by kyoto nakamura however samoa still,normal_play,0.0
1536,1540,nakamura however samoa still at back samoa have the penalty,normal_play,0.0
1538,1542,still at back samoa have the penalty fritz,normal_play,0.0
1540,1544,penalty fritz lee in over the,normal_play,0.0
1542,1546,fritz lee in over the ball winning his fourth,normal_play,0.0
1544,1548,the ball winning his fourth breakdown steal of rugby world cup 2023,normal_play,0.0
1546,1550,fourth breakdown steal of rugby world cup 2023 that one takes,normal_play,0.0
1548,1552,2023 that one takes him to the top of the table in the jackal,normal_play,0.0
1550,1554,takes him to the top of the table in the jackal thats getting over the tackler,normal_play,0.0
1552,1556,thats getting over the tackler again the set exit move just a lack,normal_play,0.0
1554,1558,again the set exit move just a lack of support there from japan,normal_play,0.0
1556,1560,lack of support there from japan one player going down and fritz lee look at the,normal_play,0.0
1558,1562,one player going down and fritz lee look at the strength he has to support his own body weight,normal_play,0.0
1560,1564,the strength he has to support his own body weight hes over the ball he,normal_play,0.0
1562,1566,hes over the ball he said the very best in rugby world,normal_play,0.0
1564,1568,said the very best in rugby world cup 2023 at the jackal,normal_play,0.0
1566,1570,world cup 2023 at the jackal,normal_play,0.0
1568,1572,yet to really understand,normal_play,0.0
1570,1574,yet to really understand why its called a jackal but we go with it,normal_play,0.0
1572,1576,understand why its called a jackal but we go with it super shots coming in,normal_play,0.0
1574,1578,it super shots coming in from our drone which is currently,normal_play,0.0
1576,1580,in from our drone which is currently hovering above us in the tulu skies,normal_play,0.0
1578,1582,hovering above us in the tulu skies,normal_play,0.0
1580,1584,skies and maybe angelo le villar,normal_play,0.0
1582,1586,and maybe angelo le villar missed from close to 60,normal_play,0.0
1584,1588,missed from close to 60 meters this one,normal_play,0.0
1586,1590,60 meters this one more like 16,normal_play,0.0
1588,1592,one more like 16,normal_play,0.0
1598,1602,and the last one,goal_kick,0.5696
1600,1604,and the last one,goal_kick,0.5696
1604,1608,manu samoa are on the boards,goal_kick,0.7503
1606,1610,manu samoa are on the boards japan leads 7 3,goal_kick,0.7503
1608,1612,boards japan leads 7 3 for me a strange,normal_play,0.0
1610,1614,3 for me a strange decision to kick that one when they didnt kick the previous,normal_play,0.0
1612,1616,strange decision to kick that one when they didnt kick the previous one but it is important theyre on the,normal_play,0.0
1614,1618,previous one but it is important theyre on the board,normal_play,0.0
1616,1620,the board tactically there seems to be some,normal_play,0.0
1618,1622,tactically there seems to be some a little bit of lack of,normal_play,0.0
1620,1624,some a little bit of lack of cohesion maybe in the samoan,normal_play,0.0
1622,1626,of cohesion maybe in the samoan attack what theyre actually trying to do out here we saw it,normal_play,0.0
1624,1628,attack what theyre actually trying to do out here we saw it with that high risk pass is that a big win for,normal_play,0.0
1626,1630,with that high risk pass is that a big win for japan didnt concede a try held out,normal_play,0.0
1628,1632,for japan didnt concede a try held out set piece after set piece to get away with,kick_off,0.3086
1630,1634,out set piece after set piece to get away with 3 rather than 5 or 7 i agree,kick_off,0.3086
1632,1636,with 3 rather than 5 or 7 i agree its just a statement that we dont think our line up or,kick_off,0.3086
1634,1638,its just a statement that we dont think our line up or our scrum can get back and get on top of you again,kick_off,0.3086
1636,1640,or our scrum can get back and get on top of you again,kick_off,0.2388
1638,1642,again the high,kick_off,0.2388
1640,1644,the high steepling kick that is from,normal_play,0.0
1642,1646,steepling kick that is from the mekki and its beautifully,normal_play,0.0
1644,1648,from the mekki and its beautifully taken by ed fido,normal_play,0.2605
1646,1650,beautifully taken by ed fido played all over the world the new,normal_play,0.2605
1648,1652,played all over the world the new england and france hold in the back musa the,normal_play,0.2605
1650,1654,new england and france hold in the back musa the usa as well,normal_play,0.2605
1652,1656,the usa as well the new york club and the mlr,normal_play,0.4032
1654,1658,the new york club and the mlr taumatinis clearance,normal_play,0.4032
1656,1660,mlr taumatinis clearance a,normal_play,0.4032
1658,1662,clearance a little quick line up this time,normal_play,0.4032
1660,1664,a little quick line up this time from kotao matsushima,normal_play,0.4032
1662,1666,from kotao matsushima well lomano labacchi transferring his,normal_play,0.4032
1664,1668,well lomano labacchi transferring his skills from the 7s circuit,normal_play,0.0
1666,1670,his skills from the 7s circuit long high hanging kickoff for,normal_play,0.0
1668,1672,long high hanging kickoff for the 7s game where restart is so,normal_play,0.4032
1670,1674,for the 7s game where restart is so important rob weve seen,normal_play,0.4032
1672,1676,so important rob weve seen any number a couple on the bench,normal_play,0.4032
1674,1678,seen any number a couple on the bench here for samoa great world 7 stars,normal_play,0.4032
1676,1680,bench here for samoa great world 7 stars weve got matunga and matabao,normal_play,0.0
1678,1682,stars weve got matunga and matabao we may see later on for the samoan,normal_play,0.0
1680,1684,matabao we may see later on for the samoan cards yeah and speaking to coach,normal_play,0.0
1682,1686,samoan cards yeah and speaking to coach mappasua about this before about bringing them through,normal_play,0.0
1684,1688,coach mappasua about this before about bringing them through but one words missing from them at the moment,lineout,0.2575
1686,1690,through but one words missing from them at the moment samoa its confidence they need it,lineout,0.2575
1688,1692,moment samoa its confidence they need it back,lineout,0.2575
1690,1694,it back its japan with their,lineout,0.2575
1692,1696,its japan with their tails up right now lago scafni,normal_play,0.0
1694,1698,their tails up right now lago scafni the try scorer,normal_play,0.0
1696,1700,the try scorer,normal_play,0.2852
1698,1702,ximeno the only forward to make over,normal_play,0.2852
1700,1704,ximeno the only forward to make over 200 metres balling hands leverdu no,normal_play,0.2852
1702,1706,over 200 metres balling hands leverdu no the rugby world cup 2019,normal_play,0.2852
1704,1708,the rugby world cup 2019 japan have,normal_play,0.0
1706,1710,japan have milked the samoan infringements at the breakdown,normal_play,0.0
1708,1712,have milked the samoan infringements at the breakdown michael leach is galloping,normal_play,0.4032
1710,1714,breakdown michael leach is galloping through a little hole which soon widened,normal_play,0.4032
1712,1716,galloping through a little hole which soon widened when he went through it you advantage,normal_play,0.4032
1714,1718,widened when he went through it you advantage off your feet another penalty advantage,normal_play,0.4032
1716,1720,advantage off your feet another penalty advantage japan,normal_play,0.0
1718,1722,advantage japan and you think about going quickly you come with,normal_play,0.0
1720,1724,and you think about going quickly you come with me hang on a,normal_play,0.0
1722,1726,with me hang on a minute,normal_play,0.0
1724,1728,a minute someones been a bit too cheeky,normal_play,0.0
1726,1730,someones been a bit too cheeky thats the second penalty in a row,normal_play,0.0
1728,1732,thats the second penalty in a row that hes charging at me you control,normal_play,0.0
1730,1734,row that hes charging at me you control him yeah yeah,normal_play,0.0
1732,1736,control him yeah yeah first one is youre number two,normal_play,0.0
1734,1738,first one is youre number two not nearly releasing and then youre off your feet,normal_play,0.0
1736,1740,two not nearly releasing and then youre off your feet and this one dont kill it,normal_play,0.0
1738,1742,feet and this one dont kill it a lawyerly words,normal_play,0.0
1740,1744,it a lawyerly words from yappi paper come here on your feet,normal_play,0.0
1742,1746,words from yappi paper come here on your feet in the ear of the japanese captain kosuke ximeno,normal_play,0.0
1744,1748,in the ear of the japanese captain kosuke ximeno bickering,normal_play,0.0
1746,1750,ximeno bickering will not be tolerated by a referee,normal_play,0.0
1748,1752,bickering will not be tolerated by a referee yeah two back to back penalty,normal_play,0.0
1750,1754,yeah two back to back penalty obviously the japanese halfback giving him his thoughts,normal_play,0.0
1752,1756,obviously the japanese halfback giving him his thoughts there but interesting the second,normal_play,0.0
1754,1758,thoughts there but interesting the second penalty sorry is about,normal_play,0.0
1756,1760,second penalty sorry is about 12 metres forward the first kick would have been a,normal_play,0.0
1758,1762,about 12 metres forward the first kick would have been a long one this one is very much more,normal_play,0.0
1760,1764,long one this one is very much more attainable and theyre going for it,normal_play,0.0
1762,1766,more attainable and theyre going for it japanese crowd knows theyre rugby and,normal_play,0.0
1764,1768,japanese crowd knows theyre rugby and they applaud that decision but to,normal_play,0.0
1766,1770,and they applaud that decision but to add three more points from before he runs then,normal_play,0.0
1768,1772,to add three more points from before he runs then youve got to be on your own feet they applaud,normal_play,0.0
1770,1774,then youve got to be on your own feet they applaud those things the japanese crowd actually its fantastic,normal_play,0.0
1772,1776,applaud those things the japanese crowd actually its fantastic to behold certainly the,normal_play,0.0
1774,1778,fantastic to behold certainly the skill on show youve got to be so careful in,normal_play,0.0
1776,1780,the skill on show youve got to be so careful in how you talk to referees jaco piper,normal_play,0.0
1778,1782,in how you talk to referees jaco piper is human,normal_play,0.0
1780,1784,piper is human he can be slightly intimidating in those,normal_play,0.0
1782,1786,he can be slightly intimidating in those situations where someones running at him and youve got to be,normal_play,0.0
1784,1788,those situations where someones running at him and youve got to be aware that its not going to be favourable for you as,normal_play,0.0
1786,1790,aware that its not going to be favourable for you as an outcome so discipline slightly lacking,normal_play,0.0
1788,1792,as an outcome so discipline slightly lacking from tamao there thatll disappoint,normal_play,0.0
1790,1794,lacking from tamao there thatll disappoint,normal_play,0.0
1792,1796,62 probability,goal_kick,0.8688
1794,1798,62 probability from a man whos not yet missed,goal_kick,0.8688
1796,1800,probability from a man whos not yet missed,goal_kick,0.8688
1798,1802,missed,goal_kick,0.8688
1800,1804,missed,goal_kick,0.8688
1804,1808,distinctive,goal_kick,0.8688
1806,1810,distinctive clutching the finnair,goal_kick,0.8688
1808,1812,clutching the finnair gaze of steel,goal_kick,0.8688
1810,1814,finnair gaze of steel from rikiya matsuda,goal_kick,0.8688
1812,1816,steel from rikiya matsuda its,goal_kick,0.8688
1814,1818,its the same outcome three,goal_kick,0.8688
1816,1820,its the same outcome three more points for japan and,goal_kick,0.8688
1818,1822,three more points for japan and theyre seven point leads his restores,goal_kick,0.8688
1820,1824,and theyre seven point leads his restores,goal_kick,0.8688
1822,1826,restores,goal_kick,0.8688
1824,1828,what,normal_play,0.0
1826,1830,what a lip for those japanese forwards too to note,normal_play,0.0
1828,1832,what a lip for those japanese forwards too to note matsudas kicking boots are,normal_play,0.0
1830,1834,note matsudas kicking boots are on any indiscretions will,normal_play,0.0
1832,1836,are on any indiscretions will be punished with points,kick_off,0.5159
1834,1838,will be punished with points,kick_off,0.5159
1838,1842,intensity has been a key word from the japanese,normal_play,0.0
1840,1844,intensity has been a key word from the japanese coaching staff this week,normal_play,0.0
1842,1846,japanese coaching staff this week maintaining it for 80 minutes,normal_play,0.0
1844,1848,week maintaining it for 80 minutes its been a big work on for them,penalty,0.6028
1846,1850,its been a big work on for them they win another breakdown penalty just the ball and,penalty,0.6028
1848,1852,they win another breakdown penalty just the ball and just down got a fight to stay up,penalty,0.6028
1850,1854,and just down got a fight to stay up he had that intensity in fits and,penalty,0.6028
1852,1856,up he had that intensity in fits and starts and patches against england,normal_play,0.0
1854,1858,and starts and patches against england well in the game,normal_play,0.0
1856,1860,well in the game up to half time,normal_play,0.0
1858,1862,up to half time in the second half that intensity dropped,normal_play,0.0
1860,1864,in the second half that intensity dropped japan,normal_play,0.0
1862,1866,japan fell away,normal_play,0.0
1864,1868,fell away,normal_play,0.0
1866,1870,that time it was ben lamb falling,normal_play,0.0
1868,1872,that time it was ben lamb falling away,normal_play,0.0
1870,1874,falling away didnt support his own weight as he arrived at that rock,normal_play,0.0
1872,1876,didnt support his own weight as he arrived at that rock,normal_play,0.3687
1874,1878,rock,normal_play,0.3687
1880,1884,lets,normal_play,0.0
1882,1886,lets go,normal_play,0.0
1884,1888,lets go,normal_play,0.0
1894,1898,michael leach again,normal_play,0.0
1896,1900,michael leach again diffed and this is,normal_play,0.0
1898,1902,diffed and this is katsuhime,normal_play,0.0
1900,1904,is katsuhime,normal_play,0.0
1902,1906,and play it,normal_play,0.0
1904,1908,and play it saito clears it,normal_play,0.4032
1906,1910,saito clears it over the giant figure of brian al anouesi,normal_play,0.4032
1908,1912,over the giant figure of brian al anouesi hes almost a full foot taller than,normal_play,0.4032
1910,1914,anouesi hes almost a full foot taller than ben lamb,normal_play,0.4032
1912,1916,than ben lamb speaking of specimens,normal_play,0.4032
1914,1918,speaking of specimens,normal_play,0.4032
1916,1920,leach to it,normal_play,0.1822
1918,1922,leach to it captain of the bristol bears back in,normal_play,0.1822
1920,1924,captain of the bristol bears back in south west england balmatini,normal_play,0.1822
1922,1926,in south west england balmatini baya awa to alo emine,normal_play,0.1822
1924,1928,balmatini baya awa to alo emine samoa,normal_play,0.0
1926,1930,emine samoa met by a,normal_play,0.0
1928,1932,samoa met by a wall a stubborn red,normal_play,0.4032
1930,1934,a wall a stubborn red and white up it goes,normal_play,0.4032
1932,1936,red and white up it goes from baya awa fido hairs,normal_play,0.4032
1934,1938,goes from baya awa fido hairs after it its bouncing kindly,normal_play,0.4032
1936,1940,hairs after it its bouncing kindly for manu but it did go forward,normal_play,0.0
1938,1942,kindly for manu but it did go forward off ed fidos fingertips,normal_play,0.0
1940,1944,off ed fidos fingertips and its,normal_play,0.0
1942,1946,and its just not working for samoa right now its been,normal_play,0.0
1944,1948,its just not working for samoa right now its been a familiar story throughout this,normal_play,0.0
1946,1950,been a familiar story throughout this rugby world cup,normal_play,0.0
1948,1952,this rugby world cup hookers in number two,normal_play,0.0
1950,1954,hookers in number two yeah,normal_play,0.0
1952,1956,two yeah i think youre right i think its one of these games,normal_play,0.0
1954,1958,yeah i think youre right i think its one of these games where theres a real contest in the middle third of the,normal_play,0.0
1956,1960,games where theres a real contest in the middle third of the pitch and the errors are creeping in,normal_play,0.0
1958,1962,the pitch and the errors are creeping in discretions with the ball penalty count quite high,normal_play,0.0
1960,1964,discretions with the ball penalty count quite high on both sides,normal_play,0.0
1962,1966,high on both sides its just working its way out isnt,normal_play,0.0
1964,1968,its just working its way out isnt it,normal_play,0.0
1966,1970,isnt it,normal_play,0.0
1970,1974,its the first,normal_play,0.0
1972,1976,its the first half remaining,normal_play,0.0
1974,1978,first half remaining,normal_play,0.0
1978,1982,theyve got some big strike threats,scrum,0.179
1980,1984,theyve got some big strike threats in this rummage wataru,scrum,0.179
1982,1986,in this rummage wataru matsushima,scrum,0.179
1984,1988,wataru matsushima stream right,scrum,0.179
1986,1990,stream right five try heres,scrum,0.179
1988,1992,five try heres bottom left of your picture five try of,scrum,0.2924
1990,1994,heres bottom left of your picture five try of rugby world cup 2019,scrum,0.2924
1992,1996,of rugby world cup 2019 you can hear that in reilly too dangerous centres,scrum,0.2924
1994,1998,you can hear that in reilly too dangerous centres saito committing man,scrum,0.2924
1996,2000,centres saito committing man releasing it wide to,normal_play,0.0
1998,2002,releasing it wide to matsudaira this is reilly,normal_play,0.0
2000,2004,to matsudaira this is reilly lemekkis in the line hes got matsushima with,normal_play,0.4032
2002,2006,lemekkis in the line hes got matsushima with him he might not need him lo manu lemekki,normal_play,0.4032
2004,2008,with him he might not need him lo manu lemekki tumbling,normal_play,0.4032
2006,2010,lemekki tumbling into the 22 another,normal_play,0.4032
2008,2012,tumbling into the 22 another samoan penalty advantage conceded,normal_play,0.4032
2010,2014,another samoan penalty advantage conceded saito,normal_play,0.4032
2012,2016,conceded saito matsudaira,normal_play,0.4032
2014,2018,saito matsudaira matsushima straightening,normal_play,0.4032
2016,2020,matsudaira matsushima straightening james lee drags him down,try,1.0
2018,2022,straightening james lee drags him down japan on,try,1.0
2020,2024,down japan on the prowl for a second matsudaira,try,1.0
2022,2026,the prowl for a second matsudaira thats a brilliant pass,try,1.0
2024,2028,matsudaira thats a brilliant pass and make a league scores,try,1.0
2026,2030,and make a league scores number nine,try,1.0
2028,2032,number nine,try,1.0
2030,2034,the,try,1.0
2032,2036,the japanese totem,card_event,1.0
2034,2038,the japanese totem,card_event,1.0
2036,2040,totem bites his teams second try number nine,card_event,1.0
2038,2042,bites his teams second try number nine on the wrong side of the tackle,card_event,1.0
2040,2044,nine on the wrong side of the tackle pushes the player from the middle and theres more punishment,card_event,1.0
2042,2046,pushes the player from the middle and theres more punishment for samoa saito,card_event,1.0
2044,2048,punishment for samoa saito,card_event,1.0
2046,2050,the,card_event,1.0
2048,2052,the concession of a try,normal_play,0.0
2050,2054,the concession of a try compounded by the loss,normal_play,0.0
2052,2056,compounded by the loss of jonathan del madani to the shin,normal_play,0.0
2054,2058,of jonathan del madani to the shin bin and its,normal_play,0.0
2056,2060,shin bin and its all going horribly wrong for manu,normal_play,0.0
2058,2062,its all going horribly wrong for manu samoa japano picking,normal_play,0.0
2060,2064,manu samoa japano picking them apart,normal_play,0.0
2062,2066,picking them apart its just going wide they,normal_play,0.0
2064,2068,its just going wide they have four men lined up great decision here,normal_play,0.0
2066,2070,they have four men lined up great decision here for me to not offload the risky,normal_play,0.0
2068,2072,here for me to not offload the risky pass he knows hes in behind quick,normal_play,0.0
2070,2074,risky pass he knows hes in behind quick roll and they produce really,normal_play,0.0
2072,2076,quick roll and they produce really quick ball thats where they catch but samoans,normal_play,0.0
2074,2078,really quick ball thats where they catch but samoans offside and simply out wide watch,normal_play,0.0
2076,2080,samoans offside and simply out wide watch this vision beautiful,normal_play,0.0
2078,2082,watch this vision beautiful work from matsuda finds,normal_play,0.0
2080,2084,work from matsuda finds the open man the leader,normal_play,0.0
2082,2086,finds the open man the leader of this team the inspiration,normal_play,0.0
2084,2088,of this team the inspiration good finish from him as well,normal_play,0.0
2086,2090,good finish from him as well rob that is one of the best balls youll,normal_play,0.0
2088,2092,well rob that is one of the best balls youll see to finish off this try,normal_play,0.0
2090,2094,youll see to finish off this try he took it right to the line it must,normal_play,0.0
2092,2096,try he took it right to the line it must have been a very last minute decision not to throw,normal_play,0.0
2094,2098,must have been a very last minute decision not to throw it across the face went over the top of the bridge,normal_play,0.0
2096,2100,throw it across the face went over the top of the bridge ball and two right celebrating that,goal_kick,0.8688
2098,2102,ball and two right celebrating that leach is loitering as hes been doing all game,goal_kick,0.8688
2100,2104,that leach is loitering as hes been doing all game out wide but its their ability to,goal_kick,0.8688
2102,2106,game out wide but its their ability to transition from width to width that makes japan,goal_kick,0.8688
2104,2108,transition from width to width that makes japan so dangerous with ball in hand,goal_kick,0.8688
2106,2110,japan so dangerous with ball in hand,goal_kick,0.8688
2108,2112,hand,goal_kick,0.8688
2110,2114,the architect of the try,goal_kick,0.8688
2112,2116,the architect of the try,goal_kick,0.8688
2114,2118,try only sizes up the touchline conversion,goal_kick,0.8688
2116,2120,only sizes up the touchline conversion,goal_kick,0.7825
2118,2122,conversion,goal_kick,0.7825
2124,2128,thats a cracker,goal_kick,0.8688
2126,2130,thats a cracker you couldnt kick it any straighter if you had a,goal_kick,0.8688
2128,2132,you couldnt kick it any straighter if you had a protractor to measure it,normal_play,0.0
2130,2134,a protractor to measure it mario and luigi approve,normal_play,0.0
2132,2136,mario and luigi approve rikiya matsuda makes,normal_play,0.0
2134,2138,approve rikiya matsuda makes it 17 3 japan,normal_play,0.0
2136,2140,makes it 17 3 japan and that face tells the,normal_play,0.0
2138,2142,japan and that face tells the story the yellow card look at,normal_play,0.0
2140,2144,the story the yellow card look at the tackle here as he comes to the wrong side,normal_play,0.0
2142,2146,at the tackle here as he comes to the wrong side and then hes,normal_play,0.0
2144,2148,side and then hes got a yellow for pushing that player away or is it,normal_play,0.0
2146,2150,hes got a yellow for pushing that player away or is it the referee setting up a yellow card this is before leach scores,normal_play,0.0
2148,2152,it the referee setting up a yellow card this is before leach scores out wide,normal_play,0.0
2150,2154,scores out wide the fans are loving it theyre so,normal_play,0.0
2152,2156,the fans are loving it theyre so passionate they come from all,normal_play,0.0
2154,2158,so passionate they come from all over the world,normal_play,0.0
2156,2160,all over the world theres a statue of michael leach in a,normal_play,0.0
2158,2162,theres a statue of michael leach in a public park in tokyo people were queuing up,normal_play,0.0
2160,2164,a public park in tokyo people were queuing up to have their pictures taken with it,kick_off,0.3137
2162,2166,up to have their pictures taken with it four years ago,kick_off,0.3137
2164,2168,it four years ago and samo has been forced into another change,kick_off,0.3137
2166,2170,and samo has been forced into another change rikiya matsuda limping,kick_off,0.3137
2168,2172,rikiya matsuda limping off as rikiya,normal_play,0.0
2170,2174,limping off as rikiya matsuda lined up that kick,normal_play,0.0
2172,2176,rikiya matsuda lined up that kick and danny toala has,normal_play,0.279
2174,2178,kick and danny toala has come on to replace him some,normal_play,0.279
2176,2180,has come on to replace him some more injury moves for samoa,normal_play,0.279
2178,2182,some more injury moves for samoa more trouble for manu samoa,normal_play,0.279
2180,2184,more trouble for manu samoa,normal_play,0.0
2182,2186,samoa 14 points,normal_play,0.0
2184,2188,14 points down 14 players left,normal_play,0.0627
2186,2190,points down 14 players left on the pitch,normal_play,0.0627
2188,2192,left on the pitch okay balls available,normal_play,0.0627
2190,2194,okay balls available,normal_play,0.0627
2192,2196,available trusty boot from,normal_play,0.4032
2194,2198,trusty boot from lomano clears,normal_play,0.4032
2196,2200,from lomano clears the ball for japan,normal_play,0.4032
2198,2202,clears the ball for japan duncan paye awu now samoa,normal_play,0.4032
2200,2204,duncan paye awu now samoa would love a response,normal_play,0.4032
2202,2206,samoa would love a response before half time,normal_play,0.4032
2204,2208,before half time alain oisey,normal_play,0.0
2206,2210,alain oisey off you go brian alain oisey march,normal_play,0.0
2208,2212,oisey off you go brian alain oisey march backwards one of the biggest men on,normal_play,0.1613
2210,2214,march backwards one of the biggest men on the pitch tough tackling,normal_play,0.1613
2212,2216,on the pitch tough tackling japanese,normal_play,0.1613
2214,2218,tackling japanese snaring these samoans in their,normal_play,0.1613
2216,2220,snaring these samoans in their traps lee thats a,normal_play,0.2853
2218,2222,their traps lee thats a fabulous pass to manu,normal_play,0.2853
2220,2224,fabulous pass to manu ratsushima cant hold onto him,normal_play,0.4032
2222,2226,ratsushima cant hold onto him rameki and laboskafnikan,normal_play,0.4032
2224,2228,him rameki and laboskafnikan leality fanel going into place from,normal_play,0.3611
2226,2230,laboskafnikan leality fanel going into place from half with dalmatiani in the simban,normal_play,0.3611
2228,2232,from half with dalmatiani in the simban here he is again,normal_play,0.3611
2230,2234,simban here he is again toalas first touch for luatua,normal_play,0.3611
2232,2236,toalas first touch for luatua,normal_play,0.3231
2234,2238,samoa pushing hard,normal_play,0.3231
2236,2240,samoa pushing hard inflicting,normal_play,0.3231
2238,2242,hard inflicting a dent or two,normal_play,0.3231
2240,2244,inflicting a dent or two in this japanese french defence,normal_play,0.4032
2242,2246,two in this japanese french defence haro emile makes a,normal_play,0.4032
2244,2248,defence haro emile makes a couple of meters alain,normal_play,0.4032
2246,2250,a couple of meters alain oisey toala,normal_play,0.4032
2248,2252,alain oisey toala squirts free,normal_play,0.4032
2250,2254,toala squirts free mcfarlanes at it,normal_play,0.4032
2252,2256,free mcfarlanes at it again and thats a clever kick,normal_play,0.4032
2254,2258,it again and thats a clever kick from manu and then he just stumbles over,normal_play,0.4032
2256,2260,kick from manu and then he just stumbles over the japanese obstacles,normal_play,0.0
2258,2262,over the japanese obstacles thrown in his path,normal_play,0.0
2260,2264,obstacles thrown in his path no foul play he was steeplechasing,normal_play,0.0
2262,2266,no foul play he was steeplechasing down the touchline,normal_play,0.0
2264,2268,steeplechasing down the touchline but it is rules no foul play the player,normal_play,0.0
2266,2270,but it is rules no foul play the player falls on the ground and he accidentally falls,normal_play,0.0
2268,2272,falls on the ground and he accidentally falls over him or traps over him no foul,normal_play,0.0
2270,2274,falls over him or traps over him no foul play no foul play,normal_play,0.0
2272,2276,foul play no foul play confirmed very quickly as legal by marius,normal_play,0.0
2274,2278,confirmed very quickly as legal by marius j nker,normal_play,0.0
2276,2280,j nker yeah the samoan fans thought there was obstruction,normal_play,0.0
2278,2282,yeah the samoan fans thought there was obstruction when this kick went through but theres a,normal_play,0.0
2280,2284,obstruction when this kick went through but theres a great offload nice little,normal_play,0.0
2282,2286,a great offload nice little touch here stays on the park,normal_play,0.0
2284,2288,little touch here stays on the park no one really took him out,normal_play,0.0
2286,2290,no one really took him out as he said more steeplechasing because,normal_play,0.0
2288,2292,out as he said more steeplechasing because it rolls into the end goal it will be,normal_play,0.0
2290,2294,because it rolls into the end goal it will be a goal line drop out from japan and the fans of,normal_play,0.0
2292,2296,be a goal line drop out from japan and the fans of the stadium round have just seen that replay,kick_off,0.2835
2294,2298,of the stadium round have just seen that replay they thought differently well,kick_off,0.2835
2296,2300,replay they thought differently well yeah quite vocal with that as well,kick_off,0.2835
2298,2302,well yeah quite vocal with that as well all out to the atmosphere but its,kick_off,0.2835
2300,2304,well all out to the atmosphere but its samoan still with a sentencing here,normal_play,0.0
2302,2306,its samoan still with a sentencing here mcfarlanes a phenomenon,normal_play,0.0
2304,2308,mcfarlanes a phenomenon,normal_play,0.4032
2306,2310,phenomenon hes wrapping up on a straight jacket,normal_play,0.4032
2308,2312,hes wrapping up on a straight jacket tie him in chains youve still got a hand free and,normal_play,0.4032
2310,2314,tie him in chains youve still got a hand free and catch that ball for,normal_play,0.4032
2312,2316,and catch that ball for its lead and the captain,normal_play,0.4032
2314,2318,for its lead and the captain pointing the way leili ifano,normal_play,0.4032
2316,2320,captain pointing the way leili ifano payahawa standing wide,normal_play,0.4032
2318,2322,ifano payahawa standing wide then cutting back inside and bang boozling,normal_play,0.4032
2320,2324,then cutting back inside and bang boozling three japanese players,normal_play,0.4032
2322,2326,boozling three japanese players and shota horie takes a heavy dunk to,normal_play,0.4032
2324,2328,and shota horie takes a heavy dunk to the face lua tua picks,normal_play,0.4032
2326,2330,to the face lua tua picks up the offload,normal_play,0.4032
2328,2332,picks up the offload leili ifano,normal_play,0.1784
2330,2334,leili ifano douhua,normal_play,0.1784
2332,2336,douhua,normal_play,0.1784
2334,2338,samoan inside japanese,normal_play,0.1784
2336,2340,samoan inside japanese 22 again,normal_play,0.4032
2338,2342,22 again 39 carries theyve made now only 58,normal_play,0.4032
2340,2344,39 carries theyve made now only 58 in total against argentina,normal_play,0.328
2342,2346,58 in total against argentina lots of ball,normal_play,0.328
2344,2348,argentina lots of ball no try to show for it thus far,normal_play,0.328
2346,2350,ball no try to show for it thus far aloe emile,normal_play,0.328
2348,2352,far aloe emile still,normal_play,0.4032
2350,2354,emile still they use the heavies celal,normal_play,0.4032
2352,2356,still they use the heavies celal alam and james lee,normal_play,0.2
2354,2358,celal alam and james lee all the front row union in on the act aloe,normal_play,0.2
2356,2360,all the front row union in on the act aloe emile with the flamboyant dummy,normal_play,0.2
2358,2362,aloe emile with the flamboyant dummy samoa,normal_play,0.2
2360,2364,samoa depleted samoa keeping it tight,normal_play,0.0
2362,2366,samoa depleted samoa keeping it tight and trusting that their superior,normal_play,0.0
2364,2368,tight and trusting that their superior power and weight,normal_play,0.3779
2366,2370,superior power and weight will get the job done,normal_play,0.3779
2368,2372,will get the job done now they can move it wide and the ball to aloe,normal_play,0.3779
2370,2374,now they can move it wide and the ball to aloe payahawa fought it well to,normal_play,0.3779
2372,2376,aloe payahawa fought it well to ed fido whos cutting inside,penalty,0.6128
2374,2378,to ed fido whos cutting inside still going at fido,penalty,0.6128
2376,2380,still going at fido but going illegally,penalty,0.6128
2378,2382,but going illegally yaku check check and mario junker,penalty,0.6128
2380,2384,yaku check check and mario junker spotted something,normal_play,0.0
2382,2386,junker spotted something im going,normal_play,0.0
2384,2388,im going to show you a head clash,tmo_replay,0.85
2386,2390,going to show you a head clash,tmo_replay,0.85
2388,2392,clash head contact by,tmo_replay,0.85
2390,2394,head contact by number two red,tmo_replay,0.85
2392,2396,by number two red and it is that,tmo_replay,0.85
2394,2398,red and it is that upright tackle from shota horie,tmo_replay,0.85
2396,2400,that upright tackle from shota horie we couldnt,tmo_replay,0.85
2398,2402,we couldnt play through the player was on the floor and then he,tmo_replay,0.85
2400,2404,couldnt play through the player was on the floor and then he drove himself off his knees he took a really nice,tmo_replay,0.85
2402,2406,he drove himself off his knees he took a really nice one to the head here payahawa there you,tmo_replay,0.85
2404,2408,nice one to the head here payahawa there you go alright yaku lets listen to,tmo_replay,0.85
2406,2410,you go alright yaku lets listen to the officials twos,tmo_replay,0.85
2408,2412,to the officials twos upright head on head,tmo_replay,0.85
2410,2414,twos upright head on head,tmo_replay,0.85
2412,2416,head so weve got foul plays upright,tmo_replay,0.85
2414,2418,so weve got foul plays upright head on head contact,tmo_replay,0.85
2416,2420,upright head on head contact send him to the bank of,tmo_replay,0.85
2418,2422,send him to the bank of all for the review,tmo_replay,0.85
2420,2424,of all for the review number two,tmo_replay,0.85
2422,2426,number two yaku,tmo_replay,0.85
2424,2428,yaku ive got the mark for you mate,tmo_replay,0.85
2426,2430,yaku ive got the mark for you mate,tmo_replay,0.85
2428,2432,mate,card_event,1.0
2430,2434,shota shota horie is trying to hide,card_event,1.0
2432,2436,shota shota horie is trying to hide direct head contact foul play,card_event,1.0
2434,2438,direct head contact foul play meet the elegant threshold,card_event,1.0
2436,2440,play meet the elegant threshold yaku your mark is 15,card_event,1.0
2438,2442,yaku your mark is 15 metres in the bruising appearing,card_event,1.0
2440,2444,15 metres in the bruising appearing thank you under the,normal_play,0.0
2442,2446,appearing thank you under the left eye socket of shota horie,normal_play,0.0
2444,2448,left eye socket of shota horie a horrible clash of heads between,normal_play,0.0
2446,2450,a horrible clash of heads between he and payahawa but he was upright,normal_play,0.0
2448,2452,between he and payahawa but he was upright in the tackle head on heads,normal_play,0.0
2450,2454,upright in the tackle head on heads and this challenge will be reviewed,normal_play,0.0
2452,2456,heads and this challenge will be reviewed by our foul play review official,normal_play,0.0
2454,2458,reviewed by our foul play review official in what you might be referred to as the bunker,normal_play,0.0
2456,2460,official in what you might be referred to as the bunker he or she has eight minutes to,normal_play,0.0
2458,2462,bunker he or she has eight minutes to pull over those replays assess all the,normal_play,0.0
2460,2464,pull over those replays assess all the footage we can give them and decide whether,normal_play,0.0
2462,2466,the footage we can give them and decide whether that will remain a yellow card or,normal_play,0.0
2464,2468,whether that will remain a yellow card or be upgraded to a,normal_play,0.0
2466,2470,or be upgraded to a red and ascending off,normal_play,0.0
2468,2472,a red and ascending off shota horie will,normal_play,0.0
2470,2474,shota horie will be parking his backside in a plastic,normal_play,0.0
2472,2476,will be parking his backside in a plastic chair shota,normal_play,0.0
2474,2478,plastic chair shota horie a nice moment was trying to find the someone,normal_play,0.0
2476,2480,shota horie a nice moment was trying to find the someone player just to apologise,normal_play,0.0
2478,2482,someone player just to apologise hitlash because its contact and really,normal_play,0.0
2480,2484,hitlash because its contact and really i think what were looking at here rob theyll be,normal_play,0.0
2482,2486,really i think what were looking at here rob theyll be looking at in the bunker theres two television match officials,normal_play,0.0
2484,2488,be looking at in the bunker theres two television match officials in there who will be reviewing that,normal_play,0.0
2486,2490,officials in there who will be reviewing that action theyre looking at body height and tackling,normal_play,0.0
2488,2492,that action theyre looking at body height and tackling above the ball his position,normal_play,0.0
2490,2494,tackling above the ball his position was just not good going in there was it rob no,normal_play,0.0
2492,2496,position was just not good going in there was it rob no its not its becoming quite an interesting,normal_play,0.0
2494,2498,no its not its becoming quite an interesting coaching angle on this as well because theres a secondary,normal_play,0.0
2496,2500,coaching angle on this as well because theres a secondary tackler horie was looking to try and,normal_play,0.0
2498,2502,tackler horie was looking to try and target the ball and if youre staying high,normal_play,0.0
2500,2504,target the ball and if youre staying high and getting your hands in the place to try,normal_play,0.0
2502,2506,and getting your hands in the place to try and grab the ball you are risking a,normal_play,0.0
2504,2508,try and grab the ball you are risking a head on head players are going to have to adjust this but,normal_play,0.0
2506,2510,head on head players are going to have to adjust this but when we talk about the legacy of,normal_play,0.0
2508,2512,but when we talk about the legacy of spending 15 20 years learning,normal_play,0.0
2510,2514,of spending 15 20 years learning how to tackle as a secondary player,normal_play,0.0
2512,2516,learning how to tackle as a secondary player its a real area of caution players,normal_play,0.0
2514,2518,its a real area of caution players must significantly change their height,normal_play,0.0
2516,2520,players must significantly change their height yeah we saw two in the,normal_play,0.0
2518,2522,height yeah we saw two in the uruguayan end of the game last night transformed,normal_play,0.0
2520,2524,the uruguayan end of the game last night transformed that game at the end to get uruguay the,normal_play,0.0
2522,2526,transformed that game at the end to get uruguay the victory kusamo,normal_play,0.0
2524,2528,the victory kusamo and legends,lineout,0.4726
2526,2530,kusamo and legends watching from the stands shota horie,lineout,0.4726
2528,2532,legends watching from the stands shota horie and henry tuolani among them,lineout,0.4726
2530,2534,and henry tuolani among them can their boys,lineout,0.4726
2532,2536,them can their boys do the business here,maul,0.4417
2534,2538,do the business here,maul,0.4417
2536,2540,here japan,maul,0.4417
2538,2542,japan shot them towards the touch line,maul,0.4417
2540,2544,japan shot them towards the touch line but now the power comes on,maul,0.5412
2542,2546,line but now the power comes on it is an inexorable inevitable,maul,0.5412
2544,2548,on it is an inexorable inevitable drive to five,normal_play,0.4032
2546,2550,inevitable drive to five samoan points,normal_play,0.4032
2548,2552,five samoan points,normal_play,0.4032
2550,2554,points,normal_play,0.4032
2552,2556,another moral try for manu,normal_play,0.0
2554,2558,another moral try for manu samoa and boy he,normal_play,0.0
2556,2560,manu samoa and boy he needed that asil alalan,normal_play,0.0
2558,2562,he needed that asil alalan ticks the acclaim,normal_play,0.0
2560,2564,alalan ticks the acclaim,normal_play,0.0
2562,2566,troy has,normal_play,0.0
2564,2568,troy has got the offense it was a much needed response,normal_play,0.0
2566,2570,has got the offense it was a much needed response from the samoans through their back,normal_play,0.0
2568,2572,response from the samoans through their back he let the sivitao the cultural,normal_play,0.0
2570,2574,back he let the sivitao the cultural challenge before the game and now seleilam,normal_play,0.0
2572,2576,cultural challenge before the game and now seleilam gets on the back,normal_play,0.0
2574,2578,seleilam gets on the back this trundling drive,normal_play,0.0
2576,2580,this trundling drive well executed line out,normal_play,0.0
2578,2582,well executed line out good take from,normal_play,0.0
2580,2584,good take from louis tua and they,normal_play,0.0
2582,2586,from louis tua and they bring it down they just get to work driving the legs,normal_play,0.0
2584,2588,they bring it down they just get to work driving the legs they reposition,normal_play,0.0
2586,2590,legs they reposition and the hooker gets right in the right,normal_play,0.0
2588,2592,and the hooker gets right in the right place it crabs for a moment,normal_play,0.0
2590,2594,right place it crabs for a moment but then they get it going i think,normal_play,0.0
2592,2596,moment but then they get it going i think every samoan judges over the line before he dots,normal_play,0.0
2594,2598,think every samoan judges over the line before he dots down no question,normal_play,0.0
2596,2600,dots down no question,normal_play,0.0
2598,2602,question,normal_play,0.0
2600,2604,the role of approval from james lee,normal_play,0.0
2602,2606,the role of approval from james lee thats one for the big boys,normal_play,0.0
2604,2608,thats one for the big boys great position man,normal_play,0.0
2606,2610,great position man,normal_play,0.0
2614,2618,and then jadonjali anjuloli wheel up,goal_kick,0.8688
2616,2620,and then jadonjali anjuloli wheel up he never let it out,goal_kick,0.8688
2618,2622,up he never let it out and falls to the veteran and the reliable,goal_kick,0.8688
2620,2624,and falls to the veteran and the reliable christian leali ifano,goal_kick,0.8688
2622,2626,reliable christian leali ifano to line up the,goal_kick,0.8688
2624,2628,ifano to line up the conversion,goal_kick,0.8688
2626,2630,the conversion,goal_kick,0.8688
2630,2634,hes flirting with the,goal_kick,0.8688
2632,2636,hes flirting with the shot clock here,goal_kick,0.8688
2634,2638,the shot clock here and hes pulled that one wide,goal_kick,0.8688
2636,2640,and hes pulled that one wide,goal_kick,0.8688
2638,2642,still a two score game as we enter the,goal_kick,0.8688
2640,2644,still a two score game as we enter the final minutes of the first half,normal_play,0.0
2642,2646,the final minutes of the first half 17 8 jepan are,normal_play,0.0
2644,2648,half 17 8 jepan are in front while youre under pressure,normal_play,0.0
2646,2650,are in front while youre under pressure youve got to go to your most practical skill set,normal_play,0.0
2648,2652,pressure youve got to go to your most practical skill set not where he wants to be the,normal_play,0.0
2650,2654,set not where he wants to be the scum of but he,normal_play,0.0
2652,2656,scum of but he just witnessed a driving wall that is,normal_play,0.0
2654,2658,he just witnessed a driving wall that is a real weapon for samoa,normal_play,0.0
2656,2660,is a real weapon for samoa theyve got to try and utilise it as,normal_play,0.0
2658,2662,theyve got to try and utilise it as best they can and he went like watching on as well,normal_play,0.0
2660,2664,as best they can and he went like watching on as well,normal_play,0.0
2662,2666,well they didnt need to scrap math there did they rob just,normal_play,0.0
2664,2668,well they didnt need to scrap math there did they rob just pumped it over with the big boys and the reason,normal_play,0.0
2666,2670,just pumped it over with the big boys and the reason why they got that red is theyre deciding,normal_play,0.0
2668,2672,reason why they got that red is theyre deciding whether that challenge will,kick_off,0.4465
2670,2674,deciding whether that challenge will merit a red or stay a yellow card offence,kick_off,0.4465
2672,2676,will merit a red or stay a yellow card offence deep kick off from,kick_off,0.4465
2674,2678,offence deep kick off from japan steven lua,kick_off,0.4465
2676,2680,from japan steven lua underneath it,normal_play,0.0
2678,2682,lua underneath it former all black,normal_play,0.0
2680,2684,it former all black he has 15 caps for new,normal_play,0.3375
2682,2686,black he has 15 caps for new zealand and back to his,normal_play,0.3375
2684,2688,zealand and back to his samoan heritage,normal_play,0.3375
2686,2690,his samoan heritage leali ifano a pretty,normal_play,0.3375
2688,2692,leali ifano a pretty nifty job as a makeshift scum half,normal_play,0.0
2690,2694,pretty nifty job as a makeshift scum half its a good,normal_play,0.0
2692,2696,its a good yardage gain from the box kick,normal_play,0.3803
2694,2698,good yardage gain from the box kick and japan will throw in for what will be the,normal_play,0.3803
2696,2700,and japan will throw in for what will be the final play of this first,normal_play,0.3803
2698,2702,the final play of this first half if the clock enters the red,normal_play,0.3803
2700,2704,first half if the clock enters the red clear,normal_play,0.0
2702,2706,red clear number he,normal_play,0.0
2704,2708,clear number he needs a makeshift hooker,normal_play,0.0
2706,2710,he needs a makeshift hooker its going to be michael leach to,normal_play,0.0
2708,2712,its going to be michael leach to deputise there he is,lineout,0.4726
2710,2714,to deputise there he is 35 years old not sure hes ever,lineout,0.4726
2712,2716,35 years old not sure hes ever thrown into a line out in a,lineout,0.4726
2714,2718,ever thrown into a line out in a competitive match before,lineout,0.4726
2716,2720,competitive match before and its been pilford theo mcfarland,normal_play,0.0
2718,2722,and its been pilford theo mcfarland surprise surprise at the front,normal_play,0.0
2720,2724,mcfarland surprise surprise at the front getting one of those extendable arms,normal_play,0.4032
2722,2726,getting one of those extendable arms up to pinch it back,normal_play,0.4032
2724,2728,arms up to pinch it back pro ado emile,normal_play,0.4032
2726,2730,back pro ado emile trumbles over,normal_play,0.4032
2728,2732,emile trumbles over halfway the iadid ifano,normal_play,0.1548
2730,2734,over halfway the iadid ifano hes going to play it to lotho,normal_play,0.1548
2732,2736,ifano hes going to play it to lotho samoa,normal_play,0.1548
2734,2738,samoa one love a try before,normal_play,0.1548
2736,2740,samoa one love a try before the interval,normal_play,0.4032
2738,2742,before the interval one knock on one,normal_play,0.4032
2740,2744,one knock on one infringement and were heading for the,normal_play,0.3295
2742,2746,one infringement and were heading for the sheds jordan taufour,normal_play,0.3295
2744,2748,sheds jordan taufour picked up and,normal_play,0.3295
2746,2750,taufour picked up and marched backwards leali ifano,normal_play,0.3295
2748,2752,marched backwards leali ifano toala,normal_play,0.4032
2750,2754,ifano toala slams the crossfield up and under into,normal_play,0.4032
2752,2756,slams the crossfield up and under into the sky missed by ben,normal_play,0.4032
2754,2758,into the sky missed by ben lamb kept alive by kimuwa,normal_play,0.4032
2756,2760,ben lamb kept alive by kimuwa manu banga ola cant take it,normal_play,0.4032
2758,2762,kimuwa manu banga ola cant take it japanese advantage,normal_play,0.4032
2760,2764,it japanese advantage and that kimuras kick can be taken by,normal_play,0.4032
2762,2766,and that kimuras kick can be taken by lee that will be,normal_play,0.4032
2764,2768,by lee that will be that for the first,normal_play,0.0
2766,2770,be that for the first half,normal_play,0.0
2768,2772,first half its been as tense and,normal_play,0.0
2770,2774,its been as tense and as close fought as we expected,normal_play,0.0
2772,2776,and as close fought as we expected but it is japan with the advantage,normal_play,0.0
2774,2778,but it is japan with the advantage,normal_play,0.0
2776,2780,advantage,normal_play,0.0
2780,2784,its 14 against 14,normal_play,0.0
2782,2786,its 14 against 14,normal_play,0.0
2786,2790,the race for,kick_off,0.2013
2788,2792,the race for the rugby world cup quarterfinals,kick_off,0.2013
2790,2794,for the rugby world cup quarterfinals continues to hot up,kick_off,0.2013
2792,2796,quarterfinals continues to hot up will japan,kick_off,0.2013
2794,2798,up will japan or samoa take,kick_off,0.2013
2796,2800,japan or samoa take the next step towards the knockout,normal_play,0.0
2798,2802,take the next step towards the knockout stage what a pass again from,normal_play,0.0
2800,2804,knockout stage what a pass again from theo mcfarland,normal_play,0.0
2802,2806,from theo mcfarland looks like a peanut in his hands,normal_play,0.0
2804,2808,looks like a peanut in his hands for once his hands let him down on,normal_play,0.3367
2806,2810,for once his hands let him down on the hoof,normal_play,0.3367
2808,2812,on the hoof one way down from 6 foot 7 inches tall,normal_play,0.3367
2810,2814,one way down from 6 foot 7 inches tall to,normal_play,0.3367
2812,2816,tall to scoop that one banga,normal_play,0.0
2814,2818,to scoop that one banga confirmed im sure the lack of,normal_play,0.0
2816,2820,banga confirmed im sure the lack of precision will be one of the messages,normal_play,0.0
2818,2822,of precision will be one of the messages from head coach mappasua for the samoan boys,normal_play,0.0
2820,2824,messages from head coach mappasua for the samoan boys its a bit of detail passes like,normal_play,0.0
2822,2826,boys its a bit of detail passes like that not going to hand but it was crucially,normal_play,0.0
2824,2828,like that not going to hand but it was crucially scored in those last five minutes there,normal_play,0.0
2826,2830,crucially scored in those last five minutes there to keep in the match theyll be,normal_play,0.0
2828,2832,there to keep in the match theyll be back to full strength now and actually have a player advantage,normal_play,0.0
2830,2834,be back to full strength now and actually have a player advantage for a few minutes,normal_play,0.0
2832,2836,advantage for a few minutes as tomo tane comes back,normal_play,0.0
2834,2838,as tomo tane comes back on the field,normal_play,0.0
2836,2840,back on the field,normal_play,0.0
2838,2842,these are the offload that are good when samoa are going well,normal_play,0.0
2840,2844,these are the offload that are good when samoa are going well but the last one just too low,normal_play,0.0
2842,2846,well but the last one just too low the big man cant pick it up he is a great athlete,normal_play,0.0
2844,2848,low the big man cant pick it up he is a great athlete but thats too low for him,normal_play,0.0
2846,2850,athlete but thats too low for him im,normal_play,0.0
2848,2852,im sure to hurry it in the sin bin,normal_play,0.0
2850,2854,im sure to hurry it in the sin bin japan have to make a change to,normal_play,0.0
2852,2856,bin japan have to make a change to bring on a recognised and trained,normal_play,0.0
2854,2858,to bring on a recognised and trained front row player for this scrum,normal_play,0.0
2856,2860,trained front row player for this scrum theyve sacrificed johnny nakamura on the,normal_play,0.0
2858,2862,scrum theyve sacrificed johnny nakamura on the left wing for the time being and thats,normal_play,0.0
2860,2864,the left wing for the time being and thats his sacrifice hes come on,normal_play,0.0
2862,2866,thats his sacrifice hes come on in jersey 16,normal_play,0.0
2864,2868,on in jersey 16 to spearhead and play for rossums,normal_play,0.0
2866,2870,to spearhead and play for rossums scrumage,normal_play,0.0
2868,2872,rossums scrumage so thats things standing,normal_play,0.0
2870,2874,so thats things standing in rugby world cup pool b japan,normal_play,0.0
2872,2876,standing in rugby world cup pool b japan moving on to nine points,scrum,0.1667
2874,2878,japan moving on to nine points the four point victory,scrum,0.1667
2876,2880,the four point victory samoa would take nothing they trail by,scrum,0.1277
2878,2882,samoa would take nothing they trail by more than seven points thats the margin they,scrum,0.1277
2880,2884,by more than seven points thats the margin they need for losing bonus points,scrum,0.1277
2882,2886,they need for losing bonus points and at the moment the japanese,scrum,0.1277
2884,2888,points and at the moment the japanese victory guarantees in,scrum,0.1507
2886,2890,japanese victory guarantees in those last eight pairs,scrum,0.1507
2888,2892,in those last eight pairs although it is really just a case of rubber stamping their,scrum,0.1507
2890,2894,although it is really just a case of rubber stamping their place in the knockout rounds,scrum,0.1507
2892,2896,their place in the knockout rounds lemecky at first receiver has,normal_play,0.0
2894,2898,lemecky at first receiver has ploughed some deep furrows,normal_play,0.0
2896,2900,has ploughed some deep furrows through the samoan,normal_play,0.0
2898,2902,furrows through the samoan midfields saitos,normal_play,0.0
2900,2904,samoan midfields saitos box kick kampai awa,normal_play,0.0
2902,2906,saitos box kick kampai awa comfortable underneath his,normal_play,0.0
2904,2908,awa comfortable underneath his calls for the mark doesnt,normal_play,0.4032
2906,2910,his calls for the mark doesnt muck around,normal_play,0.4032
2908,2912,doesnt muck around hes got a seize gun boot,normal_play,0.4032
2910,2914,hes got a seize gun boot from kampai awa,normal_play,0.4032
2912,2916,boot from kampai awa and thats a good touch from,normal_play,0.0
2914,2918,awa and thats a good touch from him yeah fantastic,normal_play,0.0
2916,2920,from him yeah fantastic execution of his skills there,normal_play,0.0
2918,2922,fantastic execution of his skills there but strange decision from japan won,normal_play,0.0
2920,2924,there but strange decision from japan won the scrum hit up midfield and then just basically,normal_play,0.1167
2922,2926,won the scrum hit up midfield and then just basically gave it right back to him and,normal_play,0.1167
2924,2928,basically gave it right back to him and theyre back where they started,normal_play,0.1167
2926,2930,and theyre back where they started japanese halfbacks,normal_play,0.1167
2928,2932,japanese halfbacks thats their scrum half wearing nine their fly half,normal_play,0.0
2930,2934,halfbacks thats their scrum half wearing nine their fly half wearing ten kicked the ball 22,normal_play,0.0
2932,2936,half wearing ten kicked the ball 22 times against england in nice in,lineout,0.2184
2934,2938,22 times against england in nice in the last match thats high its,lineout,0.2184
2936,2940,in the last match thats high its very high for japan in particular,lineout,0.2184
2938,2942,its very high for japan in particular the tradition do favour that all,lineout,0.2184
2940,2944,the tradition do favour that all court running game playing with,normal_play,0.0
2942,2946,all court running game playing with more pragmatism here,normal_play,0.0
2944,2948,more pragmatism here and saito sends it skywards,normal_play,0.0
2946,2950,and saito sends it skywards mcfarland whos like a magnet for those high,normal_play,0.0
2948,2952,mcfarland whos like a magnet for those high balls plucks it from the air,normal_play,0.0
2950,2954,high balls plucks it from the air dalmatene lam,normal_play,0.0
2952,2956,air dalmatene lam leali ifano a lot of blue off,normal_play,0.4032
2954,2958,leali ifano a lot of blue off to the right manu instead opts,normal_play,0.4032
2956,2960,off to the right manu instead opts to kick and rameki,normal_play,0.4032
2958,2962,opts to kick and rameki fields it quickly,normal_play,0.4032
2960,2964,rameki fields it quickly sends it back downfield,normal_play,0.4032
2962,2966,sends it back downfield rameki gives chase and rameki,normal_play,0.4032
2964,2968,downfield rameki gives chase and rameki thunders into jonathan dalmatene,normal_play,0.4032
2966,2970,rameki thunders into jonathan dalmatene released and,normal_play,0.4032
2968,2972,dalmatene released and scrambled back to his feet again,normal_play,0.4032
2970,2974,and scrambled back to his feet again to moa manu to paul aro emire,normal_play,0.4032
2972,2976,to moa manu to paul aro emire hes got,normal_play,0.4032
2974,2978,emire hes got the mountain of work thats his eighth carry,normal_play,0.4032
2976,2980,got the mountain of work thats his eighth carry of the match dalmatene,normal_play,0.4032
2978,2982,carry of the match dalmatene leali ifano seems,normal_play,0.4032
2980,2984,dalmatene leali ifano seems a bit of space wotaro matsushima,normal_play,0.4032
2982,2986,seems a bit of space wotaro matsushima chucking back,normal_play,0.4032
2984,2988,matsushima chucking back 15 22 is on,normal_play,0.4032
2986,2990,15 22 is on,normal_play,0.4032
2988,2992,on it trickles into the,normal_play,0.4032
2990,2994,it trickles into the 22 or,normal_play,0.4032
2992,2996,the 22 or was it passed back inside,normal_play,0.0
2994,2998,or was it passed back inside,normal_play,0.0
2996,3000,it was passed back inside,normal_play,0.0
2998,3002,it was passed back inside what a big hit there though,normal_play,0.0
3000,3004,inside what a big hit there though setting the tone,normal_play,0.0
3002,3006,setting the tone dalmatene he dropped it back to,normal_play,0.0
3004,3008,dalmatene he dropped it back to his feet it should be a 15 22,normal_play,0.0
3006,3010,to his feet it should be a 15 22 always struck from,normal_play,0.0
3008,3012,always struck from inside his own half rolls into the,normal_play,0.0
3010,3014,from inside his own half rolls into the opposing 22 that means line,normal_play,0.0
3012,3016,the opposing 22 that means line up possession is 4 0 mappasua,normal_play,0.0
3014,3018,line up possession is 4 0 mappasua will be happy theyre walking to this line up,normal_play,0.0
3016,3020,mappasua will be happy theyre walking to this line up referee urges them to hurry up,normal_play,0.0
3018,3022,up referee urges them to hurry up they scored their last try,normal_play,0.0
3020,3024,they scored their last try off this this would be a huge moment,lineout,0.3429
3022,3026,off this this would be a huge moment the welcome,lineout,0.3429
3024,3028,the welcome of the 15 22 is happening,lineout,0.3429
3026,3030,welcome of the 15 22 is happening its a scrappy,lineout,0.3429
3028,3032,its a scrappy samoan line up,normal_play,0.0
3030,3034,scrappy samoan line up but its one back,normal_play,0.0
3032,3036,but its one back by fritz lee dalmatene,normal_play,0.0
3034,3038,by fritz lee dalmatene sila lalam the try scorer,normal_play,0.0
3036,3040,dalmatene sila lalam the try scorer capped on the,normal_play,0.2873
3038,3042,scorer capped on the japanese 22,normal_play,0.2873
3040,3044,the japanese 22 mcfarland,normal_play,0.2873
3042,3046,mcfarland didnt have a rugby ball blowing up,normal_play,0.2873
3044,3048,didnt have a rugby ball blowing up learned the game with an empty pepsi bottle,normal_play,0.0
3046,3050,up learned the game with an empty pepsi bottle stuffed with dead banana leaves,normal_play,0.0
3048,3052,bottle stuffed with dead banana leaves all those hours of,penalty,0.6128
3050,3054,leaves all those hours of practice but japan,penalty,0.6128
3052,3056,of practice but japan over the ball japan,penalty,0.6128
3054,3058,over the ball japan have the penalty,penalty,0.6128
3056,3060,japan have the penalty othio mcfarland,normal_play,0.0
3058,3062,othio mcfarland is down and injured,normal_play,0.0
3060,3064,is down and injured,normal_play,0.0
3062,3066,look at the intensity there one,normal_play,0.0
3064,3068,look at the intensity there one out ball again,normal_play,0.0
3066,3070,one out ball again on their feet arriving he fights to,normal_play,0.0
3068,3072,on their feet arriving he fights to get there holds his own bodyweight,normal_play,0.0
3070,3074,to get there holds his own bodyweight and theres the celebration,normal_play,0.0
3072,3076,bodyweight and theres the celebration absolute joy,normal_play,0.0
3074,3078,absolute joy,normal_play,0.0
3076,3080,joy kazuhime the skipper,normal_play,0.0
3078,3082,kazuhime the skipper what a player he is,normal_play,0.0
3080,3084,skipper what a player he is really announced himself to the world,normal_play,0.0
3082,3086,really announced himself to the world four years ago in japan,normal_play,0.0
3084,3088,four years ago in japan but he,normal_play,0.0
3086,3090,japan but he is a phenomenon he is the,normal_play,0.0
3088,3092,he is a phenomenon he is the beating heart of this japan team,normal_play,0.0
3090,3094,the beating heart of this japan team what i love about it he wants to test,normal_play,0.0
3092,3096,team what i love about it he wants to test himself he wants to get better he went down,normal_play,0.0
3094,3098,test himself he wants to get better he went down to the highlanders in new zealand for,normal_play,0.0
3096,3100,to the highlanders in new zealand for that very reason so he can be,normal_play,0.0
3098,3102,for that very reason so he can be better for these kind of moments those kind,normal_play,0.0
3100,3104,be better for these kind of moments those kind of game changing plays he just,lineout,0.2202
3102,3106,kind of game changing plays he just made,lineout,0.2202
3104,3108,just made first throw for the replacement,lineout,0.2202
3106,3110,first throw for the replacement dalmatene,lineout,0.2202
3108,3112,dalmatene comes tearing through,normal_play,0.0
3110,3114,dalmatene comes tearing through takes out the japanese player thats,normal_play,0.0
3112,3116,takes out the japanese player thats a penalty advantage brave blossoms,normal_play,0.0
3114,3118,thats a penalty advantage brave blossoms samoas discipline,normal_play,0.0
3116,3120,samoas discipline faltering,penalty,0.4576
3118,3122,discipline faltering and remember jonathan dalmatene has already,penalty,0.4576
3120,3124,and remember jonathan dalmatene has already been sinned for a fairly similar,penalty,0.4576
3122,3126,already been sinned for a fairly similar offense without the ball,penalty,0.4576
3124,3128,similar offense without the ball hes got to be careful,normal_play,0.0
3126,3130,ball hes got to be careful the call is going to,normal_play,0.0
3128,3132,careful the call is going to be because he came through tackle the player,normal_play,0.0
3130,3134,to be because he came through tackle the player without the ball there wasnt much in it he was taking,normal_play,0.0
3132,3136,player without the ball there wasnt much in it he was taking a gamble hes an ultimate,normal_play,0.0
3134,3138,taking a gamble hes an ultimate competitor,normal_play,0.0
3136,3140,ultimate competitor hes the 26 year old,normal_play,0.0
3138,3142,hes the 26 year old hes from moana pacifica,normal_play,0.0
3140,3144,old hes from moana pacifica,normal_play,0.0
3144,3148,rukiya matsuda,normal_play,0.0
3146,3150,rukiya matsuda propels japan closer to samoa,normal_play,0.0
3148,3152,propels japan closer to samoa 22,normal_play,0.0
3150,3154,samoa 22 two new props craig,normal_play,0.0
3152,3156,two new props craig miller and asaoli aivalu,normal_play,0.0
3154,3158,craig miller and asaoli aivalu bearing themselves,normal_play,0.0
3156,3160,bearing themselves for action soto shota,normal_play,0.0
3158,3162,themselves for action soto shota horiya whos sinning periods,normal_play,0.0
3160,3164,horiya whos sinning periods has a few seconds left,normal_play,0.0
3162,3166,periods has a few seconds left,normal_play,0.0
3164,3168,here comes japan,normal_play,0.0
3166,3170,here comes japan they rev the engine again,normal_play,0.0
3168,3172,they rev the engine again,normal_play,0.4032
3170,3174,again saito nakamura,normal_play,0.4032
3172,3176,saito nakamura introduces amato fakatawa who,normal_play,0.4032
3174,3178,nakamura introduces amato fakatawa who made his debut against samoa,normal_play,0.4032
3176,3180,who made his debut against samoa in july he fell into it,normal_play,0.4032
3178,3182,samoa in july he fell into it no foul play big pong aboard look,normal_play,0.4032
3180,3184,it no foul play big pong aboard look forward no foul action he fell into it,normal_play,0.4032
3182,3186,look forward no foul action he fell into it,normal_play,0.4032
3186,3190,saito going blinds introducing,normal_play,0.4032
3188,3192,saito going blinds introducing michael leach,normal_play,0.4032
3190,3194,introducing michael leach the cry of leach and,normal_play,0.4032
3192,3196,the cry of leach and the japanese supporters whenever he gets hands on,normal_play,0.4032
3194,3198,and the japanese supporters whenever he gets hands on ball matsuda again,normal_play,0.4032
3196,3200,on ball matsuda again brilliant action on those passes,normal_play,0.399
3198,3202,again brilliant action on those passes hes just put them through the fingertips,normal_play,0.399
3200,3204,hes just put them through the fingertips good feet from yako peipo,normal_play,0.399
3202,3206,fingertips good feet from yako peipo to avoid being caught in,normal_play,0.399
3204,3208,peipo to avoid being caught in a rather painful samoan,normal_play,0.0
3206,3210,in a rather painful samoan sandwich,normal_play,0.0
3208,3212,samoan sandwich kimeno,normal_play,0.2296
3210,3214,kimeno,normal_play,0.2296
3212,3216,inagaki beautiful soft,normal_play,0.2296
3214,3218,inagaki beautiful soft hands as he was levelled by,normal_play,0.2296
3216,3220,soft hands as he was levelled by lam japan on the front foot,normal_play,0.4032
3218,3222,by lam japan on the front foot matsuda le,normal_play,0.4032
3220,3224,foot matsuda le meki dylan riley,normal_play,0.4032
3222,3226,meki dylan riley and now leveled scafani marauding,normal_play,0.4032
3224,3228,and now leveled scafani marauding in the wide exchanges,normal_play,0.4032
3226,3230,marauding in the wide exchanges his run brought to a crashing,normal_play,0.4032
3228,3232,his run brought to a crashing end sadam,normal_play,0.4032
3230,3234,crashing end sadam alam misses the turnover,normal_play,0.4032
3232,3236,sadam alam misses the turnover opportunity cant steal the ball back,normal_play,0.27
3234,3238,turnover opportunity cant steal the ball back,normal_play,0.27
3236,3240,back michael leach leaves it,normal_play,0.27
3238,3242,michael leach leaves it kazuki kimeno,normal_play,0.27
3240,3244,kazuki kimeno doesnt,normal_play,0.4032
3242,3246,doesnt saito,normal_play,0.4032
3244,3248,saito leach,normal_play,0.3014
3246,3250,leach the phase is mounting,normal_play,0.3014
3248,3252,the phase is mounting the pressure of telling him,normal_play,0.3014
3250,3254,the pressure of telling him nakamura spills it in the air,normal_play,0.3014
3252,3256,nakamura spills it in the air fido brings it away,normal_play,0.4032
3254,3258,air fido brings it away marius junker foul play,normal_play,0.4032
3256,3260,away marius junker foul play,normal_play,0.0
3258,3262,play im going to,normal_play,0.0
3260,3264,im going to show you,normal_play,0.0
3262,3266,to show you the actions of,normal_play,0.0
3264,3268,the actions of number 11 blue,normal_play,0.0
3266,3270,of number 11 blue just step away please lads,normal_play,0.0
3268,3272,blue just step away please lads just wait a moment just going to have a little look,normal_play,0.0
3270,3274,just wait a moment just going to have a little look on the sidelines maybe high contact,normal_play,0.0
3272,3276,look on the sidelines maybe high contact we have to review that tackle over there,normal_play,0.0
3274,3278,contact we have to review that tackle over there theyre going to review the tackle,normal_play,0.0
3276,3280,theyre going to review the tackle the television match official here,normal_play,0.0
3278,3282,the television match official here comes the angles its been,normal_play,0.0
3280,3284,here comes the angles its been lam on 11 blue lam was scafani,tmo_replay,0.85
3282,3286,been lam on 11 blue lam was scafani of japan,tmo_replay,0.85
3284,3288,scafani of japan,tmo_replay,0.85
3292,3296,heres the other angle here we go,tmo_replay,0.7075
3294,3298,heres the other angle here we go hes up,tmo_replay,0.7075
3296,3300,go hes up right,tmo_replay,0.8287
3298,3302,up right head,tmo_replay,0.8287
3300,3304,head contact up right head contact he meets,tmo_replay,0.5647
3302,3306,head contact up right head contact he meets the yellow card threshold all agree,tmo_replay,0.5647
3304,3308,the yellow card threshold all agree,tmo_replay,0.5647
3306,3310,agree thats for,tmo_replay,0.5647
3308,3312,thats for the bunker that meets the yellow card threshold number,tmo_replay,0.8394
3310,3314,for the bunker that meets the yellow card threshold number 11,tmo_replay,0.8394
3312,3316,11,card_event,0.8877
3314,3318,number 11,card_event,0.8877
3316,3320,number 11 ben lam ullo he reluctantly,card_event,0.8877
3318,3322,ben lam ullo he reluctantly plucks his gum shield from his,card_event,0.8877
3320,3324,reluctantly plucks his gum shield from his mouth and trudges,card_event,1.0
3322,3326,his mouth and trudges towards the naughty step the foul play review,card_event,1.0
3324,3328,trudges towards the naughty step the foul play review official will assess this tackle,card_event,1.0
3326,3330,official will assess this tackle and decide whether it,card_event,1.0
3328,3332,tackle and decide whether it will remain yellow or turn,normal_play,0.0
3330,3334,will remain yellow or turn a colour one three and sixteen,normal_play,0.0
3332,3336,turn a colour one three and sixteen one three and,normal_play,0.0
3334,3338,sixteen one three and sixteen worrying times for samoa,normal_play,0.0
3336,3340,and sixteen worrying times for samoa japan have the penalty,normal_play,0.0
3338,3342,samoa japan have the penalty and it,normal_play,0.0
3340,3344,penalty and it is japan now who have the numerical advantage,normal_play,0.0
3342,3346,it is japan now who have the numerical advantage as shota horie returns,normal_play,0.0
3344,3348,advantage as shota horie returns and they replace both,normal_play,0.0
3346,3350,returns and they replace both props with keita inagaki,normal_play,0.0
3348,3352,both props with keita inagaki jiwon gu,normal_play,0.0
3350,3354,inagaki jiwon gu coming on horie returns,normal_play,0.0
3352,3356,coming on horie returns which means johnny nakamura is back,normal_play,0.0
3354,3358,returns which means johnny nakamura is back with us and sushi sakate,normal_play,0.0
3356,3360,back with us and sushi sakate retreats to the bench,normal_play,0.0
3358,3362,sakate retreats to the bench and peter laboscafani,normal_play,0.0
3360,3364,and peter laboscafani is coming off for a head injury,normal_play,0.0
3362,3366,is coming off for a head injury assessment,normal_play,0.0
3364,3368,injury assessment hes trotting down the tunnel just now,normal_play,0.0
3366,3370,hes trotting down the tunnel just now is it all done,normal_play,0.0
3368,3372,now is it all done,normal_play,0.0
3372,3376,so applause for those players,normal_play,0.0
3374,3378,so applause for those players coming off,normal_play,0.0
3376,3380,players coming off it was a groan from the crowd when they saw,normal_play,0.0
3378,3382,it was a groan from the crowd when they saw that high contact this front row,normal_play,0.0
3380,3384,saw that high contact this front row has done their job,normal_play,0.0
3382,3386,row has done their job they will now sit and watch,normal_play,0.0
3384,3388,they will now sit and watch coach jimmy joseph will,normal_play,0.0
3386,3390,watch coach jimmy joseph will be happy that call went their,normal_play,0.0
3388,3392,be happy that call went their way,normal_play,0.0
3390,3394,their way send a player its that hia player they need to replace,normal_play,0.0
3392,3396,send a player its that hia player they need to replace that hia player this,normal_play,0.0
3394,3398,replace that hia player this is the hia we talked about the independent,normal_play,0.0
3396,3400,this is the hia we talked about the independent doctors that,normal_play,0.0
3398,3402,independent doctors that was the end of the other in the booth having a,normal_play,0.0
3400,3404,that was the end of the other in the booth having a look to make sure that all the guys are looked after,normal_play,0.0
3402,3406,a look to make sure that all the guys are looked after and we are good to go,normal_play,0.0
3404,3408,after and we are good to go so laboscafani is off for that head injury assessment,normal_play,0.0
3406,3410,so laboscafani is off for that head injury assessment which means warner derns,normal_play,0.0
3408,3412,assessment which means warner derns this giant look forward,normal_play,0.0
3410,3414,derns this giant look forward hes been pulling up trees in,normal_play,0.0
3412,3416,forward hes been pulling up trees in the japanese top lead and week one as,normal_play,0.0
3414,3418,in the japanese top lead and week one as its now called comes on,normal_play,0.0
3416,3420,as its now called comes on jiwon gu,normal_play,0.0
3418,3422,on jiwon gu getting the strapping,normal_play,0.0
3420,3424,gu getting the strapping the japan go to the corner,normal_play,0.0
3422,3426,the japan go to the corner who wants to press home their advantage,normal_play,0.0
3424,3428,who wants to press home their advantage theyre not,lineout,0.4726
3426,3430,advantage theyre not interested in three points they,lineout,0.4726
3428,3432,not interested in three points they want to try,lineout,0.4726
3430,3434,they want to try and,lineout,0.4726
3432,3436,and here comes the,maul,0.3476
3434,3438,and here comes the japanese search,maul,0.3476
3436,3440,the japanese search,maul,0.3476
3440,3444,looking to return the,maul,0.3049
3442,3446,looking to return the driving more compliment,maul,0.3049
3444,3448,the driving more compliment the penalty as well,maul,0.3049
3446,3450,the penalty as well of the japanese,maul,0.3049
3448,3452,well of the japanese,normal_play,0.0
3450,3454,loose players on the edge,normal_play,0.0
3452,3456,loose players on the edge leave it,normal_play,0.0
3454,3458,edge leave it thats a bad mistake from the samoans,normal_play,0.0
3456,3460,it thats a bad mistake from the samoans they already had them stopped once,normal_play,0.0
3458,3462,samoans they already had them stopped once they swim up the side,normal_play,0.0
3460,3464,once they swim up the side thats the penalty for coming around to,normal_play,0.0
3462,3466,thats the penalty for coming around to the japanese side thats poor discipline,normal_play,0.0
3464,3468,to the japanese side thats poor discipline close to the line theyll know that,normal_play,0.0
3466,3470,discipline close to the line theyll know that mentioned about how devastating their mall is going,normal_play,0.0
3468,3472,that mentioned about how devastating their mall is going forward but defensively youve,normal_play,0.0
3470,3474,going forward but defensively youve got to be just as on point bear,normal_play,0.0
3472,3476,youve got to be just as on point bear in mind its a makeshift pack,normal_play,0.0
3474,3478,bear in mind its a makeshift pack at the moment with injuries coming right,normal_play,0.0
3476,3480,at the moment with injuries coming right through this team those,normal_play,0.0
3478,3482,right through this team those combinations all important when it comes,normal_play,0.0
3480,3484,those combinations all important when it comes to trying to stop the driving mall,normal_play,0.0
3482,3486,comes to trying to stop the driving mall,normal_play,0.0
3484,3488,the l e a final rallies the troops,normal_play,0.0
3486,3490,the l e a final rallies the troops,normal_play,0.0
3488,3492,troops samoas discipline creaking six,normal_play,0.0
3490,3494,samoas discipline creaking six penalty conceded now another two,normal_play,0.0
3492,3496,six penalty conceded now another two yellow cards thats four in,lineout,0.1697
3494,3498,two yellow cards thats four in three rugby world cup matches,lineout,0.1697
3496,3500,in three rugby world cup matches and japan,lineout,0.1697
3498,3502,and japan have got that,lineout,0.1697
3500,3504,have got that surge on doing to samoa,maul,0.2908
3502,3506,that surge on doing to samoa what samoa do to,maul,0.2908
3504,3508,samoa what samoa do to others,try,0.9745
3506,3510,to others,try,0.9745
3512,3516,the tectonic plate,normal_play,0.0
3514,3518,the tectonic plate shift as the,normal_play,0.0
3516,3520,plate shift as the japanese pack rumbles,normal_play,0.0
3518,3522,the japanese pack rumbles and that,normal_play,0.0
3520,3524,and that is a seismic moment in,normal_play,0.0
3522,3526,that is a seismic moment in this pool d showdown,normal_play,0.0
3524,3528,in this pool d showdown and it looks like michael leitch has,normal_play,0.0
3526,3530,and it looks like michael leitch has it again,normal_play,0.0
3528,3532,has it again well the veteran is on the ball but theyre flirting,normal_play,0.0
3530,3534,well the veteran is on the ball but theyre flirting with the side and watch the touch down hes going to get burned in,normal_play,0.0
3532,3536,flirting with the side and watch the touch down hes going to get burned in there clear call,normal_play,0.0
3534,3538,in there clear call great drive by the japanese,normal_play,0.0
3536,3540,great drive by the japanese well executed theyve lost two lineups in,normal_play,0.0
3538,3542,well executed theyve lost two lineups in this match keep that in mind this one no doubt about,normal_play,0.0
3540,3544,in this match keep that in mind this one no doubt about it they brought it down,normal_play,0.0
3542,3546,about it they brought it down this,normal_play,0.0
3544,3548,this is his view right here,normal_play,0.0
3546,3550,this is his view right here looking for the ball going down over the line there it,normal_play,0.0
3548,3552,looking for the ball going down over the line there it is,normal_play,0.0
3550,3554,it is,normal_play,0.0
3558,3562,michael leitch appears,normal_play,0.0
3560,3564,michael leitch appears to have doubled up here,normal_play,0.0
3562,3566,appears to have doubled up here japan lead by 14 points with,normal_play,0.0
3564,3568,japan lead by 14 points with a kick to come one more try,normal_play,0.0
3566,3570,with a kick to come one more try and they secure an all,normal_play,0.0
3568,3572,try and they secure an all importance try bonus point,normal_play,0.0
3570,3574,all importance try bonus point as well,normal_play,0.0
3572,3576,point as well,normal_play,0.0
3582,3586,matsuda,goal_kick,0.757
3584,3588,matsuda from the touchline,goal_kick,0.757
3586,3590,matsuda from the touchline not this time first,goal_kick,0.757
3588,3592,not this time first miss of the rugby world cup for rikiya,goal_kick,0.8688
3590,3594,first miss of the rugby world cup for rikiya matsuda but japan,goal_kick,0.8688
3592,3596,rikiya matsuda but japan now with a handsome lead a,normal_play,0.0
3594,3598,japan now with a handsome lead a 14 point lead,normal_play,0.0
3596,3600,a 14 point lead and obasa manaya serahla mapusua,normal_play,0.0
3598,3602,and obasa manaya serahla mapusua prepares to bring on some,normal_play,0.0
3600,3604,mapusua prepares to bring on some of his previous pieces up front,normal_play,0.0
3602,3606,some of his previous pieces up front samo malono,normal_play,0.0
3604,3608,front samo malono jordan le and michael,normal_play,0.0
3606,3610,jordan le and michael ala ala toa the co captain,normal_play,0.0
3608,3612,michael ala ala toa the co captain,normal_play,0.0
3610,3614,its an entire baby of front,normal_play,0.0
3612,3616,its an entire baby of front goal replacements from anu samoa,normal_play,0.0
3614,3618,front goal replacements from anu samoa james le serahla,normal_play,0.0
3616,3620,samoa james le serahla lam paul alo emile off,normal_play,0.0
3618,3622,serahla lam paul alo emile off,normal_play,0.0
3620,3624,we have a,normal_play,0.0
3622,3626,we have a yellow card yes,normal_play,0.0
3624,3628,yellow card yes all sorts happening here so the,normal_play,0.0
3626,3630,yes all sorts happening here so the yellow card has been upgraded to,normal_play,0.0
3628,3632,the yellow card has been upgraded to red high degree of danger,normal_play,0.0
3630,3634,red high degree of danger no mitigation direct contact to,normal_play,0.0
3632,3636,danger no mitigation direct contact to the head yellow card has been,normal_play,0.0
3634,3638,to the head yellow card has been upgraded huge news from the,normal_play,0.0
3636,3640,been upgraded huge news from the bunker captain,normal_play,0.0
3638,3642,bunker captain weve got an outcome,normal_play,0.0
3640,3644,weve got an outcome from the bunker,normal_play,0.0
3642,3646,outcome from the bunker,normal_play,0.0
3644,3648,weve got an outcome,normal_play,0.0
3646,3650,weve got an outcome from the bunker the yellow card has,normal_play,0.0
3648,3652,outcome from the bunker the yellow card has been upgraded,card_event,1.0
3650,3654,has been upgraded to a red card high degree of danger,card_event,1.0
3652,3656,upgraded to a red card high degree of danger no mitigation,card_event,0.9069
3654,3658,danger no mitigation no its clear direct hit contact no clear,card_event,0.9069
3656,3660,no its clear direct hit contact no clear mitigation,card_event,0.9069
3658,3662,clear mitigation fritz lee pleads his,card_event,0.9069
3660,3664,fritz lee pleads his case but thats,card_event,1.0
3662,3666,his case but thats a massive decision,card_event,1.0
3664,3668,thats a massive decision ben lam sent,normal_play,0.0
3666,3670,ben lam sent off manu samoa,normal_play,0.0
3668,3672,sent off manu samoa finished this game with 14,normal_play,0.0
3670,3674,samoa finished this game with 14 and this is why,normal_play,0.0
3672,3676,14 and this is why i dont think its similar as,normal_play,0.0
3674,3678,i dont think its similar as the samoan captain was asking,normal_play,0.0
3676,3680,as the samoan captain was asking why i think the contact is direct,normal_play,0.0
3678,3682,asking why i think the contact is direct and its clean,normal_play,0.0
3680,3684,direct and its clean for me its different rob than the previous,normal_play,0.0
3682,3686,for me its different rob than the previous one which is more awkward the upright contact,normal_play,0.0
3684,3688,one which is more awkward the upright contact still players looking to,normal_play,0.0
3686,3690,contact still players looking to go above that ball thats the risk that you run,normal_play,0.0
3688,3692,to go above that ball thats the risk that you run abhishek they did dip down a,normal_play,0.0
3690,3694,abhishek they did dip down a bit into it but it wasnt enough for,normal_play,0.0
3692,3696,a bit into it but it wasnt enough for the television match officials to suggest,normal_play,0.0
3694,3698,for the television match officials to suggest it was mitigated,normal_play,0.0
3696,3700,suggest it was mitigated first red card for samoa,normal_play,0.0
3698,3702,first red card for samoa at this rugby world cup thanks,normal_play,0.0
3700,3704,samoa at this rugby world cup thanks,normal_play,0.0
3702,3706,right set,normal_play,0.0
3704,3708,right set up,normal_play,0.0
3706,3710,set up off,normal_play,0.0
3708,3712,off,normal_play,0.0
3714,3718,good,scrum,0.1384
3716,3720,good outside,scrum,0.1384
3718,3722,good outside inside ben lam will watch the rest of,scrum,0.1384
3720,3724,inside ben lam will watch the rest of this match fine,scrum,0.1384
3722,3726,of this match fine from the shadows of,scrum,0.1384
3724,3728,fine from the shadows of the samoan technical team,scrum,0.143
3726,3730,of the samoan technical team,scrum,0.143
3728,3732,what an,scrum,0.143
3730,3734,what an opportunity for japan now to,scrum,0.143
3732,3736,an opportunity for japan now to take this game by the scuffle of the match,normal_play,0.0
3734,3738,to take this game by the scuffle of the match as dele baili sends,normal_play,0.0
3736,3740,match as dele baili sends it on to lemeke hit,normal_play,0.4032
3738,3742,sends it on to lemeke hit blocked by ed fido,normal_play,0.4032
3740,3744,hit blocked by ed fido it did go forwards,normal_play,0.4032
3742,3746,it did go forwards and the frustration is building,normal_play,0.4032
3744,3748,and the frustration is building for samoa they cannot get,normal_play,0.0
3746,3750,building for samoa they cannot get a foothold in this match,normal_play,0.0
3748,3752,get a foothold in this match yeah i was going to say you can see it on ed,normal_play,0.0
3750,3754,yeah i was going to say you can see it on ed fido he wanted to grab that ball and get going,normal_play,0.0
3752,3756,ed fido he wanted to grab that ball and get going frustration across the,normal_play,0.0
3754,3758,going frustration across the park but really good,normal_play,0.0
3756,3760,the park but really good work from japan at scrum town and,normal_play,0.0
3758,3762,good work from japan at scrum town and the late booker in,normal_play,0.0
3760,3764,and the late booker in saito,normal_play,0.0
3762,3766,in saito he actually runs off the base,normal_play,0.0
3764,3768,saito he actually runs off the base and he lets the defence give,normal_play,0.0
3766,3770,base and he lets the defence give him what they give him the last two plays,normal_play,0.0
3768,3772,give him what they give him the last two plays hes gone wide weve got good,normal_play,0.0
3770,3774,plays hes gone wide weve got good games as they,normal_play,0.0
3772,3776,good games as they ship it out wide and of course samoa with only 14,normal_play,0.0
3774,3778,they ship it out wide and of course samoa with only 14 on the field,normal_play,0.0
3776,3780,14 on the field,scrum,0.1919
3778,3782,samoa have to be so,scrum,0.1919
3780,3784,samoa have to be so careful that frustration doesnt,scrum,0.1919
3782,3786,so careful that frustration doesnt lead to yet more ill discipline,scrum,0.1919
3784,3788,doesnt lead to yet more ill discipline theyre going to get tired in this last stanza of the,scrum,0.1919
3786,3790,theyre going to get tired in this last stanza of the game japan did all the work but theyre the younger,scrum,0.1919
3788,3792,the game japan did all the work but theyre the younger fitter team,scrum,0.1919
3790,3794,younger fitter team,scrum,0.1919
3792,3796,boi saito,scrum,0.1677
3794,3798,boi saito the smallest one on the field,scrum,0.1677
3796,3800,saito the smallest one on the field feeds the scullage,scrum,0.1677
3798,3802,field feeds the scullage 1 65m or just under,scrum,0.1677
3800,3804,1 65m or just under 5ft 5in tall,normal_play,0.0
3802,3806,under 5ft 5in tall,normal_play,0.0
3804,3808,might be a fight,normal_play,0.0
3806,3810,might be a fight all were hoping to see is,normal_play,0.0
3808,3812,all were hoping to see is at this stage with substitute,normal_play,0.0
3810,3814,is at this stage with substitute replacement front row forwards in there,normal_play,0.0
3812,3816,replacement front row forwards in there not the ones that jaco piper would have had a conversation,normal_play,0.0
3814,3818,not the ones that jaco piper would have had a conversation with before the match during the,normal_play,0.0
3816,3820,conversation with before the match during the first match he didnt take the weight he can hold,normal_play,0.0
3818,3822,the first match he didnt take the weight he can hold consistency he didnt hold,normal_play,0.0
3820,3824,hold consistency he didnt hold and then the obligation to take the weight you cant,normal_play,0.0
3822,3826,hold and then the obligation to take the weight you cant step away after samoa here,normal_play,0.0
3824,3828,cant step away after samoa here,normal_play,0.0
3826,3830,here,normal_play,0.0
3832,3836,argentina take on,scrum,0.3008
3834,3838,argentina take on chile in their next match,scrum,0.3008
3836,3840,on chile in their next match in the rugby world cup pouyidi,scrum,0.3008
3838,3842,match in the rugby world cup pouyidi with a point behind samoa,scrum,0.3008
3840,3844,pouyidi with a point behind samoa and japan coming into this,scrum,0.3008
3842,3846,samoa and japan coming into this match they will be targeting the,scrum,0.3008
3844,3848,this match they will be targeting the maximum 5 against their south,scrum,0.3008
3846,3850,the maximum 5 against their south american rivals that,scrum,0.3008
3848,3852,south american rivals that would make for a very interesting finale,normal_play,0.0
3850,3854,that would make for a very interesting finale between japan and argentina,normal_play,0.0
3852,3856,finale between japan and argentina a potential shootout for,normal_play,0.0
3854,3858,a potential shootout for a quarterfinal sport in,normal_play,0.0
3856,3860,for a quarterfinal sport in the next sunday,normal_play,0.0
3858,3862,the next sunday both of you are new players well credit all,normal_play,0.0
3860,3864,both of you are new players well credit all the scrum coaches and the referees around the,normal_play,0.0
3862,3866,all the scrum coaches and the referees around the world there have been very very few resets,normal_play,0.0
3864,3868,the world there have been very very few resets the second reset scrum,normal_play,0.0
3866,3870,resets the second reset scrum we practically havent seen this at all in this,normal_play,0.0
3868,3872,we practically havent seen this at all in this world cup and its great to keep the game moving,normal_play,0.0
3870,3874,this world cup and its great to keep the game moving its taking a while to get these new boys,normal_play,0.0
3872,3876,moving its taking a while to get these new boys settled here it is ill just get back to eddie,normal_play,0.0
3874,3878,boys settled here it is ill just get back to eddie jones saying the last thing you want to see in a rugby match are people,normal_play,0.0
3876,3880,eddie jones saying the last thing you want to see in a rugby match are people doing the mexican wave because it means theyre not being entertained,normal_play,0.0
3878,3882,people doing the mexican wave because it means theyre not being entertained on the pitch but reset,normal_play,0.0
3880,3884,entertained on the pitch but reset scrum is part of it the collision of,scrum,0.1562
3882,3886,reset scrum is part of it the collision of these two teams is massive its understandable,scrum,0.1562
3884,3888,of these two teams is massive its understandable sometimes it doesnt quite remain upright,scrum,0.1562
3886,3890,sometimes it doesnt quite remain upright well if eddie jones is concerned about the,scrum,0.1562
3888,3892,well if eddie jones is concerned about the mexican wave that may explain a few things,scrum,0.1105
3890,3894,mexican wave that may explain a few things its a few weeks for him,scrum,0.1105
3892,3896,things its a few weeks for him its been linked with a return to,scrum,0.1105
3894,3898,its been linked with a return to japan by australian,scrum,0.1105
3896,3900,to japan by australian media,scrum,0.1432
3898,3902,australian media,scrum,0.1432
3900,3904,angle and the japanese,normal_play,0.0
3902,3906,angle and the japanese pack decimating samoa,normal_play,0.0
3904,3908,japanese pack decimating samoa just angle that is a,normal_play,0.0
3906,3910,samoa just angle that is a demolition job,normal_play,0.0
3908,3912,demolition job dominance turned on the angle,normal_play,0.0
3910,3914,dominance turned on the angle,normal_play,0.0
3912,3916,so if he said dominance,normal_play,0.0
3914,3918,so if he said dominance and then turned on the angle i would have,normal_play,0.0
3916,3920,dominance and then turned on the angle i would have argued that was maybe the other way samoa were,normal_play,0.0
3918,3922,have argued that was maybe the other way samoa were dominating,normal_play,0.0
3920,3924,were dominating and youre going to elect to have a shot at,normal_play,0.0
3922,3926,and youre going to elect to have a shot at goal and why not his,normal_play,0.0
3924,3928,at goal and why not his clock is ticking away,normal_play,0.0
3926,3930,his clock is ticking away,normal_play,0.0
3928,3932,hes saying there was japanese,normal_play,0.0
3930,3934,hes saying there was japanese dominance,normal_play,0.0
3932,3936,japanese dominance i have to tell but great shot from the cable cam,normal_play,0.0
3934,3938,i have to tell but great shot from the cable cam,normal_play,0.0
3936,3940,cam,normal_play,0.0
3938,3942,difficult to see,normal_play,0.0
3940,3944,difficult to see its like a ouija board sometimes,normal_play,0.0
3942,3946,its like a ouija board sometimes hes forcing the scrum i dont know if its sideways,normal_play,0.0
3944,3948,sometimes hes forcing the scrum i dont know if its sideways or forward movement from one,normal_play,0.0
3946,3950,sideways or forward movement from one of the teams but either way japan now with the,normal_play,0.0
3948,3952,one of the teams but either way japan now with the opportunity to get further extend this league,normal_play,0.0
3950,3954,opportunity to get further extend this league,normal_play,0.0
3954,3958,its,normal_play,0.0
3956,3960,its far side,normal_play,0.0
3958,3962,its far side rikiya,normal_play,0.0
3960,3964,rikiya matsuda blinks and,goal_kick,0.7956
3962,3966,rikiya matsuda blinks and frowns at the uprights,goal_kick,0.7956
3964,3968,and frowns at the uprights,goal_kick,0.7956
3966,3970,uprights deep breaths to steady his heart rate,goal_kick,0.7956
3968,3972,deep breaths to steady his heart rate this for,goal_kick,0.7113
3970,3974,this for a three score lead,goal_kick,0.7113
3972,3976,for a three score lead rikiya,goal_kick,0.7113
3974,3978,rikiya matsuda nails it,goal_kick,0.7113
3976,3980,rikiya matsuda nails it,normal_play,0.0
3978,3982,it japan 25,normal_play,0.0
3980,3984,japan 25 samoa 8,normal_play,0.0
3982,3986,samoa 8 and look at how special that,normal_play,0.0
3984,3988,and look at how special that is for the japanese,normal_play,0.0
3986,3990,is for the japanese faithful what a,normal_play,0.0
3988,3992,japanese faithful what a kick from matsuda straight as an arrow,normal_play,0.0
3990,3994,a kick from matsuda straight as an arrow huge for the fans but,normal_play,0.0
3992,3996,arrow huge for the fans but what a lift for his forwards they know,kick_off,0.3237
3994,3998,but what a lift for his forwards they know scoreboard is ticking over 17,kick_off,0.3237
3996,4000,scoreboard is ticking over 17 points now and samoa are going to,kick_off,0.3237
3998,4002,17 points now and samoa are going to have to start to chase this game its awkward,kick_off,0.3237
4000,4004,have to start to chase this game its awkward in the air,normal_play,0.0
4002,4006,awkward in the air jack cornelson,normal_play,0.0
4004,4008,jack cornelson out mcfarlane they feel mcfarlane,normal_play,0.0
4006,4010,out mcfarlane they feel mcfarlane in the air,normal_play,0.0
4008,4012,mcfarlane in the air good attempt for the ball both of them the two bean poles,normal_play,0.4032
4010,4014,good attempt for the ball both of them the two bean poles collide cornelson comes,normal_play,0.4032
4012,4016,poles collide cornelson comes up with a match ball,normal_play,0.329
4014,4018,comes up with a match ball not a sight,normal_play,0.329
4016,4020,not a sight laces that one into,normal_play,0.329
4018,4022,laces that one into the sky dylan riley knocks it,normal_play,0.329
4020,4024,into the sky dylan riley knocks it back and then dalphor,normal_play,0.4032
4022,4026,it back and then dalphor basketball style to manu,normal_play,0.4032
4024,4028,basketball style to manu paye awa finds danny,normal_play,0.4032
4026,4030,manu paye awa finds danny towara on the outside,normal_play,0.4032
4028,4032,danny towara on the outside samoa need a response,normal_play,0.4032
4030,4034,samoa need a response and they need one pronto,normal_play,0.4032
4032,4036,and they need one pronto three scores 17,normal_play,0.4032
4034,4038,three scores 17 points behind paye awa,normal_play,0.4032
4036,4040,17 points behind paye awa straightening only,normal_play,0.2415
4038,4042,awa straightening only to michael leitch who is,normal_play,0.2415
4040,4044,only to michael leitch who is everywhere tonight,normal_play,0.2415
4042,4046,is everywhere tonight saito,normal_play,0.2415
4044,4048,saito calling for that ball to be moved,normal_play,0.4032
4046,4050,saito calling for that ball to be moved by leneke big overlap,normal_play,0.4032
4048,4052,by leneke big overlap leneke took the,normal_play,0.4032
4050,4054,leneke took the pragmatic option towara,normal_play,0.4032
4052,4056,the pragmatic option towara have a seat danny towara,normal_play,0.4032
4054,4058,have a seat danny towara johnny knight mets,normal_play,0.4032
4056,4060,johnny knight mets him,normal_play,0.0
4058,4062,mets him and japan win the penalty,normal_play,0.0
4060,4064,and japan win the penalty and jaco paye brown,penalty,0.6128
4062,4066,and jaco paye brown marches samoa backwards,penalty,0.6128
4064,4068,marches samoa backwards for a bit of lip,penalty,0.6128
4066,4070,for a bit of lip from jonathan dalmatini who really has to be,penalty,0.6128
4068,4072,from jonathan dalmatini who really has to be careful its conceded two penalty,normal_play,0.0
4070,4074,be careful its conceded two penalty since returning from a sin burning,normal_play,0.0
4072,4076,penalty since returning from a sin burning yeah and there,normal_play,0.0
4074,4078,yeah and there was an overlap and they were calling for it but,normal_play,0.0
4076,4080,there was an overlap and they were calling for it but it works both ways if you kick to that side,normal_play,0.0
4078,4082,but it works both ways if you kick to that side then the overlap is there theres more defenders,normal_play,0.0
4080,4084,side then the overlap is there theres more defenders than attackers and thats what,normal_play,0.0
4082,4086,defenders than attackers and thats what happened big tackle,normal_play,0.0
4084,4088,what happened big tackle,normal_play,0.0
4088,4092,towara calling for paye brown,normal_play,0.2424
4090,4094,towara calling for paye brown this is clearly on the ball theres nothing wrong with,normal_play,0.2424
4092,4096,this is clearly on the ball theres nothing wrong with it with the bleach ones,normal_play,0.2424
4094,4098,with it with the bleach ones here,normal_play,0.2424
4096,4100,ones here,normal_play,0.0
4098,4102,youve got to do the tackle first,normal_play,0.0
4100,4104,youve got to do the tackle first look how many waitresses arrive its three,normal_play,0.0
4102,4106,first look how many waitresses arrive its three to one and they cant clean them,normal_play,0.0
4104,4108,three to one and they cant clean them all out textbook tackling,normal_play,0.0
4106,4110,them all out textbook tackling theres a lot of discussion about it,normal_play,0.0
4108,4112,tackling theres a lot of discussion about it,normal_play,0.0
4110,4114,it great work from japan in,normal_play,0.0
4112,4116,great work from japan in defence line george,normal_play,0.0
4114,4118,in defence line george,normal_play,0.0
4116,4120,seven handling errors made by samoa,normal_play,0.0
4118,4122,seven handling errors made by samoa,normal_play,0.0
4120,4124,samoa and a struggle for the team possession,normal_play,0.0
4122,4126,and a struggle for the team possession and now changes me its off it,normal_play,0.0
4124,4128,and now changes me its off it is off sisi,normal_play,0.0
4126,4130,it is off sisi sakate on it for,normal_play,0.0
4128,4132,sisi sakate on it for japan rani matabao replaces,lineout,0.3087
4130,4134,for japan rani matabao replaces the indiscipline tal matene its grumhath for,lineout,0.3087
4132,4136,the indiscipline tal matene its grumhath for samoa,lineout,0.3087
4134,4138,for samoa and weve got an aramanga motunga as,lineout,0.3087
4136,4140,and weve got an aramanga motunga as well japan,normal_play,0.4032
4138,4142,as well japan leaving some pretty patterns as johnny nakambula,normal_play,0.4032
4140,4144,leaving some pretty patterns as johnny nakambula 19 try in 25,normal_play,0.4032
4142,4146,nakambula 19 try in 25 club matches in japan,normal_play,0.4032
4144,4148,25 club matches in japan with the charge,normal_play,0.4032
4146,4150,with the charge,normal_play,0.4032
4148,4152,charge its tachimaru dragging samoans,normal_play,0.4032
4150,4154,its tachimaru dragging samoans with him and the ball,normal_play,0.4032
4152,4156,samoans with him and the ball and the man the motunga,penalty,0.3388
4154,4158,and the man the motunga and will be awarded with a penalty,penalty,0.3388
4156,4160,and will be awarded with a penalty straight off,penalty,0.3388
4158,4162,penalty straight off the bench thats the kind of impact,penalty,0.3388
4160,4164,the bench thats the kind of impact alvazam manaya from alamaposua,normal_play,0.0
4162,4166,impact alvazam manaya from alamaposua was looking for from his flanker,normal_play,0.0
4164,4168,alamaposua was looking for from his flanker,normal_play,0.0
4166,4170,yeah,normal_play,0.0
4168,4172,yeah clocks running away here coming up to 60,normal_play,0.0
4170,4174,yeah clocks running away here coming up to 60 minutes look at this little touch,normal_play,0.0
4172,4176,60 minutes look at this little touch well thats when he got isolated nice,normal_play,0.0
4174,4178,well thats when he got isolated nice work from samoa coming,normal_play,0.0
4176,4180,nice work from samoa coming up to 60 minutes samoas going to have to reinvent,normal_play,0.0
4178,4182,coming up to 60 minutes samoas going to have to reinvent itself a little bit of a,normal_play,0.0
4180,4184,reinvent itself a little bit of a chat of what tactics are going to put in play,normal_play,0.0
4182,4186,a chat of what tactics are going to put in play 17 points the gap,normal_play,0.0
4184,4188,17 points the gap and this is really the rugby world,normal_play,0.0
4186,4190,and this is really the rugby world cup quarter final on the,normal_play,0.0
4188,4192,world cup quarter final on the and im,normal_play,0.0
4190,4194,the and im talking here,normal_play,0.0
4192,4196,im talking here,normal_play,0.0
4194,4198,great impact from the substitutes as well,normal_play,0.0
4196,4200,great impact from the substitutes as well and alamanda motunga,lineout,0.4726
4198,4202,well and alamanda motunga he is an absolute effervescent player when hes,lineout,0.4726
4200,4204,is an absolute effervescent player when hes on the pitch he will go all day,lineout,0.4726
4202,4206,hes on the pitch he will go all day heres pritzley,lineout,0.4726
4204,4208,heres pritzley samoa needs some inspiration,normal_play,0.4032
4206,4210,pritzley samoa needs some inspiration can the captain be the man to,normal_play,0.4032
4208,4212,inspiration can the captain be the man to provide it maka vaal,normal_play,0.4032
4210,4214,to provide it maka vaal lovely pass manus,normal_play,0.4032
4212,4216,lovely pass manus splitting japan up the middle hes got mcfarlane,normal_play,0.0
4214,4218,manus splitting japan up the middle hes got mcfarlane with him but the pass,normal_play,0.0
4216,4220,mcfarlane with him but the pass doesnt go to hand,normal_play,0.3309
4218,4222,doesnt go to hand that would have,normal_play,0.3309
4220,4224,that would have been a wonderful try instead,normal_play,0.3309
4222,4226,have been a wonderful try instead japan are countering from,normal_play,0.3309
4224,4228,instead japan are countering from deep and heres reilly,normal_play,0.4032
4226,4230,from deep and heres reilly wheres a big shot from luotua,normal_play,0.4032
4228,4232,reilly wheres a big shot from luotua and that kambula shackled,normal_play,0.4032
4230,4234,and that kambula shackled salto,normal_play,0.4032
4232,4236,shackled salto and celia ivalu onto craig,normal_play,0.4032
4234,4238,salto and celia ivalu onto craig miller whos blasted back by mcfarlane,normal_play,0.4032
4236,4240,craig miller whos blasted back by mcfarlane but the ball is moved on japan,normal_play,0.0
4238,4242,mcfarlane but the ball is moved on japan have an overlap leneke straightening,normal_play,0.0
4240,4244,japan have an overlap leneke straightening too quick for ed fido,normal_play,0.4032
4242,4246,straightening too quick for ed fido and then the tap tackle comes in in,normal_play,0.4032
4244,4248,and then the tap tackle comes in in the nick of time,normal_play,0.4032
4246,4250,in the nick of time brilliant,normal_play,0.4032
4248,4252,time brilliant recovery work and,normal_play,0.0
4250,4254,brilliant recovery work and this is melikifano,normal_play,0.0
4252,4256,and this is melikifano this was a,normal_play,0.0
4254,4258,this was a half gap work from milani matavaal,normal_play,0.0
4256,4260,half gap work from milani matavaal back to the middle,normal_play,0.0
4258,4262,matavaal back to the middle offload from manu doesnt,normal_play,0.0
4260,4264,offload from manu doesnt quite go to hand,normal_play,0.0
4262,4266,doesnt quite go to hand finally a line break for,normal_play,0.0
4264,4268,finally a line break for samoa good footwork there just forced,normal_play,0.0
4266,4270,for samoa good footwork there just forced the pass to the big man,normal_play,0.0
4268,4272,forced the pass to the big man mcfarlane couldnt hold it,normal_play,0.0
4270,4274,mcfarlane couldnt hold it were going to have a little time out here,normal_play,0.0
4272,4276,were going to have a little time out here,normal_play,0.0
4274,4278,here the japanese getting lots of bodies there,normal_play,0.0
4276,4280,the japanese getting lots of bodies there and theyre not afraid to go wide,normal_play,0.0
4278,4282,there and theyre not afraid to go wide,normal_play,0.0
4280,4284,wide he kept this one i think maybe he was thinking,normal_play,0.0
4282,4286,kept this one i think maybe he was thinking he should have stayed on the park,normal_play,0.0
4284,4288,thinking he should have stayed on the park get the pressure on samoa,normal_play,0.0
4286,4290,get the pressure on samoa alamando motuma was flying in,normal_play,0.0
4288,4292,samoa alamando motuma was flying in like a torpedo,normal_play,0.0
4290,4294,in like a torpedo alamando lemekes fall took him,normal_play,0.0
4292,4296,alamando lemekes fall took him just beneath the lunging,normal_play,0.0
4294,4298,him just beneath the lunging samoa,normal_play,0.0
4296,4300,lunging samoa that would have been a rib tip there,normal_play,0.0
4298,4302,that would have been a rib tip there he,normal_play,0.0
4300,4304,he paused for the water break on 60 minutes,normal_play,0.0
4302,4306,paused for the water break on 60 minutes players have taken on the hydration,normal_play,0.0
4304,4308,minutes players have taken on the hydration listen fellas come on,normal_play,0.0
4306,4310,hydration listen fellas come on were ready to go again,normal_play,0.0
4308,4312,on were ready to go again,normal_play,0.0
4310,4314,again,normal_play,0.0
4312,4316,jack poynter some watches on his father,lineout,0.4726
4314,4318,jack poynter some watches on his father was a legendary wallaby he,lineout,0.4726
4316,4320,was a legendary wallaby he scored four try in a match against new zealand,lineout,0.4726
4318,4322,he scored four try in a match against new zealand and young jack doing the family,lineout,0.4726
4320,4324,zealand and young jack doing the family name another line out steal,normal_play,0.0
4322,4326,family name another line out steal theres trouble,normal_play,0.0
4324,4328,theres trouble matsushima off on the rampage,normal_play,0.0
4326,4330,matsushima off on the rampage cant do it all on his own,normal_play,0.0
4328,4332,rampage cant do it all on his own and the flag is up on the far side,normal_play,0.0
4330,4334,and the flag is up on the far side as jimeno carried on,normal_play,0.0
4332,4336,side as jimeno carried on,normal_play,0.0
4334,4338,on first glimpse weve had of kotaro matsushima,normal_play,0.0
4336,4340,first glimpse weve had of kotaro matsushima in open prairie,normal_play,0.0
4338,4342,matsushima in open prairie thats why they call him the ferrari,normal_play,0.0
4340,4344,thats why they call him the ferrari well thats as good an individual run,normal_play,0.0
4342,4346,well thats as good an individual run as weve seen hes cleaning up at the back,normal_play,0.0
4344,4348,run as weve seen hes cleaning up at the back steps two and then finds the corners,normal_play,0.0
4346,4350,steps two and then finds the corners open had he scored this this,normal_play,0.0
4348,4352,corners open had he scored this this might have been a good try at the tournament,normal_play,0.0
4350,4354,might have been a good try at the tournament but theyre off and running on samoa,normal_play,0.0
4352,4356,but theyre off and running on samoa samoa need to play tomoa,normal_play,0.4032
4354,4358,samoa need to play tomoa manu at the heart of their best,normal_play,0.4032
4356,4360,tomoa manu at the heart of their best attacking phases heres,normal_play,0.3649
4358,4362,best attacking phases heres michael ala alatoa of leinster,normal_play,0.3649
4360,4364,heres michael ala alatoa of leinster dublin ireland,normal_play,0.3649
4362,4366,leinster dublin ireland matabao plenty,normal_play,0.3649
4364,4368,matabao plenty of space in behind emeki,normal_play,0.4032
4366,4370,plenty of space in behind emeki sharp on it just about,normal_play,0.4032
4368,4372,sharp on it just about turns onto that its,normal_play,0.4032
4370,4374,about turns onto that its hot and humid here in toulouse,normal_play,0.4032
4372,4376,its hot and humid here in toulouse emeki drops one on,normal_play,0.4032
4374,4378,emeki drops one on manu,normal_play,0.4032
4376,4380,on manu stays infield well,normal_play,0.4032
4378,4382,stays infield well three,normal_play,0.4032
4380,4384,three ala alatoa,normal_play,0.2857
4382,4386,ala alatoa that puts him close the,normal_play,0.2857
4384,4388,alatoa that puts him close the ferocity of these japanese hits,normal_play,0.2857
4386,4390,the ferocity of these japanese hits they mightnt have the size of the samoans,normal_play,0.2857
4388,4392,they mightnt have the size of the samoans but theyve got the power thats brilliant,normal_play,0.4032
4390,4394,samoans but theyve got the power thats brilliant from paia awa malolo goose,normal_play,0.4032
4392,4396,from paia awa malolo goose stepping forth,normal_play,0.4032
4394,4398,goose stepping forth driven back,normal_play,0.4032
4396,4400,driven back by cornelsen who wraps up that ball,normal_play,0.4032
4398,4402,back by cornelsen who wraps up that ball prevents a crucial offload,normal_play,0.4032
4400,4404,ball prevents a crucial offload menani matabao,normal_play,0.4032
4402,4406,offload menani matabao stepping the seven specialist engulfed,normal_play,0.4032
4404,4408,matabao stepping the seven specialist engulfed flattened thats,normal_play,0.4032
4406,4410,engulfed flattened thats eli aivano big,normal_play,0.4032
4408,4412,thats eli aivano big physical mismatch heres mcfarland,normal_play,0.4032
4410,4414,physical mismatch heres mcfarland if anybody,normal_play,0.4032
4412,4416,mcfarland if anybody can haul samoa back into this game,normal_play,0.4032
4414,4418,anybody can haul samoa back into this game its their second goal phenomenon,normal_play,0.4032
4416,4420,game its their second goal phenomenon,normal_play,0.4032
4418,4422,phenomenon,normal_play,0.4032
4420,4424,matabao and on the short side,normal_play,0.3013
4422,4426,matabao and on the short side plenty of space three,normal_play,0.3013
4424,4428,side plenty of space three super rugby titles with the crusaders,normal_play,0.3013
4426,4430,three super rugby titles with the crusaders from canterbury new zealand,normal_play,0.3013
4428,4432,crusaders from canterbury new zealand jordan ray,normal_play,0.4032
4430,4434,zealand jordan ray elder brother of james the man who replaced,normal_play,0.4032
4432,4436,elder brother of james the man who replaced luce krupp,normal_play,0.231
4434,4438,luce krupp eli aivano,normal_play,0.231
4436,4440,eli aivano black pass to motuma,normal_play,0.231
4438,4442,aivano black pass to motuma motuma releases gets up,normal_play,0.231
4440,4444,motuma releases gets up drives again commits another defender,normal_play,0.4032
4442,4446,up drives again commits another defender,normal_play,0.4032
4444,4448,defender matabao with that language style,normal_play,0.4032
4446,4450,matabao with that language style whats missed everybody anatoas in real,normal_play,0.4032
4448,4452,whats missed everybody anatoas in real trouble here he didnt have the pace,normal_play,0.4032
4450,4454,real trouble here he didnt have the pace japan do and japan are,normal_play,0.4032
4452,4456,pace japan do and japan are streaking clear matsushimas,normal_play,0.0
4454,4458,are streaking clear matsushimas gone,normal_play,0.0
4456,4460,matsushimas gone wheel chip for,try,1.0
4458,4462,wheel chip for a knock on,try,1.0
4460,4464,for a knock on but that,try,1.0
4462,4466,but that was backwards,try,1.0
4464,4468,that was backwards katsuryu matsushima he comes,normal_play,0.0
4466,4470,katsuryu matsushima he comes off blue may have,normal_play,0.0
4468,4472,comes off blue may have settled this game,normal_play,0.0
4470,4474,have settled this game iyaku,normal_play,0.0
4472,4476,iyaku theres a clear knock on you need,normal_play,0.0
4474,4478,iyaku theres a clear knock on you need to come back to the knock on of,normal_play,0.0
4476,4480,need to come back to the knock on of the white players in,normal_play,0.0
4478,4482,the white players in confirmed its off a blue hand,normal_play,0.0
4480,4484,confirmed its off a blue hand sorry a white hand so we go back for,tmo_replay,0.85
4482,4486,sorry a white hand so we go back for a knock on yeah it did look like it i think even matsushima knew,tmo_replay,0.85
4484,4488,a knock on yeah it did look like it i think even matsushima knew it he had the grin on his face nice moment to,tmo_replay,0.85
4486,4490,knew it he had the grin on his face nice moment to get the crowd on their feet,tmo_replay,0.85
4488,4492,to get the crowd on their feet fairly clear they were trying to,tmo_replay,0.85
4490,4494,fairly clear they were trying to clear up that loose ball on the far side line,tmo_replay,0.85
4492,4496,to clear up that loose ball on the far side line here it is chasing through,tmo_replay,0.85
4494,4498,here it is chasing through on the,tmo_replay,0.85
4496,4500,through on the 10 metre theres a white hand on it,tmo_replay,0.672
4498,4502,the 10 metre theres a white hand on it theres a blue hand,tmo_replay,0.672
4500,4504,it theres a blue hand definitely but a white finger,tmo_replay,0.672
4502,4506,hand definitely but a white finger as well,tmo_replay,0.672
4504,4508,finger as well that was,tmo_replay,0.6572
4506,4510,that was close,tmo_replay,0.6572
4508,4512,was close thats a tight approach worst nightmare,tmo_replay,0.85
4510,4514,thats a tight approach worst nightmare chasing a bubbling ball,tmo_replay,0.85
4512,4516,chasing a bubbling ball on the turn before youre,normal_play,0.0
4514,4518,on the turn before youre in the centre breathing down your net,normal_play,0.0
4516,4520,youre in the centre breathing down your net and japan are,normal_play,0.0
4518,4522,and japan are going to bring on the wanderdairns for,normal_play,0.0
4520,4524,are going to bring on the wanderdairns for jack cornels and whos had such a fine game,normal_play,0.0
4522,4526,for jack cornels and whos had such a fine game today,normal_play,0.0
4524,4528,game today as the players come on,normal_play,0.0
4526,4530,as the players come on jamie just the tightness of this japanese team,normal_play,0.0
4528,4532,jamie just the tightness of this japanese team look at it there it sort of symbolises where the players are,normal_play,0.0
4530,4534,look at it there it sort of symbolises where the players are they came together theyre messaging their,normal_play,0.0
4532,4536,are they came together theyre messaging their next play the simons have been,normal_play,0.0
4534,4538,their next play the simons have been really disparate theyve been spread out,normal_play,0.0
4536,4540,been really disparate theyve been spread out a lot more and not quite as tight,normal_play,0.0
4538,4542,out a lot more and not quite as tight,normal_play,0.0
4542,4546,yeah it didnt look right,normal_play,0.0
4544,4548,yeah it didnt look right at first nice off road again,normal_play,0.0
4546,4550,right at first nice off road again from leeds,normal_play,0.0
4548,4552,again from leeds,normal_play,0.0
4550,4554,michael leach is such,normal_play,0.0
4552,4556,michael leach is such a nose for opportunities he follows,normal_play,0.0
4554,4558,such a nose for opportunities he follows the ball around like a bloodhound,normal_play,0.0
4556,4560,follows the ball around like a bloodhound however there is a significant,normal_play,0.0
4558,4562,however there is a significant piece of play you,normal_play,0.0
4560,4564,significant piece of play you can bet the japanese warhorse,normal_play,0.0
4562,4566,you can bet the japanese warhorse has that something to do with it,normal_play,0.0
4564,4568,has that something to do with it well for me two of the best japanese players,normal_play,0.0
4566,4570,it well for me two of the best japanese players out here the two 34 year olds michael,normal_play,0.0
4568,4572,players out here the two 34 year olds michael leach,normal_play,0.0
4570,4574,michael leach and indeed lamanolaba lameke,normal_play,0.0
4572,4576,and indeed lamanolaba lameke outstanding contribution from both,normal_play,0.0
4574,4578,lameke outstanding contribution from both of the senior vets,normal_play,0.0
4576,4580,both of the senior vets,scrum,0.1179
4578,4582,michael,scrum,0.1179
4580,4584,michael leach top of the tackle charts as,scrum,0.1179
4582,4586,michael leach top of the tackle charts as well by the way hes made 16,scrum,0.1179
4584,4588,as well by the way hes made 16 japan doing,scrum,0.1075
4586,4590,japan doing a lot of defensive work 43,scrum,0.1075
4588,4592,doing a lot of defensive work 43 possession he,scrum,0.1075
4590,4594,possession he returns of course to 150 tackle,scrum,0.1075
4592,4596,he returns of course to 150 tackle gonna have to,normal_play,0.0
4594,4598,tackle gonna have to defend some more here 14 man samoa,normal_play,0.0
4596,4600,to defend some more here 14 man samoa up against it,normal_play,0.0
4598,4602,samoa up against it fighting the,normal_play,0.0
4600,4604,it fighting the odds but still with,normal_play,0.4032
4602,4606,the odds but still with plenty of juice in their boots,normal_play,0.4032
4604,4608,with plenty of juice in their boots fritz lee around the corner,normal_play,0.4032
4606,4610,fritz lee around the corner he goes and,normal_play,0.4032
4608,4612,corner he goes and samoa going,normal_play,0.4032
4610,4614,and samoa going route one brian,normal_play,0.4032
4612,4616,going route one brian alain o hessie look at the big,normal_play,0.3225
4614,4618,brian alain o hessie look at the big horse in the second row,normal_play,0.3225
4616,4620,big horse in the second row committing men,normal_play,0.3225
4618,4622,row committing men sucking japanese defenders inexorably,normal_play,0.3225
4620,4624,sucking japanese defenders inexorably inwards,normal_play,0.4032
4622,4626,inexorably inwards,normal_play,0.4032
4624,4628,remember manu samoa,normal_play,0.1299
4626,4630,remember manu samoa with ben lans sent off,normal_play,0.1299
4628,4632,samoa with ben lans sent off playing the man down,normal_play,0.1299
4630,4634,off playing the man down opting to use that,normal_play,0.1299
4632,4636,opting to use that brute physicality the,try,1.0
4634,4638,that brute physicality the penalty advantage mcfarland slips,try,1.0
4636,4640,the penalty advantage mcfarland slips the off all the way leali ifano,try,1.0
4638,4642,slips the off all the way leali ifano to within a meter mcfarland,try,1.0
4640,4644,ifano to within a meter mcfarland goes again bronson,try,1.0
4642,4646,mcfarland goes again bronson try time duncan brian awa,try,1.0
4644,4648,try time duncan brian awa game on,try,1.0
4646,4650,awa game on,try,1.0
4650,4654,well,normal_play,0.0
4652,4656,well the 14 men of manu samoa have given,normal_play,0.0
4654,4658,well the 14 men of manu samoa have given themselves a chance,normal_play,0.0
4656,4660,given themselves a chance well worked try finally,normal_play,0.0
4658,4662,well worked try finally they got an incursion,normal_play,0.0
4660,4664,finally they got an incursion through the middle of this japanese defense,normal_play,0.0
4662,4666,incursion through the middle of this japanese defense it was pounding running the,normal_play,0.0
4664,4668,defense it was pounding running the big men carrying hard look at that bouncing,normal_play,0.0
4666,4670,the big men carrying hard look at that bouncing tacklers finally some go forward,normal_play,0.0
4668,4672,bouncing tacklers finally some go forward thats been the issue today,normal_play,0.0
4670,4674,forward thats been the issue today japanese defense has just been too tight,normal_play,0.0
4672,4676,japanese defense has just been too tight stepping out of one,normal_play,0.0
4674,4678,tight stepping out of one and then as they tremble 10 meters out,normal_play,0.0
4676,4680,and then as they tremble 10 meters out nice little offload there,normal_play,0.0
4678,4682,out nice little offload there patient enough to flip it out wide,normal_play,0.0
4680,4684,patient enough to flip it out wide calling for it clapping his hands,normal_play,0.0
4682,4686,calling for it clapping his hands low dive,normal_play,0.0
4684,4688,hands low dive full back,normal_play,0.0
4686,4690,full back duncan paiwa,normal_play,0.0
4688,4692,duncan paiwa does well to score goes,normal_play,0.0
4690,4694,does well to score goes low rob doesnt give him a chance to get under the,normal_play,0.0
4692,4696,goes low rob doesnt give him a chance to get under the ball how,normal_play,0.0
4694,4698,the ball how about jamie corley as well if someone was going,normal_play,0.0
4696,4700,how about jamie corley as well if someone was going to make a difference it was mcfarland,normal_play,0.0
4698,4702,going to make a difference it was mcfarland two interjections in that phase,normal_play,0.0
4700,4704,mcfarland two interjections in that phase of play,normal_play,0.0
4702,4706,phase of play special special human,normal_play,0.0
4704,4708,special special human but also incredible rugby player,goal_kick,0.8688
4706,4710,but also incredible rugby player,goal_kick,0.8688
4708,4712,player you wouldnt think theo mcfarland,goal_kick,0.8688
4710,4714,you wouldnt think theo mcfarland had only just returned from a,goal_kick,0.8688
4712,4716,mcfarland had only just returned from a debilitating anterior cruciate ligament,goal_kick,0.8688
4714,4718,a debilitating anterior cruciate ligament damage to his knee missed,goal_kick,0.8688
4716,4720,ligament damage to his knee missed six months of the english premiership season with saracens,goal_kick,0.8688
4718,4722,missed six months of the english premiership season with saracens he hasnt missed a,goal_kick,0.8688
4720,4724,saracens he hasnt missed a step every point crucial,goal_kick,0.6102
4722,4726,a step every point crucial now every,goal_kick,0.6102
4724,4728,crucial now every kick important,goal_kick,0.6102
4726,4730,every kick important leali ifano from,goal_kick,0.6102
4728,4732,leali ifano from the touchline up,goal_kick,0.8688
4730,4734,from the touchline up go the flags,goal_kick,0.8688
4732,4736,up go the flags theres the lift manu,goal_kick,0.8688
4734,4738,theres the lift manu samoa needed,goal_kick,0.8688
4736,4740,manu samoa needed and suddenly,normal_play,0.0
4738,4742,and suddenly its a 10 point game,normal_play,0.0
4740,4744,suddenly its a 10 point game again,normal_play,0.0
4742,4746,game again,normal_play,0.0
4746,4750,big men carrying the ball,normal_play,0.0
4748,4752,big men carrying the ball the off hounds would actually go to hand this,normal_play,0.0
4750,4754,ball the off hounds would actually go to hand this time and the awareness,normal_play,0.0
4752,4756,this time and the awareness to flip it out doing all the,normal_play,0.0
4754,4758,awareness to flip it out doing all the work theo mcfarland digging it out,normal_play,0.0
4756,4760,the work theo mcfarland digging it out,normal_play,0.0
4758,4762,out,normal_play,0.0
4762,4766,second try for samoa,kick_off,0.4401
4764,4768,second try for samoa and as they see it goes to samoan,kick_off,0.4401
4766,4770,samoa and as they see it goes to samoan islands that was sikki sikki samoa,kick_off,0.4401
4768,4772,samoan islands that was sikki sikki samoa,normal_play,0.0
4770,4774,samoa fritz lee music,normal_play,0.0
4772,4776,fritz lee music from motuma thats fine,normal_play,0.0
4774,4778,music from motuma thats fine that was a,normal_play,0.0
4776,4780,that was a tight forward that did the damage,normal_play,0.0
4778,4782,tight forward that did the damage theo mcfarland,normal_play,0.0
4780,4784,damage theo mcfarland of course,normal_play,0.0
4782,4786,mcfarland of course allying power to all court scale,normal_play,0.0
4784,4788,allying power to all court scale,normal_play,0.4032
4786,4790,scale forward they come again at alatoa,normal_play,0.4032
4788,4792,forward they come again at alatoa helping out this time,normal_play,0.2196
4790,4794,alatoa helping out this time leali,normal_play,0.2196
4792,4796,time leali matabao leali ifano,normal_play,0.2196
4794,4798,leali matabao leali ifano under pressure gets the kick away,normal_play,0.2196
4796,4800,ifano under pressure gets the kick away three blue shirt to chasers,normal_play,0.4032
4798,4802,away three blue shirt to chasers mcfarland up there again,normal_play,0.4032
4800,4804,mcfarland up there again it just went forward,normal_play,0.0
4802,4806,it just went forward through his hands its,normal_play,0.0
4804,4808,through his hands its not a bad tactic when youve got 6,normal_play,0.0
4806,4810,not a bad tactic when youve got 6 foot 7 inch,normal_play,0.0
4808,4812,6 foot 7 inch basketball behemoth,normal_play,0.0
4810,4814,basketball behemoth who can run as quick as most backs,normal_play,0.0
4812,4816,who can run as quick as most backs and can jump higher than anybody,normal_play,0.0
4814,4818,backs and can jump higher than anybody else,normal_play,0.0
4816,4820,anybody else looming in,normal_play,0.0
4818,4822,looming in lomano limeckis wing view mirror,normal_play,0.0
4820,4824,in lomano limeckis wing view mirror he lost the rebound there but,normal_play,0.0
4822,4826,he lost the rebound there but this really is a game of,normal_play,0.0
4824,4828,but this really is a game of inches how do you held that do,normal_play,0.0
4826,4830,of inches how do you held that do that again it was all,normal_play,0.0
4828,4832,do that again it was all on,normal_play,0.0
4830,4834,all on,normal_play,0.0
4832,4836,i,normal_play,0.0
4834,4838,i can feel theres,normal_play,0.0
4836,4840,i can feel theres going to be a theo mcfarland reel after this,normal_play,0.0
4838,4842,theres going to be a theo mcfarland reel after this game hes doing,normal_play,0.0
4840,4844,this game hes doing so much positive stuff,normal_play,0.0
4842,4846,doing so much positive stuff in the air around the,normal_play,0.0
4844,4848,in the air around the base,normal_play,0.0
4846,4850,the base start in the making,normal_play,0.0
4848,4852,start in the making,normal_play,0.0
4852,4856,lomano limecki,normal_play,0.0
4854,4858,lomano limecki,normal_play,0.0
4856,4860,roach first start,normal_play,0.0
4858,4862,roach first start,normal_play,0.0
4860,4864,20 females,normal_play,0.0
4862,4866,20 females too much,normal_play,0.0
4864,4868,too much weight,normal_play,0.0
4866,4870,much weight we heard it from our referee too much,normal_play,0.0
4868,4872,we heard it from our referee too much weight from the salmon going through too,normal_play,0.0
4870,4874,much weight from the salmon going through too early going forward,normal_play,0.0
4872,4876,too early going forward its after the hit,normal_play,0.0
4874,4878,its after the hit so japan,normal_play,0.0
4876,4880,so japan will most likely choose another scrum and,normal_play,0.0
4878,4882,japan will most likely choose another scrum and they have,normal_play,0.0
4880,4884,and they have its like warner darrens shooting it from breda,normal_play,0.0
4882,4886,its like warner darrens shooting it from breda misha curls,normal_play,0.0
4884,4888,breda misha curls hes got serious sporting,normal_play,0.0
4886,4890,curls hes got serious sporting pedigree,normal_play,0.0
4888,4892,sporting pedigree move to japan as a young boy,normal_play,0.0
4890,4894,move to japan as a young boy as a teenager because his dad grant was a,normal_play,0.0
4892,4896,boy as a teenager because his dad grant was a strength and conditioning coach he got a job at one of the top,normal_play,0.0
4894,4898,a strength and conditioning coach he got a job at one of the top teams in japan,normal_play,0.0
4896,4900,top teams in japan studdites played for japan before,normal_play,0.0
4898,4902,studdites played for japan before he actually played a pro club match,normal_play,0.0
4900,4904,before he actually played a pro club match his mum tanya is an,normal_play,0.0
4902,4906,his mum tanya is an international netballer for the silver ferns,normal_play,0.0
4904,4908,an international netballer for the silver ferns of new zealand,scrum,0.2877
4906,4910,ferns of new zealand how about scoring a try in his debut against,scrum,0.2877
4908,4912,how about scoring a try in his debut against his birthright nation new zealand,scrum,0.2877
4910,4914,against his birthright nation new zealand amazing,scrum,0.2877
4912,4916,zealand amazing,scrum,0.1893
4916,4920,and its japan,scrum,0.1893
4918,4922,and its japan with the squeeze on,scrum,0.1893
4920,4924,japan with the squeeze on pulverising samoa at,normal_play,0.0
4922,4926,on pulverising samoa at scrum time theyve got a penalty,normal_play,0.0
4924,4928,at scrum time theyve got a penalty advantage they can use the wide men,normal_play,0.0
4926,4930,penalty advantage they can use the wide men naikambora chippewas chasing,normal_play,0.0
4928,4932,naikambora chippewas chasing naikambora gathering,normal_play,0.4032
4930,4934,chasing naikambora gathering the offload not quite there,normal_play,0.4032
4932,4936,the offload not quite there but japan comes steaming,normal_play,0.4032
4934,4938,there but japan comes steaming into samoan territory,normal_play,0.4032
4936,4940,steaming into samoan territory a try here would surely,normal_play,0.0
4938,4942,a try here would surely kill it and bagaboh this point,normal_play,0.0
4940,4944,surely kill it and bagaboh this point downs the juggernaut,normal_play,0.0
4942,4946,point downs the juggernaut another penalty advantage,normal_play,0.0
4944,4948,another penalty advantage to japan,normal_play,0.1763
4946,4950,advantage to japan kazuki,normal_play,0.1763
4948,4952,kazuki himeno,normal_play,0.1763
4950,4954,kazuki himeno,normal_play,0.1763
4952,4956,three meters out,normal_play,0.4032
4954,4958,three meters out sato matsuda,normal_play,0.4032
4956,4960,sato matsuda matsushimas in the line can he conjure,normal_play,0.4032
4958,4962,matsushimas in the line can he conjure more wizardry mcfarlane,normal_play,0.4032
4960,4964,conjure more wizardry mcfarlane tunnels him down naikambora,normal_play,0.0
4962,4966,mcfarlane tunnels him down naikambora dumped,normal_play,0.0
4964,4968,naikambora dumped japan still have the overlap on that right,normal_play,0.0
4966,4970,japan still have the overlap on that right hand side but they wont get a chance,normal_play,0.0
4968,4972,right hand side but they wont get a chance to use it just now,penalty,0.6128
4970,4974,chance to use it just now well the entire,penalty,0.6128
4972,4976,well the entire stadiums just taking a deep breath there,penalty,0.6128
4974,4978,entire stadiums just taking a deep breath there what a counter attack from japan,penalty,0.6128
4976,4980,what a counter attack from japan,normal_play,0.0
4978,4982,japan we talked,normal_play,0.0
4980,4984,we talked about the skill set of the,normal_play,0.0
4982,4986,talked about the skill set of the technical presence of this japanese,normal_play,0.0
4984,4988,the technical presence of this japanese team in every phase,normal_play,0.0
4986,4990,japanese team in every phase watch as they ship it wide naikambora,normal_play,0.0
4988,4992,watch as they ship it wide naikambora nothing on here so he simply puts it,normal_play,0.0
4990,4994,naikambora nothing on here so he simply puts it on his left foot in full stride,normal_play,0.0
4992,4996,it on his left foot in full stride gathers in,normal_play,0.0
4994,4998,gathers in full stride and keeps possession stays,normal_play,0.0
4996,5000,in full stride and keeps possession stays on the part keeps the pressure on samoa,normal_play,0.0
4998,5002,stays on the part keeps the pressure on samoa thats the skill level that,normal_play,0.0
5000,5004,samoa thats the skill level that japans executed here,normal_play,0.0
5002,5006,that japans executed here japan are going for the jugular,normal_play,0.0
5004,5008,japan are going for the jugular,normal_play,0.0
5006,5010,jugular,normal_play,0.0
5010,5014,they want to kill off samoas world cup,normal_play,0.0
5012,5016,they want to kill off samoas world cup hopes for the third tournament,normal_play,0.0
5014,5018,cup hopes for the third tournament in a row,normal_play,0.0
5016,5020,in a row,lineout,0.205
5018,5022,they beat them in 2015,lineout,0.205
5020,5024,they beat them in 2015 by 38 points to,lineout,0.205
5022,5026,2015 by 38 points to 90 they beat them in 2015 they beat japan in 2019,lineout,0.205
5024,5028,90 they beat them in 2015 they beat japan in 2019 by 26 points to 5,maul,0.2963
5026,5030,by 26 points to 5 they feel victory is,maul,0.2963
5028,5032,they feel victory is at hand,maul,0.2963
5030,5034,at hand samoa on the ropes,maul,0.2963
5032,5036,samoa on the ropes but coming,normal_play,0.0
5034,5038,but coming up with a big defensive play,normal_play,0.0
5036,5040,coming up with a big defensive play and,normal_play,0.0
5038,5042,play and guess who,normal_play,0.0
5040,5044,guess who fritz lee the,normal_play,0.0
5042,5046,fritz lee the thorn in japanese side in that wall,normal_play,0.0
5044,5048,the thorn in japanese side in that wall will,normal_play,0.0
5046,5050,wall will samoa choose not to compete here,normal_play,0.0
5048,5052,will samoa choose not to compete here here we,normal_play,0.0
5050,5054,here here we are just to watch on at this stage hed love to,normal_play,0.0
5052,5056,we are just to watch on at this stage hed love to be in the middle of that scrum,normal_play,0.0
5054,5058,to be in the middle of that scrum,normal_play,0.0
5056,5060,scrum here you go thats,normal_play,0.0
5058,5062,here you go thats yours,normal_play,0.0
5060,5064,thats yours all in,normal_play,0.0
5062,5066,all in hook is in,normal_play,0.0
5064,5068,in hook is in,normal_play,0.0
5066,5070,samoas swim,normal_play,0.0
5068,5072,samoas swim thats creeped in the,normal_play,0.0
5070,5074,thats creeped in the second half,normal_play,0.0
5072,5076,the second half,scrum,0.4784
5074,5078,japans crops craig miller and thats,scrum,0.4784
5076,5080,japans crops craig miller and thats eli ivalo off the bench,scrum,0.4784
5078,5082,thats eli ivalo off the bench one reared in new zealand,scrum,0.4784
5080,5084,bench one reared in new zealand the other reared in samoas,scrum,0.4784
5082,5086,the other reared in samoas pacific island counterpart,scrum,0.4784
5084,5088,samoas pacific island counterpart and one goes bonga,scrum,0.3328
5086,5090,one goes bonga and have done some heavy damage up,scrum,0.3328
5088,5092,and have done some heavy damage up front,scrum,0.3328
5090,5094,up front,scrum,0.3328
5092,5096,thats moledek from samoa and mataval,normal_play,0.0
5094,5098,thats moledek from samoa and mataval introduces manu,normal_play,0.0
5096,5100,mataval introduces manu nohan,normal_play,0.0
5098,5102,nohan nohan,normal_play,0.0
5100,5104,nohan watch for him,normal_play,0.0
5102,5106,watch for him 14 man samoa must,normal_play,0.0
5104,5108,14 man samoa must score twice,normal_play,0.4032
5106,5110,must score twice,normal_play,0.4032
5108,5112,twice to pull this game back from the brink,normal_play,0.4032
5110,5114,to pull this game back from the brink to preserve their,normal_play,0.4032
5112,5116,to preserve their flickering quarterfinal,normal_play,0.3091
5114,5118,their flickering quarterfinal hopes,normal_play,0.3091
5116,5120,quarterfinal hopes seizard,normal_play,0.3091
5118,5122,seizard mataval mary,normal_play,0.3091
5120,5124,mataval mary pufano in the pockets,normal_play,0.3091
5122,5126,mary pufano in the pockets steers it into touch but he,normal_play,0.3091
5124,5128,steers it into touch but he had no angle to work with no time to,normal_play,0.3091
5126,5130,he had no angle to work with no time to get the kick away,normal_play,0.3091
5128,5132,to get the kick away and japan can turn on the squeeze,normal_play,0.4032
5130,5134,and japan can turn on the squeeze once more,normal_play,0.4032
5132,5136,squeeze once more christian 14,normal_play,0.4032
5134,5138,christian 14,normal_play,0.4032
5136,5140,and here comes the big beef,normal_play,0.0
5138,5142,and here comes the big beef,normal_play,0.0
5140,5144,beef fumai,normal_play,0.0
5142,5146,fumai coming off the bench looking for anything,normal_play,0.0
5144,5148,coming off the bench looking for anything this reconstructed back,normal_play,0.0
5146,5150,anything this reconstructed back line theyre going to have to loosen things up here in the,normal_play,0.0
5148,5152,back line theyre going to have to loosen things up here in the final 7 and a half minutes,normal_play,0.0
5150,5154,the final 7 and a half minutes yeah ed fido,normal_play,0.0
5152,5156,yeah ed fido hasnt had the kind of impact he was capable,normal_play,0.0
5154,5158,hasnt had the kind of impact he was capable of he would have wanted,normal_play,0.0
5156,5160,of he would have wanted country and western guitar player,normal_play,0.0
5158,5162,country and western guitar player hes beating a path,normal_play,0.0
5160,5164,hes beating a path to the sheds as muriyo fumaki,normal_play,0.0
5162,5166,path to the sheds as muriyo fumaki comes on hell be in 23,normal_play,0.0
5164,5168,fumaki comes on hell be in 23,lineout,0.2903
5166,5170,michael lich,lineout,0.2903
5168,5172,michael lich who else wins the line out,lineout,0.2903
5170,5174,lich who else wins the line out jimeno passes to himself,lineout,0.2903
5172,5176,jimeno passes to himself,normal_play,0.0
5174,5178,tackle release now,normal_play,0.0
5176,5180,tackle release now,normal_play,0.0
5178,5182,no,normal_play,0.0
5180,5184,no might be untidy might be slow,normal_play,0.2255
5182,5186,might be untidy might be slow but at the moment its,normal_play,0.2255
5184,5188,slow but at the moment its slow poison japan are,normal_play,0.2255
5186,5190,its slow poison japan are sweeping through samoan veins,normal_play,0.2255
5188,5192,are sweeping through samoan veins another,normal_play,0.4032
5190,5194,another try and they have their,normal_play,0.4032
5192,5196,another try and they have their precious bonus points matsudas,normal_play,0.4032
5194,5198,their precious bonus points matsudas pass behind matsushima,normal_play,0.4032
5196,5200,matsudas pass behind matsushima but he can make a cake with the negrest,normal_play,0.0
5198,5202,but he can make a cake with the negrest of crumbs,normal_play,0.0
5200,5204,negrest of crumbs big,normal_play,0.3262
5202,5206,big shot coming in from matabao and from lee,normal_play,0.3262
5204,5208,big shot coming in from matabao and from lee but japan play on mubalu,normal_play,0.3262
5206,5210,but japan play on mubalu goes in,normal_play,0.3262
5208,5212,mubalu goes in or samoan fringe,penalty,0.4459
5210,5214,or samoan fringe again,penalty,0.4459
5212,5216,fringe again japanese,penalty,0.4459
5214,5218,japanese penalty what,penalty,0.4459
5216,5220,japanese penalty what will the decision be here,normal_play,0.0
5218,5222,will the decision be here a penalty,normal_play,0.0
5220,5224,a penalty a ticket goal,normal_play,0.0
5222,5226,a ticket goal takes him to 13 points but samoan could,normal_play,0.0
5224,5228,takes him to 13 points but samoan could still snatch it with two conversion try and he hits,normal_play,0.0
5226,5230,could still snatch it with two conversion try and he hits a receiver,normal_play,0.0
5228,5232,a receiver bit of a debate midfield,normal_play,0.0
5230,5234,bit of a debate midfield and they are going to take the,normal_play,0.0
5232,5236,and they are going to take the post so theyve got three try up,normal_play,0.0
5234,5238,the post so theyve got three try up on the board it would have been a bonus point had they,normal_play,0.0
5236,5240,up on the board it would have been a bonus point had they scored a fourth perhaps,normal_play,0.0
5238,5242,scored a fourth perhaps a driving line out this could be a big moment,normal_play,0.0
5240,5244,perhaps a driving line out this could be a big moment here,normal_play,0.0
5242,5246,moment here what a moment indeed,normal_play,0.0
5244,5248,what a moment indeed and they are going to take the post,normal_play,0.0
5246,5250,indeed and they are going to take the post and get duffelcour up and they are going to,normal_play,0.0
5248,5252,and get duffelcour up and they are going to take the international debut,normal_play,0.0
5250,5254,to take the international debut,normal_play,0.0
5252,5256,but first,normal_play,0.0
5254,5258,but first hikkiya matsuda,normal_play,0.0
5256,5260,hikkiya matsuda has to get the big boys out of the way first,normal_play,0.0
5258,5262,has to get the big boys out of the way first never helpful gareth as a kicker when,normal_play,0.0
5260,5264,first never helpful gareth as a kicker when your forwards are standing directly in the way of,normal_play,0.0
5262,5266,when your forwards are standing directly in the way of your line up especially if they are giving,normal_play,0.0
5264,5268,of your line up especially if they are giving you the importance of this needing to go through the middle of,goal_kick,0.8688
5266,5270,giving you the importance of this needing to go through the middle of the post and other intelligent things,goal_kick,0.8688
5268,5272,of the post and other intelligent things like that,goal_kick,0.8688
5270,5274,things like that but matsudas boots have been really important here he has kept the,goal_kick,0.8688
5272,5276,but matsudas boots have been really important here he has kept the scoreboard ticking over,goal_kick,0.8688
5274,5278,the scoreboard ticking over hikkiya matsuda,goal_kick,0.8688
5276,5280,hikkiya matsuda plays an imaginary accordion,goal_kick,0.8688
5278,5282,plays an imaginary accordion,goal_kick,0.8688
5280,5284,accordion tension sky high,goal_kick,0.8688
5282,5286,tension sky high,goal_kick,0.8688
5284,5288,high matsuda unairing,goal_kick,0.8688
5286,5290,matsuda unairing,goal_kick,0.8688
5288,5292,another blow struck by the fly,goal_kick,0.8688
5290,5294,another blow struck by the fly half 13,goal_kick,0.8688
5292,5296,half 13 points to difference five,goal_kick,0.8688
5294,5298,13 points to difference five minutes left samoa,goal_kick,0.8688
5296,5300,five minutes left samoa need a miracle,normal_play,0.0
5298,5302,samoa need a miracle hikkiya,normal_play,0.0
5300,5304,hikkiya matsuda,normal_play,0.0
5302,5306,hikkiya matsuda and those changes are now being made yoto nakamura,normal_play,0.0
5304,5308,and those changes are now being made yoto nakamura off tomoki osada on,normal_play,0.0
5306,5310,nakamura off tomoki osada on and michael,normal_play,0.0
5308,5312,on and michael leach the great michael leach,normal_play,0.0
5310,5314,michael leach the great michael leach scoring try again in the world cup,normal_play,0.0
5312,5316,scoring try again in the world cup is replaced by kanji simokawa,normal_play,0.0
5314,5318,is replaced by kanji simokawa wearing jersey 20,normal_play,0.0
5316,5320,simokawa wearing jersey 20 and on for his international,kick_off,0.5143
5318,5322,20 and on for his international debut fukuda,kick_off,0.5143
5320,5324,international debut fukuda but now duffelcour,kick_off,0.5143
5322,5326,but now duffelcour incredibly special moment,kick_off,0.5143
5324,5328,incredibly special moment for fukuda,normal_play,0.0
5326,5330,moment for fukuda and a kanji player,normal_play,0.0
5328,5332,and a kanji player to make his debut at a world cup for,normal_play,0.0
5330,5334,player to make his debut at a world cup for 16 years,normal_play,0.0
5332,5336,for 16 years first actions to get charged down but there was a,normal_play,0.0
5334,5338,first actions to get charged down but there was a knock on advantage,normal_play,0.0
5336,5340,a knock on advantage just as we were getting into the big billing,normal_play,0.0
5338,5342,just as we were getting into the big billing theo mcfarland welcomes him to test rugby,normal_play,0.0
5340,5344,theo mcfarland welcomes him to test rugby yeah,normal_play,0.0
5342,5346,rugby yeah he relieved there was a call there michael leach has,normal_play,0.0
5344,5348,he relieved there was a call there michael leach has put in a massive effort,normal_play,0.0
5346,5350,has put in a massive effort as he always does,normal_play,0.0
5348,5352,as he always does,normal_play,0.0
5350,5354,fantastic performance by him and his teammates up,normal_play,0.0
5352,5356,fantastic performance by him and his teammates up front he hit the floor the previous night he may know was,normal_play,0.0
5354,5358,up front he hit the floor the previous night he may know was immense as well there we,normal_play,0.0
5356,5360,was immense as well there we go michael leach still,normal_play,0.0
5358,5362,we go michael leach still the top tackle 7,normal_play,0.0
5360,5364,still the top tackle 7 carries for 60 metres as,normal_play,0.0
5362,5366,7 carries for 60 metres as well thats,normal_play,0.0
5364,5368,as well thats why hes in my fantasy team,normal_play,0.0
5366,5370,why hes in my fantasy team once again accruing some monster points from,normal_play,0.0
5368,5372,once again accruing some monster points from me thank you very much michael,scrum,0.4877
5370,5374,from me thank you very much michael arigato gozaimasu going to beat,scrum,0.4877
5372,5376,arigato gozaimasu going to beat him properly rob,scrum,0.3113
5374,5378,beat him properly rob,scrum,0.3113
5376,5380,mine,scrum,0.3113
5378,5382,mine 4 minutes 30 seconds,scrum,0.3113
5380,5384,4 minutes 30 seconds to go,penalty,0.4204
5382,5386,seconds to go samoa need two conversion try what,penalty,0.4204
5384,5388,samoa need two conversion try what a penalty thatll do them for starters,penalty,0.4204
5386,5390,what a penalty thatll do them for starters and they quickly point,penalty,0.4204
5388,5392,starters and they quickly point towards the corner drop to the floor,normal_play,0.0
5390,5394,point towards the corner drop to the floor fletch now and theyll,normal_play,0.0
5392,5396,fletch now and theyll do the necessary,normal_play,0.0
5394,5398,theyll do the necessary not too close,normal_play,0.0
5396,5400,not too close to that corner flag,normal_play,0.0
5398,5402,close to that corner flag halfway inside the 22,normal_play,0.0
5400,5404,halfway inside the 22 samoa will have a chance,normal_play,0.0
5402,5406,samoa will have a chance a fake chance but a chance nonetheless,normal_play,0.0
5404,5408,a fake chance but a chance nonetheless unless they huddle walking this line,normal_play,0.0
5406,5410,unless they huddle walking this line out here acutely aware of how many high,normal_play,0.0
5408,5412,line out here acutely aware of how many high numbers are in that forward pack all the,normal_play,0.0
5410,5414,high numbers are in that forward pack all the combinations are gone both the starting locks,normal_play,0.0
5412,5416,the combinations are gone both the starting locks were lost early on,normal_play,0.0
5414,5418,locks were lost early on,normal_play,0.0
5416,5420,see if they can put it together here 15 minutes,normal_play,0.0
5418,5422,see if they can put it together here 15 minutes to go,normal_play,0.0
5420,5424,minutes to go,normal_play,0.0
5422,5426,do it again,normal_play,0.0
5424,5428,do it again theyre not happy with the gap,normal_play,0.0
5426,5430,theyre not happy with the gap,normal_play,0.0
5428,5432,enough,normal_play,0.0
5430,5434,enough anymore,normal_play,0.0
5432,5436,anymore,normal_play,0.0
5434,5438,samoa malolo,normal_play,0.0
5436,5440,samoa malolo huge pressure on his shoulders hes not happy,normal_play,0.0
5438,5442,huge pressure on his shoulders hes not happy with the,normal_play,0.0
5440,5444,happy with the distance and the regulatory meter,normal_play,0.0
5442,5446,distance and the regulatory meter between the two packs,normal_play,0.0
5444,5448,meter between the two packs,lineout,0.3213
5448,5452,malolos throw upward will,lineout,0.3213
5450,5454,malolos throw upward will take him by luatua,lineout,0.3213
5452,5456,will take him by luatua fletch lee gets it back to rani matabao,normal_play,0.0
5454,5458,fletch lee gets it back to rani matabao the seven specialist he needs,normal_play,0.0
5456,5460,matabao the seven specialist he needs some sevens inspired magic,normal_play,0.0
5458,5462,needs some sevens inspired magic,normal_play,0.0
5460,5464,magic leali ifano alanuese,normal_play,0.0
5462,5466,leali ifano alanuese here it comes,normal_play,0.0
5464,5468,alanuese here it comes malolo who,normal_play,0.0
5466,5470,malolo who is taking bodies,normal_play,0.0
5468,5472,who is taking bodies ten meters out,normal_play,0.0
5470,5474,ten meters out matabao mcfarland,normal_play,0.0
5472,5476,matabao mcfarland thats who they want on the ball,normal_play,0.4032
5474,5478,thats who they want on the ball matabao again quickly,normal_play,0.4032
5476,5480,ball matabao again quickly away penalty advantage samoa,normal_play,0.4032
5478,5482,quickly away penalty advantage samoa matabao and amanda,normal_play,0.4032
5480,5484,samoa matabao and amanda matua the,normal_play,0.4032
5482,5486,amanda matua the two sevens veterans combined,normal_play,0.4032
5484,5488,the two sevens veterans combined matabaos bringing such tempo,normal_play,0.4032
5486,5490,matabaos bringing such tempo but cant run without his legs,normal_play,0.4032
5488,5492,but cant run without his legs still its there for samoa,normal_play,0.0
5490,5494,still its there for samoa and dumua manu,normal_play,0.0
5492,5496,samoa and dumua manu last eight now,normal_play,0.0
5494,5498,last eight now ala alatoa has,normal_play,0.0
5496,5500,ala alatoa has to go it alone,normal_play,0.0
5498,5502,has to go it alone japan quickly over that ball,normal_play,0.0
5500,5504,japan quickly over that ball a bit of,normal_play,0.2194
5502,5506,ball a bit of obstruction there yakupai will,normal_play,0.2194
5504,5508,of obstruction there yakupai will bring them back to the japanese,normal_play,0.2194
5506,5510,will bring them back to the japanese offside,normal_play,0.2194
5508,5512,japanese offside samoa need to go quickly two and a half minutes,penalty,0.4836
5510,5514,samoa need to go quickly two and a half minutes matabao and matanda transform,penalty,0.4836
5512,5516,minutes matabao and matanda transform this attack here they go,try,1.0
5514,5518,transform this attack here they go malolo trucking it ever,try,1.0
5516,5520,malolo trucking it ever closer its now,try,1.0
5518,5522,ever closer its now or never for samoa,try,1.0
5520,5524,now or never for samoa two minutes twenty on the clock,try,0.9957
5522,5526,two minutes twenty on the clock leali ifano,try,0.9957
5524,5528,clock leali ifano,try,0.9957
5528,5532,manu,try,1.0
5530,5534,manu samoa clinging on,try,1.0
5532,5536,manu samoa clinging on,try,1.0
5534,5538,theyre coming back from the break,try,1.0
5536,5540,theyre coming back from the break and they will,normal_play,0.0
5538,5542,break and they will have a chance to pluck,normal_play,0.0
5540,5544,will have a chance to pluck this from the fire,normal_play,0.0
5542,5546,pluck this from the fire,normal_play,0.0
5544,5548,we mentioned they had a totally different look,goal_kick,0.8688
5546,5550,we mentioned they had a totally different look theyve upped the tempo theyre tapping and going,goal_kick,0.8688
5548,5552,look theyve upped the tempo theyre tapping and going theyre stepping out of japanese tackle leali,goal_kick,0.8397
5550,5554,theyre stepping out of japanese tackle leali ifano gets the score and the,goal_kick,0.8397
5552,5556,leali ifano gets the score and the extras added,goal_kick,0.8397
5554,5558,the extras added its going to be,goal_kick,0.8397
5556,5560,its going to be a grandstand finale in toulouse,goal_kick,0.8688
5558,5562,be a grandstand finale in toulouse leali ifanos kick,goal_kick,0.8688
5560,5564,leali ifanos kick makes it a six point game,normal_play,0.0
5562,5566,kick makes it a six point game,normal_play,0.0
5564,5568,game hes hit by three japanese member reaches,normal_play,0.0
5566,5570,hes hit by three japanese member reaches out rides the tackle,normal_play,0.0
5568,5572,reaches out rides the tackle good work to get under,normal_play,0.0
5570,5574,good work to get under the arms of the japanese tackle its,normal_play,0.0
5572,5576,under the arms of the japanese tackle its a,normal_play,0.0
5574,5578,its a,normal_play,0.0
5576,5580,a,normal_play,0.0
5578,5582,a blockbuster,normal_play,0.0
5580,5584,a blockbuster game in the south of france,normal_play,0.0
5582,5586,blockbuster game in the south of france,normal_play,0.0
5584,5588,france and,normal_play,0.0
5586,5590,and some crap evidence in,normal_play,0.0
5588,5592,and some crap evidence in samoa and legs,normal_play,0.0
5590,5594,in samoa and legs i want that decision by japan,normal_play,0.0
5592,5596,i want that decision by japan to kick the three points,normal_play,0.0
5594,5598,japan to kick the three points keep that gap at,normal_play,0.0
5596,5600,points keep that gap at six here otherwise,normal_play,0.0
5598,5602,at six here otherwise we would get them there,normal_play,0.0
5600,5604,otherwise we would get them there this is,normal_play,0.0
5602,5606,there this is how pooldee looks as things,normal_play,0.0
5604,5608,is how pooldee looks as things stand this is taking into account the current,normal_play,0.0
5606,5610,things stand this is taking into account the current score here in toulouse japan moving,normal_play,0.0
5608,5612,current score here in toulouse japan moving from five points to nine points,normal_play,0.0
5610,5614,moving from five points to nine points samoa on six with,normal_play,0.0
5612,5616,points samoa on six with a losing bonus point because,normal_play,0.0
5614,5618,with a losing bonus point because of the six point margin between the teams,normal_play,0.0
5616,5620,because of the six point margin between the teams and as things stand england would qualify,normal_play,0.0
5618,5622,teams and as things stand england would qualify if japan hold out here,normal_play,0.0
5620,5624,qualify if japan hold out here manu samoa will,normal_play,0.0
5622,5626,here manu samoa will have something to say about that,normal_play,0.0
5624,5628,will have something to say about that,normal_play,0.0
5626,5630,both sides with three,normal_play,0.0
5628,5632,both sides with three try up on the board as well so any score here,normal_play,0.0
5630,5634,three try up on the board as well so any score here in the final two minutes will get a,normal_play,0.0
5632,5636,here in the final two minutes will get a bonus point to add to the victory,normal_play,0.0
5634,5638,a bonus point to add to the victory,normal_play,0.0
5636,5640,victory one last effort required for,normal_play,0.0
5638,5642,one last effort required for tumuamaru,normal_play,0.0
5640,5644,for tumuamaru,normal_play,0.0
5642,5646,samoa gunning to,normal_play,0.0
5644,5648,samoa gunning to keep the rugby world cup hopes ablaze,normal_play,0.0
5646,5650,to keep the rugby world cup hopes ablaze theyve used all,normal_play,0.0
5648,5652,ablaze theyve used all the replacements manu samoa,normal_play,0.0
5650,5654,all the replacements manu samoa so manu has to play,normal_play,0.0
5652,5656,so manu has to play hes going,kick_off,0.2672
5654,5658,hes going to soldier on on one leg,kick_off,0.2672
5656,5660,going to soldier on on one leg lemeke hammers the restart,kick_off,0.2672
5658,5662,lemeke hammers the restart deep and samoa scrambling,kick_off,0.2672
5660,5664,restart deep and samoa scrambling to get it back,normal_play,0.0
5662,5666,scrambling to get it back minute and a half to play manu samoa,normal_play,0.0
5664,5668,minute and a half to play manu samoa must go from deep and formati,normal_play,0.0
5666,5670,samoa must go from deep and formati makes the first incision,normal_play,0.0
5668,5672,formati makes the first incision matabao going blind,normal_play,0.2514
5670,5674,incision matabao going blind to pai i awa,normal_play,0.2514
5672,5676,blind to pai i awa,normal_play,0.2514
5674,5678,80 metres out,normal_play,0.2514
5676,5680,80 metres out down to 14 then,normal_play,0.0
5678,5682,down to 14 then manu samoa,normal_play,0.0
5680,5684,then manu samoa cannot afford,normal_play,0.29
5682,5686,samoa cannot afford an error or an infringement there,normal_play,0.29
5684,5688,afford an error or an infringement there at the final to pai i awa,normal_play,0.29
5686,5690,there at the final to pai i awa toala off,normal_play,0.29
5688,5692,awa toala off the bench running freely,normal_play,0.3648
5690,5694,off the bench running freely,normal_play,0.3648
5692,5696,freely,normal_play,0.4032
5694,5698,japan will target them at the breakdown,normal_play,0.4032
5696,5700,japan will target them at the breakdown they will try and hit their jackals,normal_play,0.391
5698,5702,they will try and hit their jackals then attack dogs over,normal_play,0.391
5700,5704,jackals then attack dogs over the ball and steal it back,normal_play,0.391
5702,5706,over the ball and steal it back 45 seconds,normal_play,0.391
5704,5708,45 seconds left,normal_play,0.0
5706,5710,seconds left,normal_play,0.0
5708,5712,matabao,normal_play,0.1909
5710,5714,matabao toala,normal_play,0.1909
5712,5716,matabao toala on to one of the big boys,normal_play,0.1909
5714,5718,on to one of the big boys and anacola was in there,normal_play,0.1909
5716,5720,boys and anacola was in there hold off yes,normal_play,0.4032
5718,5722,hold off yes jordan lee,normal_play,0.4032
5720,5724,jordan lee and samoa,normal_play,0.4032
5722,5726,and samoa crunch up,normal_play,0.4032
5724,5728,samoa crunch up the amazing,normal_play,0.4032
5726,5730,up the amazing what a penalty,normal_play,0.4032
5728,5732,what a penalty thats going to get them some yards,normal_play,0.0
5730,5734,penalty thats going to get them some yards,normal_play,0.0
5732,5736,yards misao needs the ball beyond the ball,normal_play,0.0
5734,5738,misao needs the ball beyond the ball matabao and mataugas hands,normal_play,0.0
5736,5740,matabao and mataugas hands the other ones are unlocking the japanese defence,normal_play,0.0
5738,5742,hands the other ones are unlocking the japanese defence,normal_play,0.0
5740,5744,defence might,normal_play,0.0
5742,5746,might have been strong beyond the ball,normal_play,0.0
5744,5748,might have been strong beyond the ball,normal_play,0.0
5748,5752,jamie as you said,normal_play,0.0
5750,5754,jamie as you said all of this great work this great pride,normal_play,0.0
5752,5756,said all of this great work this great pride being displayed by only 14 samoans,normal_play,0.0
5754,5758,pride being displayed by only 14 samoans on the park,normal_play,0.0
5756,5760,samoans on the park,normal_play,0.3556
5760,5764,this could be their last moment,normal_play,0.3556
5762,5766,this could be their last moment 80s up on the board but because the,normal_play,0.3556
5764,5768,moment 80s up on the board but because the penalty is awarded theyre,normal_play,0.0
5766,5770,the penalty is awarded theyre going to have a chance to execute this line up yeah were,normal_play,0.0
5768,5772,theyre going to have a chance to execute this line up yeah were all playing here the samoan fans,normal_play,0.0
5770,5774,were all playing here the samoan fans reaching for the,normal_play,0.0
5772,5776,fans reaching for the divine intervention here can they do this,normal_play,0.0
5774,5778,the divine intervention here can they do this manu samoa,normal_play,0.0
5776,5780,this manu samoa said this week the world has,lineout,0.4132
5778,5782,samoa said this week the world has not seen the best of them,lineout,0.4132
5780,5784,has not seen the best of them well the rugby world is watching now,lineout,0.4132
5782,5786,well the rugby world is watching now the game dangling,lineout,0.4132
5784,5788,now the game dangling on the knife edge and japan,normal_play,0.0
5786,5790,dangling on the knife edge and japan have stolen the line ups,normal_play,0.0
5788,5792,japan have stolen the line ups they just need to get the ball off the,normal_play,0.3434
5790,5794,they just need to get the ball off the pitch,normal_play,0.3434
5792,5796,the pitch fukuda hasnt realised it but,normal_play,0.3434
5794,5798,fukuda hasnt realised it but shun sen lee has,normal_play,0.3434
5796,5800,but shun sen lee has,normal_play,0.0
5804,5808,japan take a,normal_play,0.4032
5806,5810,japan take a big step on the road to,normal_play,0.4032
5808,5812,a big step on the road to the quarter finals,normal_play,0.0
5810,5814,to the quarter finals,normal_play,0.0
