start_time,end_time,text,event_class,highlight_score
0,4,the referee in charge of this one is matthew carley from england,normal_play,0.0
2,6,matthew carley from england the stage is set leon is ready,normal_play,0.0
4,8,england the stage is set leon is ready new zealand and italy in pulea,normal_play,0.0
6,10,new zealand and italy in pulea rugby world cup 23,normal_play,0.0
8,12,pulea rugby world cup 23,kick_off,0.187
10,14,23,kick_off,0.187
16,20,into the hands early of mark,normal_play,0.4032
18,22,into the hands early of mark tellea precious way,normal_play,0.4032
20,24,mark tellea precious way into the,normal_play,0.4032
22,26,into the italian line,normal_play,0.4032
24,28,the italian line new zealand looked to build early as,normal_play,0.4032
26,30,line new zealand looked to build early as brodie retellic hasnt had a lot of rugby lately,normal_play,0.4032
28,32,as brodie retellic hasnt had a lot of rugby lately from tellea from tellea carries forward for,normal_play,0.4032
30,34,lately from tellea from tellea carries forward for new zealand and its barrett with the first exit,normal_play,0.4032
32,36,for new zealand and its barrett with the first exit this has just gone down to,normal_play,0.4032
34,38,exit this has just gone down to 10 metres on the,normal_play,0.4032
36,40,to 10 metres on the italian side and its fought back,normal_play,0.3385
38,42,the italian side and its fought back by paolo gabisi back there playing,normal_play,0.3385
40,44,back by paolo gabisi back there playing back in the 10 position,normal_play,0.3385
42,46,playing back in the 10 position today having played second,normal_play,0.3385
44,48,position today having played second five the other day marko riccioni,normal_play,0.3084
46,50,second five the other day marko riccioni really exciting,normal_play,0.3084
48,52,riccioni really exciting tight head prop italy,normal_play,0.3084
50,54,tight head prop italy first chance to build some,normal_play,0.3084
52,56,italy first chance to build some pressure some phases,normal_play,0.343
54,58,some pressure some phases test new zealands defence,normal_play,0.343
56,60,phases test new zealands defence and their discipline and theyre full of running and,normal_play,0.343
58,62,and their discipline and theyre full of running and this is the man to do it for them,normal_play,0.343
60,64,and this is the man to do it for them first little injection from,normal_play,0.4032
62,66,first little injection from ange kapuahtso,normal_play,0.4032
64,68,from ange kapuahtso,normal_play,0.4032
68,72,heavy contact,normal_play,0.3386
70,74,heavy contact,normal_play,0.3386
72,76,defence,normal_play,0.3386
74,78,defence is good and now italy have created,normal_play,0.3386
76,80,defence is good and now italy have created a little bit of space here elements of the,normal_play,0.4032
78,82,created a little bit of space here elements of the line for ioanni and finds,normal_play,0.4032
80,84,the line for ioanni and finds seb negri down that right,normal_play,0.4032
82,86,finds seb negri down that right hand channel back they come again look at the phases,normal_play,0.4032
84,88,right hand channel back they come again look at the phases building early from italy,normal_play,0.3542
86,90,phases building early from italy new zealand making a lot of early tackle as,normal_play,0.3542
88,92,new zealand making a lot of early tackle as brodie tellea got it and steals,normal_play,0.3542
90,94,as brodie tellea got it and steals it back one by tellea,normal_play,0.3542
92,96,it back one by tellea for new zealand and now they might,normal_play,0.4032
94,98,tellea for new zealand and now they might look to spread straight away,normal_play,0.4032
96,100,might look to spread straight away ioanni riccioni to the,normal_play,0.4032
98,102,ioanni riccioni to the iron off line for mourna,normal_play,0.4032
100,104,the iron off line for mourna richie mourna steps his way,normal_play,0.4032
102,106,mourna richie mourna steps his way through the first cant get through a second,normal_play,0.4032
104,108,way through the first cant get through a second good cover defence from italy,normal_play,0.4032
106,110,second good cover defence from italy now new zealand get a chance to,normal_play,0.4032
108,112,italy now new zealand get a chance to play and look like theyre going to be,normal_play,0.4032
110,114,to play and look like theyre going to be full of running early heres adi saviha,normal_play,0.4032
112,116,be full of running early heres adi saviha the captain up to halfway,normal_play,0.4032
114,118,saviha the captain up to halfway,normal_play,0.4032
116,120,bode and barrett,normal_play,0.4032
118,122,bode and barrett up in it first receiver,normal_play,0.4032
120,124,barrett up in it first receiver aaron smith,normal_play,0.4032
122,126,receiver aaron smith,normal_play,0.4032
124,128,smith again second man play for,normal_play,0.4032
126,130,again second man play for ioanni standing on this outside,normal_play,0.4032
128,132,for ioanni standing on this outside its a good solid hit from the,normal_play,0.4032
130,134,outside its a good solid hit from the experienced luca morisi a long,normal_play,0.4032
132,136,the experienced luca morisi a long opening passage of play here,normal_play,0.4032
134,138,long opening passage of play here scott barrett carries up,normal_play,0.4032
136,140,here scott barrett carries up over halfway,normal_play,0.4032
138,142,up over halfway and now aaron smith has sighted,normal_play,0.4032
140,144,and now aaron smith has sighted some space in behind here,normal_play,0.4032
142,146,sighted some space in behind here for kapuahtso and finds the touch line,normal_play,0.4032
144,148,here for kapuahtso and finds the touch line,normal_play,0.4032
146,150,line wow what a start,normal_play,0.4032
148,152,wow what a start a lot of phases a lot,normal_play,0.4032
150,154,a lot of phases a lot of carries both teams showing that,normal_play,0.4032
152,156,lot of carries both teams showing that they have this interchangeability between the,normal_play,0.0
154,158,that they have this interchangeability between the 10s and the 15s,normal_play,0.0
156,160,the 10s and the 15s both bode and barrett and tomaso,normal_play,0.0
158,162,both bode and barrett and tomaso allen slotting in their first receiver a,normal_play,0.0
160,164,tomaso allen slotting in their first receiver a couple of times both coaches will be quite happy,normal_play,0.0
162,166,a couple of times both coaches will be quite happy with the skillset shown,normal_play,0.0
164,168,happy with the skillset shown so far a lot of phases a lot of,normal_play,0.0
166,170,shown so far a lot of phases a lot of carries,normal_play,0.0
168,172,of carries giacomo nicotera hasnt missed a,lineout,0.3927
170,174,giacomo nicotera hasnt missed a line out throw all tournament 18 from 18,lineout,0.3927
172,176,a line out throw all tournament 18 from 18,lineout,0.3927
174,178,18 and hes just going to keep,lineout,0.3927
176,180,and hes just going to keep that record now as federico,normal_play,0.3711
178,182,keep that record now as federico ruza saves the day,normal_play,0.3711
180,184,federico ruza saves the day but theres a forward pass in there from,normal_play,0.3711
182,186,day but theres a forward pass in there from italy a little friendly pressure coming on,normal_play,0.3711
184,188,from italy a little friendly pressure coming on pressure at the line out not,normal_play,0.0
186,190,on pressure at the line out not clean ball and as a result maybe the little error,normal_play,0.0
188,192,not clean ball and as a result maybe the little error coming a little panicky and trying to,normal_play,0.0
190,194,error coming a little panicky and trying to just set up an opportunity to,normal_play,0.0
192,196,to just set up an opportunity to exit and this leaves the,normal_play,0.0
194,198,to exit and this leaves the all blacks with a perfect attacking,normal_play,0.0
196,200,the all blacks with a perfect attacking option,normal_play,0.0
198,202,attacking option 15 metres or so out this is the,normal_play,0.0
200,204,15 metres or so out this is the line out tap back,normal_play,0.0
202,206,the line out tap back its a little scrappy and a little messy and,normal_play,0.0
204,208,back its a little scrappy and a little messy and the pressure shifted and thats the forward pass,normal_play,0.0
206,210,and the pressure shifted and thats the forward pass find your spaces nice,normal_play,0.0
208,212,pass find your spaces nice and patient,normal_play,0.0
210,214,nice and patient,normal_play,0.0
212,216,santa,normal_play,0.0
214,218,santa scrum,normal_play,0.0
216,220,santa scrum barrett standing right behind the,normal_play,0.0
218,222,barrett standing right behind the scrum giving themselves an option to,normal_play,0.0
220,224,the scrum giving themselves an option to go either way,normal_play,0.0
222,226,to go either way,normal_play,0.0
224,228,way scrum,normal_play,0.0
226,230,scrum hasnt been a strong suit for,normal_play,0.0
228,232,scrum hasnt been a strong suit for new zealand in the tournament a,normal_play,0.0
230,234,for new zealand in the tournament a fine set,normal_play,0.0
232,236,a fine set not,normal_play,0.0
234,238,set not to set a platform here 3 5 minutes,normal_play,0.0
236,240,to set a platform here 3 5 minutes in,normal_play,0.0
238,242,minutes in not from your side of,normal_play,0.0
240,244,not from your side of the scrum hey,normal_play,0.0
242,246,of the scrum hey hey hey,normal_play,0.0
244,248,hey hey well go across,normal_play,0.0
246,250,well go across,normal_play,0.0
250,254,listen listen guys,normal_play,0.0
252,256,listen listen guys maybe the two have just coming up ever,normal_play,0.0
254,258,maybe the two have just coming up ever so slightly under that first scrum pressure,normal_play,0.0
256,260,ever so slightly under that first scrum pressure patient for each call okay,normal_play,0.0
258,262,pressure patient for each call okay scrum over the mark both sides,normal_play,0.0
260,264,scrum over the mark both sides,normal_play,0.0
262,266,so the line ups changed now the,normal_play,0.0
264,268,so the line ups changed now the scrum having moved five or six metres to the right,normal_play,0.0
266,270,the scrum having moved five or six metres to the right bode and barretts gone to,normal_play,0.0
268,272,right bode and barretts gone to the left,normal_play,0.0
270,274,to the left or wanga to the right,normal_play,0.0
272,276,or wanga to the right if you fancy theyll go with a wheel,scrum,0.4877
274,278,if you fancy theyll go with a wheel if you have a way with,scrum,0.4877
276,280,wheel if you have a way with the scrum wheels youd think they would go,scrum,0.4877
278,282,with the scrum wheels youd think they would go with that just to put the markers,scrum,0.4877
280,284,go with that just to put the markers on the first defender,scrum,0.4877
282,286,markers on the first defender,scrum,0.4877
284,288,defender,scrum,0.4877
286,290,on side nine thank you,scrum,0.4877
288,292,on side nine thank you its a way to the right,normal_play,0.4032
290,294,you its a way to the right they come through jordi barrett and then a little,normal_play,0.4032
292,296,right they come through jordi barrett and then a little set move on the all cundling cut,normal_play,0.4032
294,298,little set move on the all cundling cut with bode and barrett still there for new zealand,normal_play,0.4032
296,300,cut with bode and barrett still there for new zealand though smith does well as he flirts with,normal_play,0.4032
298,302,though smith does well as he flirts with that sideline jar stays in,normal_play,0.4032
300,304,with that sideline jar stays in eventually,normal_play,0.4032
302,306,in eventually new zealand rescue the,normal_play,0.4032
304,308,eventually new zealand rescue the ball back its gone backwards a couple of times in,normal_play,0.0
306,310,the ball back its gone backwards a couple of times in there a little untidy from new zealand,normal_play,0.0
308,312,in there a little untidy from new zealand savia straight,normal_play,0.2513
310,314,savia straight up the middle roof one,normal_play,0.2513
312,316,straight up the middle roof one good defence from gawbisi,normal_play,0.2513
314,318,good defence from gawbisi,normal_play,0.2513
316,320,gawbisi to wanga fassi,normal_play,0.4032
318,322,gawbisi to wanga fassi the next to carry forward,normal_play,0.4032
320,324,fassi the next to carry forward now from a standing,normal_play,0.4032
322,326,now from a standing start its dalton papalei again,normal_play,0.4032
324,328,standing start its dalton papalei again,normal_play,0.4032
326,330,and now new zealand again,normal_play,0.4032
328,332,and now new zealand again try to work a move in midfield,normal_play,0.4032
330,334,again try to work a move in midfield no way through for reko,normal_play,0.4032
332,336,no way through for reko ioani the defence from italy rock solid so,normal_play,0.3933
334,338,reko ioani the defence from italy rock solid so far,normal_play,0.3933
336,340,so far hold that,normal_play,0.3933
338,342,hold that hold that thank you smith again,normal_play,0.3933
340,344,hold that thank you smith again looking for his runners he all shimmy away,normal_play,0.4032
342,346,again looking for his runners he all shimmy away to the left ritalik had,normal_play,0.4032
344,348,away to the left ritalik had cody taylor with him,normal_play,0.4032
346,350,had cody taylor with him and now they come back out open,normal_play,0.4032
348,352,and now they come back out open with scott barrett,normal_play,0.4032
350,354,open with scott barrett just pressing and you,normal_play,0.4032
352,356,just pressing and you heard the cry hes off his feet theyve,normal_play,0.4032
354,358,you heard the cry hes off his feet theyve got advantage here new zealand for tenlea,normal_play,0.4032
356,360,theyve got advantage here new zealand for tenlea its so,normal_play,0.4032
358,362,tenlea its so difficult to put down in those close quarters,normal_play,0.4032
360,364,so difficult to put down in those close quarters new zealand playing under,normal_play,0.4032
362,366,quarters new zealand playing under advantage here crossfield kick jordi,normal_play,0.4032
364,368,under advantage here crossfield kick jordi barrett into the arms of will jordan jordan,try,1.0
366,370,jordi barrett into the arms of will jordan jordan for the corner jordan with the,try,1.0
368,372,jordan for the corner jordan with the flying finish,try,1.0
370,374,the flying finish,try,1.0
372,376,will jordans,try,1.0
374,378,will jordans impeccable strike rate continues,try,1.0
376,380,jordans impeccable strike rate continues for new zealand,normal_play,0.0
378,382,continues for new zealand,normal_play,0.0
386,390,well hes,normal_play,0.0
388,392,well hes a man who cant finish he knows where the goal line,normal_play,0.0
390,394,hes a man who cant finish he knows where the goal line is he knows how to get over the little,normal_play,0.0
392,396,line is he knows how to get over the little kick over the top was just pinpoint accurate,normal_play,0.0
394,398,little kick over the top was just pinpoint accurate throwing dots and look at that for,normal_play,0.0
396,400,accurate throwing dots and look at that for a dive its great execution,normal_play,0.0
398,402,for a dive its great execution,normal_play,0.0
400,404,execution that is a sensational kick,normal_play,0.0
402,406,that is a sensational kick pass and jordan knew,normal_play,0.0
404,408,kick pass and jordan knew where the touch line was knew he had to,normal_play,0.0
406,410,knew where the touch line was knew he had to propel himself in the air,normal_play,0.0
408,412,to propel himself in the air and does it superbly,normal_play,0.0
410,414,and does it superbly,normal_play,0.0
412,416,superbly that is,normal_play,0.0
414,418,that is absolutely brilliant theres no,normal_play,0.0
416,420,is absolutely brilliant theres no doubt thats a try,normal_play,0.0
418,422,no doubt thats a try the crowd dont like it not sure why,normal_play,0.0
420,424,the crowd dont like it not sure why not great score,normal_play,0.0
422,426,why not great score,normal_play,0.0
424,428,score 24th try,normal_play,0.0
426,430,24th try in his 27th test match,normal_play,0.0
428,432,in his 27th test match will jordan,normal_play,0.0
430,434,will jordan,normal_play,0.0
432,436,coming back into the side today,normal_play,0.4032
434,438,coming back into the side today after one to forget against,normal_play,0.4032
436,440,today after one to forget against france hes put his team,normal_play,0.4032
438,442,against france hes put his team in the front as richie moong wants to,normal_play,0.4032
440,444,team in the front as richie moong wants to convert from the side,goal_kick,0.8688
442,446,to convert from the side,goal_kick,0.8688
444,448,side,goal_kick,0.8688
446,450,slides this one inside,goal_kick,0.8688
448,452,slides this one inside the right hand upright at the good start,normal_play,0.0
450,454,inside the right hand upright at the good start for will jordan and new zealand,normal_play,0.0
452,456,start for will jordan and new zealand seven points,normal_play,0.0
454,458,seven points to nil,normal_play,0.0
456,460,points to nil beautiful kick there from,normal_play,0.0
458,462,beautiful kick there from bodenbarrick look at that for a finish you dont get,normal_play,0.0
460,464,bodenbarrick look at that for a finish you dont get better than that jordan with a fantastic,normal_play,0.0
462,466,better than that jordan with a fantastic dive one hand grounding,normal_play,0.0
464,468,fantastic dive one hand grounding absolutely spot on just trying,normal_play,0.0
466,470,absolutely spot on just trying to understand why stephen varney was down,normal_play,0.0
468,472,trying to understand why stephen varney was down in the corner and it wasnt tommaso,kick_off,0.3445
470,474,down in the corner and it wasnt tommaso allen,kick_off,0.3445
472,476,tommaso allen,kick_off,0.3445
474,478,jordan,kick_off,0.3445
476,480,jordan barrett brings down,normal_play,0.0
478,482,jordan barrett brings down the restart new zealands 22,normal_play,0.0
480,484,down the restart new zealands 22,normal_play,0.3762
482,486,22,normal_play,0.3762
484,488,its a similar set up for new zealand to work,normal_play,0.3762
486,490,its a similar set up for new zealand to work their way up if youre in front stay still,normal_play,0.3762
488,492,work their way up if youre in front stay still inside their own territory its bodenbarrick,normal_play,0.4032
490,494,still inside their own territory its bodenbarrick who sends it up coming forward for it,normal_play,0.4032
492,496,bodenbarrick who sends it up coming forward for it just fell short of,normal_play,0.4032
494,498,just fell short of tommaso allen the bounce is kind though,normal_play,0.4032
496,500,of tommaso allen the bounce is kind though for joanne that was rounded upon,normal_play,0.4032
498,502,though for joanne that was rounded upon by shannon frazelle back in the new zealand,normal_play,0.4032
500,504,by shannon frazelle back in the new zealand side for the,normal_play,0.4032
502,506,zealand side for the first time at this world cup,normal_play,0.4032
504,508,the first time at this world cup,normal_play,0.0
506,510,cup italy look promising with their first,normal_play,0.0
508,512,italy look promising with their first early build up,normal_play,0.2968
510,514,first early build up again looking to punch some holes in this new zealand line,normal_play,0.2968
512,516,again looking to punch some holes in this new zealand line through the impressive lorenzo,normal_play,0.2968
514,518,line through the impressive lorenzo canone and getting a penalty from it,normal_play,0.2968
516,520,lorenzo canone and getting a penalty from it,penalty,0.4684
518,522,it assisted into the ground,penalty,0.4684
520,524,assisted into the ground never released some really good options,normal_play,0.0
522,526,never released some really good options some nice options used by the italians,normal_play,0.0
524,528,some nice options used by the italians a little pop pass into the hands of the big,normal_play,0.0
526,530,italians a little pop pass into the hands of the big carrier lorenzo canone he carried up,normal_play,0.0
528,532,big carrier lorenzo canone he carried up strongly and then came the penalty,normal_play,0.4032
530,534,up strongly and then came the penalty couple of nice little subtle,normal_play,0.4032
532,536,couple of nice little subtle offload little tip on passes,normal_play,0.4032
534,538,subtle offload little tip on passes putting that new zealand defence and,normal_play,0.4032
536,540,passes putting that new zealand defence and a little bit of pressure good response from the italians,normal_play,0.0
538,542,a little bit of pressure good response from the italians,normal_play,0.0
540,544,italians,normal_play,0.0
544,548,perfect thank you hes 100 off the kicking,normal_play,0.0
546,550,perfect thank you hes 100 off the kicking to tommy allen just be placing on our behind on the scrum okay,normal_play,0.0
548,552,kicking to tommy allen just be placing on our behind on the scrum okay played a flop in the last game,normal_play,0.0
550,554,played a flop in the last game that is its got to be easy at 12,normal_play,0.0
552,556,game that is its got to be easy at 12 it just gave them the attacking options i wouldnt have been,normal_play,0.0
554,558,12 it just gave them the attacking options i wouldnt have been surprised if it was thought out just to give them a,normal_play,0.0
556,560,been surprised if it was thought out just to give them a little more practice in terms of who slots,normal_play,0.0
558,562,a little more practice in terms of who slots in where,normal_play,0.0
560,564,slots in where 13 from 13 so far,normal_play,0.4032
562,566,13 from 13 so far for tommaso allen this will take,normal_play,0.4032
564,568,far for tommaso allen this will take him second on italys all time point,normal_play,0.4032
566,570,take him second on italys all time point scoring list,normal_play,0.4032
568,572,point scoring list and he continues,normal_play,0.4032
570,574,and he continues that perfect record,normal_play,0.4032
572,576,continues that perfect record tommaso allen with the penalty gets italy,normal_play,0.4032
574,578,tommaso allen with the penalty gets italy on the board responding to new zealands,normal_play,0.4032
576,580,italy on the board responding to new zealands try seven points to three,normal_play,0.0
578,582,zealands try seven points to three,normal_play,0.0
580,584,i,normal_play,0.0
582,586,i have to also remember that,normal_play,0.0
584,588,i have to also remember that italy is only less than 90,normal_play,0.0
586,590,that italy is only less than 90 minutes away by car from the,normal_play,0.0
588,592,90 minutes away by car from the italian border to get over to lyon,normal_play,0.0
590,594,the italian border to get over to lyon so they flooded this lyon,normal_play,0.0
592,596,so they flooded this lyon stage and they really have lots of italian supporters,kick_off,0.2618
594,598,lyon stage and they really have lots of italian supporters,kick_off,0.2618
596,600,supporters bodenbarratt with the,kick_off,0.2618
598,602,bodenbarratt with the restock on new zealand and hes massively over,kick_off,0.2618
600,604,the restock on new zealand and hes massively over cooked this is a mistake from,normal_play,0.4032
602,606,over cooked this is a mistake from,normal_play,0.4032
604,608,from the veteran all black he will,normal_play,0.4032
606,610,the veteran all black he will hand the scrum to italy on,normal_play,0.4032
608,612,will hand the scrum to italy on halfway,normal_play,0.0
610,614,on halfway,normal_play,0.0
614,618,its a game of such momentum isnt it,normal_play,0.4032
616,620,its a game of such momentum isnt it once youve conceded you really,normal_play,0.4032
618,622,it once youve conceded you really dont want to be making mistakes once youve scored,normal_play,0.4032
620,624,really dont want to be making mistakes once youve scored the last thing you want to do is give away,normal_play,0.0
622,626,scored the last thing you want to do is give away points immediately the all black scored,normal_play,0.0
624,628,away points immediately the all black scored gave away three immediately and then made,normal_play,0.0
626,630,scored gave away three immediately and then made the little error with the overcooked kick,normal_play,0.0
628,632,made the little error with the overcooked kick this is a great,normal_play,0.0
630,634,kick this is a great little kick isnt it jordy barrett,normal_play,0.0
632,636,great little kick isnt it jordy barrett with just perfectly weighted,normal_play,0.0
634,638,barrett with just perfectly weighted kick pass,normal_play,0.0
636,640,weighted kick pass,normal_play,0.0
642,646,part of,normal_play,0.0
644,648,part of the new modern skill set of a rugby union,normal_play,0.0
646,650,of the new modern skill set of a rugby union player the ability to score in the corner while being,normal_play,0.0
648,652,union player the ability to score in the corner while being tackle into touch saw something,scrum,0.4877
650,654,being tackle into touch saw something similar here from uruguay just two,scrum,0.4877
652,656,something similar here from uruguay just two nights ago here in lyon there,scrum,0.4877
654,658,two nights ago here in lyon there went the namibia,scrum,0.4877
656,660,there went the namibia great attacking chance here though for italy,scrum,0.4877
658,662,great attacking chance here though for italy,scrum,0.4877
660,664,italy,scrum,0.4877
662,666,scrum starts to wheel around,scrum,0.4877
664,668,scrum starts to wheel around and vani scoots it away,normal_play,0.0
666,670,around and vani scoots it away so when ignacio brix on the right just,normal_play,0.0
668,672,so when ignacio brix on the right just clatters forward the rock of the midfield for,normal_play,0.4032
670,674,just clatters forward the rock of the midfield for italy nice quick ball for them to work,normal_play,0.4032
672,676,for italy nice quick ball for them to work with here the crowd,normal_play,0.4032
674,678,work with here the crowd groan at the heavy contact,normal_play,0.4032
676,680,crowd groan at the heavy contact its going to be a night of that,normal_play,0.0
678,682,its going to be a night of that no way through this time too,normal_play,0.0
680,684,no way through this time too for utsa,normal_play,0.3393
682,686,too for utsa frazell man handles him nice,normal_play,0.3393
684,688,frazell man handles him nice quick hands for negri up,normal_play,0.3393
686,690,nice quick hands for negri up over half way rutalic trying,normal_play,0.3393
688,692,over half way rutalic trying to get in there for new zealand no its still there for,normal_play,0.4032
690,694,to get in there for new zealand no its still there for italy,normal_play,0.4032
692,696,for italy,normal_play,0.4032
694,698,dino lamb,normal_play,0.4032
696,700,dino lamb the next man forward and now vani just rolls a,normal_play,0.4032
698,702,the next man forward and now vani just rolls a little kick in behind will jordan,normal_play,0.4032
700,704,little kick in behind will jordan and its not going to be a 50 20,normal_play,0.4032
702,706,jordan and its not going to be a 50 20 till its taken back but its still an excellent,normal_play,0.4032
704,708,20 till its taken back but its still an excellent kick nonetheless its an outstanding,normal_play,0.4032
706,710,excellent kick nonetheless its an outstanding little kick that intentionally kicked,normal_play,0.4032
708,712,outstanding little kick that intentionally kicked it end over end with a little bit of topspin almost,normal_play,0.0
710,714,kicked it end over end with a little bit of topspin almost to get it running along the ground its scampered,normal_play,0.0
712,716,almost to get it running along the ground its scampered down into the corner,normal_play,0.4032
714,718,scampered down into the corner vani didnt play,normal_play,0.4032
716,720,vani didnt play in the last game i think that is a,normal_play,0.4032
718,722,play in the last game i think that is a super first little kick from him,normal_play,0.4032
720,724,a super first little kick from him hes in it right now,normal_play,0.0
722,726,hes in it right now its been pretty good so far this rugby world cup,normal_play,0.0
724,728,now its been pretty good so far this rugby world cup theyre going to have to be good on their,normal_play,0.0
726,730,cup theyre going to have to be good on their goal line now,normal_play,0.0
728,732,their goal line now almost as if that kick,normal_play,0.0
730,734,almost as if that kick will jordan tried to catch up with it he,normal_play,0.0
732,736,kick will jordan tried to catch up with it he didnt realise just what a good little roll on it had,normal_play,0.0
734,738,realise just what a good little roll on it had,normal_play,0.0
736,740,had now put him in the middle thank you perfect,normal_play,0.0
738,742,now put him in the middle thank you perfect,normal_play,0.0
740,744,short line out for new zealand,lineout,0.1546
742,746,short line out for new zealand,lineout,0.1546
744,748,taylor goes down,lineout,0.1546
746,750,taylor goes down to scott barrett at the back nicely,lineout,0.1546
748,752,down to scott barrett at the back nicely taken in,normal_play,0.0
750,754,nicely taken in carried away,normal_play,0.0
752,756,carried away by hadi saviour in the hard,normal_play,0.1915
754,758,by hadi saviour in the hard meters he so often makes,normal_play,0.1915
756,760,hard meters he so often makes,normal_play,0.1915
758,762,makes smith will be,normal_play,0.1915
760,764,smith will be the one to send this up for,normal_play,0.0
762,766,be the one to send this up for new zealand its going to come down for montewani right,normal_play,0.0
764,768,for new zealand its going to come down for montewani right on halfway a chance for iwani,normal_play,0.4032
766,770,right on halfway a chance for iwani to wind up back at the new zealand,normal_play,0.4032
768,772,iwani to wind up back at the new zealand line gets through the first,normal_play,0.4032
770,774,zealand line gets through the first cant get past frizzell but its a good carry,normal_play,0.4032
772,776,cant get past frizzell but its a good carry from the winger and now,normal_play,0.4032
774,778,carry from the winger and now a little bit of what you can do i,normal_play,0.4032
776,780,now a little bit of what you can do i cant quite do better as it comes,normal_play,0.4032
778,782,i cant quite do better as it comes off the side and goes out on the full,normal_play,0.4032
780,784,comes off the side and goes out on the full,normal_play,0.4032
782,786,just overcooked it slightly,normal_play,0.4032
784,788,just overcooked it slightly paolo gobiisi,normal_play,0.4032
786,790,slightly paolo gobiisi that is the man with,normal_play,0.4032
788,792,that is the man with the slippery little feet,normal_play,0.4032
790,794,with the slippery little feet its for you,normal_play,0.4032
792,796,its for you thank you welcome,normal_play,0.4032
794,798,thank you welcome real handful small only,normal_play,0.4032
796,800,real handful small only 70 or so kilograms but boy hes,normal_play,0.4032
798,802,only 70 or so kilograms but boy hes got fast feet gets around,normal_play,0.4032
800,804,hes got fast feet gets around like a nail once hes going youre,normal_play,0.0
802,806,like a nail once hes going youre just slippery you cant get hold of him,normal_play,0.0
804,808,youre just slippery you cant get hold of him,normal_play,0.0
806,810,him world rugby breakthrough player of the year,normal_play,0.0
808,812,world rugby breakthrough player of the year in 2022 on kapowatso,normal_play,0.0
810,814,year in 2022 on kapowatso,normal_play,0.0
812,816,kapowatso,normal_play,0.0
816,820,this time its ritellic for,normal_play,0.0
818,822,this time its ritellic for cody,normal_play,0.0
820,824,for cody taylor who finds him and this is going to go down,normal_play,0.0
822,826,cody taylor who finds him and this is going to go down to kapowatso on his own 22,normal_play,0.0
824,828,down to kapowatso on his own 22,normal_play,0.4032
826,830,22 this,normal_play,0.4032
828,832,this regular player at fullback,normal_play,0.4032
830,834,this regular player at fullback as well heres moorna,normal_play,0.4032
832,836,fullback as well heres moorna and now,normal_play,0.4032
834,838,moorna and now barrett looking for some open spaces cant get this,normal_play,0.4032
836,840,now barrett looking for some open spaces cant get this over the top of gobiisi though,normal_play,0.4032
838,842,this over the top of gobiisi though we thought,normal_play,0.4032
840,844,we thought we might see a little bit of this this kicking for,normal_play,0.4032
842,846,thought we might see a little bit of this this kicking for territory trying to manipulate and find some spaces,normal_play,0.4032
844,848,for territory trying to manipulate and find some spaces or gobiisi toward on,normal_play,0.4032
846,850,spaces or gobiisi toward on the halfway line here jordi,normal_play,0.4032
848,852,on the halfway line here jordi barrett was all over him,penalty,0.6128
850,854,jordi barrett was all over him,penalty,0.6128
856,860,now im not sure the inside pass,normal_play,0.4032
858,862,now im not sure the inside pass was quite expected there did allow,normal_play,0.4032
860,864,pass was quite expected there did allow jordi barrett to get hands on the ball first,normal_play,0.4032
862,866,allow jordi barrett to get hands on the ball first support maybe a fraction slower,normal_play,0.4032
864,868,first support maybe a fraction slower to clean out for italy its a three minute breakdown okay,normal_play,0.0
866,870,slower to clean out for italy its a three minute breakdown okay jordi barretts a tall fellow,normal_play,0.0
868,872,jordi barretts a tall fellow cut himself in off and bend,normal_play,0.4032
870,874,cut himself in off and bend down like that thats a great steal,normal_play,0.4032
872,876,bend down like that thats a great steal,normal_play,0.4032
874,878,heres that little inside pass,normal_play,0.4032
876,880,heres that little inside pass gobiisi probably not the best man to carry it into,normal_play,0.0
878,882,pass gobiisi probably not the best man to carry it into contact and barrett got it,normal_play,0.0
880,884,into contact and barrett got it jordi barrett a meter 96,normal_play,0.0
882,886,jordi barrett a meter 96 his brother scott is,normal_play,0.0
884,888,his brother scott is 197 and scotts the lock,normal_play,0.0
886,890,is 197 and scotts the lock slightly heavier,normal_play,0.0
888,892,lock slightly heavier as well though,lineout,0.3351
890,894,heavier as well though,lineout,0.3351
892,896,more good ball for italic and now cody taylor,lineout,0.3351
894,898,more good ball for italic and now cody taylor peels away flat and hard into,lineout,0.3351
896,900,taylor peels away flat and hard into the line,normal_play,0.4032
898,902,into the line was jordi barrett its awkward,normal_play,0.4032
900,904,was jordi barrett its awkward for smith and theyve got a penalty here in new zealand,normal_play,0.4032
902,906,awkward for smith and theyve got a penalty here in new zealand italian,normal_play,0.4032
904,908,zealand italian player roll away,normal_play,0.2913
906,910,italian player roll away new zealand again,normal_play,0.2913
908,912,new zealand again will try a clever little,normal_play,0.2913
910,914,again will try a clever little kick through for bodum barrett to chase the bounce,normal_play,0.2913
912,916,little kick through for bodum barrett to chase the bounce its good enough for allen but theyll,normal_play,0.0
914,918,bounce its good enough for allen but theyll go back to the penalty tackle her away please,normal_play,0.0
916,920,theyll go back to the penalty tackle her away please into the path of the nine,normal_play,0.0
918,922,please into the path of the nine,normal_play,0.0
920,924,nine giacomo nicotero has just stayed down,normal_play,0.4032
922,926,giacomo nicotero has just stayed down for a second i think hes the man who made that tackle,normal_play,0.4032
924,928,down for a second i think hes the man who made that tackle on jordi barrett he came at real pace,normal_play,0.4032
926,930,on jordi barrett he came at real pace gets a,normal_play,0.4032
928,932,pace gets a little hip slightly on the head there down,normal_play,0.4032
930,934,a little hip slightly on the head there down he goes,normal_play,0.4032
932,936,down he goes good line good strong carry good courage in,normal_play,0.4032
934,938,good line good strong carry good courage in the tackle good courage in the carry as,normal_play,0.4032
936,940,the tackle good courage in the carry as well,normal_play,0.0
938,942,as well very interesting little kick over the top wasnt,normal_play,0.0
940,944,very interesting little kick over the top wasnt it nice idea switching,normal_play,0.0
942,946,wasnt it nice idea switching from behind the rock behind the breakdown to,normal_play,0.0
944,948,switching from behind the rock behind the breakdown to the rock then kicking left again,normal_play,0.0
946,950,to the rock then kicking left again found a bit of grass the,normal_play,0.0
948,952,found a bit of grass the kick so good idea,normal_play,0.0
950,954,the kick so good idea feels like with,normal_play,0.0
952,956,feels like with jordi barrett in there shannon for his elbow,normal_play,0.0
954,958,with jordi barrett in there shannon for his elbow hats just that little extra physical edge in,normal_play,0.0
956,960,hats just that little extra physical edge in the new zealand side tonight,normal_play,0.1943
958,962,in the new zealand side tonight,normal_play,0.1943
960,964,tonight,normal_play,0.1943
964,968,jordi barrett doing the kick into the touchline,normal_play,0.0
966,970,jordi barrett doing the kick into the touchline we are accustomed to seeing what,normal_play,0.0
968,972,touchline we are accustomed to seeing what chimuanga doing at bodum barrett,normal_play,0.0
970,974,what chimuanga doing at bodum barrett,normal_play,0.0
976,980,taylor again this time he,lineout,0.4726
978,982,taylor again this time he finds shannon frazella new zealand will set,lineout,0.4726
980,984,finds shannon frazella new zealand will set the drive on,maul,0.4055
982,986,the drive on frazella its tucked under the left arm,maul,0.4055
984,988,on frazella its tucked under the left arm of taylor the hook is six metres out,maul,0.4055
986,990,arm of taylor the hook is six metres out now a few others come to lens and wait,maul,0.4055
988,992,now a few others come to lens and wait will jordans getting in there its still,maul,0.512
990,994,will jordans getting in there its still there with cody taylor new zealand got,maul,0.512
992,996,still there with cody taylor new zealand got the momentum piling forward over,maul,0.4753
994,998,got the momentum piling forward over the italian line try,maul,0.4753
996,1000,over the italian line try,try,1.0
998,1002,try superb set,try,1.0
1000,1004,superb set piece execution,try,1.0
1002,1006,piece execution,try,1.0
1006,1010,lauren smitsnuck in there and stole the ball,normal_play,0.0
1008,1012,lauren smitsnuck in there and stole the ball and got the try by the look of things,normal_play,0.0
1010,1014,ball and got the try by the look of things all the backs were in it was a real good push actually,normal_play,0.0
1012,1016,all the backs were in it was a real good push actually,normal_play,0.0
1014,1018,actually try number 26,normal_play,0.0
1016,1020,try number 26 for the,normal_play,0.0
1018,1022,26 for the veterans scrum off,normal_play,0.0
1020,1024,the veterans scrum off really well set up the ball at,normal_play,0.0
1022,1026,really well set up the ball at the back its hard to compete,normal_play,0.0
1024,1028,the back its hard to compete as soon as the march was,normal_play,0.0
1026,1030,as soon as the march was on the backs came charging in there comes,normal_play,0.0
1028,1032,was on the backs came charging in there comes will jordan,normal_play,0.0
1030,1034,comes will jordan aaron smith just sneaks in the back,normal_play,0.0
1032,1036,aaron smith just sneaks in the back there there he is hes grabbed the ball hes gone ill have,normal_play,0.0
1034,1038,back there there he is hes grabbed the ball hes gone ill have a piece of that and over he goes,normal_play,0.0
1036,1040,have a piece of that and over he goes all clear thank you brett,normal_play,0.0
1038,1042,all clear thank you brett when youve driven them around the park for 122,normal_play,0.0
1040,1044,when youve driven them around the park for 122 tests as a halfback you can probably,normal_play,0.0
1042,1046,122 tests as a halfback you can probably sneak in and take it off the bat,normal_play,0.0
1044,1048,probably sneak in and take it off the bat i guess he is the boss at that point he,normal_play,0.0
1046,1050,bat i guess he is the boss at that point he can just come in and say ill have that one,normal_play,0.0
1048,1052,he can just come in and say ill have that one,normal_play,0.0
1052,1056,what i,normal_play,0.0
1054,1058,what i love about him is even though,normal_play,0.0
1056,1060,i love about him is even though its a mall,normal_play,0.0
1058,1062,though its a mall try he just loves it as much as if hed run,normal_play,0.0
1060,1064,mall try he just loves it as much as if hed run 100 meters,normal_play,0.0
1062,1066,100 meters,normal_play,0.0
1064,1068,meters,goal_kick,0.8688
1066,1070,similar position slightly further,goal_kick,0.8688
1068,1072,similar position slightly further in field for richie maung this,goal_kick,0.8688
1070,1074,further in field for richie maung this time and again,goal_kick,0.8688
1072,1076,this time and again straight down the middle for new zealand,goal_kick,0.8688
1074,1078,again straight down the middle for new zealand so a second converter try,goal_kick,0.8688
1076,1080,zealand so a second converter try for the all,goal_kick,0.8688
1078,1082,try for the all blacks and they lead italy 14 points,goal_kick,0.8688
1080,1084,blacks and they lead italy 14 points to 3 17 minutes gone and leon,normal_play,0.0
1082,1086,points to 3 17 minutes gone and leon you know,normal_play,0.0
1084,1088,leon you know its interesting because when you actually think about,normal_play,0.0
1086,1090,its interesting because when you actually think about it leon was founded by the romans,normal_play,0.0
1088,1092,about it leon was founded by the romans of course but its not the italians,normal_play,0.0
1090,1094,romans of course but its not the italians who are getting scores here its new zealand just,normal_play,0.0
1092,1096,italians who are getting scores here its new zealand just acting like centurions going forward,normal_play,0.0
1094,1098,just acting like centurions going forward theyre driving well absolutely perfect,normal_play,0.0
1096,1100,forward theyre driving well absolutely perfect aaron smith and not cody taylor finishing,normal_play,0.0
1098,1102,aaron smith and not cody taylor finishing it off fantastic score,normal_play,0.0
1100,1104,finishing it off fantastic score great teamwork,kick_off,0.5159
1102,1106,score great teamwork theres been an early change here for italy,kick_off,0.5159
1104,1108,theres been an early change here for italy danilo fisketi the,kick_off,0.5159
1106,1110,italy danilo fisketi the loose head props being replaced by,kick_off,0.5159
1108,1112,the loose head props being replaced by ivan nemer,normal_play,0.4032
1110,1114,by ivan nemer,normal_play,0.4032
1112,1116,nemer,normal_play,0.4032
1114,1118,nemer heres savia,normal_play,0.4032
1116,1120,nemer heres savia clattering through the line into open,try,1.0
1118,1122,savia clattering through the line into open spaces for new zealand got support,try,1.0
1120,1124,open spaces for new zealand got support on the inside and outside,normal_play,0.4032
1122,1126,support on the inside and outside barrett is there he had taylor looming,normal_play,0.4032
1124,1128,outside barrett is there he had taylor looming up barrett spins out of one,normal_play,0.4032
1126,1130,looming up barrett spins out of one for lea with open territory marked,normal_play,0.4032
1128,1132,for lea with open territory marked to lea stepped stepped through,try,1.0
1130,1134,marked to lea stepped stepped through the line crashes over,try,1.0
1132,1136,through the line crashes over new zealand,try,1.0
1134,1138,over new zealand break out from the restart in,try,1.0
1136,1140,zealand break out from the restart in their own 22 and the,normal_play,0.0
1138,1142,in their own 22 and the finish from marked to lea,normal_play,0.0
1140,1144,the finish from marked to lea,normal_play,0.0
1142,1146,lea,normal_play,0.0
1148,1152,well the danger,normal_play,0.0
1150,1154,well the danger of the all blacks laying down,normal_play,0.0
1152,1156,danger of the all blacks laying down a marker savia,normal_play,0.0
1154,1158,down a marker savia just such a perfectly,normal_play,0.0
1156,1160,savia just such a perfectly timed line the angle good,normal_play,0.0
1158,1162,perfectly timed line the angle good straight through he went options left,normal_play,0.0
1160,1164,straight through he went options left and right look for barrett,normal_play,0.0
1162,1166,left and right look for barrett he maybe came inside a bit soon but had,normal_play,0.0
1164,1168,he maybe came inside a bit soon but had the presence of mind to throw it wide to taylor,normal_play,0.0
1166,1170,had the presence of mind to throw it wide to taylor thought he was going to just put the gas down,normal_play,0.0
1168,1172,taylor thought he was going to just put the gas down and hit for the corner had a bit of,normal_play,0.0
1170,1174,down and hit for the corner had a bit of work to do and did it brilliantly super finish,normal_play,0.0
1172,1176,of work to do and did it brilliantly super finish great team try great counter,normal_play,0.0
1174,1178,finish great team try great counter attack try from the kick off from,normal_play,0.0
1176,1180,counter attack try from the kick off from deep he is,normal_play,0.0
1178,1182,from deep he is electric,normal_play,0.0
1180,1184,electric well you,normal_play,0.0
1182,1186,well you dont often see them that animated,normal_play,0.0
1184,1188,you dont often see them that animated this early in a match,normal_play,0.0
1186,1190,animated this early in a match and italy who desperately,normal_play,0.0
1188,1192,and italy who desperately needed to start so well and,normal_play,0.0
1190,1194,desperately needed to start so well and has been rocked back by a third new zealand,normal_play,0.0
1192,1196,and has been rocked back by a third new zealand try,normal_play,0.0
1194,1198,zealand try and i know we hate talking,normal_play,0.0
1196,1200,and i know we hate talking about statistics,normal_play,0.0
1198,1202,talking about statistics but,normal_play,0.0
1200,1204,but italys average score against the,goal_kick,0.8688
1202,1206,italys average score against the all blacks at rugby world cup is a loss of,goal_kick,0.8688
1204,1208,the all blacks at rugby world cup is a loss of just a smudge under 60,goal_kick,0.8688
1206,1210,of just a smudge under 60 points,goal_kick,0.8688
1208,1212,points,goal_kick,0.8688
1214,1218,richie maunger just,normal_play,0.0
1216,1220,richie maunger just shaves it inside for hitu,normal_play,0.0
1218,1222,just shaves it inside for hitu perfect so far,normal_play,0.0
1220,1224,hitu perfect so far new zealand going up in,normal_play,0.0
1222,1226,new zealand going up in multiples of seven nearly 21,normal_play,0.0
1224,1228,in multiples of seven nearly 21 points to three almost,normal_play,0.0
1226,1230,21 points to three almost 20 minutes gone,normal_play,0.0
1228,1232,almost 20 minutes gone,normal_play,0.0
1234,1238,this is danilo fisketi,normal_play,0.0
1236,1240,this is danilo fisketi yeah hes not,normal_play,0.0
1238,1242,fisketi yeah hes not in a great place just holding that left,normal_play,0.0
1240,1244,not in a great place just holding that left chest,kick_off,0.5159
1242,1246,left chest of course its a pack injury,kick_off,0.5159
1244,1248,chest of course its a pack injury really being taken off and hes,kick_off,0.5159
1246,1250,really being taken off and hes not in a good place well get an update with,kick_off,0.5159
1248,1252,hes not in a good place well get an update with that injury a bit later on use,normal_play,0.3212
1250,1254,with that injury a bit later on use it,normal_play,0.3212
1252,1256,use it,normal_play,0.3212
1254,1258,smith sends it up,normal_play,0.3212
1256,1260,smith sends it up towards the halfway line,normal_play,0.4032
1258,1262,towards the halfway line alan underneath this,normal_play,0.4032
1260,1264,line alan underneath this one and takes it really well heres the,normal_play,0.4032
1262,1266,this one and takes it really well heres the oncoming all blacks defence just,normal_play,0.4032
1264,1268,the oncoming all blacks defence just rounds upon negri and look at papalei,normal_play,0.0
1266,1270,just rounds upon negri and look at papalei barrett all barrelling over,normal_play,0.0
1268,1272,papalei barrett all barrelling over smith yeah lost it on the ground,normal_play,0.4032
1270,1274,smith yeah lost it on the ground said it was a fair competition good counter,normal_play,0.4032
1272,1276,ground said it was a fair competition good counter ruck from italy in,normal_play,0.4032
1274,1278,counter ruck from italy in the end landstuck holding,normal_play,0.4032
1276,1280,in the end landstuck holding onto this one though,penalty,0.4242
1278,1282,holding onto this one though and it was cody taylor who had all rights to it,penalty,0.4242
1280,1284,and it was cody taylor who had all rights to it great little jackal,penalty,0.4242
1282,1286,it great little jackal got his hands on the ball,penalty,0.4242
1284,1288,got his hands on the ball first there first hands on,normal_play,0.0
1286,1290,ball first there first hands on immovable once he was set,normal_play,0.0
1288,1292,on immovable once he was set low centre of gravity,normal_play,0.0
1290,1294,set low centre of gravity he does bring that jackal,normal_play,0.0
1292,1296,gravity he does bring that jackal ability to the side doesnt he,normal_play,0.0
1294,1298,jackal ability to the side doesnt he,normal_play,0.0
1296,1300,he and having scored three try already no,normal_play,0.2066
1298,1302,and having scored three try already no surprise the all blacks quite happy,normal_play,0.2066
1300,1304,no surprise the all blacks quite happy to go to the touchline now,normal_play,0.2066
1302,1306,happy to go to the touchline now its,normal_play,0.2066
1304,1308,its interesting hearing from ian foster,normal_play,0.0
1306,1310,its interesting hearing from ian foster just before the,normal_play,0.0
1308,1312,foster just before the clash when you talk about,normal_play,0.0
1310,1314,the clash when you talk about the speed of getting down into,normal_play,0.0
1312,1316,about the speed of getting down into the ruck and being very quick,normal_play,0.0
1314,1318,into the ruck and being very quick the italians are number one at this rugby,normal_play,0.0
1316,1320,the italians are number one at this rugby world cup but on that occasion who,normal_play,0.0
1318,1322,rugby world cup but on that occasion who was number one well no one else but of,normal_play,0.0
1320,1324,who was number one well no one else but of course the all blacks going straight in there,normal_play,0.0
1322,1326,of course the all blacks going straight in there and retrieving,normal_play,0.0
1324,1328,there and retrieving the ball getting possession back three,lineout,0.3851
1326,1330,the ball getting possession back three turnover won from the all blacks,lineout,0.3851
1328,1332,three turnover won from the all blacks,lineout,0.3851
1330,1334,blacks heres taylor again its down the back for,lineout,0.3851
1332,1336,heres taylor again its down the back for brazil quick for savia adi,try,1.0
1334,1338,for brazil quick for savia adi savia youre never stopping him,try,1.0
1336,1340,adi savia youre never stopping him from there,try,1.0
1338,1342,him from there well its woeful defending its got to be,try,1.0
1340,1344,well its woeful defending its got to be sad great run from adi savia,try,1.0
1342,1346,be sad great run from adi savia but italy have missed seven,try,1.0
1344,1348,but italy have missed seven tackle in the build,try,1.0
1346,1350,seven tackle in the build up to this try so yeah its just gone through,try,1.0
1348,1352,up to this try so yeah its just gone through almost untouched no,try,1.0
1350,1354,through almost untouched no tackle really attempted no,try,1.0
1352,1356,no tackle really attempted no heart no commitment in the,try,1.0
1354,1358,no heart no commitment in the defensive effort and that italy is,try,1.0
1356,1360,the defensive effort and that italy is not one theyll want to see on monday at the,try,1.0
1358,1362,is not one theyll want to see on monday at the video review look at this round the corner little,try,1.0
1360,1364,the video review look at this round the corner little step inside all too easy,normal_play,0.0
1362,1366,little step inside all too easy captain,normal_play,0.0
1364,1368,captain extraordinaire almost untouched,normal_play,0.0
1366,1370,captain extraordinaire almost untouched and that about sums up,normal_play,0.0
1368,1372,untouched and that about sums up the defensive effort really,normal_play,0.0
1370,1374,up the defensive effort really but it was very similar for the last try,normal_play,0.0
1372,1376,but it was very similar for the last try as well joel with,normal_play,0.0
1374,1378,try as well joel with mark talia there was i,normal_play,0.0
1376,1380,with mark talia there was i counted five missed tackle and it,normal_play,0.0
1378,1382,i counted five missed tackle and it cant be going down well with this man,normal_play,0.0
1380,1384,it cant be going down well with this man kieran crowley of course who,normal_play,0.0
1382,1386,man kieran crowley of course who really wanted the first 20 minutes,normal_play,0.0
1384,1388,who really wanted the first 20 minutes of high pressure high tempo rugby,normal_play,0.0
1386,1390,minutes of high pressure high tempo rugby against the all blacks just to you know,normal_play,0.0
1388,1392,rugby against the all blacks just to you know give them a little bit of a rattle hasnt,normal_play,0.0
1390,1394,know give them a little bit of a rattle hasnt been the case theyre just not,normal_play,0.0
1392,1396,hasnt been the case theyre just not able to defend properly at the,normal_play,0.0
1394,1398,not able to defend properly at the moment,normal_play,0.0
1396,1400,moment,goal_kick,0.7978
1398,1402,moana converts again,goal_kick,0.7978
1400,1404,moana converts again new zealand streaking away in the first,goal_kick,0.7978
1402,1406,again new zealand streaking away in the first half try for the captain,goal_kick,0.7978
1404,1408,first half try for the captain adi savia 28,normal_play,0.0
1406,1410,captain adi savia 28 points to three,normal_play,0.0
1408,1412,28 points to three,normal_play,0.0
1410,1414,yeah just to sum this one,normal_play,0.0
1412,1416,yeah just to sum this one attempted tackle its a poor one,normal_play,0.0
1414,1418,one attempted tackle its a poor one and to robbies,normal_play,0.0
1416,1420,one and to robbies point thats eight missed tackle now,normal_play,0.0
1418,1422,robbies point thats eight missed tackle now,normal_play,0.0
1420,1424,now too soft for the heres,normal_play,0.0
1422,1426,too soft for the heres a great run hes picked some really good lines and it was,normal_play,0.0
1424,1428,heres a great run hes picked some really good lines and it was another good line but that is soft defensive effort,kick_off,0.5159
1426,1430,was another good line but that is soft defensive effort,kick_off,0.5159
1428,1432,effort,kick_off,0.5159
1430,1434,italy kick off again,kick_off,0.5159
1432,1436,italy kick off again need to regroup and,normal_play,0.0
1434,1438,again need to regroup and regroup quickly as thalia,normal_play,0.0
1436,1440,and regroup quickly as thalia steps out,normal_play,0.4032
1438,1442,thalia steps out of the first half who cant get through the oncoming,normal_play,0.4032
1440,1444,out of the first half who cant get through the oncoming italian defence an,normal_play,0.4032
1442,1446,oncoming italian defence an italian defence that is,normal_play,0.4032
1444,1448,an italian defence that is the first,normal_play,0.4032
1446,1450,is the first for tackle success theyve been so,normal_play,0.4032
1448,1452,first for tackle success theyve been so good throughout the tournament not so far,normal_play,0.4032
1450,1454,so good throughout the tournament not so far tonight as new zealand exit out of,normal_play,0.4032
1452,1456,far tonight as new zealand exit out of their own 22,normal_play,0.4032
1454,1458,of their own 22,normal_play,0.4032
1456,1460,all a little sedate there for,normal_play,0.4032
1458,1462,all a little sedate there for a second,normal_play,0.4032
1460,1464,for a second probably,normal_play,0.0
1462,1466,probably in the greatest skim out of bad exits,normal_play,0.0
1464,1468,probably in the greatest skim out of bad exits dasmeen italy will have,normal_play,0.0
1466,1470,dasmeen italy will have a little chance here inside,normal_play,0.0
1468,1472,have a little chance here inside the old black territory to maybe,normal_play,0.0
1470,1474,inside the old black territory to maybe go through the phases they were pretty good,normal_play,0.0
1472,1476,maybe go through the phases they were pretty good ball in hand in the first five minutes or so,lineout,0.4726
1474,1478,good ball in hand in the first five minutes or so,lineout,0.4726
1476,1480,that one not straight,lineout,0.4726
1478,1482,that one not straight so one of italys,lineout,0.4726
1480,1484,straight so one of italys features of the tournament so,normal_play,0.0
1482,1486,italys features of the tournament so far also falling apart on them,normal_play,0.0
1484,1488,so far also falling apart on them,normal_play,0.0
1486,1490,them,normal_play,0.0
1488,1492,pressure,normal_play,0.0
1490,1494,pressure its about pressure,normal_play,0.0
1492,1496,pressure its about pressure i think theyve lost a little bit of,normal_play,0.0
1494,1498,i think theyve lost a little bit of their composure you know obviously,normal_play,0.0
1496,1500,of their composure you know obviously when you can see two quick try,normal_play,0.0
1498,1502,obviously when you can see two quick try in succession like that,normal_play,0.0
1500,1504,try in succession like that obviously your heads are dropping and hes,normal_play,0.0
1502,1506,obviously your heads are dropping and hes trying to understand whats going on youve really,normal_play,0.0
1504,1508,hes trying to understand whats going on youve really got to just remain focused and still,normal_play,0.0
1506,1510,really got to just remain focused and still get in the pressure is always on you,normal_play,0.0
1508,1512,still get in the pressure is always on you you know its a rugby world cup game of course against,normal_play,0.0
1510,1514,you know its a rugby world cup game of course against one of the best teams in the world you cant,normal_play,0.0
1512,1516,against one of the best teams in the world you cant drop your heads,scrum,0.1724
1514,1518,cant drop your heads particularly,scrum,0.1724
1516,1520,particularly robbie when you have high expectations,scrum,0.1724
1518,1522,particularly robbie when you have high expectations and high hopes,scrum,0.1724
1520,1524,and high hopes,scrum,0.1724
1522,1526,set,scrum,0.1724
1524,1528,set stay up,scrum,0.1724
1526,1530,set stay up,scrum,0.1724
1528,1532,up advantage thats a good,scrum,0.2611
1530,1534,advantage thats a good scrum for new zealand theyve got a penalty here,scrum,0.2611
1532,1536,good scrum for new zealand theyve got a penalty here as well and savio peels,scrum,0.2611
1534,1538,here as well and savio peels off once more jordan a little chip kick over,scrum,0.2611
1536,1540,peels off once more jordan a little chip kick over the top for himself italys defence,normal_play,0.4032
1538,1542,over the top for himself italys defence will come across and theyll go,normal_play,0.4032
1540,1544,defence will come across and theyll go back to the scrum penalty against,normal_play,0.4032
1542,1546,back to the scrum penalty against riccioni,normal_play,0.4032
1544,1548,against riccioni well the set,penalty,0.6128
1546,1550,well the set phase proving a little traumatic here,penalty,0.6128
1548,1552,set phase proving a little traumatic here for the clear,penalty,0.6128
1550,1554,here for the clear line out goes awry the scrum penalty,penalty,0.6128
1552,1556,clear line out goes awry the scrum penalty against them theyve had that early change,normal_play,0.0
1554,1558,penalty against them theyve had that early change in the front row already with danilo fiscati,normal_play,0.0
1556,1560,change in the front row already with danilo fiscati becoming,normal_play,0.0
1558,1562,fiscati becoming injured ivan nemo is on the,normal_play,0.0
1560,1564,becoming injured ivan nemo is on the field and skew,normal_play,0.0
1562,1566,the field and skew one out throw,normal_play,0.0
1564,1568,skew one out throw robbie spoke about the,normal_play,0.1819
1566,1570,robbie spoke about the dropping heads the skew throw and the,normal_play,0.1819
1568,1572,the dropping heads the skew throw and the penalty at scrum wont help matters at all,normal_play,0.1819
1570,1574,penalty at scrum wont help matters at all thats a great kick to,normal_play,0.1819
1572,1576,all thats a great kick to the touch line its,normal_play,0.0
1574,1578,to the touch line its legends row isnt it,normal_play,0.0
1576,1580,its legends row isnt it richie mccaw in the middle stephen donald,normal_play,0.0
1578,1582,richie mccaw in the middle stephen donald conrad smith all blacks world,normal_play,0.0
1580,1584,donald conrad smith all blacks world cup winners louis peckermoll one of the,normal_play,0.0
1582,1586,world cup winners louis peckermoll one of the greats of french rugby,normal_play,0.0
1584,1588,greats of french rugby i think those three in the middle are,normal_play,0.0
1586,1590,i think those three in the middle are quite happy with what theyve seen i think theyll be delighted,normal_play,0.0
1588,1592,are quite happy with what theyve seen i think theyll be delighted right now,normal_play,0.0
1590,1594,delighted right now,normal_play,0.0
1598,1602,another great,lineout,0.1564
1600,1604,another great attacking chance for new zealand theyve,lineout,0.1564
1602,1606,great attacking chance for new zealand theyve gone down the back towards brazil in,lineout,0.1564
1604,1608,theyve gone down the back towards brazil in these previously this time its retalic near the,lineout,0.1867
1606,1610,these previously this time its retalic near the front and they have another more,lineout,0.1867
1608,1612,the front and they have another more and its there with cody,maul,0.2875
1610,1614,more and its there with cody taylor and then smith comes up,maul,0.2875
1612,1616,cody taylor and then smith comes up to bar quarters,maul,0.2863
1614,1618,up to bar quarters and his,maul,0.2863
1616,1620,and his forward pack theyve got all the,maul,0.2958
1618,1622,his forward pack theyve got all the momentum again and can taylor with,maul,0.2958
1620,1624,the momentum again and can taylor with the control in the back,maul,0.2873
1622,1626,with the control in the back its still moving forward now taylor,maul,0.2873
1624,1628,back its still moving forward now taylor peels away smith steps,try,1.0
1626,1630,taylor peels away smith steps steps and hes over again aaron,try,1.0
1628,1632,steps and hes over again aaron smith gets the second,try,1.0
1630,1634,aaron smith gets the second,try,1.0
1636,1640,well this time around you,normal_play,0.0
1638,1642,well this time around you cant thank cody taylor,normal_play,0.0
1640,1644,cant thank cody taylor the mall was just edging forward,normal_play,0.0
1642,1646,the mall was just edging forward enough to hold all the italian forwards inside,normal_play,0.0
1644,1648,forward enough to hold all the italian forwards inside that mall keep them busy,normal_play,0.0
1646,1650,inside that mall keep them busy keep them pushing peel to,normal_play,0.0
1648,1652,busy keep them pushing peel to the right the quick hands and smith with a one on,normal_play,0.0
1650,1654,to the right the quick hands and smith with a one on one that close so hard to stop,normal_play,0.0
1652,1656,on one that close so hard to stop no,normal_play,0.0
1654,1658,no contest at the line out real,normal_play,0.0
1656,1660,no contest at the line out real determination and hard work getting the,normal_play,0.0
1658,1662,real determination and hard work getting the mall just edging forward just,normal_play,0.0
1660,1664,the mall just edging forward just sucking in those italian defenders,normal_play,0.0
1662,1666,sucking in those italian defenders all the forwards involved and then,normal_play,0.0
1664,1668,all the forwards involved and then cody taylor just realizes theres a bit of space,normal_play,0.0
1666,1670,then cody taylor just realizes theres a bit of space on the right its coming to a little bit of a standstill,normal_play,0.0
1668,1672,space on the right its coming to a little bit of a standstill and smith hes,normal_play,0.0
1670,1674,standstill and smith hes just so nippy over he goes,normal_play,0.0
1672,1676,hes just so nippy over he goes,normal_play,0.0
1698,1702,richie,goal_kick,0.8274
1700,1704,richie moana from a similar position where,goal_kick,0.8274
1702,1706,richie moana from a similar position where hes hit two and this,goal_kick,0.8274
1704,1708,where hes hit two and this time again what they can do,goal_kick,0.8274
1706,1710,this time again what they can do barely a thing wrong at the moment,goal_kick,0.8274
1708,1712,barely a thing wrong at the moment new zealand,goal_kick,0.8688
1710,1714,moment new zealand just look at this look at the structure,goal_kick,0.8688
1712,1716,just look at this look at the structure of this driving mall you know,normal_play,0.0
1714,1718,structure of this driving mall you know before cody gets the,normal_play,0.0
1716,1720,know before cody gets the cody taylor gets the ball out into,normal_play,0.0
1718,1722,the cody taylor gets the ball out into the hands of aaron smith its just so well done well,normal_play,0.0
1720,1724,into the hands of aaron smith its just so well done well structured when the balls,normal_play,0.0
1722,1726,well structured when the balls taken snatched out of the air by brodie,normal_play,0.0
1724,1728,balls taken snatched out of the air by brodie rettell they really do have a,normal_play,0.0
1726,1730,brodie rettell they really do have a very well organized protected unit with,normal_play,0.0
1728,1732,very well organized protected unit with the ball at the back you can move forward,kick_off,0.1705
1730,1734,with the ball at the back you can move forward theres communication from your number,kick_off,0.1705
1732,1736,forward theres communication from your number nine as well its absolutely perfectly,kick_off,0.1705
1734,1738,number nine as well its absolutely perfectly executed,kick_off,0.1705
1736,1740,perfectly executed the live ladder as we see it at the,normal_play,0.0
1738,1742,the live ladder as we see it at the moment if it,normal_play,0.0
1740,1744,the moment if it stays this way for new zealand,normal_play,0.3579
1742,1746,it stays this way for new zealand taken in,normal_play,0.3579
1744,1748,taken in they still have uruguay to play,normal_play,0.3579
1746,1750,they still have uruguay to play italy,normal_play,0.3579
1748,1752,play italy will take on france next week,normal_play,0.2823
1750,1754,italy will take on france next week back to back games here in lyon,normal_play,0.2823
1752,1756,week back to back games here in lyon smith puts,normal_play,0.2823
1754,1758,lyon smith puts this up for telia to chase,normal_play,0.2823
1756,1760,puts this up for telia to chase but tommaso allen will,normal_play,0.4032
1758,1762,chase but tommaso allen will come forward and then gets hammered by mark d,normal_play,0.4032
1760,1764,will come forward and then gets hammered by mark d elia its falling,normal_play,0.4032
1762,1766,d elia its falling awkwardly and then eventually,normal_play,0.4032
1764,1768,falling awkwardly and then eventually scooted up by garbisi,normal_play,0.4032
1766,1770,eventually scooted up by garbisi so crisis averted and now some numbers,normal_play,0.4032
1768,1772,so crisis averted and now some numbers and some space for one ignacio brexoslo,normal_play,0.4032
1770,1774,numbers and some space for one ignacio brexoslo from kanoni hits,normal_play,0.4032
1772,1776,brexoslo from kanoni hits the chest and away they go new zealand,normal_play,0.4032
1774,1778,hits the chest and away they go new zealand playing under advantage broken play is,normal_play,0.4032
1776,1780,zealand playing under advantage broken play is dangerous frazell straight,normal_play,0.4032
1778,1782,dangerous frazell straight up through the middle just plowing his way,normal_play,0.4032
1780,1784,straight up through the middle just plowing his way forward shannon frazell able,normal_play,0.4032
1782,1786,way forward shannon frazell able to go again,normal_play,0.4032
1784,1788,able to go again and new zealand just quickly swing from,normal_play,0.4032
1786,1790,and new zealand just quickly swing from defense to attack bodenbarrett,normal_play,0.4032
1788,1792,from defense to attack bodenbarrett to the 22 off,normal_play,0.4032
1790,1794,bodenbarrett to the 22 off your feet,normal_play,0.4032
1792,1796,off your feet,normal_play,0.4032
1794,1798,heres frazell again who made that big charge,normal_play,0.4032
1796,1800,heres frazell again who made that big charge bumps off another one,normal_play,0.4032
1798,1802,charge bumps off another one the physical presence of shannon frazell,normal_play,0.4032
1800,1804,the physical presence of shannon frazell and morgan to scott,normal_play,0.4032
1802,1806,frazell and morgan to scott barrett and now rico ioane,normal_play,0.4032
1804,1808,scott barrett and now rico ioane and just,normal_play,0.4032
1806,1810,and just lost it somewhere,normal_play,0.4032
1808,1812,just lost it somewhere on the ground new zealand but they,normal_play,0.0
1810,1814,somewhere on the ground new zealand but they are just bending and,normal_play,0.0
1812,1816,they are just bending and pressing and pressurizing italy,normal_play,0.0
1814,1818,and pressing and pressurizing italy at every turn i think thats their first mistake,normal_play,0.0
1816,1820,italy at every turn i think thats their first mistake tonight isnt it,normal_play,0.4032
1818,1822,mistake tonight isnt it 30 minutes in the first error theyve made,normal_play,0.4032
1820,1824,30 minutes in the first error theyve made been really polished,normal_play,0.4032
1822,1826,made been really polished really accurate determined,normal_play,0.4032
1824,1828,polished really accurate determined said before the game it would be,normal_play,0.4032
1826,1830,determined said before the game it would be a bit of a test of wills for both,normal_play,0.4032
1828,1832,be a bit of a test of wills for both teams new zealand looking to bounce back,normal_play,0.4032
1830,1834,both teams new zealand looking to bounce back looking to hang in there against a,normal_play,0.4032
1832,1836,looking to hang in there against a real contender,normal_play,0.4032
1834,1838,a real contender the all blacks have laid down the,normal_play,0.4032
1836,1840,contender the all blacks have laid down the marker you spoke about ricky they have certainly,normal_play,0.4032
1838,1842,the marker you spoke about ricky they have certainly shown a clinical,normal_play,0.4032
1840,1844,certainly shown a clinical execution side,normal_play,0.0
1842,1846,clinical execution side and a desire to,normal_play,0.0
1844,1848,and a desire to keep on searching for that,normal_play,0.0
1846,1850,to keep on searching for that goal line over and over again,normal_play,0.0
1848,1852,that goal line over and over again,normal_play,0.0
1852,1856,half an hour gone new zealand five,normal_play,0.0
1854,1858,half an hour gone new zealand five try,normal_play,0.0
1856,1860,five try all conversion by richie morgan,scrum,0.482
1858,1862,all conversion by richie morgan 55 points to three,scrum,0.482
1860,1864,morgan 55 points to three they lead italy,scrum,0.482
1862,1866,three they lead italy,scrum,0.482
1866,1870,just coming,scrum,0.482
1868,1872,just coming back to richie morgan hes kicked them from everywhere hasnt he,scrum,0.482
1870,1874,coming back to richie morgan hes kicked them from everywhere hasnt he hes had three from the right hand corner,scrum,0.482
1872,1876,he hes had three from the right hand corner one easy one and one from the left,normal_play,0.0
1874,1878,one easy one and one from the left doesnt look like missing,normal_play,0.0
1876,1880,doesnt look like missing there was only one from three in that opening,normal_play,0.0
1878,1882,there was only one from three in that opening game against france and he didnt,normal_play,0.0
1880,1884,opening game against france and he didnt play against namibia,normal_play,0.0
1882,1886,didnt play against namibia or didnt kick against namibia when he came on,normal_play,0.0
1884,1888,namibia or didnt kick against namibia when he came on took a little knock at training a,normal_play,0.0
1886,1890,on took a little knock at training a couple of days ago too but doesnt seem to,normal_play,0.0
1888,1892,a couple of days ago too but doesnt seem to have any issues both teams have to have equal pressure,normal_play,0.0
1890,1894,to have any issues both teams have to have equal pressure lets get higher on this,normal_play,0.0
1892,1896,pressure lets get higher on this side please,normal_play,0.0
1894,1898,side please,normal_play,0.0
1898,1902,well hes moving,normal_play,0.0
1900,1904,well hes moving smoothly hes controlling things beautifully,normal_play,0.0
1902,1906,moving smoothly hes controlling things beautifully hes kicking its just,normal_play,0.0
1904,1908,beautifully hes kicking its just like a dart hes just nailing them from,scrum,0.2009
1906,1910,just like a dart hes just nailing them from everywhere,scrum,0.2009
1908,1912,from everywhere fifty second,scrum,0.2009
1910,1914,fifty second captain i thought richie morgan,scrum,0.2009
1912,1916,second captain i thought richie morgan,scrum,0.2009
1914,1918,behind,scrum,0.2009
1916,1920,behind sacked,scrum,0.2009
1918,1922,sacked,scrum,0.2009
1920,1924,sacked penalty or free,normal_play,0.0
1922,1926,penalty or free kick rather new zealand,normal_play,0.0
1924,1928,free kick rather new zealand hes stepping away stay over the mark,normal_play,0.0
1926,1930,hes stepping away stay over the mark,normal_play,0.0
1928,1932,mark,normal_play,0.0
1930,1934,italy,normal_play,0.0
1932,1936,italy just not taking that,normal_play,0.0
1934,1938,italy just not taking that wake stepping back at new zealand sniffing,normal_play,0.0
1936,1940,wake stepping back at new zealand sniffing blood here in the italian scrum,normal_play,0.0
1938,1942,sniffing blood here in the italian scrum,normal_play,0.0
1940,1944,scrum stay up,normal_play,0.0
1942,1946,stay up stay over the,normal_play,0.0
1944,1948,up stay over the,normal_play,0.0
1946,1950,the,normal_play,0.0
1948,1952,the,normal_play,0.0
1950,1954,the,normal_play,0.0
1952,1956,the,normal_play,0.0
1954,1958,the mark one more,normal_play,0.0
1956,1960,the mark one more,normal_play,0.0
1958,1962,more,normal_play,0.0
1960,1964,more time,normal_play,0.0
1962,1966,more time,normal_play,0.0
1964,1968,time picture tells a,normal_play,0.0
1966,1970,picture tells a story sometimes disappointment on the,normal_play,0.0
1968,1972,a story sometimes disappointment on the face of the italian front,scrum,0.4877
1970,1974,the face of the italian front row behind,scrum,0.4877
1972,1976,front row behind a little more pressure now than,scrum,0.4877
1974,1978,behind a little more pressure now than new zealand put in tacking,scrum,0.4877
1976,1980,new zealand put in tacking options both sides,scrum,0.4877
1978,1982,tacking options both sides,scrum,0.4877
1980,1984,all out they come,scrum,0.4877
1982,1986,all out they come away to the left with richie morgan,scrum,0.4877
1984,1988,come away to the left with richie morgan cut out ball for ioanna hes got to,normal_play,0.4032
1986,1990,cut out ball for ioanna hes got to leo but hes also got plenty of pace,normal_play,0.4032
1988,1992,to leo but hes also got plenty of pace good tackle though by brix around the ankles,normal_play,0.4032
1990,1994,good tackle though by brix around the ankles salvia,normal_play,0.4032
1992,1996,ankles salvia for scott barrett,normal_play,0.4032
1994,1998,salvia for scott barrett again,normal_play,0.4032
1996,2000,again new zealand just,normal_play,0.4032
1998,2002,again new zealand just asking questions of the,normal_play,0.4032
2000,2004,just asking questions of the italian defence and for the first,normal_play,0.4032
2002,2006,the italian defence and for the first time it breaks down on attack,normal_play,0.4032
2004,2008,time it breaks down on attack weve got advances for a full pass get a lead off this,normal_play,0.4032
2006,2010,weve got advances for a full pass get a lead off this time italy that hoof,normal_play,0.4032
2008,2012,this time italy that hoof downfield to will jordan on his,normal_play,0.0
2010,2014,hoof downfield to will jordan on his own 10 metre line,normal_play,0.0
2012,2016,his own 10 metre line,normal_play,0.4032
2014,2018,jordan,normal_play,0.4032
2016,2020,jordan sizing up the options looking for,normal_play,0.4032
2018,2022,jordan sizing up the options looking for that little half gap that he needs that he,normal_play,0.4032
2020,2024,for that little half gap that he needs that he almost found as well good tackle,try,1.0
2022,2026,he almost found as well good tackle,try,1.0
2024,2028,scott barrett again out the back for,try,1.0
2026,2030,scott barrett again out the back for moorlnur and then the hole for jordan,try,1.0
2028,2032,for moorlnur and then the hole for jordan barrett hes got aaron smith up,try,1.0
2030,2034,jordan barrett hes got aaron smith up the middle and aaron smiths going to get,try,1.0
2032,2036,up the middle and aaron smiths going to get a hat trick and the,try,1.0
2034,2038,get a hat trick and the easiest one so,try,1.0
2036,2040,the easiest one so far,try,1.0
2038,2042,so far,try,1.0
2040,2044,jumped in the mall to,try,1.0
2042,2046,jumped in the mall to get his first had a lot,try,1.0
2044,2048,to get his first had a lot of work to do around the mall for his second,try,1.0
2046,2050,lot of work to do around the mall for his second hes got a simple little run in here,try,1.0
2048,2052,second hes got a simple little run in here,normal_play,0.0
2050,2054,here will jordan boy he just,normal_play,0.0
2052,2056,will jordan boy he just looked around sucked in defenders,normal_play,0.0
2054,2058,just looked around sucked in defenders gave them go forward and then borden barrett,normal_play,0.0
2056,2060,defenders gave them go forward and then borden barrett ran such a good line,normal_play,0.0
2058,2062,ran such a good line an easy counter end for aaron,normal_play,0.0
2060,2064,an easy counter end for aaron smith,normal_play,0.0
2062,2066,aaron smith richie mwanga made the spot there,normal_play,0.0
2064,2068,richie mwanga made the spot there realised there was a little bit of space in behind,normal_play,0.0
2066,2070,there realised there was a little bit of space in behind he could get in behind the shoulders of one defender,normal_play,0.0
2068,2072,he could get in behind the shoulders of one defender freed up borden,normal_play,0.0
2070,2074,defender freed up borden barrett he freed up this man hat trick,normal_play,0.0
2072,2076,borden barrett he freed up this man hat trick for the little veteran scum off,normal_play,0.0
2074,2078,trick for the little veteran scum off,normal_play,0.0
2076,2080,off,normal_play,0.0
2078,2082,nice little,normal_play,0.0
2080,2084,nice little thank you really and acknowledgement of the,normal_play,0.0
2082,2086,little thank you really and acknowledgement of the work of borden barrett,normal_play,0.0
2084,2088,the work of borden barrett,normal_play,0.0
2100,2104,42 points to,goal_kick,0.6606
2102,2106,42 points to 3 35 minutes,goal_kick,0.6606
2104,2108,to 3 35 minutes gone it is a black,normal_play,0.0
2106,2110,minutes gone it is a black wave that has hit italy in this,normal_play,0.0
2108,2112,black wave that has hit italy in this first half,normal_play,0.0
2110,2114,this first half richie,normal_play,0.0
2112,2116,richie mwanga what he actually does is,normal_play,0.0
2114,2118,richie mwanga what he actually does is you know he just holds it back for just that extra,normal_play,0.0
2116,2120,is you know he just holds it back for just that extra half second that sucks,normal_play,0.0
2118,2122,extra half second that sucks in the defenders and just,normal_play,0.0
2120,2124,sucks in the defenders and just enables the defense to get back into the game he allows them to commit themselves,normal_play,0.0
2122,2126,just enables the defense to get back into the game he allows them to commit themselves and then he makes the pass its just absolutely,normal_play,0.0
2124,2128,themselves and then he makes the pass its just absolutely beautiful to watch,kick_off,0.5159
2126,2130,absolutely beautiful to watch another restart for italy,kick_off,0.5159
2128,2132,another restart for italy rico imani this time new zealand just,kick_off,0.5159
2130,2134,rico imani this time new zealand just full of running,kick_off,0.5159
2132,2136,just full of running,normal_play,0.4032
2136,2140,frazelle big body,normal_play,0.4032
2138,2142,frazelle big body flanker goes,normal_play,0.4032
2140,2144,body flanker goes to ground and another penalty,penalty,0.39
2142,2146,goes to ground and another penalty,penalty,0.39
2144,2148,penalty tackle no,penalty,0.39
2146,2150,tackle no release then fell to the wrong side,penalty,0.39
2148,2152,no release then fell to the wrong side,normal_play,0.0
2150,2154,new,normal_play,0.0
2152,2156,new zealand have just been able to set the,normal_play,0.0
2154,2158,new zealand have just been able to set the tempo play at the pace they want to,normal_play,0.0
2156,2160,the tempo play at the pace they want to that the likes of france didnt,normal_play,0.0
2158,2162,to that the likes of france didnt let them do,normal_play,0.0
2160,2164,didnt let them do and they do look to speed it up,normal_play,0.3085
2162,2166,and they do look to speed it up dont they not able this time because,normal_play,0.3085
2164,2168,up dont they not able this time because the tackle man not released,normal_play,0.3085
2166,2170,because the tackle man not released in the tackle,normal_play,0.3085
2168,2172,released in the tackle,normal_play,0.1398
2170,2174,well before the game started we,normal_play,0.1398
2172,2176,well before the game started we thought new zealand would win it we thought they,normal_play,0.1398
2174,2178,we thought new zealand would win it we thought they would maybe run away in the second half,normal_play,0.1398
2176,2180,they would maybe run away in the second half but not resoundingly,normal_play,0.1689
2178,2182,half but not resoundingly so like this in the first half,normal_play,0.1689
2180,2184,resoundingly so like this in the first half six,normal_play,0.1689
2182,2186,six try already more,normal_play,0.1689
2184,2188,six try already more than a point a minute,normal_play,0.0
2186,2190,more than a point a minute,normal_play,0.0
2190,2194,cody taylor for,lineout,0.4529
2192,2196,cody taylor for frazelle papaliti,lineout,0.4529
2194,2198,for frazelle papaliti and now flat,lineout,0.4529
2196,2200,papaliti and now flat for jordi barrett little flip ball out,normal_play,0.0
2198,2202,flat for jordi barrett little flip ball out the back of the hand for jordan and,normal_play,0.0
2200,2204,the back of the hand for jordan and again new zealand just pour forward they slip off,normal_play,0.4032
2202,2206,and again new zealand just pour forward they slip off tackle once more to italy,normal_play,0.4032
2204,2208,off tackle once more to italy asabio goes up over the 22,normal_play,0.4032
2206,2210,italy asabio goes up over the 22 followed up by rutellic the ball is,normal_play,0.4032
2208,2212,22 followed up by rutellic the ball is quick for new zealand barrett to,normal_play,0.4032
2210,2214,is quick for new zealand barrett to barrett the hand this time just,normal_play,0.4032
2212,2216,to barrett the hand this time just slipped down and it will come undone until,normal_play,0.4032
2214,2218,just slipped down and it will come undone until hes shooting up to put some pressure on okay four knocks into the italian,normal_play,0.4032
2216,2220,until hes shooting up to put some pressure on okay four knocks into the italian player then backwards so knock,normal_play,0.3188
2218,2222,italian player then backwards so knock on first scrum white,normal_play,0.3188
2220,2224,knock on first scrum white well the italian defence,normal_play,0.0
2222,2226,well the italian defence is looking ragged even,normal_play,0.0
2224,2228,defence is looking ragged even when theyre getting up and making tackle,normal_play,0.0
2226,2230,even when theyre getting up and making tackle theyre getting forced backwards theyre not,normal_play,0.0
2228,2232,theyre getting forced backwards theyre not winning the confrontation on the tackle,normal_play,0.4032
2230,2234,not winning the confrontation on the tackle line on the gain line,normal_play,0.4032
2232,2236,tackle line on the gain line just at the end there,normal_play,0.4032
2234,2238,just at the end there they got up and forced the error but they were already,normal_play,0.4032
2236,2240,there they got up and forced the error but they were already way back behind where play started,normal_play,0.0
2238,2242,already way back behind where play started time off,normal_play,0.0
2240,2244,started time off i,normal_play,0.4032
2242,2246,i look on my shell shock this should be,normal_play,0.4032
2244,2248,i look on my shell shock this should be,normal_play,0.4032
2246,2250,the one thing that theyre having problems,normal_play,0.4032
2248,2252,the one thing that theyre having problems with is just ball retention,normal_play,0.0
2250,2254,problems with is just ball retention not getting possession if you dont get possession you,normal_play,0.0
2252,2256,not getting possession if you dont get possession you cant really youre just going to be chasing shadows all,normal_play,0.0
2254,2258,cant really youre just going to be chasing shadows all night we know how deadly the all,normal_play,0.0
2256,2260,all night we know how deadly the all blacks are when theyve got the ball in hand and,normal_play,0.3244
2258,2262,all blacks are when theyve got the ball in hand and theyre passing it around they just look,normal_play,0.3244
2260,2264,and theyre passing it around they just look as though theyre you know its poetry in motion,normal_play,0.3244
2262,2266,look as though theyre you know its poetry in motion so the moment that the italians dont have the ball,normal_play,0.3244
2264,2268,so the moment that the italians dont have the ball in hand they cant really do anything with it theyre,normal_play,0.0
2266,2270,ball in hand they cant really do anything with it theyre just going to just take the hits and if their,normal_play,0.0
2268,2272,theyre just going to just take the hits and if their defence is not up to scratch in the missing tackle,normal_play,0.4032
2270,2274,their defence is not up to scratch in the missing tackle then you know the floodgates are going to,normal_play,0.4032
2272,2276,tackle then you know the floodgates are going to open up thats whats happened so far,normal_play,0.4032
2274,2278,to open up thats whats happened so far,normal_play,0.4032
2276,2280,far it doesnt help when you play most,normal_play,0.0
2278,2282,it doesnt help when you play most of the game and youre only 22 as well,normal_play,0.0
2280,2284,most of the game and youre only 22 as well robbie the new zealand kicking game the carry game,normal_play,0.0
2282,2286,robbie the new zealand kicking game the carry game its just forced italy back,normal_play,0.0
2284,2288,game its just forced italy back 408 metres,normal_play,0.0
2286,2290,408 metres made already by the all blacks,normal_play,0.0
2288,2292,metres made already by the all blacks and just 51 carries,normal_play,0.0
2290,2294,blacks and just 51 carries five line breaks,normal_play,0.0
2292,2296,five line breaks we thought there would be more kicking,normal_play,0.0
2294,2298,we thought there would be more kicking as well from the likes of,normal_play,0.0
2296,2300,kicking as well from the likes of gabiisi and the likes of tomaso allen,normal_play,0.0
2298,2302,of gabiisi and the likes of tomaso allen theyve got great kicking,normal_play,0.0
2300,2304,theyve got great kicking game play the territory,normal_play,0.0
2302,2306,kicking game play the territory game get it out of your own heart,normal_play,0.0
2304,2308,territory game get it out of your own heart they havent even been able to really do that because,normal_play,0.0
2306,2310,heart they havent even been able to really do that because of the possession they just havent had,normal_play,0.0
2308,2312,because of the possession they just havent had the possession only,normal_play,0.0
2310,2314,had the possession only 31 possession so absolutely,normal_play,0.0
2312,2316,only 31 possession so absolutely nothing and i guess when youve got such a,normal_play,0.0
2314,2318,absolutely nothing and i guess when youve got such a little ball you dont want to group it,normal_play,0.0
2316,2320,a little ball you dont want to group it away and give the opposition another opportunity,normal_play,0.0
2318,2322,it away and give the opposition another opportunity to counter attack every time,normal_play,0.0
2320,2324,opportunity to counter attack every time new zealand also,normal_play,0.0
2322,2326,new zealand also very quick on the you,normal_play,0.0
2324,2328,also very quick on the you know in the ruck so even if you,normal_play,0.0
2326,2330,you know in the ruck so even if you do have an isolated break you know you need,normal_play,0.0
2328,2332,you do have an isolated break you know you need support players right behind the cavalry,normal_play,0.0
2330,2334,need support players right behind the cavalry they need to be there if theyre not there,normal_play,0.0
2332,2336,they need to be there if theyre not there then youll see the italian you,normal_play,0.0
2334,2338,there then youll see the italian you know the black mire that will just you know,normal_play,0.0
2336,2340,you know the black mire that will just you know envelop and seize possession,normal_play,0.0
2338,2342,know envelop and seize possession again,normal_play,0.0
2340,2344,possession again,normal_play,0.0
2342,2346,problems in the front row for,normal_play,0.0
2344,2348,problems in the front row for italy,normal_play,0.0
2346,2350,for italy giacomo nicotera had a little bang on the,normal_play,0.0
2348,2352,giacomo nicotera had a little bang on the head early on the sketch has,normal_play,0.0
2350,2354,the head early on the sketch has been replaced already,normal_play,0.0
2352,2356,has been replaced already and cironi is in the wars now,normal_play,0.0
2354,2358,and cironi is in the wars now here we are guys here we are,normal_play,0.0
2356,2360,now here we are guys here we are,normal_play,0.0
2358,2362,are,normal_play,0.0
2376,2380,new zealand have won,scrum,0.3051
2378,2382,new zealand have won a scrum penalty theyve had a free kick as well,scrum,0.3051
2380,2384,won a scrum penalty theyve had a free kick as well lets see if,scrum,0.3051
2382,2386,well lets see if their front row can exert some pressure,scrum,0.3051
2384,2388,if their front row can exert some pressure here,scrum,0.3051
2386,2390,pressure here and the,scrum,0.3051
2388,2392,and the italian theyve got a good hit,scrum,0.3051
2390,2394,the italian theyve got a good hit but this is a slightly early for new zealand,scrum,0.3051
2392,2396,but this is a slightly early for new zealand free kick for italy,normal_play,0.0
2394,2398,free kick for italy little mini victory,normal_play,0.0
2396,2400,little mini victory for italy for the front row in particular,normal_play,0.4032
2398,2402,victory for italy for the front row in particular,normal_play,0.4032
2400,2404,particular boost their confidence a little but just on the,normal_play,0.4032
2402,2406,boost their confidence a little but just on the brink of half time,normal_play,0.4032
2404,2408,the brink of half time look telia i dont,normal_play,0.0
2406,2410,look telia i dont know if this is found touch from garbisi its,normal_play,0.0
2408,2412,dont know if this is found touch from garbisi its not found close to touch,normal_play,0.4032
2410,2414,not found close to touch so mark telia and,normal_play,0.4032
2412,2416,so mark telia and bode and barrett get a chance to have a look at the,normal_play,0.4032
2414,2418,and bode and barrett get a chance to have a look at the options and barrett sends it back down with interest,normal_play,0.4032
2416,2420,the options and barrett sends it back down with interest he does find the sideline,normal_play,0.4032
2418,2422,interest he does find the sideline and no chance for italy to go,normal_play,0.4032
2420,2424,and no chance for italy to go quickly at all well garbisi wont,normal_play,0.4032
2422,2426,go quickly at all well garbisi wont be too unhappy with that it was a free kick,normal_play,0.4032
2424,2428,be too unhappy with that it was a free kick couldnt kick it out on the floor and then retain the,normal_play,0.4032
2426,2430,kick couldnt kick it out on the floor and then retain the line out so actually,normal_play,0.4032
2428,2432,the line out so actually theyve made 30 metres and,normal_play,0.4032
2430,2434,actually theyve made 30 metres and got the opportunity to throw the ball in the line,normal_play,0.4032
2432,2436,and got the opportunity to throw the ball in the line and a chance just to keep the ball a little bit,normal_play,0.0
2434,2438,and a chance just to keep the ball a little bit go through the phases build some momentum,normal_play,0.0
2436,2440,bit go through the phases build some momentum theyre being urged on now by the,normal_play,0.0
2438,2442,momentum theyre being urged on now by the crowd this partisan italian crowd,normal_play,0.0
2440,2444,the crowd this partisan italian crowd,lineout,0.4726
2442,2446,crowd,lineout,0.4726
2444,2448,good take,lineout,0.4726
2446,2450,good take from ferreri coruzza,lineout,0.4726
2448,2452,take from ferreri coruzza bodys in motion,normal_play,0.0
2450,2454,coruzza bodys in motion for it trying to get caporzzo into,normal_play,0.0
2452,2456,motion for it trying to get caporzzo into it instead it goes for bratz now a little bit of space,normal_play,0.4032
2454,2458,into it instead it goes for bratz now a little bit of space for monteguani gets some footwork,normal_play,0.4032
2456,2460,space for monteguani gets some footwork on will jordan who comes across and makes the,normal_play,0.4032
2458,2462,footwork on will jordan who comes across and makes the tackle some good front foot ball for,normal_play,0.4032
2460,2464,the tackle some good front foot ball for the italians to work with here but no,normal_play,0.3954
2462,2466,for the italians to work with here but no way through belan he is,normal_play,0.3954
2464,2468,no way through belan he is just a roughhouse to the ground by retalic,normal_play,0.3954
2466,2470,is just a roughhouse to the ground by retalic and then its lost,normal_play,0.3954
2468,2472,retalic and then its lost saviour iwani for will,normal_play,0.4032
2470,2474,saviour iwani for will jordan vanderohe a little chip,normal_play,0.4032
2472,2476,will jordan vanderohe a little chip kick for himself almost there,normal_play,0.4032
2474,2478,chip kick for himself almost there on the bounce iwani got back in time,normal_play,0.4032
2476,2480,there on the bounce iwani got back in time but huge pressure on iwani,normal_play,0.4032
2478,2482,but huge pressure on iwani all blacks coming in italians,normal_play,0.4032
2480,2484,all blacks coming in italians get back in numbers just,normal_play,0.3546
2482,2486,italians get back in numbers just in time,normal_play,0.3546
2484,2488,just in time and now peg back on their own five metre,normal_play,0.3546
2486,2490,and now peg back on their own five metre line,normal_play,0.3546
2488,2492,metre line penalty italy,penalty,0.4644
2490,2494,penalty italy monteguani did,penalty,0.4644
2492,2496,monteguani did unbelievable all that,penalty,0.4644
2494,2498,did unbelievable all that tackle two all blacks all over him managed,penalty,0.4644
2496,2500,tackle two all blacks all over him managed to put the ball down get on his feet,normal_play,0.0
2498,2502,managed to put the ball down get on his feet stay over it,normal_play,0.0
2500,2504,stay over it and by time for his teammates to get,normal_play,0.0
2502,2506,and by time for his teammates to get there brilliant work,normal_play,0.0
2504,2508,get there brilliant work,normal_play,0.0
2506,2510,i think he defied gravity there,normal_play,0.0
2508,2512,i think he defied gravity there didnt he joel it was pretty impressive,normal_play,0.0
2510,2514,there didnt he joel it was pretty impressive he just managed to just hold,normal_play,0.0
2512,2516,he just managed to just hold it waited for his teammates,normal_play,0.0
2514,2518,it waited for his teammates to get back and,normal_play,0.0
2516,2520,teammates to get back and then yeah they win the penalty pretty,normal_play,0.4032
2518,2522,and then yeah they win the penalty pretty impressive stuff that was,normal_play,0.4032
2520,2524,pretty impressive stuff that was and just when you thought that they were on for another,normal_play,0.4032
2522,2526,and just when you thought that they were on for another try to extend that advantage,normal_play,0.4032
2524,2528,another try to extend that advantage,normal_play,0.0
2526,2530,yeah a nice little moment as well,normal_play,0.0
2528,2532,yeah a nice little moment as well its just past time to get to half time,lineout,0.4726
2530,2534,well its just past time to get to half time the italians will put the ball in theyll go through the phases,lineout,0.4726
2532,2536,the italians will put the ball in theyll go through the phases try and come away unscathed,lineout,0.4726
2534,2538,phases try and come away unscathed on the brink of the break,lineout,0.4726
2536,2540,unscathed on the brink of the break again its good from ruzza for vani,normal_play,0.0
2538,2542,again its good from ruzza for vani and now through the hands they,normal_play,0.0
2540,2544,vani and now through the hands they go the captain michele lamaro,normal_play,0.4032
2542,2546,go the captain michele lamaro,normal_play,0.4032
2544,2548,shoveled on by garbisi for brexit and,normal_play,0.4032
2546,2550,shoveled on by garbisi for brexit and now ioanni,normal_play,0.4032
2548,2552,and now ioanni coming off his wing to find kapuotso,normal_play,0.0
2550,2554,coming off his wing to find kapuotso whos scragged,normal_play,0.0
2552,2556,kapuotso whos scragged and rolled and,penalty,0.3883
2554,2558,scragged and rolled and awkward and the penalty comes for new zealand,penalty,0.3883
2556,2560,awkward and the penalty comes for new zealand just too good at the breakdown,penalty,0.3883
2558,2562,zealand just too good at the breakdown thats what happens when you go tip to tip,penalty,0.3883
2560,2564,thats what happens when you go tip to tip sometimes you run out of forwards to give you,normal_play,0.0
2562,2566,sometimes you run out of forwards to give you the real oomph you need out wide there,normal_play,0.0
2564,2568,you the real oomph you need out wide there particularly when youve got a little man hes a,normal_play,0.0
2566,2570,there particularly when youve got a little man hes a great handful hes a proper runner ball,normal_play,0.0
2568,2572,a great handful hes a proper runner ball and hand but hes only 70 kilograms,normal_play,0.0
2570,2574,ball and hand but hes only 70 kilograms kapuotso,normal_play,0.0
2572,2576,kapuotso the all blacks just,normal_play,0.2135
2574,2578,the all blacks just too good at the breakdown this time,normal_play,0.2135
2576,2580,just too good at the breakdown this time,normal_play,0.2135
2580,2584,and italy are going to have,normal_play,0.0
2582,2586,and italy are going to have to defend inside their 22 again,normal_play,0.0
2584,2588,have to defend inside their 22 again,normal_play,0.1708
2586,2590,again,normal_play,0.1708
2594,2598,we tick over the 40 minute mark,lineout,0.3724
2596,2600,we tick over the 40 minute mark at new zealand,lineout,0.3724
2598,2602,mark at new zealand already six try in,lineout,0.3724
2600,2604,already six try in this opening half,lineout,0.3724
2602,2606,in this opening half taylor again finds frazell line out his,lineout,0.3724
2604,2608,taylor again finds frazell line out his work to perfection jordi barrett,normal_play,0.4032
2606,2610,his work to perfection jordi barrett try to roll over the top of,normal_play,0.4032
2608,2612,barrett try to roll over the top of lamaro cant do so but,normal_play,0.4032
2610,2614,of lamaro cant do so but they pile forward de lier in close,normal_play,0.4032
2612,2616,but they pile forward de lier in close where hes so difficult to stop,normal_play,0.4032
2614,2618,close where hes so difficult to stop,normal_play,0.4032
2616,2620,smith for,normal_play,0.4032
2618,2622,smith for mufasi for retalek and another,normal_play,0.4032
2620,2624,for mufasi for retalek and another advantage for new zealand as well as the pressure,normal_play,0.4032
2622,2626,another advantage for new zealand as well as the pressure comes on nipol,normal_play,0.4032
2624,2628,pressure comes on nipol lalala has stopped in his track but,normal_play,0.0
2626,2630,nipol lalala has stopped in his track but new zealand still playing with,normal_play,0.0
2628,2632,but new zealand still playing with the advantage,normal_play,0.2234
2630,2634,with the advantage,normal_play,0.2234
2632,2636,pick and go from cody taylor,normal_play,0.2234
2634,2638,pick and go from cody taylor in fact he shovels it on for tuna fasi,normal_play,0.2234
2636,2640,taylor in fact he shovels it on for tuna fasi taylor,normal_play,0.4032
2638,2642,fasi taylor again this time does try and go at the,normal_play,0.4032
2640,2644,taylor again this time does try and go at the middle and then they get him behind and,normal_play,0.4032
2642,2646,the middle and then they get him behind and almost shovel their way through its there,normal_play,0.4032
2644,2648,and almost shovel their way through its there for aaron smith moonga,normal_play,0.4032
2646,2650,there for aaron smith moonga again moonga just puts it down this time,normal_play,0.4032
2648,2652,again moonga just puts it down this time and were still playing under the penalty advantage,normal_play,0.4032
2650,2654,time and were still playing under the penalty advantage though so the pressure not,normal_play,0.4032
2652,2656,advantage though so the pressure not over all smith,normal_play,0.0
2654,2658,not over all smith 8,normal_play,0.0
2656,2660,8 was your offside,penalty,0.4751
2658,2662,8 was your offside,penalty,0.4751
2668,2672,option new,normal_play,0.4032
2670,2674,option new zealand,normal_play,0.4032
2672,2676,zealand you,normal_play,0.0
2674,2678,you were fine but the tackler must move,normal_play,0.0
2676,2680,you were fine but the tackler must move before you can have a jackal okay,normal_play,0.0
2678,2682,move before you can have a jackal okay,normal_play,0.0
2682,2686,took a little while to make the decision,normal_play,0.2123
2684,2688,took a little while to make the decision there look for all money that,normal_play,0.2123
2686,2690,decision there look for all money that aaron smith is going to tap and go,normal_play,0.2123
2688,2692,that aaron smith is going to tap and go and play quickly eventually its going to be the mall,normal_play,0.0
2690,2694,go and play quickly eventually its going to be the mall i would think,normal_play,0.0
2692,2696,mall i would think,normal_play,0.0
2700,2704,taylor,lineout,0.2364
2702,2706,taylor again finds his mark its barrett,lineout,0.2364
2704,2708,taylor again finds his mark its barrett and they work a move for tuna fasi,normal_play,0.4032
2706,2710,barrett and they work a move for tuna fasi well read by the italian,normal_play,0.4032
2708,2712,fasi well read by the italian defense though danger not over,normal_play,0.4032
2710,2714,italian defense though danger not over taylor stucks under one,normal_play,0.4032
2712,2716,taylor stucks under one and this time its a leak gonna have to,normal_play,0.4032
2714,2718,and this time its a leak gonna have to let it come another advantage for new,normal_play,0.4032
2716,2720,to let it come another advantage for new zealand so frazell with a little,normal_play,0.4032
2718,2722,new zealand so frazell with a little shuffle the off load for tuna fasi again,normal_play,0.4032
2720,2724,little shuffle the off load for tuna fasi again or for tuna fasi four meters out,normal_play,0.4032
2722,2726,again or for tuna fasi four meters out,normal_play,0.4032
2724,2728,out frazells,normal_play,0.4032
2726,2730,frazells the next man to line up,normal_play,0.4032
2728,2732,frazells the next man to line up,normal_play,0.4032
2730,2734,just tirelessly working into that,normal_play,0.4032
2732,2736,just tirelessly working into that italian line they must have numbers out there,normal_play,0.4032
2734,2738,that italian line they must have numbers out there somewhere a little chip,normal_play,0.4032
2736,2740,there somewhere a little chip kick over the top is deep in the,normal_play,0.4032
2738,2742,chip kick over the top is deep in the effort from taylor would,normal_play,0.4032
2740,2744,the effort from taylor would have been spectacular,normal_play,0.0
2742,2746,would have been spectacular they were still playing with the penalty though,normal_play,0.0
2744,2748,they were still playing with the penalty though number eight,normal_play,0.0
2746,2750,though number eight,normal_play,0.0
2748,2752,you must be supporting your,normal_play,0.0
2750,2754,you must be supporting your body weight would,normal_play,0.0
2752,2756,your body weight would have been spectacular just been gathered look at the,normal_play,0.0
2754,2758,would have been spectacular just been gathered look at the dive and the commitment,normal_play,0.0
2756,2760,the dive and the commitment cody taylor,normal_play,0.0
2758,2762,cody taylor,normal_play,0.0
2760,2764,speccy dive not sure he was ever,normal_play,0.0
2762,2766,speccy dive not sure he was ever going to get there had a full,normal_play,0.0
2764,2768,ever going to get there had a full go though,normal_play,0.0
2766,2770,full go though tuna fasis been,normal_play,0.0
2768,2772,tuna fasis been pretty strong with ball carry hasnt he,normal_play,0.4032
2770,2774,been pretty strong with ball carry hasnt he ball in hand hes been one of,normal_play,0.4032
2772,2776,he ball in hand hes been one of the pillars around the fringes,normal_play,0.4032
2774,2778,of the pillars around the fringes,normal_play,0.4032
2776,2780,by that i mean one of the real strong ball carriers not,normal_play,0.0
2778,2782,by that i mean one of the real strong ball carriers not defenders clean pieces of the breakdown,normal_play,0.0
2780,2784,defenders clean pieces of the breakdown please micaele,normal_play,0.0
2782,2786,breakdown please micaele would have been one of the great hooker try,normal_play,0.0
2784,2788,would have been one of the great hooker try though,normal_play,0.0
2786,2790,try though thats,normal_play,0.0
2788,2792,thats a good one,normal_play,0.0
2790,2794,thats a good one gees been busy,normal_play,0.0
2792,2796,gees been busy cody taylor and executed when,normal_play,0.0
2794,2798,busy cody taylor and executed when its mattered as ian foster,normal_play,0.0
2796,2800,when its mattered as ian foster happily head for the,lineout,0.4196
2798,2802,foster happily head for the changing rooms,lineout,0.4196
2800,2804,the changing rooms frazelle,lineout,0.4196
2802,2806,frazelle,lineout,0.4196
2804,2808,new zealand again,maul,0.3831
2806,2810,new zealand again will get this drive rolling,maul,0.3831
2808,2812,again will get this drive rolling italy splintering and scattering,maul,0.3831
2810,2814,italy splintering and scattering piling in the black shirt,maul,0.3831
2812,2816,scattering piling in the black shirt still there for new zealand close,maul,0.5027
2814,2818,shirt still there for new zealand close to the line its almost stopped,maul,0.5027
2816,2820,close to the line its almost stopped now itll have to come out its got,try,0.8098
2818,2822,stopped now itll have to come out its got there for adi savia trying,try,0.8098
2820,2824,got there for adi savia trying to sneak around the corner another advantage,try,0.8098
2822,2826,trying to sneak around the corner another advantage and another try for,try,0.8098
2824,2828,advantage and another try for adi savia,try,1.0
2826,2830,for adi savia,try,1.0
2836,2840,just so clinical really all the options,normal_play,0.0
2838,2842,just so clinical really all the options at the line out dummy mall the,normal_play,0.0
2840,2844,options at the line out dummy mall the line out before this,normal_play,0.0
2842,2846,the line out before this time well set up well structured,normal_play,0.0
2844,2848,this time well set up well structured well defended as well to be fair to italy,normal_play,0.0
2846,2850,structured well defended as well to be fair to italy and then eventually savia just,normal_play,0.0
2848,2852,italy and then eventually savia just realized there was no one on that left,normal_play,0.0
2850,2854,just realized there was no one on that left hand side no one to defend the little peel,normal_play,0.0
2852,2856,left hand side no one to defend the little peel peely dead no one,normal_play,0.0
2854,2858,peely dead no one there to stop him look at this rumbling forward,normal_play,0.0
2856,2860,one there to stop him look at this rumbling forward all of a sudden it came to a halt,normal_play,0.0
2858,2862,forward all of a sudden it came to a halt the ball so well controlled at the back,normal_play,0.0
2860,2864,the ball so well controlled at the back now savia looks up sees that theres,normal_play,0.0
2862,2866,now savia looks up sees that theres a better space no ones going to,normal_play,0.0
2864,2868,theres a better space no ones going to stop him that close,normal_play,0.0
2866,2870,to stop him that close its so much about the,normal_play,0.0
2868,2872,its so much about the intelligence of knowing when to go knowing,normal_play,0.0
2870,2874,the intelligence of knowing when to go knowing until the right time,normal_play,0.0
2872,2876,knowing until the right time to actually peel off and then dive over,normal_play,0.0
2874,2878,time to actually peel off and then dive over they just know it its in,normal_play,0.0
2876,2880,they just know it its in their dna isnt it brilliant,normal_play,0.0
2878,2882,in their dna isnt it brilliant score but again you can look,normal_play,0.0
2880,2884,brilliant score but again you can look at the team effort in,normal_play,0.0
2882,2886,look at the team effort in that driving mall,normal_play,0.0
2884,2888,in that driving mall,normal_play,0.0
2886,2890,mall,normal_play,0.0
2888,2892,blacks captain sam kane,normal_play,0.0
2890,2894,blacks captain sam kane luckily were going to see,normal_play,0.0
2892,2896,kane luckily were going to see his first appearance at this world cup,normal_play,0.0
2894,2898,see his first appearance at this world cup sometime in the second half,normal_play,0.0
2896,2900,cup sometime in the second half,goal_kick,0.8688
2902,2906,richie,goal_kick,0.8688
2904,2908,richie moonga to cap a near,goal_kick,0.8688
2906,2910,richie moonga to cap a near perfect 45 minutes,goal_kick,0.8688
2908,2912,perfect 45 minutes of rapid for,goal_kick,0.8688
2910,2914,minutes of rapid for the all blacks,goal_kick,0.8688
2912,2916,for the all blacks,kick_off,0.5159
2914,2918,blacks bodum barrett to,kick_off,0.5159
2916,2920,blacks bodum barrett to start the second half for new zealand leading,kick_off,0.5159
2918,2922,to start the second half for new zealand leading italy 59 points to three,kick_off,0.5159
2920,2924,italy 59 points to three,normal_play,0.0
2922,2926,three,normal_play,0.0
2924,2928,as lorenzo canone takes,normal_play,0.1628
2926,2930,as lorenzo canone takes it up a couple of set to brothers,normal_play,0.1628
2928,2932,takes it up a couple of set to brothers out there for either side,normal_play,0.1628
2930,2934,brothers out there for either side and an early,normal_play,0.1628
2932,2936,and an early penalty goes against new zealand,normal_play,0.1293
2934,2938,early penalty goes against new zealand,normal_play,0.1293
2936,2940,zealand,penalty,0.6128
2938,2942,stephen varney milked,penalty,0.6128
2940,2944,stephen varney milked it nicely though didnt he,normal_play,0.0
2942,2946,milked it nicely though didnt he made it,normal_play,0.0
2944,2948,he made it nice and obvious won the penalty won the,normal_play,0.3006
2946,2950,it nice and obvious won the penalty won the free clearance,normal_play,0.3006
2948,2952,the free clearance,normal_play,0.3006
2952,2956,jordi barrett,normal_play,0.0
2954,2958,jordi barrett just not wiling his two ways just trying to,normal_play,0.0
2956,2960,barrett just not wiling his two ways just trying to almost get in the way,normal_play,0.0
2958,2962,to almost get in the way one,normal_play,0.0
2960,2964,way one never knows whether its intentional or,normal_play,0.0
2962,2966,one never knows whether its intentional or not but certainly penalty,normal_play,0.0
2964,2968,or not but certainly penalty,lineout,0.4726
2968,2972,nekotsu ritalik contesting,lineout,0.4726
2970,2974,nekotsu ritalik contesting this one but it lands nicely for,lineout,0.4726
2972,2976,contesting this one but it lands nicely for italy this time heres one ignacio brex,normal_play,0.4032
2974,2978,for italy this time heres one ignacio brex on the wraparound and now a little bit,normal_play,0.4032
2976,2980,brex on the wraparound and now a little bit of running from italy ioani was the dummy,normal_play,0.4032
2978,2982,bit of running from italy ioani was the dummy runner just no room for,normal_play,0.4032
2980,2984,dummy runner just no room for him and no way through,normal_play,0.0
2982,2986,for him and no way through,normal_play,0.0
2984,2988,needed,normal_play,0.4032
2986,2990,needed to be a bit courageous and chance their,normal_play,0.4032
2988,2992,needed to be a bit courageous and chance their army heres brex again and thats a,normal_play,0.4032
2990,2994,their army heres brex again and thats a nice direct run from the center,normal_play,0.4032
2992,2996,a nice direct run from the center up the middle much better start from italy,normal_play,0.4032
2994,2998,center up the middle much better start from italy in this half peeling,normal_play,0.4032
2996,3000,italy in this half peeling off some meters this time seb negri,normal_play,0.3415
2998,3002,peeling off some meters this time seb negri tukuna fase eventually,normal_play,0.3415
3000,3004,negri tukuna fase eventually gets to his feet,normal_play,0.3415
3002,3006,eventually gets to his feet up over halfway,normal_play,0.3415
3004,3008,up over halfway,normal_play,0.4032
3006,3010,build some momentum and confidence as,normal_play,0.4032
3008,3012,build some momentum and confidence as the italia chant rings,normal_play,0.4032
3010,3014,the italia chant rings around and thats a nice stepping,normal_play,0.4032
3012,3016,rings around and thats a nice stepping jinking weaving run heres allen,normal_play,0.4032
3014,3018,jinking weaving run heres allen close to the sideline hes bundled out,normal_play,0.4032
3016,3020,allen close to the sideline hes bundled out over the sideline it comes undone for,normal_play,0.4032
3018,3022,out over the sideline it comes undone for italy its a great build,normal_play,0.4032
3020,3024,for italy its a great build up though isnt it its just what,normal_play,0.4032
3022,3026,build up though isnt it its just what the italians needed to do just what the crowd wanted,normal_play,0.4032
3024,3028,what the italians needed to do just what the crowd wanted,normal_play,0.0
3026,3030,wanted corbisi did so well to get around the corner the,normal_play,0.0
3028,3032,corbisi did so well to get around the corner the little show and go allen was looking for,normal_play,0.0
3030,3034,the little show and go allen was looking for someone on his outside there but,normal_play,0.0
3032,3036,for someone on his outside there but i think it was,normal_play,0.0
3034,3038,but i think it was lamarro hed just run the inside line,normal_play,0.0
3036,3040,was lamarro hed just run the inside line and tommy allen bundled into touch,lineout,0.4726
3038,3042,line and tommy allen bundled into touch,lineout,0.4726
3040,3044,touch line,lineout,0.4726
3042,3046,line out one by brodie ritellic again,lineout,0.4726
3044,3048,line out one by brodie ritellic again for new zealand its sent down moanga too,normal_play,0.3923
3046,3050,again for new zealand its sent down moanga too kapuotsu,normal_play,0.3923
3048,3052,too kapuotsu kapuotsu maybe a chance to get those flying,normal_play,0.0
3050,3054,kapuotsu maybe a chance to get those flying feet going chants the arm with that,normal_play,0.0
3052,3056,flying feet going chants the arm with that elusive jinking running style he,normal_play,0.4032
3054,3058,that elusive jinking running style he has cant go through,normal_play,0.4032
3056,3060,he has cant go through jordi barrett slowly thats,normal_play,0.4032
3058,3062,through jordi barrett slowly thats fine,normal_play,0.4032
3060,3064,thats fine penalty advantage for black,normal_play,0.4032
3062,3066,penalty advantage for black offside another penalty here ritellic caught,normal_play,0.4032
3064,3068,black offside another penalty here ritellic caught offside for new zealand as,normal_play,0.4032
3066,3070,caught offside for new zealand as riccioni bobbles,normal_play,0.4032
3068,3072,as riccioni bobbles that one advantage white,normal_play,0.4032
3070,3074,bobbles that one advantage white still advantage for italy here,normal_play,0.4032
3072,3076,still advantage for italy here these bricks again has,normal_play,0.0
3074,3078,here these bricks again has had two or three really,normal_play,0.0
3076,3080,has had two or three really good carries in these opening couple,normal_play,0.3928
3078,3082,really good carries in these opening couple of minutes real trouble,normal_play,0.3928
3080,3084,couple of minutes real trouble still advances stephen,normal_play,0.3928
3082,3086,still advances stephen riccioni that play is going to make his,normal_play,0.3928
3084,3088,riccioni that play is going to make his way to this breakdown,normal_play,0.0
3086,3090,his way to this breakdown,normal_play,0.0
3088,3092,heres nicola canone up over the,normal_play,0.3994
3090,3094,heres nicola canone up over the 22 new zealand going to steal this one,normal_play,0.3994
3092,3096,the 22 new zealand going to steal this one away going to go back to play the,normal_play,0.3994
3094,3098,one away going to go back to play the penalty for ritellic offside,normal_play,0.3994
3096,3100,the penalty for ritellic offside well its a gutsy start to the second,normal_play,0.0
3098,3102,well its a gutsy start to the second half from italy,normal_play,0.0
3100,3104,second half from italy courageous gutsy kieran,normal_play,0.0
3102,3106,courageous gutsy kieran crowley will be really happy with the way theyve,normal_play,0.0
3104,3108,kieran crowley will be really happy with the way theyve come out and played with real art in this,normal_play,0.0
3106,3110,theyve come out and played with real art in this first three or four minutes,normal_play,0.0
3108,3112,this first three or four minutes looked after the ball he spoke about,normal_play,0.0
3110,3114,looked after the ball he spoke about the all blacks being happy about not conceding,normal_play,0.0
3112,3116,about the all blacks being happy about not conceding penalty well two very quick defensive,normal_play,0.0
3114,3118,conceding penalty well two very quick defensive penalty gone,normal_play,0.0
3116,3120,defensive penalty gone he took a bump didnt he,normal_play,0.0
3118,3122,he took a bump didnt he riccioni,normal_play,0.0
3120,3124,riccioni did well to get up and get to the next two,normal_play,0.239
3122,3126,riccioni did well to get up and get to the next two breakdowns actually,normal_play,0.239
3124,3128,two breakdowns actually its actually nice to see,normal_play,0.239
3126,3130,its actually nice to see italy with a little bit more possession in their hands,normal_play,0.239
3128,3132,italy with a little bit more possession in their hands you know thats that was a good number,normal_play,0.0
3130,3134,hands you know thats that was a good number of phases when they were just passing the,normal_play,0.0
3132,3136,number of phases when they were just passing the ball around keeping it tight going into,normal_play,0.0
3134,3138,the ball around keeping it tight going into the tackle but also seeing support,normal_play,0.0
3136,3140,into the tackle but also seeing support players arrive really quickly and that,normal_play,0.0
3138,3142,support players arrive really quickly and that enabled them to draw the penalty,normal_play,0.0
3140,3144,that enabled them to draw the penalty and of course you know theyve got a good attacking,normal_play,0.0
3142,3146,and of course you know theyve got a good attacking platform here to try and get themselves,normal_play,0.0
3144,3148,attacking platform here to try and get themselves their first try at this game,normal_play,0.0
3146,3150,themselves their first try at this game,normal_play,0.0
3148,3152,game a rare foray into the new,lineout,0.4119
3150,3154,a rare foray into the new zealand 22 nicolcer,lineout,0.4119
3152,3156,new zealand 22 nicolcer needs to find his mark but its,lineout,0.4119
3154,3158,nicolcer needs to find his mark but its rotellic who gets up for new zealand,lineout,0.4119
3156,3160,its rotellic who gets up for new zealand de liet,normal_play,0.0
3158,3162,de liet there to carry forward for the all,normal_play,0.0
3160,3164,there to carry forward for the all blacks they try and rip it off him,penalty,0.4946
3162,3166,all blacks they try and rip it off him and they get a penalty to new,penalty,0.4946
3164,3168,and they get a penalty to new zealand a,penalty,0.4946
3166,3170,new zealand a moment lost for italy,penalty,0.4946
3168,3172,a moment lost for italy,normal_play,0.0
3170,3174,a lot of movement in that line out,normal_play,0.0
3172,3176,a lot of movement in that line out and ultimately brodie,normal_play,0.0
3174,3178,and ultimately brodie rotellic just got up there with his big mitts,normal_play,0.0
3176,3180,brodie rotellic just got up there with his big mitts and stole the ball is that out,normal_play,0.4032
3178,3182,mitts and stole the ball is that out no barrett doesnt find touch,normal_play,0.4032
3180,3184,no barrett doesnt find touch you can see new zealand wanting to play quickly,normal_play,0.4032
3182,3186,touch you can see new zealand wanting to play quickly but barney did well to get back there hes,normal_play,0.4032
3184,3188,quickly but barney did well to get back there hes driven this down straight to bowdoin barrett though on the,normal_play,0.4032
3186,3190,driven this down straight to bowdoin barrett though on the 22 and now hes,normal_play,0.4032
3188,3192,the 22 and now hes got more on it and there could be,normal_play,0.4032
3190,3194,hes got more on it and there could be danger jordan just,normal_play,0.4032
3192,3196,be danger jordan just tipped up by brex,penalty,0.5849
3194,3198,just tipped up by brex higuani outside him italy have,penalty,0.5849
3196,3200,brex higuani outside him italy have done well to just slow up the ball and,penalty,0.5849
3198,3202,have done well to just slow up the ball and earn the penalty good,penalty,0.5849
3200,3204,and earn the penalty good fight back from italy,normal_play,0.0
3202,3206,good fight back from italy three penalty on,normal_play,0.0
3204,3208,three penalty on the trot gang against the all blacks,normal_play,0.0
3206,3210,on the trot gang against the all blacks not quite in,normal_play,0.0
3208,3212,not quite in on the trot but they will,normal_play,0.3662
3210,3214,in on the trot but they will not be particularly happy with,normal_play,0.3662
3212,3216,will not be particularly happy with good contest on the,normal_play,0.3662
3214,3218,with good contest on the ground,normal_play,0.3662
3216,3220,the ground and thats a great touch,normal_play,0.0
3218,3222,and thats a great touch fonda,normal_play,0.0
3220,3224,fonda well you said,normal_play,0.0
3222,3226,well you said it at the break italy havent scored against,normal_play,0.0
3224,3228,said it at the break italy havent scored against the all blacks since 2016,normal_play,0.0
3226,3230,against the all blacks since 2016,normal_play,0.0
3228,3232,2016,normal_play,0.0
3230,3234,timing with the movement what was that,normal_play,0.0
3232,3236,timing with the movement what was that man make sure,normal_play,0.0
3234,3238,man make sure we dont move before the ball,normal_play,0.0
3236,3240,sure we dont move before the ball is thrown,normal_play,0.0
3238,3242,ball is thrown gotta get the line out right firstly,normal_play,0.0
3240,3244,gotta get the line out right firstly though,lineout,0.4726
3242,3246,firstly though,lineout,0.4726
3244,3248,new zealand contestants,lineout,0.4726
3246,3250,new zealand contestants landed in the hands,lineout,0.4726
3248,3252,contestants landed in the hands of shannon frazell,normal_play,0.4032
3250,3254,of shannon frazell just plucked it away with ease,normal_play,0.4032
3252,3256,just plucked it away with ease new zealand will get to exit through,normal_play,0.4032
3254,3258,ease new zealand will get to exit through richard moonga again 13,normal_play,0.4032
3256,3260,through richard moonga again 13 13,normal_play,0.3907
3258,3262,13 okay legs up,normal_play,0.3907
3260,3264,okay legs up,normal_play,0.3907
3262,3266,up its another line out thats just,normal_play,0.3907
3264,3268,its another line out thats just not gone according to,normal_play,0.4032
3266,3270,just not gone according to plan no,normal_play,0.4032
3268,3272,to plan no ones gone up and its just,normal_play,0.4032
3270,3274,no ones gone up and its just too easy for,normal_play,0.4032
3272,3276,just too easy for shannon frazell its,normal_play,0.4032
3274,3278,for shannon frazell its almost like he knew where the ball was going to come,normal_play,0.4032
3276,3280,its almost like he knew where the ball was going to come the contest with the pot went up,normal_play,0.4032
3278,3282,the contest with the pot went up,normal_play,0.4032
3280,3284,up didnt even get as far as the italian captain,normal_play,0.0
3282,3286,didnt even get as far as the italian captain lamarro times,normal_play,0.0
3284,3288,captain lamarro times up times up,normal_play,0.0
3286,3290,times up times up,normal_play,0.0
3288,3292,up well,normal_play,0.4032
3290,3294,well marco riccionis going to have a head injury assessment,normal_play,0.4032
3292,3296,marco riccionis going to have a head injury assessment after that knock he took earlier,normal_play,0.4032
3294,3298,assessment after that knock he took earlier that brings simone,normal_play,0.4032
3296,3300,earlier that brings simone ferrari on in jersey 18,normal_play,0.0
3298,3302,simone ferrari on in jersey 18,normal_play,0.0
3300,3304,18,lineout,0.3778
3302,3306,18,lineout,0.3778
3304,3308,plucked,lineout,0.3778
3306,3310,plucked away this time from ruzza advantage,lineout,0.3778
3308,3312,plucked away this time from ruzza advantage and theyve got,normal_play,0.0
3310,3314,advantage and theyve got another penalty here italy so new zealand,normal_play,0.0
3312,3316,got another penalty here italy so new zealand starting to concede a couple of penalty early,normal_play,0.4032
3314,3318,zealand starting to concede a couple of penalty early in this half,normal_play,0.4032
3316,3320,early in this half come on,normal_play,0.4032
3318,3322,come on farni,normal_play,0.4032
3320,3324,farni again theres the new man ferrari,normal_play,0.0
3322,3326,farni again theres the new man ferrari races into the line,normal_play,0.0
3324,3328,ferrari races into the line,normal_play,0.4032
3326,3330,line negri still playing,normal_play,0.4032
3328,3332,negri still playing farni had,normal_play,0.4032
3330,3334,playing farni had to flick it away it was awkward,normal_play,0.4032
3332,3336,had to flick it away it was awkward and laulala grabs the loose ball,penalty,0.6128
3334,3338,and laulala grabs the loose ball but they were playing a penalty,penalty,0.6128
3336,3340,ball but they were playing a penalty well the rock speed,penalty,0.6128
3338,3342,well the rock speed for italy is really,penalty,0.6128
3340,3344,speed for italy is really quick at the moment that ball coming up nice and quickly,normal_play,0.0
3342,3346,quick at the moment that ball coming up nice and quickly well presented the clean,normal_play,0.0
3344,3348,quickly well presented the clean out is good the ball presented very,normal_play,0.1747
3346,3350,clean out is good the ball presented very quickly indeed that time just too quickly,normal_play,0.1747
3348,3352,quickly indeed that time just too quickly,normal_play,0.1747
3352,3356,brilliant kick again but so close,normal_play,0.0
3354,3358,brilliant kick again but so close to being dead,normal_play,0.0
3356,3360,close to being dead,normal_play,0.0
3360,3364,got to win the line out now,normal_play,0.0
3362,3366,got to win the line out now italian fans urging,normal_play,0.0
3364,3368,now italian fans urging their team on,normal_play,0.0
3366,3370,urging their team on,normal_play,0.0
3368,3372,on,lineout,0.4726
3370,3374,all the pressure on giacomo,lineout,0.4726
3372,3376,all the pressure on giacomo nicoteta he goes,lineout,0.4726
3374,3378,giacomo nicoteta he goes to the front for canone,lineout,0.4726
3376,3380,goes to the front for canone and italy will be roared on here,try,1.0
3378,3382,and italy will be roared on here new zealand have got really well organised,try,1.0
3380,3384,here new zealand have got really well organised though straight away and,maul,0.384
3382,3386,organised though straight away and have held this drive up in,maul,0.384
3384,3388,and have held this drive up in fact italy have lost ground,maul,0.384
3386,3390,in fact italy have lost ground so farni has to use it for bricks,maul,0.384
3388,3392,so farni has to use it for bricks through the hands they go ioanni,try,1.0
3390,3394,through the hands they go ioanni on ioanni and its monti who wins,try,1.0
3392,3396,ioanni on ioanni and its monti who wins out here capuazzo capuazzo,try,1.0
3394,3398,wins out here capuazzo capuazzo for the corner capuazzo for,try,1.0
3396,3400,capuazzo for the corner capuazzo for the try,try,1.0
3398,3402,for the try and finally comes and,try,1.0
3400,3404,and finally comes and its the magic feat of omsch,try,1.0
3402,3406,and its the magic feat of omsch capuazzo,try,1.0
3404,3408,omsch capuazzo,try,1.0
3424,3428,well,normal_play,0.0
3426,3430,well what a moment for the young winger,normal_play,0.0
3428,3432,well what a moment for the young winger real pace,normal_play,0.0
3430,3434,real pace had a lot of work to do showed,normal_play,0.0
3432,3436,pace had a lot of work to do showed some pace this ball finally,normal_play,0.0
3434,3438,showed some pace this ball finally won at the line out it couldnt be,normal_play,0.0
3436,3440,finally won at the line out it couldnt be mauled it came out the back the organisation,normal_play,0.0
3438,3442,be mauled it came out the back the organisation the lines were good ioanni did brilliantly to,normal_play,0.0
3440,3444,organisation the lines were good ioanni did brilliantly to draw two defenders capuazzo,normal_play,0.0
3442,3446,to draw two defenders capuazzo had loads of pace to get,normal_play,0.0
3444,3448,capuazzo had loads of pace to get in at the corner he had a,normal_play,0.0
3446,3450,get in at the corner he had a lot to do the young winger didnt he he did well,normal_play,0.0
3448,3452,a lot to do the young winger didnt he he did well ioanni drew two defenders,normal_play,0.0
3450,3454,well ioanni drew two defenders alans hands were good,normal_play,0.0
3452,3456,alans hands were good loads to do,normal_play,0.0
3454,3458,loads to do brilliant from the young winger,normal_play,0.0
3456,3460,brilliant from the young winger and loads,normal_play,0.0
3458,3462,and loads to shout about for the crowd he needs,normal_play,0.0
3460,3464,loads to shout about for the crowd he needs to take a bow he made that,normal_play,0.0
3462,3466,needs to take a bow he made that,normal_play,0.0
3466,3470,quality finish from,normal_play,0.0
3468,3472,quality finish from a quality player,normal_play,0.0
3470,3474,from a quality player,normal_play,0.0
3474,3478,try all,goal_kick,0.8688
3476,3480,try all clear as well and hes got it,goal_kick,0.8688
3478,3482,clear as well and hes got it,goal_kick,0.8688
3480,3484,it,goal_kick,0.8688
3484,3488,shot,goal_kick,0.8688
3486,3490,shot clock is back on,goal_kick,0.8688
3488,3492,shot clock is back on,goal_kick,0.8688
3498,3502,tommy allen remains perfect,goal_kick,0.8688
3500,3504,tommy allen remains perfect 49 points to 10,goal_kick,0.8688
3502,3506,49 points to 10 but after making his debut as a 21,goal_kick,0.8688
3504,3508,but after making his debut as a 21 year old some 13 years,normal_play,0.0
3506,3510,21 year old some 13 years ago a two time world,normal_play,0.0
3508,3512,years ago a two time world cup winner playing his fourth world,normal_play,0.0
3510,3514,world cup winner playing his fourth world cup samuel whitelock surpasses,normal_play,0.0
3512,3516,world cup samuel whitelock surpasses the great richie mccaw,normal_play,0.0
3514,3518,surpasses the great richie mccaw as the most cat door black of,normal_play,0.0
3516,3520,mccaw as the most cat door black of all time his 149th,normal_play,0.0
3518,3522,of all time his 149th appearance for new zealand,normal_play,0.0
3520,3524,149th appearance for new zealand,normal_play,0.0
3522,3526,zealand,normal_play,0.0
3524,3528,what,normal_play,0.0
3526,3530,what a moment for the big second row,normal_play,0.0
3528,3532,what a moment for the big second row,kick_off,0.2492
3530,3534,a great servant of,kick_off,0.2492
3532,3536,a great servant of new zealand rugby and wonderful,kick_off,0.2492
3534,3538,of new zealand rugby and wonderful to get their applause out,kick_off,0.2492
3536,3540,wonderful to get their applause out on the record breaking cap,normal_play,0.3038
3538,3542,out on the record breaking cap,normal_play,0.3038
3542,3546,hedley choosing to play from deep,normal_play,0.4032
3544,3548,hedley choosing to play from deep once again theyve been pretty good when theyve had a,normal_play,0.4032
3546,3550,deep once again theyve been pretty good when theyve had a go,normal_play,0.4032
3548,3552,go charge down from new zealand,normal_play,0.4032
3550,3554,charge down from new zealand and scott barretts going to get down low to,normal_play,0.4032
3552,3556,zealand and scott barretts going to get down low to scoop this up whitelock there in support,try,1.0
3554,3558,to scoop this up whitelock there in support here they come terrell lomax onto the,try,1.0
3556,3560,here they come terrell lomax onto the field as well for the kiwis ken roygaard,try,1.0
3558,3562,the field as well for the kiwis ken roygaard there and brodie retellix over,try,1.0
3560,3564,roygaard there and brodie retellix over the line right,try,1.0
3562,3566,over the line right i spoke too soon,try,1.0
3564,3568,i spoke too soon for the first,try,1.0
3566,3570,for the first time hedley inside there 22,try,1.0
3568,3572,first time hedley inside there 22 in the second off choosing to kick the kick,normal_play,0.0
3570,3574,22 in the second off choosing to kick the kick charge down,normal_play,0.0
3572,3576,kick charge down and the big second,normal_play,0.0
3574,3578,and the big second rower brodie retellix is,normal_play,0.0
3576,3580,second rower brodie retellix is in his ninth test,normal_play,0.0
3578,3582,is in his ninth test match try,normal_play,0.0
3580,3584,test match try,normal_play,0.0
3582,3586,and over 50 goes the scoreboard,normal_play,0.0
3584,3588,and over 50 goes the scoreboard yeah its the,normal_play,0.0
3586,3590,scoreboard yeah its the substitute number nine of course,normal_play,0.0
3588,3592,the substitute number nine of course martin pajrello the,normal_play,0.0
3590,3594,course martin pajrello the former toulousean,normal_play,0.0
3592,3596,the former toulousean great charge down isnt it just,normal_play,0.0
3594,3598,toulousean great charge down isnt it just makes it really complicated with the scrambling,normal_play,0.0
3596,3600,just makes it really complicated with the scrambling defence and then afterwards,normal_play,0.0
3598,3602,scrambling defence and then afterwards you know its just from close range,normal_play,0.0
3600,3604,afterwards you know its just from close range and you wont stop that man there,normal_play,0.0
3602,3606,range and you wont stop that man there brodie retellix from scoring from that,normal_play,0.0
3604,3608,there brodie retellix from scoring from that distance of course,normal_play,0.0
3606,3610,that distance of course,normal_play,0.0
3608,3612,but not a great start for,normal_play,0.0
3610,3614,but not a great start for the number nine whos just come off the,normal_play,0.0
3612,3616,for the number nine whos just come off the bench to replace stephen varney,normal_play,0.0
3614,3618,the bench to replace stephen varney,normal_play,0.0
3616,3620,varney good little pick up as well from scott,goal_kick,0.8688
3618,3622,good little pick up as well from scott barrett actually ball,goal_kick,0.8688
3620,3624,scott barrett actually ball hopping around awkwardly picked it up,goal_kick,0.8688
3622,3626,ball hopping around awkwardly picked it up comfortably made the charge,goal_kick,0.8688
3624,3628,up comfortably made the charge and then the second carry from retellix,goal_kick,0.8688
3626,3630,and then the second carry from retellix,goal_kick,0.8688
3630,3634,new zealand strikes straight,goal_kick,0.8688
3632,3636,new zealand strikes straight back after conceding that try,goal_kick,0.8688
3634,3638,straight back after conceding that try as they tick over 50,goal_kick,0.8688
3636,3640,try as they tick over 50 and the goal kicking has just,goal_kick,0.8688
3638,3642,and the goal kicking has just been superb from both moana,goal_kick,0.8688
3640,3644,been superb from both moana and tomaso allen today,goal_kick,0.8688
3642,3646,moana and tomaso allen today heres another richard,goal_kick,0.8688
3644,3648,today heres another richard moana to make it 56 points,goal_kick,0.8688
3646,3650,richard moana to make it 56 points to 10 isnt,goal_kick,0.8688
3648,3652,to 10 isnt that the same for them,normal_play,0.0
3650,3654,isnt that the same for them thank you,normal_play,0.0
3652,3656,thank you,normal_play,0.0
3660,3664,stack of,kick_off,0.3423
3662,3666,stack of changes for new zealand in that period,kick_off,0.3423
3664,3668,of changes for new zealand in that period too its,normal_play,0.4032
3666,3670,period too its a mighty williams out there for his first,normal_play,0.4032
3668,3672,its a mighty williams out there for his first rugby world cup appearance,normal_play,0.4032
3670,3674,first rugby world cup appearance tarell lomax cam roygaard,normal_play,0.4032
3672,3676,tarell lomax cam roygaard,normal_play,0.4032
3674,3678,wait,normal_play,0.4032
3676,3680,wait okay call out,normal_play,0.4032
3678,3682,wait okay call out,normal_play,0.4032
3680,3684,out good exit in the end,normal_play,0.4032
3682,3686,good exit in the end as italy having just got a little bit behind,normal_play,0.4032
3684,3688,as italy having just got a little bit behind them they can see points straight,normal_play,0.4032
3686,3690,behind them they can see points straight away yeah they,normal_play,0.4032
3688,3692,away yeah they made such a good start to the second half and,normal_play,0.0
3690,3694,made such a good start to the second half and got the first try in,normal_play,0.0
3692,3696,and got the first try in seven years against the all blacks,normal_play,0.0
3694,3698,in seven years against the all blacks,normal_play,0.0
3696,3700,blacks and then the little error the charge down kick,normal_play,0.0
3698,3702,and then the little error the charge down kick and theyre back under pressure,normal_play,0.0
3700,3704,kick and theyre back under pressure,lineout,0.2114
3702,3706,over,lineout,0.2114
3704,3708,over 50 barrett,lineout,0.2114
3706,3710,over 50 barrett for new zealand theyve got whitelock,lineout,0.2114
3708,3712,for new zealand theyve got whitelock barrett and retellix all out there,normal_play,0.0
3710,3714,barrett and retellix all out there shannon frivel was the man who,normal_play,0.0
3712,3716,there shannon frivel was the man who went to the bench,normal_play,0.3343
3714,3718,who went to the bench roygaard out there,normal_play,0.3343
3716,3720,roygaard out there for aaron smith,normal_play,0.3343
3718,3722,there for aaron smith,normal_play,0.3343
3720,3724,thank you 20 backwards,normal_play,0.4032
3722,3726,thank you 20 backwards there that ones through the hands obviously they can try,normal_play,0.4032
3724,3728,backwards there that ones through the hands obviously they can try and put some pressure on here but jordan recovers,normal_play,0.4032
3726,3730,try and put some pressure on here but jordan recovers well for roygaard and now morgans,normal_play,0.4032
3728,3732,recovers well for roygaard and now morgans going to send this for tellea to chase and,normal_play,0.4032
3730,3734,morgans going to send this for tellea to chase and the bounces well it was kind in,normal_play,0.4032
3732,3736,and the bounces well it was kind in the end for capuaozzo and this is where hes really,normal_play,0.4032
3734,3738,in the end for capuaozzo and this is where hes really dangerous cant get past rico,normal_play,0.4032
3736,3740,really dangerous cant get past rico ioanni though play,normal_play,0.4032
3738,3742,rico ioanni though play on and then its messi untayani roygaard,normal_play,0.4032
3740,3744,play on and then its messi untayani roygaard scooped it up ioanni with a little bit,normal_play,0.4032
3742,3746,roygaard scooped it up ioanni with a little bit of not much room to move at all in fact,normal_play,0.4032
3744,3748,bit of not much room to move at all in fact big,normal_play,0.0
3746,3750,fact big shot comes on a scrappy berry to,normal_play,0.0
3748,3752,big shot comes on a scrappy berry to play but its going to get loose and it could get,normal_play,0.4032
3750,3754,to play but its going to get loose and it could get open,normal_play,0.4032
3752,3756,get open berry loose,normal_play,0.4032
3754,3758,berry loose a little bit,normal_play,0.4032
3756,3760,a little bit on the verge of messi there you can,normal_play,0.0
3758,3762,on the verge of messi there you can understand what was happening,normal_play,0.0
3760,3764,can understand what was happening the little attempted from it through the little chip,normal_play,0.0
3762,3766,happening the little attempted from it through the little chip over the top as it got a little untidy,normal_play,0.0
3764,3768,over the top as it got a little untidy,normal_play,0.0
3766,3770,untidy also got,normal_play,0.0
3768,3772,also got a change in the front row for,normal_play,0.0
3770,3774,got a change in the front row for italy with jaime fiber,normal_play,0.0
3772,3776,italy with jaime fiber coming on to replace giacomo,normal_play,0.0
3774,3778,fiber coming on to replace giacomo nicotera,normal_play,0.0
3776,3780,giacomo nicotera theres also a significant change in the all black pack,normal_play,0.0
3778,3782,theres also a significant change in the all black pack that needs to be mentioned its scott barrett has moved,normal_play,0.0
3780,3784,pack that needs to be mentioned its scott barrett has moved to the flank position both teams,normal_play,0.0
3782,3786,moved to the flank position both teams meet me over the mark so we need equal,normal_play,0.0
3784,3788,teams meet me over the mark so we need equal pressure shannon frizoloff,normal_play,0.0
3786,3790,equal pressure shannon frizoloff a really industrious 40 minutes welcome back,normal_play,0.0
3788,3792,a really industrious 40 minutes welcome back to him but its barrett whos now,normal_play,0.0
3790,3794,back to him but its barrett whos now on the side of the scrum i had a feeling,normal_play,0.0
3792,3796,on the side of the scrum i had a feeling that at some point they would,scrum,0.4877
3794,3798,feeling that at some point they would do this because in the big games,scrum,0.4877
3796,3800,would do this because in the big games against the big heavy teams thats where,scrum,0.4877
3798,3802,games against the big heavy teams thats where new zealanders like to,scrum,0.4877
3800,3804,where new zealanders like to employ the services it means theyve got a bit more,scrum,0.4877
3802,3806,employ the services it means theyve got a bit more weight a bit more strength in,scrum,0.4877
3804,3808,more weight a bit more strength in that loose forward trail,scrum,0.4877
3806,3810,in that loose forward trail that scrum,scrum,0.4877
3808,3812,that scrum just powering forward from new,normal_play,0.0
3810,3814,scrum just powering forward from new zealand massive front football for barrett,normal_play,0.0
3812,3816,new zealand massive front football for barrett to his brother bonin and,normal_play,0.4032
3814,3818,barrett to his brother bonin and now room on the outside,normal_play,0.4032
3816,3820,and now room on the outside back in field for bonin,normal_play,0.4032
3818,3822,outside back in field for bonin barrett from jordan jordan scoots,normal_play,0.4032
3820,3824,barrett from jordan jordan scoots it up in the blink of an eye new zealand,normal_play,0.4032
3822,3826,scoots it up in the blink of an eye new zealand attack again ioanni will clear,normal_play,0.4032
3824,3828,zealand attack again ioanni will clear for jordi barrett,normal_play,0.4032
3826,3830,clear for jordi barrett taking it up hard,normal_play,0.4032
3828,3832,barrett taking it up hard himself the youngest,normal_play,0.4032
3830,3834,hard himself the youngest of the three brothers out there,normal_play,0.4032
3832,3836,youngest of the three brothers out there through the hands mo onga now,normal_play,0.0
3834,3838,through the hands mo onga now barrett with the cross field kick for telia,normal_play,0.0
3836,3840,now barrett with the cross field kick for telia kapowatso did well,normal_play,0.4032
3838,3842,telia kapowatso did well and now hes going to take off on kapowatso,normal_play,0.4032
3840,3844,and now hes going to take off on kapowatso went,normal_play,0.4032
3842,3846,kapowatso went for the little kick got taken just in,normal_play,0.4032
3844,3848,went for the little kick got taken just in time its going to open up here for kam,try,1.0
3846,3850,in time its going to open up here for kam roygaard to step inside,try,1.0
3848,3852,kam roygaard to step inside roll and almost score,try,1.0
3850,3854,roll and almost score well,try,1.0
3852,3856,well its all over the place theyre going to have,try,1.0
3854,3858,well its all over the place theyre going to have to check whether roygaard rolled or got there,try,1.0
3856,3860,have to check whether roygaard rolled or got there on,normal_play,0.0
3858,3862,there on field decision of a try,normal_play,0.0
3860,3864,on field decision of a try i just want to check how the player got over,normal_play,0.0
3862,3866,i just want to check how the player got over the goal line,normal_play,0.0
3864,3868,over the goal line well its a great tackle back by,normal_play,0.0
3866,3870,well its a great tackle back by marseilla well just like,normal_play,0.0
3868,3872,by marseilla well just like to check whether its,normal_play,0.0
3870,3874,like to check whether its momentum or whether he compels himself to get to,normal_play,0.0
3872,3876,its momentum or whether he compels himself to get to the goal line and we just,tmo_replay,0.85
3874,3878,the goal line and we just check whether the rolling extra movement gets,tmo_replay,0.85
3876,3880,just check whether the rolling extra movement gets him over the line or whether its momentum does,tmo_replay,0.85
3878,3882,him over the line or whether its momentum does i feel like kam roygaard,tmo_replay,0.85
3880,3884,i feel like kam roygaard almost gave himself up a little bit here,tmo_replay,0.85
3882,3886,roygaard almost gave himself up a little bit here,tmo_replay,0.85
3884,3888,here,tmo_replay,0.85
3886,3890,here comes your first camera angle matt,tmo_replay,0.85
3888,3892,here comes your first camera angle matt knock on the bar to get over,tmo_replay,0.85
3890,3894,matt knock on the bar to get over does he get that extra roll,tmo_replay,0.85
3892,3896,does he get that extra roll i,tmo_replay,0.85
3894,3898,i think theres another little movement there full speed,tmo_replay,0.85
3896,3900,i think theres another little movement there full speed to determine the momentum please brett i could,tmo_replay,0.85
3898,3902,speed to determine the momentum please brett i could get stuck a little bit in two minds do i or,tmo_replay,0.85
3900,3904,could get stuck a little bit in two minds do i or dont i hes placed,tmo_replay,0.85
3902,3906,or dont i hes placed it down and then he just ill just have another,tmo_replay,0.85
3904,3908,placed it down and then he just ill just have another little shift of the ball,tmo_replay,0.85
3906,3910,another little shift of the ball italian fans know what they,tmo_replay,0.85
3908,3912,italian fans know what they think has happened,tmo_replay,0.85
3910,3914,they think has happened,tmo_replay,0.85
3914,3918,were just going to come,tmo_replay,0.85
3916,3920,were just going to come back to the main camera angle and play that at live,tmo_replay,0.85
3918,3922,come back to the main camera angle and play that at live speed for you thank you,tmo_replay,0.85
3920,3924,speed for you thank you,tmo_replay,0.85
3922,3926,i,tmo_replay,0.85
3924,3928,i think he rolls himself,tmo_replay,0.85
3926,3930,i think he rolls himself forward,tmo_replay,0.85
3928,3932,himself forward the ball is short and then,tmo_replay,0.85
3930,3934,the ball is short and then he shuffles it to the line anyway so,tmo_replay,0.85
3932,3936,then he shuffles it to the line anyway so its going to be no try you happy with that vez,tmo_replay,0.85
3934,3938,its going to be no try you happy with that vez yeah,tmo_replay,0.85
3936,3940,vez yeah brett,tmo_replay,0.85
3938,3942,brett coming back to you now matthew ok so,tmo_replay,0.85
3940,3944,coming back to you now matthew ok so we believe that the player has taken,tmo_replay,0.85
3942,3946,so we believe that the player has taken an extra movement an extra roll to compel,tmo_replay,0.85
3944,3948,an extra movement an extra roll to compel himself so it will be no try,tmo_replay,0.85
3946,3950,compel himself so it will be no try no worries youre on screen,tmo_replay,0.85
3948,3952,no worries youre on screen now no try,tmo_replay,0.85
3950,3954,screen now no try,tmo_replay,0.85
3952,3956,well i think thats the right,tmo_replay,0.85
3954,3958,well i think thats the right decision brett cronin and matthew,tmo_replay,0.85
3956,3960,right decision brett cronin and matthew cardy have made the right call,tmo_replay,0.85
3958,3962,matthew cardy have made the right call you said it he seemed,tmo_replay,0.85
3960,3964,you said it he seemed to stop and then he went i just,tmo_replay,0.85
3962,3966,seemed to stop and then he went i just shifted a little under the line,tmo_replay,0.85
3964,3968,just shifted a little under the line and,tmo_replay,0.85
3966,3970,and i like the fact that ed vindage has called over because,tmo_replay,0.85
3968,3972,and i like the fact that ed vindage has called over because you see he certainly should,normal_play,0.3315
3970,3974,because you see he certainly should have scored,normal_play,0.3315
3972,3976,should have scored,normal_play,0.3315
3974,3978,you know,normal_play,0.3315
3976,3980,you know i think that kam royka was actually,normal_play,0.0
3978,3982,know i think that kam royka was actually he wanted to set,normal_play,0.0
3980,3984,actually he wanted to set it up you know set up the next platform so,normal_play,0.0
3982,3986,set it up you know set up the next platform so that someone came in and took the ball,normal_play,0.0
3984,3988,so that someone came in and took the ball from the rack because he didnt realise how close,try,1.0
3986,3990,ball from the rack because he didnt realise how close he was to the line i think otherwise,try,1.0
3988,3992,close he was to the line i think otherwise he could have actually gone for it maybe it,try,1.0
3990,3994,otherwise he could have actually gone for it maybe it would have been a try but in any case,try,1.0
3992,3996,it would have been a try but in any case not given thank you,try,1.0
3994,3998,case not given thank you right decision this,try,1.0
3996,4000,right decision this is hamid faheva,lineout,0.4726
3998,4002,this is hamid faheva hes,lineout,0.4726
4000,4004,hes overthrown that one cody taylors just going,lineout,0.4726
4002,4006,hes overthrown that one cody taylors just going to swoop on it heres deleah,lineout,0.4726
4004,4008,going to swoop on it heres deleah really dangerous and broken play like this,normal_play,0.4032
4006,4010,really dangerous and broken play like this the hands are outstanding from papaliti,normal_play,0.4032
4008,4012,this the hands are outstanding from papaliti and new zealand,normal_play,0.4032
4010,4014,papaliti and new zealand again punished the errors,normal_play,0.4032
4012,4016,zealand again punished the errors from italy,try,1.0
4014,4018,errors from italy zolton papaliti this time,try,1.0
4016,4020,zolton papaliti this time,normal_play,0.0
4022,4026,wow thats,normal_play,0.0
4024,4028,wow thats another line up thats gone awry,normal_play,0.0
4026,4030,thats another line up thats gone awry,normal_play,0.0
4028,4032,and new,normal_play,0.0
4030,4034,and new zealand punishing thank you,normal_play,0.0
4032,4036,new zealand punishing thank you brett an inaccurate italian,normal_play,0.0
4034,4038,you brett an inaccurate italian line up its,normal_play,0.0
4036,4040,italian line up its a poor effort really over the back,normal_play,0.0
4038,4042,its a poor effort really over the back a free ball and deleah just,normal_play,0.0
4040,4044,a free ball and deleah just was onto it in a flash,normal_play,0.0
4042,4046,just was onto it in a flash through he almost got away himself,normal_play,0.0
4044,4048,flash through he almost got away himself its a great little pick up here from,normal_play,0.0
4046,4050,himself its a great little pick up here from papaliti,normal_play,0.0
4048,4052,from papaliti no ones going to stop him from that close,normal_play,0.0
4050,4054,no ones going to stop him from that close,normal_play,0.0
4052,4056,close,normal_play,0.0
4054,4058,well theyve been their own worst enemy,normal_play,0.0
4056,4060,well theyve been their own worst enemy today italy a number of errors a number of,normal_play,0.0
4058,4062,enemy today italy a number of errors a number of mistakes particularly around the line up,normal_play,0.0
4060,4064,of mistakes particularly around the line up,goal_kick,0.8688
4062,4066,up and richie moana adds,goal_kick,0.8688
4064,4068,and richie moana adds the two 100 for,goal_kick,0.8688
4066,4070,adds the two 100 for richie tonight nice yeah,goal_kick,0.8688
4068,4072,for richie tonight nice yeah,normal_play,0.0
4070,4074,yeah got to get the line outs,normal_play,0.0
4072,4076,got to get the line outs right even though they saw that,normal_play,0.0
4074,4078,outs right even though they saw that it was just overthrown there by hamid faheva,normal_play,0.0
4076,4080,that it was just overthrown there by hamid faheva and then afterwards well we just know exactly,normal_play,0.0
4078,4082,faheva and then afterwards well we just know exactly what they do,normal_play,0.0
4080,4084,exactly what they do collect it pass it,normal_play,0.0
4082,4086,collect it pass it storm through the juggernauts arrive,normal_play,0.0
4084,4088,storm through the juggernauts arrive and more points scored,normal_play,0.0
4086,4090,arrive and more points scored theres scrambling italian,normal_play,0.0
4088,4092,scored theres scrambling italian defence unable to defend properly,normal_play,0.0
4090,4094,italian defence unable to defend properly,normal_play,0.0
4092,4096,properly,kick_off,0.5131
4096,4100,63 points to,kick_off,0.5131
4098,4102,63 points to 10 now still,kick_off,0.5131
4100,4104,to 10 now still 24 or so minutes to play in this,normal_play,0.0
4102,4106,24 or so minutes to play in this match new zealand with nine try and,normal_play,0.0
4104,4108,this match new zealand with nine try and will jordan not happy with that clearance,normal_play,0.0
4106,4110,and will jordan not happy with that clearance and youre rightly so,normal_play,0.0
4108,4112,clearance and youre rightly so two and seven,normal_play,0.0
4110,4114,two and seven replacing two and seven couple of key players coming on as,normal_play,0.0
4112,4116,seven replacing two and seven couple of key players coming on as you can see team captain,normal_play,0.0
4114,4118,you can see team captain sam king dane coles,normal_play,0.0
4116,4120,captain sam king dane coles cody taylor making way,normal_play,0.0
4118,4122,coles cody taylor making way for him and then of course you,normal_play,0.0
4120,4124,way for him and then of course you can see its that man who just scored,normal_play,0.4032
4122,4126,you can see its that man who just scored the try dalton papalai,normal_play,0.4032
4124,4128,scored the try dalton papalai,normal_play,0.4032
4126,4130,papalai just a quick,normal_play,0.4032
4128,4132,just a quick 180 caps coming onto the field,normal_play,0.4032
4130,4134,quick 180 caps coming onto the field there between two players,normal_play,0.4032
4132,4136,field there between two players sam king and dane coles collectively,normal_play,0.4032
4134,4138,sam king and dane coles collectively there,normal_play,0.4032
4136,4140,collectively there 189th and 179th,lineout,0.3002
4138,4142,189th and 179th,lineout,0.3002
4140,4144,179th 180th cap for the two,lineout,0.3002
4142,4146,179th 180th cap for the two new zealand again can test the line out and,lineout,0.3002
4144,4148,new zealand again can test the line out and again theyve got more ball and,normal_play,0.4032
4146,4150,and again theyve got more ball and now,normal_play,0.4032
4148,4152,and now willing and ready to run from,normal_play,0.4032
4150,4154,now willing and ready to run from deep thalia steps through,normal_play,0.4032
4152,4156,from deep thalia steps through one and then look to force the ball,normal_play,0.4032
4154,4158,through one and then look to force the ball in traffic its gone forward out of the hands,normal_play,0.4032
4156,4160,ball in traffic its gone forward out of the hands from him let,normal_play,0.3103
4158,4162,hands from him let off for italy,normal_play,0.3103
4160,4164,let off for italy,normal_play,0.3103
4164,4168,theyve shown they can open them up,normal_play,0.4032
4166,4170,theyve shown they can open them up but new zealands defence still,normal_play,0.4032
4168,4172,but new zealands defence still rock solid sam might like,normal_play,0.4032
4170,4174,still rock solid sam might like that one backwards under pressure will come back for the knock on going to,normal_play,0.4032
4172,4176,like that one backwards under pressure will come back for the knock on going to go back and play the original knock on here from new zealand,normal_play,0.4032
4174,4178,to go back and play the original knock on here from new zealand though forward pass sorry,normal_play,0.4032
4176,4180,zealand though forward pass sorry,normal_play,0.0
4180,4184,well about a go havent they italy,normal_play,0.0
4182,4186,well about a go havent they italy theyve gone backwards gone back for the advantage good,normal_play,0.0
4184,4188,theyve gone backwards gone back for the advantage good refereeing,normal_play,0.0
4186,4190,good refereeing cloud,normal_play,0.0
4188,4192,cloud trying to get in behind that team,normal_play,0.0
4190,4194,cloud trying to get in behind that team just make sure we meet with equal force,normal_play,0.0
4192,4196,just make sure we meet with equal force,normal_play,0.0
4198,4202,first scrim for the new zealand,normal_play,0.0
4200,4204,first scrim for the new zealand front row which is the 23 year old to,normal_play,0.0
4202,4206,zealand front row which is the 23 year old to mighty williams all 139,normal_play,0.0
4204,4208,to mighty williams all 139 40 odd kilos of him,normal_play,0.0
4206,4210,139 40 odd kilos of him i think he may have slimmed down on the right now that,normal_play,0.0
4208,4212,i think he may have slimmed down on the right now that i see him on that side of,normal_play,0.0
4210,4214,that i see him on that side of the scrim,normal_play,0.0
4212,4216,the scrim terrell lownick on the other side,normal_play,0.0
4214,4218,terrell lownick on the other side his first appearance,normal_play,0.0
4216,4220,side his first appearance with that heavy bandage on the knee 30 stitches,normal_play,0.0
4218,4222,with that heavy bandage on the knee 30 stitches in that knee after the loss at twickenham,normal_play,0.0
4220,4224,stitches in that knee after the loss at twickenham that was a nasty gash that wasnt it,normal_play,0.0
4222,4226,twickenham that was a nasty gash that wasnt it,normal_play,0.0
4224,4228,it,scrum,0.4511
4226,4230,it crouch,scrum,0.4511
4228,4232,crouch bind,scrum,0.4511
4230,4234,bind set,scrum,0.4511
4232,4236,set,scrum,0.4511
4234,4238,here is,scrum,0.4511
4236,4240,here is an area of the game at twickenham where,scrum,0.4511
4238,4242,is an area of the game at twickenham where the all blacks have battled,scrum,0.4511
4240,4244,where the all blacks have battled against the springlocks in the,normal_play,0.0
4242,4246,battled against the springlocks in the front row,normal_play,0.0
4244,4248,front row its been vastly improved,normal_play,0.0
4246,4250,its been vastly improved over the last few,normal_play,0.0
4248,4252,improved over the last few weeks a,normal_play,0.0
4250,4254,few weeks a real,normal_play,0.0
4252,4256,a real handful,normal_play,0.0
4254,4258,real handful a powerful ball carrier low,normal_play,0.0
4256,4260,handful a powerful ball carrier low centre of gravity getting,normal_play,0.0
4258,4262,low centre of gravity getting ready to make his way on,normal_play,0.0
4260,4264,getting ready to make his way on,normal_play,0.0
4262,4266,on,normal_play,0.0
4266,4270,its the crowd booing each other,scrum,0.1353
4268,4272,its the crowd booing each other the wave stopping,scrum,0.1353
4270,4274,other the wave stopping somewhere,scrum,0.1353
4272,4276,stopping somewhere now its got some momentum,scrum,0.1353
4274,4278,now its got some momentum well see if italy can get some too,scrum,0.1353
4276,4280,well see if italy can get some too,scrum,0.1353
4278,4282,too,scrum,0.1353
4280,4284,its in,penalty,0.3692
4282,4286,its in paj trelo its the scrum penalty new,penalty,0.3692
4284,4288,in paj trelo its the scrum penalty new zealand always backpedalling,penalty,0.3692
4286,4290,new zealand always backpedalling were the italians,penalty,0.3692
4288,4292,backpedalling were the italians,normal_play,0.0
4310,4314,its the change,normal_play,0.0
4312,4316,its the change with paolo odogu coming on,normal_play,0.0
4314,4318,change with paolo odogu coming on to replace tomas alani,normal_play,0.0
4316,4320,on to replace tomas alani,normal_play,0.0
4318,4322,alani its about the,normal_play,0.0
4320,4324,its about the same particularly from,normal_play,0.0
4322,4326,the same particularly from on the field down there the kicking out of hand,normal_play,0.0
4324,4328,from on the field down there the kicking out of hand the kicking for goal is at 100 but the kicking,normal_play,0.0
4326,4330,the kicking for goal is at 100 but the kicking out of hand and touch at the,normal_play,0.0
4328,4332,kicking out of hand and touch at the corners has also been just superb tonight,normal_play,0.0
4330,4334,the corners has also been just superb tonight,normal_play,0.0
4332,4336,tonight andrzej kapuorzow is going to move,normal_play,0.0
4334,4338,andrzej kapuorzow is going to move to full back obviously,normal_play,0.0
4336,4340,to full back obviously odogu on the wing,try,1.0
4338,4342,odogu on the wing tomas alanis record stays,try,1.0
4340,4344,tomas alanis record stays perfect hes become italys,lineout,0.1678
4342,4346,stays perfect hes become italys second all time leading points scorer and become,lineout,0.1678
4344,4348,italys second all time leading points scorer and become their highest points,lineout,0.1678
4346,4350,become their highest points scorer in,lineout,0.1678
4348,4352,points scorer in rugby world cups as new zealand,try,1.0
4350,4354,in rugby world cups as new zealand peel away again kane for coles,try,1.0
4352,4356,zealand peel away again kane for coles in the corner,try,1.0
4354,4358,coles in the corner set move perfection once more,try,1.0
4356,4360,set move perfection once more they bamboozled the italian,try,1.0
4358,4362,they bamboozled the italian defence and the old stage a day,try,1.0
4360,4364,defence and the old stage a day coles gets a try,try,1.0
4362,4366,coles gets a try,try,1.0
4366,4370,i think,normal_play,0.0
4368,4372,i think theyre laughing because its his first touch,normal_play,0.0
4370,4374,think theyre laughing because its his first touch tade coles,normal_play,0.0
4372,4376,tade coles the wars the old veteran 89th,normal_play,0.0
4374,4378,the wars the old veteran 89th cap tonight,normal_play,0.0
4376,4380,89th cap tonight keep talking about the caps this is a highly experienced,normal_play,0.0
4378,4382,keep talking about the caps this is a highly experienced all black side experience,normal_play,0.0
4380,4384,experienced all black side experience coming to the fore the,normal_play,0.0
4382,4386,experience coming to the fore the execution just perfect,normal_play,0.0
4384,4388,the execution just perfect you knew where the space was,normal_play,0.0
4386,4390,you knew where the space was taking the line out good round the,normal_play,0.0
4388,4392,was taking the line out good round the corner they came kane,normal_play,0.0
4390,4394,the corner they came kane to coles,normal_play,0.0
4392,4396,kane to coles the combination,normal_play,0.0
4394,4398,coles the combination perfect,normal_play,0.0
4396,4400,perfect theyre all smiling,normal_play,0.0
4398,4402,theyre all smiling 10th try tonight good reason to smile,normal_play,0.0
4400,4404,10th try tonight good reason to smile,normal_play,0.0
4402,4406,smile the only man not,normal_play,0.0
4404,4408,the only man not smiling is richie ngwange hes going to put it in the,normal_play,0.0
4406,4410,smiling is richie ngwange hes going to put it in the corner again ive got another,normal_play,0.0
4408,4412,the corner again ive got another tough kick were,normal_play,0.0
4410,4414,another tough kick were not worried about his kicking out tonight look,normal_play,0.0
4412,4416,were not worried about his kicking out tonight look at that 9 from 9,normal_play,0.0
4414,4418,look at that 9 from 9 100 mr 100,normal_play,0.0
4416,4420,9 100 mr 100,goal_kick,0.8688
4418,4422,100,goal_kick,0.8688
4420,4424,i hope we havent done,goal_kick,0.8688
4422,4426,i hope we havent done him yet,goal_kick,0.8688
4424,4428,done him yet,goal_kick,0.7663
4436,4440,richie ngwange this,goal_kick,0.6373
4438,4442,richie ngwange this one does stay,goal_kick,0.6373
4440,4444,this one does stay very left this time so his first,goal_kick,0.8688
4442,4446,stay very left this time so his first miss coles try goes unconverted,goal_kick,0.8688
4444,4448,first miss coles try goes unconverted but its new zealand 68th italy,goal_kick,0.8688
4446,4450,unconverted but its new zealand 68th italy 10th just look at that,goal_kick,0.8688
4448,4452,italy 10th just look at that kane straightens up goes in,normal_play,0.0
4450,4454,that kane straightens up goes in odogwu gets,normal_play,0.0
4452,4456,in odogwu gets sucked in a little bit even though there was,normal_play,0.0
4454,4458,gets sucked in a little bit even though there was another defender there but of course,normal_play,0.0
4456,4460,was another defender there but of course theres the man the veteran dane coles,normal_play,0.0
4458,4462,theres the man the veteran dane coles just taking the pass and smiling,normal_play,0.0
4460,4464,just taking the pass and smiling as he cruises over the line,kick_off,0.5159
4462,4466,smiling as he cruises over the line,kick_off,0.5159
4464,4468,line,kick_off,0.5159
4466,4470,rico yulani will bring this,kick_off,0.5159
4468,4472,rico yulani will bring this back for new zealand,normal_play,0.3565
4470,4474,this back for new zealand and richies done the 10th,normal_play,0.3565
4472,4476,and richies done the 10th try,normal_play,0.3565
4474,4478,10th try roy,normal_play,0.3565
4476,4480,roy gart sends it up with his,normal_play,0.4032
4478,4482,roy gart sends it up with his good left boot that he has,normal_play,0.4032
4480,4484,his good left boot that he has a couple of wats underneath this hes,normal_play,0.4032
4482,4486,has a couple of wats underneath this hes got yulani with him gabbisi back there,normal_play,0.4032
4484,4488,hes got yulani with him gabbisi back there as well but yulanis been dangerous with ball,normal_play,0.4032
4486,4490,there as well but yulanis been dangerous with ball in hand no way through this,normal_play,0.4032
4488,4492,ball in hand no way through this time,normal_play,0.4032
4490,4494,this time nicola kinnoni ducks,normal_play,0.4032
4492,4496,nicola kinnoni ducks under one and thats the get stuck,normal_play,0.4032
4494,4498,ducks under one and thats the get stuck in attitude italy have,normal_play,0.4032
4496,4500,stuck in attitude italy have got from their replacement,normal_play,0.4032
4498,4502,have got from their replacement has bricks hes been good straightening,normal_play,0.4032
4500,4504,replacement has bricks hes been good straightening up peeling,normal_play,0.3899
4502,4506,straightening up peeling off some good meters in this passage of,normal_play,0.3899
4504,4508,peeling off some good meters in this passage of play its italy fiverr in close for,normal_play,0.3899
4506,4510,of play its italy fiverr in close for kinnoni again,normal_play,0.3899
4508,4512,for kinnoni again tashrello under pressure,normal_play,0.4032
4510,4514,tashrello under pressure as well to clear away no,normal_play,0.4032
4512,4516,pressure as well to clear away no way through though delia who,normal_play,0.4032
4514,4518,no way through though delia who has just held him up with,normal_play,0.4032
4516,4520,who has just held him up with brute strength and new zealand,normal_play,0.0
4518,4522,with brute strength and new zealand going to win this ball back,normal_play,0.0
4520,4524,going to win this ball back and well,normal_play,0.0
4522,4526,and well have a couple of changes for new zealand now,normal_play,0.0
4524,4528,well have a couple of changes for new zealand now with damian mckenzie coming,normal_play,0.0
4526,4530,now with damian mckenzie coming on hes going to replace richie,normal_play,0.0
4528,4532,coming on hes going to replace richie,normal_play,0.0
4530,4534,richie and weve,normal_play,0.0
4532,4536,and weve also got anton lina,normal_play,0.0
4534,4538,weve also got anton lina brown whos going to come on,normal_play,0.0
4536,4540,lina brown whos going to come on and it looks like,normal_play,0.0
4538,4542,and it looks like hes coming on to replace jordi,normal_play,0.0
4540,4544,like hes coming on to replace jordi barrett jordi,normal_play,0.0
4542,4546,jordi barrett jordi barrett has been out of the tournament with a,normal_play,0.0
4544,4548,jordi barrett has been out of the tournament with a knee problem and theyll be pleased to see that because,normal_play,0.0
4546,4550,a knee problem and theyll be pleased to see that because i think its one that has caused them concern,normal_play,0.0
4548,4552,because i think its one that has caused them concern,normal_play,0.0
4550,4554,concern and that man had a little bump in the,normal_play,0.0
4552,4556,and that man had a little bump in the week so maybe a little precaution there taking him,normal_play,0.0
4554,4558,the week so maybe a little precaution there taking him off because else if you miss one,normal_play,0.0
4556,4560,him off because else if you miss one kick and you get pulled its,normal_play,0.0
4558,4562,one kick and you get pulled its up old school that one,normal_play,0.0
4560,4564,its up old school that one damian mckenzie was brilliant,normal_play,0.0
4562,4566,damian mckenzie was brilliant last week in,normal_play,0.0
4564,4568,brilliant last week in their,normal_play,0.0
4566,4570,in their big win against namibia,normal_play,0.0
4568,4572,their big win against namibia,normal_play,0.0
4570,4574,namibia real fleet of,normal_play,0.0
4572,4576,real fleet of foot brings another attacking,normal_play,0.0
4574,4578,of foot brings another attacking dimension to this all black team,normal_play,0.0
4576,4580,attacking dimension to this all black team,scrum,0.1431
4578,4582,crouch,scrum,0.1431
4580,4584,crouch the roygaard mckenzie,scrum,0.1431
4582,4586,the roygaard mckenzie combination was excellent against,scrum,0.1431
4584,4588,mckenzie combination was excellent against namibia a couple of,scrum,0.1431
4586,4590,against namibia a couple of try apiece a few assists each as well,scrum,0.1431
4588,4592,of try apiece a few assists each as well new zealand scrum,scrum,0.1431
4590,4594,well new zealand scrum again is dominating its,scrum,0.1431
4592,4596,scrum again is dominating its controlled beautifully in the back by savia,normal_play,0.4032
4594,4598,its controlled beautifully in the back by savia here is roygaard poteliap,normal_play,0.4032
4596,4600,savia here is roygaard poteliap roygaard,normal_play,0.4032
4598,4602,roygaard scoops it up lina brown his first,normal_play,0.4032
4600,4604,roygaard scoops it up lina brown his first touch offload,normal_play,0.0
4602,4606,first touch offload there for kane shuffles it along,normal_play,0.0
4604,4608,offload there for kane shuffles it along overhead pass mckenzie spins,normal_play,0.4032
4606,4610,along overhead pass mckenzie spins a beautiful full wide,normal_play,0.4032
4608,4612,spins a beautiful full wide for will jordan with his pace back,normal_play,0.4032
4610,4614,for will jordan with his pace back and field for mckenzie slips out,normal_play,0.4032
4612,4616,back and field for mckenzie slips out a one still alive for bowden barrett,normal_play,0.4032
4614,4618,out a one still alive for bowden barrett new zealand leaving italian,normal_play,0.4032
4616,4620,barrett new zealand leaving italian defenders in their wake roygaard,normal_play,0.4032
4618,4622,italian defenders in their wake roygaard lennart brown,normal_play,0.4032
4620,4624,lennart brown for scott barrett up over,normal_play,0.4032
4622,4626,brown for scott barrett up over the 22,normal_play,0.4032
4624,4628,over the 22 new,normal_play,0.4032
4626,4630,new zealand soaring through the,normal_play,0.4032
4628,4632,new zealand soaring through the line and then it comes undone,normal_play,0.4032
4630,4634,the line and then it comes undone with a clean drop from sam kane,normal_play,0.4032
4632,4636,with a clean drop from sam kane,normal_play,0.4032
4634,4638,kane,normal_play,0.4032
4636,4640,theres just so much desire to,normal_play,0.4032
4638,4642,theres just so much desire to run that ball forward to run into space,normal_play,0.4032
4640,4644,to run that ball forward to run into space to pick good lines to offload,normal_play,0.4032
4642,4646,to pick good lines to offload mckenzie look at this for a pinpoint,normal_play,0.4032
4644,4648,mckenzie look at this for a pinpoint pass out on,normal_play,0.4032
4646,4650,pinpoint pass out on the outside,normal_play,0.4032
4648,4652,on the outside jordan with a little inside ball mckenzie almost,normal_play,0.4032
4650,4654,jordan with a little inside ball mckenzie almost away,normal_play,0.4032
4652,4656,almost away just a shame about the little,normal_play,0.4032
4654,4658,just a shame about the little error eyes up,normal_play,0.4032
4656,4660,little error eyes up,normal_play,0.0
4670,4674,more changes for italy,normal_play,0.0
4672,4676,more changes for italy weve got simone ferrari whos,normal_play,0.0
4674,4678,weve got simone ferrari whos going to come back on to,normal_play,0.0
4676,4680,whos going to come back on to replace marco riccioni and,normal_play,0.0
4678,4682,to replace marco riccioni and also weve got toa,normal_play,0.0
4680,4684,and also weve got toa halafihi former,normal_play,0.0
4682,4686,toa halafihi former hurricanes player on to,normal_play,0.0
4684,4688,former hurricanes player on to replace michele lamaro,normal_play,0.0
4686,4690,to replace michele lamaro captain now,normal_play,0.0
4688,4692,lamaro captain now looked a bit dejected in there michele,normal_play,0.0
4690,4694,now looked a bit dejected in there michele lamaro hes a good captain of this,normal_play,0.0
4692,4696,michele lamaro hes a good captain of this italian team well,normal_play,0.1384
4694,4698,this italian team well out high hopes didnt they before the game,normal_play,0.1384
4696,4700,well out high hopes didnt they before the game just got smoked,normal_play,0.1384
4698,4702,game just got smoked in there first half,normal_play,0.1384
4700,4704,smoked in there first half,normal_play,0.0
4702,4706,half,normal_play,0.0
4704,4708,defensive,normal_play,0.0
4706,4710,defensive ways the line out was,normal_play,0.0
4708,4712,defensive ways the line out was a problem,normal_play,0.0
4710,4714,was a problem from the 17th minute onward they,normal_play,0.0
4712,4716,from the 17th minute onward they just conceded every few minutes just,scrum,0.3193
4714,4718,they just conceded every few minutes just impossible to come back from that sort of,scrum,0.3193
4716,4720,just impossible to come back from that sort of defensive error,scrum,0.3193
4718,4722,of defensive error,scrum,0.3193
4720,4724,savio,scrum,0.3193
4722,4726,savio at the back again they shove on,scrum,0.3193
4724,4728,savio at the back again they shove on once more new zealand is,scrum,0.3193
4726,4730,on once more new zealand is rolling forward and there goes savio,scrum,0.3193
4728,4732,is rolling forward and there goes savio once more,normal_play,0.0
4730,4734,savio once more kane in support,normal_play,0.0
4732,4736,kane in support two of the leaders theres,normal_play,0.4032
4734,4738,support two of the leaders theres the veteran white lock new zealand penalty,normal_play,0.4032
4736,4740,theres the veteran white lock new zealand penalty its another,normal_play,0.4032
4738,4742,penalty its another storming run from the captain adi,normal_play,0.4032
4740,4744,another storming run from the captain adi savo,penalty,0.6128
4742,4746,adi savo hes had a huge ban tonight hes got,penalty,0.6128
4744,4748,hes had a huge ban tonight hes got two try but hes,normal_play,0.0
4746,4750,got two try but hes run good lines,normal_play,0.0
4748,4752,hes run good lines hes made good decisions hes,normal_play,0.0
4750,4754,hes made good decisions hes gone around from the back of the mall when its counted,normal_play,0.0
4752,4756,hes gone around from the back of the mall when its counted hes come at pace,normal_play,0.0
4754,4758,counted hes come at pace hes deciding,normal_play,0.0
4756,4760,hes deciding on the scrub now this is a team that just,normal_play,0.1869
4758,4762,deciding on the scrub now this is a team that just want more and more and more,normal_play,0.1869
4760,4764,just want more and more and more,normal_play,0.1869
4762,4766,more,normal_play,0.1869
4764,4768,big,normal_play,0.0
4766,4770,big crowd here we talked about this lyon stadium,normal_play,0.0
4768,4772,big crowd here we talked about this lyon stadium being packed to the rafters,normal_play,0.2144
4770,4774,stadium being packed to the rafters 57 083,normal_play,0.2144
4772,4776,rafters 57 083 number of fans in,normal_play,0.2144
4774,4778,083 number of fans in here tonight we can hear every single,normal_play,0.2144
4776,4780,in here tonight we can hear every single one of them theyre having a blast,normal_play,0.0
4778,4782,single one of them theyre having a blast that lock particularly,normal_play,0.0
4780,4784,blast that lock particularly a lot of new zealand,normal_play,0.0
4782,4786,particularly a lot of new zealand fans have travelled here,normal_play,0.0
4784,4788,zealand fans have travelled here in flux,try,1.0
4786,4790,here in flux in lyon,try,1.0
4788,4792,flux in lyon,try,1.0
4790,4794,lyon,try,1.0
4792,4796,lyon,scrum,0.4877
4794,4798,lyon,scrum,0.4877
4796,4800,lyon,scrum,0.4877
4798,4802,lyon,scrum,0.4877
4800,4804,lyon away,scrum,0.4877
4802,4806,lyon away come,scrum,0.4877
4804,4808,away come new zealand once,scrum,0.4877
4806,4810,come new zealand once more play the little flick ball from,scrum,0.4877
4808,4812,once more play the little flick ball from leonard brown to mckenzie looking to accelerate,try,1.0
4810,4814,from leonard brown to mckenzie looking to accelerate spin and falling over,try,1.0
4812,4816,accelerate spin and falling over the line,try,1.0
4814,4818,over the line the connections in communication,try,1.0
4816,4820,the connections in communication are superb,normal_play,0.0
4818,4822,communication are superb an italian scatter once more,normal_play,0.0
4820,4824,an italian scatter once more,normal_play,0.0
4822,4826,more,normal_play,0.0
4828,4832,a little bit easy,normal_play,0.0
4830,4834,a little bit easy,normal_play,0.0
4832,4836,easy,normal_play,0.0
4834,4838,easy,normal_play,0.0
4836,4840,theres a handful hes got great,normal_play,0.0
4838,4842,theres a handful hes got great pace great strength but,normal_play,0.0
4840,4844,great pace great strength but not even he himself,normal_play,0.0
4842,4846,but not even he himself would expect to get through this easy there goes another international,normal_play,0.0
4844,4848,would expect to get through this easy there goes another international team a missed tackle slides,normal_play,0.0
4846,4850,international team a missed tackle slides his way over hes got,normal_play,0.0
4848,4852,slides his way over hes got loads of pace mckenzie,normal_play,0.0
4850,4854,got loads of pace mckenzie look at this into the gap he goes,normal_play,0.0
4852,4856,mckenzie look at this into the gap he goes,normal_play,0.0
4854,4858,goes,normal_play,0.0
4856,4860,gobbisi with a missed tackle,normal_play,0.0
4858,4862,gobbisi with a missed tackle its not one the italian defence,normal_play,0.0
4860,4864,tackle its not one the italian defence will want to look at on monday again,normal_play,0.0
4862,4866,defence will want to look at on monday again,normal_play,0.0
4890,4894,mckenzie its perfect,goal_kick,0.8688
4892,4896,mckenzie its perfect converts his own try from wide,goal_kick,0.8688
4894,4898,perfect converts his own try from wide to extend new,goal_kick,0.8688
4896,4900,wide to extend new zealands advantage now,normal_play,0.0
4898,4902,new zealands advantage now 75 points to 10,normal_play,0.0
4900,4904,75 points to 10,normal_play,0.0
4902,4906,10 well a man who,normal_play,0.0
4904,4908,well a man who lit the place up,normal_play,0.0
4906,4910,who lit the place up in 1987 in that rugby world,normal_play,0.0
4908,4912,up in 1987 in that rugby world cup win give us a,normal_play,0.0
4910,4914,world cup win give us a wave jk no,normal_play,0.0
4912,4916,a wave jk no hes,normal_play,0.0
4914,4918,hes aging,normal_play,0.0
4916,4920,aging hes a grumpy man at,normal_play,0.4032
4918,4922,hes a grumpy man at times isnt he youd think hed be,normal_play,0.4032
4920,4924,at times isnt he youd think hed be smiling now at 73 points to 10,normal_play,0.4032
4922,4926,be smiling now at 73 points to 10 well he does have such close ties to italy,normal_play,0.4032
4924,4928,10 well he does have such close ties to italy as well family there and,normal_play,0.4032
4926,4930,italy as well family there and was coached italy i think jeff,normal_play,0.4032
4928,4932,and was coached italy i think jeff wilson had a bigger smile on his face didnt,normal_play,0.2607
4930,4934,jeff wilson had a bigger smile on his face didnt he,normal_play,0.2607
4932,4936,didnt he what have italy got,normal_play,0.2607
4934,4938,what have italy got in these all final they head,normal_play,0.2607
4936,4940,got in these all final they head towards the final throws theyve lost the,normal_play,0.4032
4938,4942,head towards the final throws theyve lost the ball and will jordan is streaking away again,normal_play,0.4032
4940,4944,the ball and will jordan is streaking away again sendrin kicked back and failed,normal_play,0.4032
4942,4946,again sendrin kicked back and failed the bounce for adi savia the,normal_play,0.4032
4944,4948,failed the bounce for adi savia the offload for jordan theyve got it,try,1.0
4946,4950,the offload for jordan theyve got it on a string,try,1.0
4948,4952,it on a string,try,1.0
4958,4962,well when its not,normal_play,0.0
4960,4964,well when its not going your way the bounce of the ball will defy,normal_play,0.0
4962,4966,not going your way the bounce of the ball will defy you as well and its exactly whats,normal_play,0.0
4964,4968,defy you as well and its exactly whats happened error from italy,normal_play,0.0
4966,4970,whats happened error from italy a little chip over the,normal_play,0.0
4968,4972,italy a little chip over the top the bounce horrendous for the,normal_play,0.0
4970,4974,the top the bounce horrendous for the defensive team just,normal_play,0.0
4972,4976,defensive team just trying so hard to make it,normal_play,0.0
4974,4978,just trying so hard to make it happen the italians and the error coming,normal_play,0.0
4976,4980,happen the italians and the error coming will jordan with a little kick over,normal_play,0.0
4978,4982,will jordan with a little kick over the top the ever present adi,normal_play,0.0
4980,4984,over the top the ever present adi savia jumps,normal_play,0.0
4982,4986,adi savia jumps up into gather and,normal_play,0.0
4984,4988,jumps up into gather and look at this for a little offload,normal_play,0.0
4986,4990,and look at this for a little offload,normal_play,0.0
4988,4992,boy hes been,normal_play,0.0
4990,4994,boy hes been everywhere tonight savia,normal_play,0.0
4992,4996,everywhere tonight savia will jordan for all his work finally gets,normal_play,0.0
4994,4998,will jordan for all his work finally gets a reward,normal_play,0.0
4996,5000,gets a reward,normal_play,0.0
5000,5004,for the second time i should say,normal_play,0.0
5002,5006,for the second time i should say,normal_play,0.0
5004,5008,say he has started it off in,normal_play,0.0
5006,5010,he has started it off in the opening five minutes will jordan and now,normal_play,0.0
5008,5012,in the opening five minutes will jordan and now gee with still 10 minutes to play,goal_kick,0.8552
5010,5014,now gee with still 10 minutes to play here and the score hitting 80,goal_kick,0.8552
5012,5016,play here and the score hitting 80 italy,goal_kick,0.8552
5014,5018,80 italy need to find some reserves in the final,goal_kick,0.8552
5016,5020,italy need to find some reserves in the final 10 minutes,goal_kick,0.8552
5018,5022,10 minutes,goal_kick,0.8552
5026,5030,mckenzie picks up where richie,goal_kick,0.8688
5028,5032,mckenzie picks up where richie moonga left off,goal_kick,0.8688
5030,5034,richie moonga left off and new zealand go out to 82,goal_kick,0.8688
5032,5036,off and new zealand go out to 82 points to 10,goal_kick,0.8688
5034,5038,points to 10,goal_kick,0.8688
5038,5042,lovely little kick over the top,normal_play,0.0
5040,5044,lovely little kick over the top wasnt it and just look at the big man hes playing an,normal_play,0.0
5042,5046,top wasnt it and just look at the big man hes playing an integral role in pretty much every play,normal_play,0.0
5044,5048,an integral role in pretty much every play of this encounter,kick_off,0.5159
5046,5050,play of this encounter adi savia has just been outstanding,kick_off,0.5159
5048,5052,adi savia has just been outstanding final pass,kick_off,0.5159
5050,5054,outstanding final pass jordan goes over and,kick_off,0.5159
5052,5056,jordan goes over and theyre up to 82,normal_play,0.0
5054,5058,and theyre up to 82 points mckenzie,normal_play,0.0
5056,5060,82 points mckenzie sends it down to kopowotso,normal_play,0.3371
5058,5062,mckenzie sends it down to kopowotso sends the kick up,normal_play,0.3371
5060,5064,kopowotso sends the kick up high again mckenzie will come forward,normal_play,0.3371
5062,5066,up high again mckenzie will come forward to kopowotso to chase its a good chase too,normal_play,0.3371
5064,5068,to kopowotso to chase its a good chase too from kopowotso but mckenzie,normal_play,0.4032
5066,5070,too from kopowotso but mckenzie got there first,normal_play,0.4032
5068,5072,mckenzie got there first,normal_play,0.4032
5070,5074,tackle bent back in this,normal_play,0.4032
5072,5076,tackle bent back in this tackle,normal_play,0.4032
5074,5078,this tackle,normal_play,0.4032
5076,5080,same calls,normal_play,0.4032
5078,5082,same calls bowden barrett kick,normal_play,0.4032
5080,5084,bowden barrett kick over the top playing in it,normal_play,0.4032
5082,5086,kick over the top playing in it first receiver kopowotso rather its,normal_play,0.4032
5084,5088,it first receiver kopowotso rather its ioanni who comes forward and hes,normal_play,0.4032
5086,5090,its ioanni who comes forward and hes got great feet in the acceleration chopped,normal_play,0.4032
5088,5092,hes got great feet in the acceleration chopped down by kane,normal_play,0.4032
5090,5094,chopped down by kane out,normal_play,0.4032
5092,5096,out the back for breck a little,normal_play,0.0
5094,5098,out the back for breck a little bit of space here for italy found the hole,normal_play,0.0
5096,5100,little bit of space here for italy found the hole but maurizios centre partner eventually,normal_play,0.3881
5098,5102,hole but maurizios centre partner eventually scooped it up did well in,normal_play,0.3881
5100,5104,eventually scooped it up did well in the end ball goes to ground and its just,normal_play,0.3881
5102,5106,in the end ball goes to ground and its just unrelenting a bit of a travelling for italy,normal_play,0.3881
5104,5108,just unrelenting a bit of a travelling for italy and new zealand look to absolutely,normal_play,0.4032
5106,5110,italy and new zealand look to absolutely punish again here up the middle barrett,normal_play,0.4032
5108,5112,absolutely punish again here up the middle barrett for ioanni bounced on for mckenzie,normal_play,0.4032
5110,5114,barrett for ioanni bounced on for mckenzie mckenzie weaving and jinking,normal_play,0.4032
5112,5116,mckenzie mckenzie weaving and jinking his way to the line just stopped,normal_play,0.4032
5114,5118,jinking his way to the line just stopped in his tracks roy gabbottilea,normal_play,0.4032
5116,5120,stopped in his tracks roy gabbottilea for barrett big wide,normal_play,0.3548
5118,5122,gabbottilea for barrett big wide ball over the top of,normal_play,0.3548
5120,5124,wide ball over the top of sam whitelock but a penalty,normal_play,0.3548
5122,5126,of sam whitelock but a penalty for new zealand still,normal_play,0.3548
5124,5128,penalty for new zealand still theyve got a,try,1.0
5126,5130,theyve got a harlem globetrotters feel now yeah,try,1.0
5128,5132,a harlem globetrotters feel now yeah exactly its all rasmutas,normal_play,0.4032
5130,5134,yeah exactly its all rasmutas its all shown now tap and,normal_play,0.4032
5132,5136,rasmutas its all shown now tap and go tap and go for will,normal_play,0.4032
5134,5138,and go tap and go for will jordan just,normal_play,0.4032
5136,5140,will jordan just short,normal_play,0.4008
5138,5142,just short bowden barrett will get him,normal_play,0.4008
5140,5144,bowden barrett will get him and clear away,normal_play,0.4008
5142,5146,him and clear away ioanni for coles in the opposite corner,normal_play,0.4008
5144,5148,ioanni for coles in the opposite corner dane coles on,try,1.0
5146,5150,corner dane coles on the left and dane coles on the right,try,1.0
5148,5152,on the left and dane coles on the right and new zealand score,try,1.0
5150,5154,right and new zealand score their 13th try,try,1.0
5152,5156,score their 13th try,normal_play,0.0
5158,5162,well its all too easy now,normal_play,0.0
5160,5164,well its all too easy now its capitulation,normal_play,0.0
5162,5166,now its capitulation the italians holding,normal_play,0.0
5164,5168,the italians holding their heads down i,normal_play,0.0
5166,5170,holding their heads down i guess in a little bit of embarrassment now the,normal_play,0.0
5168,5172,i guess in a little bit of embarrassment now the scoreboard ticking away its not something they envisaged,normal_play,0.0
5170,5174,the scoreboard ticking away its not something they envisaged certainly not something they planned,normal_play,0.0
5172,5176,envisaged certainly not something they planned on or wanted,normal_play,0.0
5174,5178,planned on or wanted it has gone a little awry its gone a little,normal_play,0.0
5176,5180,it has gone a little awry its gone a little passionate and the scoreboard is just,normal_play,0.0
5178,5182,little passionate and the scoreboard is just telling an awful story for them,normal_play,0.0
5180,5184,just telling an awful story for them dane coles,normal_play,0.0
5182,5186,dane coles second little march,normal_play,0.0
5184,5188,coles second little march in untouched,normal_play,0.0
5186,5190,march in untouched,normal_play,0.0
5190,5194,so much talk that italy,normal_play,0.0
5192,5196,so much talk that italy had closed the gap they thought theyd made,normal_play,0.0
5194,5198,italy had closed the gap they thought theyd made those big strides they hadnt played new zealand,normal_play,0.0
5196,5200,made those big strides they hadnt played new zealand for a couple of years but,normal_play,0.0
5198,5202,zealand for a couple of years but as the greats watch on,normal_play,0.0
5200,5204,but as the greats watch on its,normal_play,0.0
5202,5206,on its that true marker of where they are at,normal_play,0.0
5204,5208,its that true marker of where they are at and where they need to be,normal_play,0.0
5206,5210,at and where they need to be,normal_play,0.0
5208,5212,yeah before the game you said they,normal_play,0.0
5210,5214,yeah before the game you said they needed to put down the marker i said they needed to,normal_play,0.0
5212,5216,they needed to put down the marker i said they needed to bounce back theyve done both havent they,normal_play,0.0
5214,5218,to bounce back theyve done both havent they the old wicks do consider,normal_play,0.0
5216,5220,they the old wicks do consider themselves as one of the favourites for rugby,goal_kick,0.8688
5218,5222,consider themselves as one of the favourites for rugby world cup 23 and this certainly,goal_kick,0.8688
5220,5224,rugby world cup 23 and this certainly is a little warning sign,goal_kick,0.8688
5222,5226,certainly is a little warning sign shot across the bar to,goal_kick,0.8688
5224,5228,sign shot across the bar to all the other teams,goal_kick,0.8148
5226,5230,to all the other teams,goal_kick,0.8148
5234,5238,taking all his time,goal_kick,0.8148
5236,5240,taking all his time damian mckenzie making the,goal_kick,0.8148
5238,5242,time damian mckenzie making the most of it as well,goal_kick,0.8148
5240,5244,the most of it as well,goal_kick,0.8688
5242,5246,well for kieran crowley who won a,goal_kick,0.8688
5244,5248,for kieran crowley who won a world cup with new zealand in 1987,goal_kick,0.8688
5246,5250,a world cup with new zealand in 1987 its a,goal_kick,0.8688
5248,5252,1987 its a difficult day for him as the coach of,normal_play,0.0
5250,5254,a difficult day for him as the coach of italy,normal_play,0.0
5252,5256,of italy,normal_play,0.0
5262,5266,89 points,normal_play,0.0
5264,5268,89 points to 10 now,normal_play,0.0
5266,5270,points to 10 now,normal_play,0.0
5268,5272,now and another penalty,penalty,0.4709
5270,5274,and another penalty its been a clinic,penalty,0.4709
5272,5276,penalty its been a clinic its been a real clinic its been a polished performance,penalty,0.4709
5274,5278,its been a real clinic its been a polished performance from the whole of this all black,penalty,0.4709
5276,5280,performance from the whole of this all black squad of 23 started,normal_play,0.0
5278,5282,black squad of 23 started off with the jordan try it was,normal_play,0.0
5280,5284,started off with the jordan try it was then aaron smiths show for a little while how,normal_play,0.0
5282,5286,was then aaron smiths show for a little while how good was he just controlled,normal_play,0.0
5284,5288,how good was he just controlled things dived in the mall scored a,normal_play,0.0
5286,5290,controlled things dived in the mall scored a try mark talaise has been outstanding,normal_play,0.0
5288,5292,a try mark talaise has been outstanding on the wing hes counted hes taken every opportunity,normal_play,0.0
5290,5294,outstanding on the wing hes counted hes taken every opportunity but that man there audie severe,normal_play,0.0
5292,5296,opportunity but that man there audie severe has led from the front,normal_play,0.0
5294,5298,has led from the front hes made a couple of try loads of,normal_play,0.0
5296,5300,front hes made a couple of try loads of carries couple of assists hes made the right decisions,try,1.0
5298,5302,of carries couple of assists hes made the right decisions hes run good lines all night,try,1.0
5300,5304,decisions hes run good lines all night he is our mastercard,try,1.0
5302,5306,he is our mastercard player of the match,try,1.0
5304,5308,mastercard player of the match,lineout,0.4726
5308,5312,brought down by sam whitelock,lineout,0.4726
5310,5314,brought down by sam whitelock the all blacks all time,lineout,0.4726
5312,5316,whitelock the all blacks all time appearance leader now as roy,try,1.0
5314,5318,time appearance leader now as roy gutt cuts a path straight up the,try,1.0
5316,5320,roy gutt cuts a path straight up the middle accelerating the half back,try,1.0
5318,5322,the middle accelerating the half back ball back in field leonard brown,try,1.0
5320,5324,ball back in field leonard brown anton leonard brown in support,try,1.0
5322,5326,brown anton leonard brown in support,try,1.0
5324,5328,support another one for the blacks,try,1.0
5326,5330,another one for the blacks,try,1.0
5328,5332,blacks,normal_play,0.0
5340,5344,well,normal_play,0.0
5342,5346,well you said it its a clinic,normal_play,0.0
5344,5348,well you said it its a clinic around the corner the inside ball,normal_play,0.0
5346,5350,around the corner the inside ball my god hes got some pace doesnt he,normal_play,0.0
5348,5352,ball my god hes got some pace doesnt he off he goes realizes hes not going,normal_play,0.0
5350,5354,off he goes realizes hes not going to get there times the inside pass brilliantly,normal_play,0.0
5352,5356,going to get there times the inside pass brilliantly anton leonard brown runs,normal_play,0.0
5354,5358,brilliantly anton leonard brown runs a good line,normal_play,0.0
5356,5360,runs a good line try number,normal_play,0.0
5358,5362,line try number 14,normal_play,0.0
5360,5364,number 14 its a rout,goal_kick,0.8688
5362,5366,its a rout,goal_kick,0.8688
5368,5372,anton leonard brown adds his name,normal_play,0.0
5370,5374,anton leonard brown adds his name to the list,normal_play,0.0
5372,5376,name to the list watch new zealand make it 96,normal_play,0.0
5374,5378,watch new zealand make it 96,normal_play,0.0
5376,5380,96,normal_play,0.0
5380,5384,while it was 101 one,normal_play,0.0
5382,5386,while it was 101 one year wasnt it 19 i,normal_play,0.0
5384,5388,one year wasnt it 19 i think it was we looked it up a little earlier,normal_play,0.0
5386,5390,i think it was we looked it up a little earlier could well get there,normal_play,0.0
5388,5392,earlier could well get there again sam kane in the,normal_play,0.0
5390,5394,there again sam kane in the air comes off the head so its going to be,normal_play,0.0
5392,5396,the air comes off the head so its going to be balls for italy,normal_play,0.0
5394,5398,be balls for italy,normal_play,0.0
5398,5402,still having a crack here,normal_play,0.4032
5400,5404,still having a crack here no way through,normal_play,0.4032
5402,5406,here no way through monti ioane,normal_play,0.4032
5404,5408,through monti ioane,normal_play,0.4032
5406,5410,ioane nicola canones added,normal_play,0.4032
5408,5412,ioane nicola canones added something off the bench more than coming on at,normal_play,0.4032
5410,5414,added something off the bench more than coming on at half time,normal_play,0.4032
5412,5416,at half time brix,normal_play,0.2985
5414,5418,brix creating space,normal_play,0.2985
5416,5420,creating space for ioane and heres paolo,normal_play,0.4032
5418,5422,space for ioane and heres paolo wacoglu real power runner,normal_play,0.4032
5420,5424,paolo wacoglu real power runner dragged down by leonard,normal_play,0.4032
5422,5426,dragged down by leonard brown pajrello,normal_play,0.4032
5424,5428,leonard brown pajrello will dig it out and clear away,normal_play,0.4032
5426,5430,pajrello will dig it out and clear away shoveled along the,normal_play,0.4032
5428,5432,away shoveled along the line and now eventually,normal_play,0.4032
5430,5434,the line and now eventually its,normal_play,0.4032
5432,5436,eventually its brix again,normal_play,0.3336
5434,5438,its brix again,normal_play,0.3336
5436,5440,still some effort and endeavour and,normal_play,0.3336
5438,5442,still some effort and endeavour and italy just finding,normal_play,0.3336
5440,5444,and italy just finding a struggle to get their way through zuliani,normal_play,0.3176
5442,5446,finding a struggle to get their way through zuliani it was that time,normal_play,0.3176
5444,5448,zuliani it was that time,normal_play,0.3176
5446,5450,time,normal_play,0.3176
5450,5454,new zealand,normal_play,0.4032
5452,5456,new zealand playing with 14 at the moment brodie ritalik,normal_play,0.4032
5454,5458,zealand playing with 14 at the moment brodie ritalik to the side here goes capuao so,normal_play,0.4032
5456,5460,ritalik to the side here goes capuao so is italy poor forward just,normal_play,0.4032
5458,5462,so is italy poor forward just dragged down and a good tackle,normal_play,0.4032
5460,5464,just dragged down and a good tackle five metres short of the line pick and go from,normal_play,0.4032
5462,5466,five metres short of the line pick and go from italy new,normal_play,0.4032
5464,5468,from italy new zealand desperately trying to defend their line late,normal_play,0.4032
5466,5470,new zealand desperately trying to defend their line late in the match,normal_play,0.4032
5468,5472,late in the match capuao took and,normal_play,0.4032
5470,5474,capuao took and theyre going to blow this up,normal_play,0.4032
5472,5476,and theyre going to blow this up you heard the tmo there was a neck roll in,penalty,0.6128
5474,5478,you heard the tmo there was a neck roll in there from paolo got busy,penalty,0.6128
5476,5480,in there from paolo got busy,penalty,0.6128
5478,5482,the time was on on the outside,penalty,0.6128
5480,5484,the time was on on the outside,normal_play,0.0
5482,5486,outside could have been a great way to finish heres,normal_play,0.0
5484,5488,could have been a great way to finish heres the little neck roll,normal_play,0.0
5486,5490,heres the little neck roll realised he was doing it got busy,normal_play,0.0
5488,5492,realised he was doing it got busy and let go but too late,normal_play,0.4032
5490,5494,busy and let go but too late thats another,normal_play,0.4032
5492,5496,thats another great clearance isnt it,normal_play,0.4032
5494,5498,another great clearance isnt it,normal_play,0.4032
5496,5500,hardy sevier the man over the top contesting,normal_play,0.0
5498,5502,hardy sevier the man over the top contesting,normal_play,0.0
5500,5504,contesting theres the release but,normal_play,0.0
5502,5506,theres the release but too little too late,normal_play,0.0
5504,5508,but too little too late so brodie,normal_play,0.0
5506,5510,so brodie ritaliks gone to the side and new zealand had,normal_play,0.0
5508,5512,brodie ritaliks gone to the side and new zealand had cleared the bench,normal_play,0.0
5510,5514,had cleared the bench hes sitting down there pretty cuffed to be honest,normal_play,0.0
5512,5516,hes sitting down there pretty cuffed to be honest wouldnt be surprised if its a little bit of cramp or probably,normal_play,0.0
5514,5518,honest wouldnt be surprised if its a little bit of cramp or probably fatigue,normal_play,0.0
5516,5520,probably fatigue he hasnt had a full 80 minutes,normal_play,0.0
5518,5522,he hasnt had a full 80 minutes,normal_play,0.0
5520,5524,minutes,normal_play,0.0
5522,5526,new zealand as,normal_play,0.0
5524,5528,new zealand as we head towards the final minutes,normal_play,0.0
5526,5530,as we head towards the final minutes 96 on the board,normal_play,0.0
5528,5532,minutes 96 on the board,lineout,0.4726
5530,5534,board,lineout,0.4726
5532,5536,what down by sam whitelock,lineout,0.4726
5534,5538,what down by sam whitelock milestone man,lineout,0.4726
5536,5540,whitelock milestone man anton leonard brown,normal_play,0.0
5538,5542,man anton leonard brown,normal_play,0.0
5540,5544,brown,normal_play,0.2715
5542,5546,scott barrett and another big,normal_play,0.2715
5544,5548,scott barrett and another big shift from scott barrett,normal_play,0.2715
5546,5550,big shift from scott barrett roy gowdell spread back out to,normal_play,0.2715
5548,5552,barrett roy gowdell spread back out to the right for new zealand,normal_play,0.0
5550,5554,to the right for new zealand the hands are quick mackenzie is,normal_play,0.0
5552,5556,zealand the hands are quick mackenzie is quick thats crept up high,normal_play,0.4032
5554,5558,is quick thats crept up high play on says the,normal_play,0.4032
5556,5560,play on says the referee nothing is yet heres,normal_play,0.4032
5558,5562,the referee nothing is yet heres whitelock up over the 22,normal_play,0.4032
5560,5564,heres whitelock up over the 22,normal_play,0.4032
5564,5568,kane looked to shift it on,normal_play,0.3495
5566,5570,kane looked to shift it on held the ball instead,normal_play,0.3495
5568,5572,on held the ball instead and then they go once more,normal_play,0.3495
5570,5574,instead and then they go once more whitelock,normal_play,0.3495
5572,5576,whitelock mackenzie the hands are quick sevier is,normal_play,0.4032
5574,5578,mackenzie the hands are quick sevier is good too and then the little step and jing a,normal_play,0.4032
5576,5580,is good too and then the little step and jing a bit of power the offload but dane coles couldnt,normal_play,0.4032
5578,5582,a bit of power the offload but dane coles couldnt quite hold on to it,normal_play,0.4032
5580,5584,couldnt quite hold on to it just broke down,normal_play,0.4032
5582,5586,just broke down as dane coles and adi,normal_play,0.4032
5584,5588,down as dane coles and adi savia combined once more and,normal_play,0.4032
5586,5590,adi savia combined once more and now italy from behind their own,normal_play,0.4032
5588,5592,and now italy from behind their own sticks theyve got some numbers,normal_play,0.4032
5590,5594,own sticks theyve got some numbers wide brex puts it to the toe for,normal_play,0.4032
5592,5596,numbers wide brex puts it to the toe for odogwu to chase,normal_play,0.4032
5594,5598,for odogwu to chase mackenzie sweeping across for new,normal_play,0.4032
5596,5600,mackenzie sweeping across for new zealand losing control of it,normal_play,0.4032
5598,5602,new zealand losing control of it play on here for italy and one ignacio,normal_play,0.4032
5600,5604,it play on here for italy and one ignacio brex,normal_play,0.4032
5602,5606,ignacio brex and they might get something out,normal_play,0.4032
5604,5608,and they might get something out of this at the end italy,normal_play,0.4032
5606,5610,out of this at the end italy as new zealand scramble,normal_play,0.4032
5608,5612,as new zealand scramble back,normal_play,0.4032
5610,5614,scramble back,normal_play,0.4032
5612,5616,gavisci just shoves it on from a,normal_play,0.4032
5614,5618,gavisci just shoves it on from a standing start faiver,normal_play,0.4032
5616,5620,a standing start faiver hans giuliani always combative,normal_play,0.4032
5618,5622,hans giuliani always combative the jersey 20,normal_play,0.4032
5620,5624,combative the jersey 20,normal_play,0.3561
5624,5628,coles trod to,normal_play,0.3561
5626,5630,coles trod to get out of it pasrello sizes,normal_play,0.3561
5628,5632,to get out of it pasrello sizes up the options,normal_play,0.4032
5630,5634,sizes up the options battling away,normal_play,0.4032
5632,5636,battling away italy reloading each time,normal_play,0.4032
5634,5638,italy reloading each time flat across the,normal_play,0.4032
5636,5640,time flat across the face the hands are good odogwu stepping,normal_play,0.4032
5638,5642,the face the hands are good odogwu stepping inside delia cant get past him,normal_play,0.4032
5640,5644,stepping inside delia cant get past him brilliant from giuliani and monte,try,1.0
5642,5646,brilliant from giuliani and monte giuliani for the corner,try,1.0
5644,5648,monte giuliani for the corner the little hit and spin after,try,1.0
5646,5650,the little hit and spin after the fabulous handling and,try,1.0
5648,5652,after the fabulous handling and the try given for,normal_play,0.0
5650,5654,and the try given for monte giuliani well what,normal_play,0.0
5652,5656,for monte giuliani well what a way to finish its been a disappointing evening,normal_play,0.0
5654,5658,what a way to finish its been a disappointing evening but the little,normal_play,0.0
5656,5660,evening but the little continuity the build up,normal_play,0.0
5658,5662,little continuity the build up the patience in attack from this italian,normal_play,0.0
5660,5664,the patience in attack from this italian side right at the end,normal_play,0.0
5662,5666,italian side right at the end excellent and the finish from monte giuliani,normal_play,0.0
5664,5668,excellent and the finish from monte giuliani well under enormous pressure,normal_play,0.0
5666,5670,giuliani well under enormous pressure in the tackle he has found a way into that,normal_play,0.0
5668,5672,pressure in the tackle he has found a way into that corner,normal_play,0.0
5670,5674,that corner,normal_play,0.0
5672,5676,brave as well to play from their own goal,normal_play,0.0
5674,5678,brave as well to play from their own goal line mackenzie couldnt control brex,normal_play,0.0
5676,5680,goal line mackenzie couldnt control brex was on hand hes had a good game brex actually,normal_play,0.0
5678,5682,brex was on hand hes had a good game brex actually donga well tackle,normal_play,0.0
5680,5684,actually donga well tackle by its opposite,normal_play,0.0
5682,5686,tackle by its opposite number,normal_play,0.0
5684,5688,opposite number,normal_play,0.0
5688,5692,has he grounded if thats,normal_play,0.0
5690,5694,has he grounded if thats going to be the big question no,normal_play,0.0
5692,5696,thats going to be the big question no the grounding happens before his foot,normal_play,0.0
5694,5698,no the grounding happens before his foot goes into touch the foot is,normal_play,0.0
5696,5700,foot goes into touch the foot is in the air initially as the ball is grounded,normal_play,0.0
5698,5702,is in the air initially as the ball is grounded so we can award the try,normal_play,0.0
5700,5704,grounded so we can award the try you can award the try the ball,normal_play,0.0
5702,5706,you can award the try the ball is grounded while his foot is in the air then his,normal_play,0.0
5704,5708,ball is grounded while his foot is in the air then his foot goes down okay,normal_play,0.0
5706,5710,his foot goes down okay,normal_play,0.0
5708,5712,well the try is given,normal_play,0.0
5710,5714,well the try is given,normal_play,0.0
5712,5716,given just reward for a courageous final,normal_play,0.0
5714,5718,just reward for a courageous final moment for,normal_play,0.0
5716,5720,final moment for rettlie,normal_play,0.0
5718,5722,for rettlie,normal_play,0.0
5724,5728,conrad smith knows a good try when,normal_play,0.0
5726,5730,conrad smith knows a good try when he sees one and he knows the spirit,normal_play,0.0
5728,5732,when he sees one and he knows the spirit of the game doesnt he,normal_play,0.0
5730,5734,spirit of the game doesnt he,normal_play,0.0
5734,5738,monte giulianis some really,normal_play,0.0
5736,5740,monte giulianis some really good injections in,normal_play,0.0
5738,5742,really good injections in the second half deserves,normal_play,0.0
5740,5744,in the second half deserves a nice finish as well paolo garbisi,normal_play,0.0
5742,5746,deserves a nice finish as well paolo garbisi will have the final act of the match,normal_play,0.0
5744,5748,garbisi will have the final act of the match,goal_kick,0.8688
5746,5750,match,goal_kick,0.8688
5748,5752,match,goal_kick,0.8688
5750,5754,the conversion,goal_kick,0.8688
5752,5756,the conversion is wonderful,goal_kick,0.8688
5754,5758,conversion is wonderful,goal_kick,0.8688
5756,5760,but the all blacks,normal_play,0.4032
5758,5762,but the all blacks have put on a show in,normal_play,0.4032
5760,5764,blacks have put on a show in lyon on a milestone,normal_play,0.4032
5762,5766,in lyon on a milestone night for sam whitelock as he becomes,normal_play,0.4032
5764,5768,milestone night for sam whitelock as he becomes the most kept all black of all time,normal_play,0.0
5766,5770,becomes the most kept all black of all time,normal_play,0.0
5768,5772,time,normal_play,0.0
