start_time,end_time,text,event_class,highlight_score
0,4,off the boot of ben donaldson we are underway in pool seat australia and fiji thats a first touch for william mata,kick_off,0.1931
2,6,off the boot of ben donaldson we are underway in pool seat australia and fiji thats a first touch for william mata,kick_off,0.1931
4,8,off the boot of ben donaldson we are underway in pool seat australia and fiji thats a first touch for william mata,kick_off,0.1931
6,10,off the boot of ben donaldson we are underway in pool seat australia and fiji thats a first touch for william mata,kick_off,0.1931
8,12,off the boot of ben donaldson we are underway in pool seat australia and fiji thats a first touch for william mata,normal_play,0.0054
10,14,off the boot of ben donaldson we are underway in pool seat australia and fiji thats a first touch for william mata,normal_play,0.0054
12,16,off the boot of ben donaldson we are underway in pool seat australia and fiji thats a first touch for william mata hull house number 8 for fiji,normal_play,0.0054
14,18,hull house number 8 for fiji,normal_play,0.0054
16,20,hull house number 8 for fiji,normal_play,0.0054
20,24,a new halfback from avorle sends it into the air replacing frank lemani its nicely taken down by carter gordon on half way but hammering defence comes in australia,normal_play,0.0054
22,26,a new halfback from avorle sends it into the air replacing frank lemani its nicely taken down by carter gordon on half way but hammering defence comes in australia,normal_play,0.0054
24,28,a new halfback from avorle sends it into the air replacing frank lemani its nicely taken down by carter gordon on half way but hammering defence comes in australia,normal_play,0.0
26,30,a new halfback from avorle sends it into the air replacing frank lemani its nicely taken down by carter gordon on half way but hammering defence comes in australia,normal_play,0.0
28,32,a new halfback from avorle sends it into the air replacing frank lemani its nicely taken down by carter gordon on half way but hammering defence comes in australia well get a chance to play though and play early,normal_play,0.0054
30,34,well get a chance to play though and play early the veteran hooker james slipper,normal_play,0.0054
32,36,well get a chance to play though and play early the veteran hooker james slipper,normal_play,0.0054
34,38,the veteran hooker james slipper,normal_play,0.0054
36,40,a little high up around the neck of jordan pizaya and he landed awkwardly playing under advantage here australia pizaya,normal_play,0.0054
38,42,a little high up around the neck of jordan pizaya and he landed awkwardly playing under advantage here australia pizaya,normal_play,0.0054
40,44,a little high up around the neck of jordan pizaya and he landed awkwardly playing under advantage here australia pizaya,normal_play,0.0054
42,46,a little high up around the neck of jordan pizaya and he landed awkwardly playing under advantage here australia pizaya he gets to get up hes getting his boot back on i think the issue but just creeping up early,normal_play,0.0054
44,48,he gets to get up hes getting his boot back on i think the issue but just creeping up early,penalty,0.3546
46,50,he gets to get up hes getting his boot back on i think the issue but just creeping up early nothing too dangerous but did slip up definitely a penalty,penalty,0.3546
48,52,he gets to get up hes getting his boot back on i think the issue but just creeping up early nothing too dangerous but did slip up definitely a penalty,normal_play,0.0
50,54,nothing too dangerous but did slip up definitely a penalty,normal_play,0.0
52,56,nothing too dangerous but did slip up definitely a penalty good little bit of intent here from australia coming through the middle the kick off was a good high hanging one,normal_play,0.0
54,58,good little bit of intent here from australia coming through the middle the kick off was a good high hanging one,normal_play,0.0
56,60,good little bit of intent here from australia coming through the middle the kick off was a good high hanging one,normal_play,0.0
58,62,good little bit of intent here from australia coming through the middle the kick off was a good high hanging one and you can see just the arm around the neck there,normal_play,0.0
60,64,and you can see just the arm around the neck there,normal_play,0.0054
62,66,and you can see just the arm around the neck there,normal_play,0.0054
66,70,well going for the corner ben donaldson man of the match in the opening game australias opening game,normal_play,0.0
68,72,well going for the corner ben donaldson man of the match in the opening game australias opening game,normal_play,0.0
70,74,well going for the corner ben donaldson man of the match in the opening game australias opening game,normal_play,0.0
72,76,well going for the corner ben donaldson man of the match in the opening game australias opening game kick superbly,normal_play,0.0054
74,78,kick superbly and that too is a pretty decent start for eddie jones and his coaching team,normal_play,0.0054
76,80,and that too is a pretty decent start for eddie jones and his coaching team,normal_play,0.0054
78,82,and that too is a pretty decent start for eddie jones and his coaching team,normal_play,0.0054
80,84,and that too is a pretty decent start for eddie jones and his coaching team see them see what the frontspots,normal_play,0.0
82,86,and that too is a pretty decent start for eddie jones and his coaching team see them see what the frontspots,normal_play,0.0
84,88,see them see what the frontspots,normal_play,0.0
86,90,the crowd loves to hear eddie jones dont they,normal_play,0.0
88,92,the crowd loves to hear eddie jones dont they not the most popular bloke in san detti in australia,lineout,0.121
90,94,the crowd loves to hear eddie jones dont they not the most popular bloke in san detti in australia from velocini bring down an ice line out ball and theyll peel away here with angus bell,lineout,0.121
92,96,not the most popular bloke in san detti in australia from velocini bring down an ice line out ball and theyll peel away here with angus bell,lineout,0.121
94,98,from velocini bring down an ice line out ball and theyll peel away here with angus bell,lineout,0.121
96,100,from velocini bring down an ice line out ball and theyll peel away here with angus bell driving hard early pressure coming on fijis defensive line as australia who made a fast start against georgia look to do the same here,normal_play,0.0054
98,102,driving hard early pressure coming on fijis defensive line as australia who made a fast start against georgia look to do the same here,normal_play,0.0054
100,104,driving hard early pressure coming on fijis defensive line as australia who made a fast start against georgia look to do the same here,normal_play,0.0054
102,106,driving hard early pressure coming on fijis defensive line as australia who made a fast start against georgia look to do the same here,normal_play,0.0054
104,108,driving hard early pressure coming on fijis defensive line as australia who made a fast start against georgia look to do the same here regathered what a regain control as velocini peels away,normal_play,0.0054
106,110,regathered what a regain control as velocini peels away,normal_play,0.0054
108,112,what a regain control as velocini peels away varned high,normal_play,0.0054
110,114,varned high result eventually to the ground another advantage for australia second highest shot,normal_play,0.0054
112,116,varned high result eventually to the ground another advantage for australia second highest shot,normal_play,0.0054
114,118,result eventually to the ground another advantage for australia second highest shot,normal_play,0.0054
116,120,result eventually to the ground another advantage for australia second highest shot,penalty,0.3546
118,122,result eventually to the ground another advantage for australia second highest shot early discipline going against fiji,penalty,0.3546
120,124,early discipline going against fiji,normal_play,0.0
122,126,early discipline going against fiji well sometimes youve got to take a team on at their strength and fijis strength against wales was certainly their forward the top five in particular,normal_play,0.0
124,128,well sometimes youve got to take a team on at their strength and fijis strength against wales was certainly their forward the top five in particular,normal_play,0.0
126,130,well sometimes youve got to take a team on at their strength and fijis strength against wales was certainly their forward the top five in particular,normal_play,0.0
128,132,well sometimes youve got to take a team on at their strength and fijis strength against wales was certainly their forward the top five in particular,normal_play,0.0
130,134,well sometimes youve got to take a team on at their strength and fijis strength against wales was certainly their forward the top five in particular controlled the ball controlled possession controlled field position as a result of that,normal_play,0.0
132,136,controlled the ball controlled possession controlled field position as a result of that,normal_play,0.0
134,138,controlled the ball controlled possession controlled field position as a result of that,normal_play,0.0
136,140,controlled the ball controlled possession controlled field position as a result of that so far australia picked and gone theyve carried up the middle theyve committed those big fijian forwards into the breakdown theyve forced a couple of high tackle now,normal_play,0.0
138,142,so far australia picked and gone theyve carried up the middle theyve committed those big fijian forwards into the breakdown theyve forced a couple of high tackle now,normal_play,0.0
140,144,so far australia picked and gone theyve carried up the middle theyve committed those big fijian forwards into the breakdown theyve forced a couple of high tackle now,normal_play,0.0
142,146,so far australia picked and gone theyve carried up the middle theyve committed those big fijian forwards into the breakdown theyve forced a couple of high tackle now,normal_play,0.0
144,148,so far australia picked and gone theyve carried up the middle theyve committed those big fijian forwards into the breakdown theyve forced a couple of high tackle now just that left arm wrapping around the head there thats the problem,normal_play,0.0
146,150,just that left arm wrapping around the head there thats the problem,normal_play,0.0
148,152,just that left arm wrapping around the head there thats the problem the first hit was pretty decent actually from josuo triesova,normal_play,0.0
150,154,the first hit was pretty decent actually from josuo triesova,normal_play,0.0
152,156,the first hit was pretty decent actually from josuo triesova shot at goal good chance for australia to get ahead right at the start and deservedly so,normal_play,0.0
154,158,shot at goal good chance for australia to get ahead right at the start and deservedly so,normal_play,0.0
156,160,shot at goal good chance for australia to get ahead right at the start and deservedly so,normal_play,0.0
158,162,shot at goal good chance for australia to get ahead right at the start and deservedly so as i said ben donaldson 25 points in the opening match against georgia six from seven kicking scored a couple of try heck of a world cup debut,normal_play,0.0
160,164,as i said ben donaldson 25 points in the opening match against georgia six from seven kicking scored a couple of try heck of a world cup debut,normal_play,0.0
162,166,as i said ben donaldson 25 points in the opening match against georgia six from seven kicking scored a couple of try heck of a world cup debut,normal_play,0.0
164,168,as i said ben donaldson 25 points in the opening match against georgia six from seven kicking scored a couple of try heck of a world cup debut,normal_play,0.0
166,170,as i said ben donaldson 25 points in the opening match against georgia six from seven kicking scored a couple of try heck of a world cup debut,normal_play,0.0
168,172,as i said ben donaldson 25 points in the opening match against georgia six from seven kicking scored a couple of try heck of a world cup debut this just his fifth test and a chance to put australia on the board early,normal_play,0.0
170,174,this just his fifth test and a chance to put australia on the board early,normal_play,0.0
172,176,this just his fifth test and a chance to put australia on the board early,normal_play,0.0
174,178,this just his fifth test and a chance to put australia on the board early,normal_play,0.0
186,190,an easy action and an easy strike for ben donaldson kicks an early penalty to put australia up three points to middle in the opening three minutes,goal_kick,0.7814
188,192,an easy action and an easy strike for ben donaldson kicks an early penalty to put australia up three points to middle in the opening three minutes,goal_kick,0.7814
190,194,an easy action and an easy strike for ben donaldson kicks an early penalty to put australia up three points to middle in the opening three minutes,goal_kick,0.7814
192,196,an easy action and an easy strike for ben donaldson kicks an early penalty to put australia up three points to middle in the opening three minutes,goal_kick,0.7814
194,198,an easy action and an easy strike for ben donaldson kicks an early penalty to put australia up three points to middle in the opening three minutes,goal_kick,0.7814
196,200,an easy action and an easy strike for ben donaldson kicks an early penalty to put australia up three points to middle in the opening three minutes,goal_kick,0.7814
198,202,an easy action and an easy strike for ben donaldson kicks an early penalty to put australia up three points to middle in the opening three minutes,goal_kick,0.7814
200,204,an easy action and an easy strike for ben donaldson kicks an early penalty to put australia up three points to middle in the opening three minutes the party team australia for the world cup team ben donaldson,normal_play,0.0
202,206,an easy action and an easy strike for ben donaldson kicks an early penalty to put australia up three points to middle in the opening three minutes the party team australia for the world cup team ben donaldson,normal_play,0.0
204,208,the party team australia for the world cup team ben donaldson,normal_play,0.0
206,210,the party team australia for the world cup team ben donaldson,normal_play,0.0
208,212,the party team australia for the world cup team ben donaldson experienced rugby player,normal_play,0.0
210,214,experienced rugby player,normal_play,0.0
212,216,fiji 43 caps played in another world cup he knows the game he wont be too concerned about that first three that goes against them,normal_play,0.0
214,218,fiji 43 caps played in another world cup he knows the game he wont be too concerned about that first three that goes against them,normal_play,0.0
216,220,fiji 43 caps played in another world cup he knows the game he wont be too concerned about that first three that goes against them,normal_play,0.0
218,222,fiji 43 caps played in another world cup he knows the game he wont be too concerned about that first three that goes against them,normal_play,0.0
220,224,fiji 43 caps played in another world cup he knows the game he wont be too concerned about that first three that goes against them tite tela for fiji sends this one deep down to valentini whos had a prominent start hes so strong with goal in hand,kick_off,0.1931
222,226,tite tela for fiji sends this one deep down to valentini whos had a prominent start hes so strong with goal in hand,kick_off,0.1931
224,228,tite tela for fiji sends this one deep down to valentini whos had a prominent start hes so strong with goal in hand,kick_off,0.1931
226,230,tite tela for fiji sends this one deep down to valentini whos had a prominent start hes so strong with goal in hand,kick_off,0.1931
228,232,tite tela for fiji sends this one deep down to valentini whos had a prominent start hes so strong with goal in hand,normal_play,0.0
230,234,tite tela for fiji sends this one deep down to valentini whos had a prominent start hes so strong with goal in hand valentini,normal_play,0.0
232,236,valentini inside hold in front australia,normal_play,0.0054
234,238,inside hold in front australia and carter gordon the young fly half will send this away,normal_play,0.0054
236,240,and carter gordon the young fly half will send this away,normal_play,0.0054
238,242,and carter gordon the young fly half will send this away well its a good start for australia doing the basics well keeping it simple,normal_play,0.0054
240,244,well its a good start for australia doing the basics well keeping it simple,normal_play,0.0
242,246,well its a good start for australia doing the basics well keeping it simple just the catch one carry strike back to the kicker,normal_play,0.0
244,248,just the catch one carry strike back to the kicker decent clearance probably have wanted a little bit more on it but its good enough to get them out of the red zone,normal_play,0.0054
246,250,just the catch one carry strike back to the kicker decent clearance probably have wanted a little bit more on it but its good enough to get them out of the red zone,normal_play,0.0054
248,252,decent clearance probably have wanted a little bit more on it but its good enough to get them out of the red zone,normal_play,0.0054
250,254,decent clearance probably have wanted a little bit more on it but its good enough to get them out of the red zone,normal_play,0.0054
252,256,clear and fix,lineout,0.121
254,258,clear and fix matavisi with his first throw finds nassili silla in the middle of the line out and fiji able to peel away through books here,lineout,0.121
256,260,matavisi with his first throw finds nassili silla in the middle of the line out and fiji able to peel away through books here,lineout,0.121
258,262,matavisi with his first throw finds nassili silla in the middle of the line out and fiji able to peel away through books here,lineout,0.121
260,264,matavisi with his first throw finds nassili silla in the middle of the line out and fiji able to peel away through books here,normal_play,0.0
262,266,matavisi with his first throw finds nassili silla in the middle of the line out and fiji able to peel away through books here starting in number seven jersey the versatile veteran gordon shot up out of the line its the f4 sarikita vettar,normal_play,0.0
264,268,starting in number seven jersey the versatile veteran gordon shot up out of the line its the f4 sarikita vettar,normal_play,0.0054
266,270,starting in number seven jersey the versatile veteran gordon shot up out of the line its the f4 sarikita vettar,normal_play,0.0054
268,272,starting in number seven jersey the versatile veteran gordon shot up out of the line its the f4 sarikita vettar sarikita vettar with his first carry,normal_play,0.0054
270,274,sarikita vettar with his first carry fiji already crashing in australia putting some shots on early karevi that time it was,normal_play,0.0054
272,276,sarikita vettar with his first carry fiji already crashing in australia putting some shots on early karevi that time it was,normal_play,0.0054
274,278,fiji already crashing in australia putting some shots on early karevi that time it was,normal_play,0.0054
276,280,fiji already crashing in australia putting some shots on early karevi that time it was the big fiji in forwards lining up one after the other,normal_play,0.0054
278,282,the big fiji in forwards lining up one after the other,normal_play,0.0054
280,284,the big fiji in forwards lining up one after the other now they go through the hands and out the back to try and create some space wide,normal_play,0.0054
282,286,now they go through the hands and out the back to try and create some space wide,normal_play,0.0054
284,288,now they go through the hands and out the back to try and create some space wide,normal_play,0.0054
286,290,now they go through the hands and out the back to try and create some space wide bounces kind the bump is massive,normal_play,0.0054
288,292,bounces kind the bump is massive,normal_play,0.0054
292,296,what a walling nassili silla again,normal_play,0.0054
294,298,what a walling nassili silla again tala again a go wide early standing out here by himself semit rundradja,normal_play,0.0054
296,300,tala again a go wide early standing out here by himself semit rundradja,normal_play,0.0054
298,302,tala again a go wide early standing out here by himself semit rundradja,normal_play,0.0054
300,304,tala again a go wide early standing out here by himself semit rundradja,normal_play,0.0054
302,306,tala again a go wide early standing out here by himself semit rundradja glicks the ball back in for reyes alevu whos claiming he was tackle off the ball by carter gordon,normal_play,0.0054
304,308,glicks the ball back in for reyes alevu whos claiming he was tackle off the ball by carter gordon,normal_play,0.0
306,310,glicks the ball back in for reyes alevu whos claiming he was tackle off the ball by carter gordon he might have an argument,normal_play,0.0
308,312,he might have an argument fijis captain the balls gone into touch,normal_play,0.0054
310,314,fijis captain the balls gone into touch,normal_play,0.0054
312,316,fijis captain the balls gone into touch weve got timings good lets see,normal_play,0.0054
314,318,weve got timings good lets see weve got timings good,normal_play,0.0054
316,320,weve got timings good massive physical already,normal_play,0.0054
318,322,massive physical already thats quite high as well isnt it babatini,normal_play,0.0054
320,324,thats quite high as well isnt it babatini,normal_play,0.0054
324,328,its always a brutal game when fiji are involved,normal_play,0.0054
326,330,its always a brutal game when fiji are involved,normal_play,0.0054
328,332,its always a brutal game when fiji are involved,normal_play,0.0
330,334,its always a brutal game when fiji are involved just a little bit of a,normal_play,0.0
332,336,just a little bit of a,normal_play,0.0
334,338,just a little bit of a,normal_play,0.0
336,340,just a little bit of a,normal_play,0.0
338,342,just a little bit of a,normal_play,0.0
340,344,just a little bit of a,normal_play,0.0
342,346,just a little bit of a,normal_play,0.0
344,348,just a little bit of a,normal_play,0.0
346,350,just a little bit of a trying to smash it up,normal_play,0.0
348,352,trying to smash it up just get a little bit of physical dominance,normal_play,0.0
350,354,just get a little bit of physical dominance maybe need to stop those big long skip passes to start,normal_play,0.0
352,356,maybe need to stop those big long skip passes to start,lineout,0.121
354,358,maybe need to stop those big long skip passes to start filiyami matsu just had a little bit of treatment,lineout,0.121
356,360,filiyami matsu just had a little bit of treatment hes back in the line and away come fiji,lineout,0.121
358,362,filiyami matsu just had a little bit of treatment hes back in the line and away come fiji,lineout,0.121
360,364,hes back in the line and away come fiji and heres noyatha levu the captain with her first rampaging up over the halfway line,normal_play,0.0054
362,366,hes back in the line and away come fiji and heres noyatha levu the captain with her first rampaging up over the halfway line,normal_play,0.0054
364,368,and heres noyatha levu the captain with her first rampaging up over the halfway line,normal_play,0.0054
366,370,and heres noyatha levu the captain with her first rampaging up over the halfway line theres a good of volley just to have a little dart,normal_play,0.0054
368,372,theres a good of volley just to have a little dart hes manhandled to the ground,normal_play,0.0054
370,374,theres a good of volley just to have a little dart hes manhandled to the ground noyatha levu captain,normal_play,0.0054
372,376,hes manhandled to the ground noyatha levu captain,normal_play,0.0054
374,378,noyatha levu captain,normal_play,0.0054
376,380,noyatha levu captain australia tried to shoot up quickly,normal_play,0.0054
378,382,australia tried to shoot up quickly again they go wide forward,normal_play,0.0054
380,384,australia tried to shoot up quickly again they go wide forward matu who stayed out roaming on this left hand side,normal_play,0.0054
382,386,again they go wide forward matu who stayed out roaming on this left hand side looked to get the arm free instead,normal_play,0.0054
384,388,matu who stayed out roaming on this left hand side looked to get the arm free instead just pumps the legs and peels off another few meters for good of volley to clear away,normal_play,0.0054
386,390,looked to get the arm free instead just pumps the legs and peels off another few meters for good of volley to clear away,normal_play,0.0054
388,392,just pumps the legs and peels off another few meters for good of volley to clear away spinning out of one is we saw it into the lineup,normal_play,0.0054
390,394,just pumps the legs and peels off another few meters for good of volley to clear away spinning out of one is we saw it into the lineup,normal_play,0.0054
392,396,spinning out of one is we saw it into the lineup this weekend for fiji tipped on quickly,normal_play,0.0054
394,398,spinning out of one is we saw it into the lineup this weekend for fiji tipped on quickly,normal_play,0.0054
396,400,this weekend for fiji tipped on quickly tangi tangi walu steps out of one but its gone forward,normal_play,0.0054
398,402,tangi tangi walu steps out of one but its gone forward,normal_play,0.0054
400,404,tangi tangi walu steps out of one but its gone forward but australia fiji rather giving it some air early,normal_play,0.0054
402,406,but australia fiji rather giving it some air early and doing it really well,normal_play,0.0054
404,408,but australia fiji rather giving it some air early and doing it really well just that final little pass going forward,normal_play,0.0054
406,410,and doing it really well just that final little pass going forward thats too long skip pass,normal_play,0.0054
408,412,just that final little pass going forward thats too long skip pass,normal_play,0.0054
410,414,thats too long skip pass its just allowed the defense to shift,normal_play,0.0054
412,416,its just allowed the defense to shift and since then theyve just tried to keep the ball in the channels,normal_play,0.0054
414,418,and since then theyve just tried to keep the ball in the channels beautiful ball,normal_play,0.0054
416,420,beautiful ball there was a man on the outside as well,normal_play,0.0054
418,422,there was a man on the outside as well they created the space well,normal_play,0.0054
420,424,they created the space well just couldnt get that final pass in,normal_play,0.0054
422,426,just couldnt get that final pass in thanks mate,normal_play,0.0054
424,428,thanks mate yeah we could just see that,normal_play,0.0
426,430,yeah we could just see that tangi tangi walu was just that wide,normal_play,0.0
428,432,tangi tangi walu was just that wide he had lots of space,normal_play,0.0
430,434,tangi tangi walu was just that wide he had lots of space it was a difficult pass to get outside to him,normal_play,0.0
432,436,he had lots of space it was a difficult pass to get outside to him if he had taken that and if he had got the ball in his hands,scrum,0.1461
434,438,it was a difficult pass to get outside to him if he had taken that and if he had got the ball in his hands it would have been a different scenario,scrum,0.1461
436,440,if he had taken that and if he had got the ball in his hands it would have been a different scenario so finally it became defused by the australians,scrum,0.1461
438,442,it would have been a different scenario so finally it became defused by the australians,scrum,0.1461
440,444,so finally it became defused by the australians but good attacking prowess from the fijians,scrum,0.1461
442,446,so finally it became defused by the australians but good attacking prowess from the fijians,scrum,0.1461
444,448,but good attacking prowess from the fijians first scrum of the match,scrum,0.1461
446,450,but good attacking prowess from the fijians first scrum of the match both teams excellent in this area in their opening matches,scrum,0.1461
448,452,first scrum of the match both teams excellent in this area in their opening matches and that is rock solid as well for nick white to clear away,scrum,0.1461
450,454,both teams excellent in this area in their opening matches and that is rock solid as well for nick white to clear away,scrum,0.1461
452,456,and that is rock solid as well for nick white to clear away samu karevi will batter it up and run over the first fijian defender,scrum,0.1461
454,458,and that is rock solid as well for nick white to clear away samu karevi will batter it up and run over the first fijian defender,scrum,0.1461
456,460,samu karevi will batter it up and run over the first fijian defender its nice and quick for white again,normal_play,0.0054
458,462,samu karevi will batter it up and run over the first fijian defender its nice and quick for white again its richiano late replacement into this match,normal_play,0.0054
460,464,its nice and quick for white again its richiano late replacement into this match,normal_play,0.0054
462,466,its richiano late replacement into this match and then theres martin wills skelton for australia today,normal_play,0.0054
464,468,its richiano late replacement into this match and then theres martin wills skelton for australia today this one coming down for run,normal_play,0.0054
466,470,and then theres martin wills skelton for australia today this one coming down for run nawanganitawasi though,normal_play,0.0054
468,472,this one coming down for run nawanganitawasi though hes so good in the air couldnt quite handle it,normal_play,0.0054
470,474,nawanganitawasi though hes so good in the air couldnt quite handle it,normal_play,0.0054
472,476,hes so good in the air couldnt quite handle it and it will be fiji ball,normal_play,0.0
474,478,hes so good in the air couldnt quite handle it and it will be fiji ball the knock on from nawanganitawasi,normal_play,0.0
476,480,and it will be fiji ball the knock on from nawanganitawasi but first signs of that aerial prowess of this exciting young winger,normal_play,0.0
478,482,the knock on from nawanganitawasi but first signs of that aerial prowess of this exciting young winger its a great kick isnt it,normal_play,0.0
480,484,but first signs of that aerial prowess of this exciting young winger its a great kick isnt it nick white what a great kick that is,normal_play,0.0
482,486,its a great kick isnt it nick white what a great kick that is into the traffic,normal_play,0.0
484,488,nick white what a great kick that is into the traffic perfectly waited,normal_play,0.0
486,490,into the traffic perfectly waited almost regathered,normal_play,0.0
488,492,perfectly waited almost regathered its going to be brutal isnt it,normal_play,0.0
490,494,almost regathered its going to be brutal isnt it,normal_play,0.0
492,496,its going to be brutal isnt it i said before karevi is a big man,normal_play,0.0
494,498,i said before karevi is a big man he carries it up strongly,normal_play,0.0
496,500,he carries it up strongly hes dominant ball in hand,normal_play,0.0
498,502,hes dominant ball in hand its a real battle of the physical midfielders today,normal_play,0.0
500,504,its a real battle of the physical midfielders today same on the ball,normal_play,0.0
502,506,its a real battle of the physical midfielders today same on the ball seconds,normal_play,0.0
504,508,same on the ball seconds crows,normal_play,0.0
506,510,seconds crows first scrum was a thing of beauty wasnt it,normal_play,0.0
508,512,crows first scrum was a thing of beauty wasnt it,normal_play,0.0
510,514,first scrum was a thing of beauty wasnt it and thats coming from a back line player,normal_play,0.0
512,516,and thats coming from a back line player okay lets go again quick reset,normal_play,0.0
514,518,and thats coming from a back line player okay lets go again quick reset it was immovable,normal_play,0.0
516,520,okay lets go again quick reset it was immovable quickly fellas lets go thank you,normal_play,0.0
518,522,it was immovable quickly fellas lets go thank you daniela tupul for australia either,normal_play,0.0
520,524,quickly fellas lets go thank you daniela tupul for australia either,normal_play,0.0
522,526,daniela tupul for australia either james slippert starting on the tight head side,normal_play,0.0
524,528,james slippert starting on the tight head side a rare thing for him to do despite his vast experience,normal_play,0.0
526,530,james slippert starting on the tight head side a rare thing for him to do despite his vast experience,normal_play,0.0
528,532,a rare thing for him to do despite his vast experience,scrum,0.1461
530,534,a rare thing for him to do despite his vast experience crows,scrum,0.1461
532,536,crows boins,scrum,0.1461
534,538,boins set,scrum,0.1461
536,540,boins set use it,scrum,0.1461
538,542,set use it kurovoli needs to get it out of the net,scrum,0.1461
540,544,use it kurovoli needs to get it out of the net it starts to wheel around and theyll get it reset and continue with the feed,scrum,0.1461
542,546,kurovoli needs to get it out of the net it starts to wheel around and theyll get it reset and continue with the feed,scrum,0.1461
544,548,it starts to wheel around and theyll get it reset and continue with the feed,normal_play,0.0
546,550,it starts to wheel around and theyll get it reset and continue with the feed well they had a go didnt they the fijians,normal_play,0.0
548,552,it starts to wheel around and theyll get it reset and continue with the feed well they had a go didnt they the fijians they got told to use it trying to just get that little shove on and earn the penalty,normal_play,0.0
550,554,well they had a go didnt they the fijians they got told to use it trying to just get that little shove on and earn the penalty,normal_play,0.0
552,556,trying to just get that little shove on and earn the penalty yeah yeah mate,normal_play,0.0
554,558,trying to just get that little shove on and earn the penalty yeah yeah mate andrew brace decided rather a reset,normal_play,0.0
556,560,yeah yeah mate andrew brace decided rather a reset okay lets go quickly,normal_play,0.0
558,562,andrew brace decided rather a reset okay lets go quickly its a great contest in the scrum isnt it,normal_play,0.0
560,564,okay lets go quickly its a great contest in the scrum isnt it,normal_play,0.0
562,566,its a great contest in the scrum isnt it the first one was rock solid,normal_play,0.0
564,568,its a great contest in the scrum isnt it the first one was rock solid the second one was a little bit of a struggle,normal_play,0.0
566,570,the first one was rock solid the second one was a little bit of a struggle its a great contest,normal_play,0.0
568,572,the second one was a little bit of a struggle its a great contest its a great contest isnt it,normal_play,0.0
570,574,its a great contest its a great contest isnt it the first one was rock solid,normal_play,0.0
572,576,its a great contest isnt it the first one was rock solid the second one almost rock solid,normal_play,0.0
574,578,the first one was rock solid the second one almost rock solid,normal_play,0.0
576,580,the second one almost rock solid australia will be happy,normal_play,0.0
578,582,australia will be happy quickly fellas please,normal_play,0.0
580,584,quickly fellas please eddie jones earlier sorry joel,normal_play,0.0
582,586,eddie jones earlier sorry joel he just underlined the importance of the set pieces out there today,normal_play,0.0
584,588,he just underlined the importance of the set pieces out there today got to be really really stringent very very strict and disciplined,normal_play,0.0
586,590,he just underlined the importance of the set pieces out there today got to be really really stringent very very strict and disciplined,normal_play,0.0
588,592,got to be really really stringent very very strict and disciplined because thats where theyre going to win the ball,normal_play,0.0
590,594,got to be really really stringent very very strict and disciplined because thats where theyre going to win the ball bear in mind james slippert playing tight head for the third time in his career,normal_play,0.0
592,596,because thats where theyre going to win the ball bear in mind james slippert playing tight head for the third time in his career,scrum,0.1461
594,598,bear in mind james slippert playing tight head for the third time in his career,scrum,0.1461
596,600,bear in mind james slippert playing tight head for the third time in his career set say hi,scrum,0.1461
598,602,set say hi brace go down,scrum,0.1461
600,604,say hi brace go down kurovoli has to use it and he does so for teller,scrum,0.1461
602,606,brace go down kurovoli has to use it and he does so for teller,scrum,0.1461
604,608,kurovoli has to use it and he does so for teller nyata levu,scrum,0.1461
606,610,kurovoli has to use it and he does so for teller nyata levu andrade has come flying in off his one,scrum,0.1461
608,612,nyata levu andrade has come flying in off his one heres wainogolo looking to get around the outside of the edge,normal_play,0.0054
610,614,andrade has come flying in off his one heres wainogolo looking to get around the outside of the edge chop back and feel just about keeps his feet,normal_play,0.0054
612,616,heres wainogolo looking to get around the outside of the edge chop back and feel just about keeps his feet theres fiji,normal_play,0.0054
614,618,chop back and feel just about keeps his feet theres fiji forward big hard run,normal_play,0.0054
616,620,theres fiji forward big hard run and the ball and the retention is quick as well,normal_play,0.0
618,622,forward big hard run and the ball and the retention is quick as well,normal_play,0.0
620,624,and the ball and the retention is quick as well good spot tackle made though this time by australia,normal_play,0.0
622,626,and the ball and the retention is quick as well good spot tackle made though this time by australia fiji this time though getting a penalty,normal_play,0.0
624,628,good spot tackle made though this time by australia fiji this time though getting a penalty,penalty,0.3546
626,630,fiji this time though getting a penalty and upon himself hes called back as the penalty is played as it opens up for the halfback,penalty,0.3546
628,632,fiji this time though getting a penalty and upon himself hes called back as the penalty is played as it opens up for the halfback,penalty,0.3546
630,634,and upon himself hes called back as the penalty is played as it opens up for the halfback,penalty,0.3546
632,636,and upon himself hes called back as the penalty is played as it opens up for the halfback,normal_play,0.0
634,638,and upon himself hes called back as the penalty is played as it opens up for the halfback well theres a part of me that thinks theres a bit of justice there because he did try and milk the penalty,normal_play,0.0
636,640,and upon himself hes called back as the penalty is played as it opens up for the halfback well theres a part of me that thinks theres a bit of justice there because he did try and milk the penalty,normal_play,0.0
638,642,well theres a part of me that thinks theres a bit of justice there because he did try and milk the penalty but throwing the pass into ritchie arnold who was lying on the floor,normal_play,0.0
640,644,well theres a part of me that thinks theres a bit of justice there because he did try and milk the penalty but throwing the pass into ritchie arnold who was lying on the floor,normal_play,0.0
642,646,but throwing the pass into ritchie arnold who was lying on the floor dont pass the ball into him on the floor okay,normal_play,0.0
644,648,but throwing the pass into ritchie arnold who was lying on the floor dont pass the ball into him on the floor okay yeah thats just trying to milk it,normal_play,0.0
646,650,dont pass the ball into him on the floor okay yeah thats just trying to milk it i think the whistle is probably a fair call to be honest,normal_play,0.0
648,652,yeah thats just trying to milk it i think the whistle is probably a fair call to be honest,normal_play,0.0
650,654,i think the whistle is probably a fair call to be honest fall on the side,normal_play,0.0
652,656,i think the whistle is probably a fair call to be honest fall on the side effective quick ball,normal_play,0.0
654,658,fall on the side effective quick ball good tackle,normal_play,0.0
656,660,effective quick ball good tackle and the ball from fiji moved it wide nicely,normal_play,0.0
658,662,good tackle and the ball from fiji moved it wide nicely,normal_play,0.0
660,664,and the ball from fiji moved it wide nicely just got their runners on the outside coming back in field,normal_play,0.0
662,666,and the ball from fiji moved it wide nicely just got their runners on the outside coming back in field coming out pace over the game on real game line success,normal_play,0.0
664,668,just got their runners on the outside coming back in field coming out pace over the game on real game line success,normal_play,0.0
666,670,coming out pace over the game on real game line success,normal_play,0.0
668,672,coming out pace over the game on real game line success,normal_play,0.0
672,676,its interesting that kurovoli is going to be doing the kidney out goal,normal_play,0.0
674,678,its interesting that kurovoli is going to be doing the kidney out goal,normal_play,0.0
676,680,its interesting that kurovoli is going to be doing the kidney out goal,normal_play,0.0
678,682,its interesting that kurovoli is going to be doing the kidney out goal tietetela kicked one from three against wales and frank lomani another halfback added a couple,normal_play,0.0
680,684,tietetela kicked one from three against wales and frank lomani another halfback added a couple,normal_play,0.0
682,686,tietetela kicked one from three against wales and frank lomani another halfback added a couple,normal_play,0.0
684,688,tietetela kicked one from three against wales and frank lomani another halfback added a couple so yes kurovoli given the responsibility this one right in front 40 odd meters out,normal_play,0.0
686,690,tietetela kicked one from three against wales and frank lomani another halfback added a couple so yes kurovoli given the responsibility this one right in front 40 odd meters out,normal_play,0.0
688,692,so yes kurovoli given the responsibility this one right in front 40 odd meters out,goal_kick,0.7814
690,694,so yes kurovoli given the responsibility this one right in front 40 odd meters out,goal_kick,0.7814
692,696,so yes kurovoli given the responsibility this one right in front 40 odd meters out,goal_kick,0.7814
694,698,so yes kurovoli given the responsibility this one right in front 40 odd meters out,goal_kick,0.7814
708,712,strikes it really well,goal_kick,0.7814
710,714,strikes it really well the distance is good,goal_kick,0.7814
712,716,strikes it really well the distance is good direction is excellent and fiji are on the board with their first penalty,goal_kick,0.7814
714,718,the distance is good direction is excellent and fiji are on the board with their first penalty,goal_kick,0.7814
716,720,direction is excellent and fiji are on the board with their first penalty and were all squared three points each in the center team,goal_kick,0.7814
718,722,direction is excellent and fiji are on the board with their first penalty and were all squared three points each in the center team,goal_kick,0.7814
720,724,and were all squared three points each in the center team,normal_play,0.0
722,726,and were all squared three points each in the center team well they certainly had some kicking issues against wales,normal_play,0.0
724,728,well they certainly had some kicking issues against wales,normal_play,0.0
726,730,well they certainly had some kicking issues against wales thats a pretty decent start though from the scram off simrani kurovoli,normal_play,0.0
728,732,well they certainly had some kicking issues against wales thats a pretty decent start though from the scram off simrani kurovoli,normal_play,0.0
730,734,thats a pretty decent start though from the scram off simrani kurovoli decent stride as he kicked it he had a slight hesitation,normal_play,0.0
732,736,thats a pretty decent start though from the scram off simrani kurovoli decent stride as he kicked it he had a slight hesitation it curled in nicely,kick_off,0.1931
734,738,decent stride as he kicked it he had a slight hesitation it curled in nicely rear piece,kick_off,0.1931
736,740,it curled in nicely rear piece,kick_off,0.1931
738,742,rear piece australia send the restart deep down into fiji territory fielded by tietetela,kick_off,0.1931
740,744,australia send the restart deep down into fiji territory fielded by tietetela,normal_play,0.0
742,746,australia send the restart deep down into fiji territory fielded by tietetela,normal_play,0.0
744,748,australia send the restart deep down into fiji territory fielded by tietetela returns favor,normal_play,0.0054
746,750,returns favor good chance for australia to build again on the 10 meter line,normal_play,0.0054
748,752,good chance for australia to build again on the 10 meter line,normal_play,0.0054
750,754,good chance for australia to build again on the 10 meter line,normal_play,0.0054
752,756,good chance for australia to build again on the 10 meter line,normal_play,0.0
754,758,carbon copy of the australian exit wasnt it,normal_play,0.0
756,760,carbon copy of the australian exit wasnt it,lineout,0.121
758,762,carbon copy of the australian exit wasnt it,lineout,0.121
760,764,more,lineout,0.121
762,766,more australia got it well controlled in the back through the captain poriky,lineout,0.121
764,768,australia got it well controlled in the back through the captain poriky,maul,0.2353
766,770,australia got it well controlled in the back through the captain poriky,maul,0.2353
768,772,australia got it well controlled in the back through the captain poriky what did the captain see today in just a 17th test,maul,0.2353
770,774,australia got it well controlled in the back through the captain poriky what did the captain see today in just a 17th test having a little peek its nice and organized and they peeled off some great meters now for white to be able to clear off and try and get his back line going,maul,0.2353
772,776,what did the captain see today in just a 17th test having a little peek its nice and organized and they peeled off some great meters now for white to be able to clear off and try and get his back line going,maul,0.2353
774,778,having a little peek its nice and organized and they peeled off some great meters now for white to be able to clear off and try and get his back line going,maul,0.2353
776,780,having a little peek its nice and organized and they peeled off some great meters now for white to be able to clear off and try and get his back line going,normal_play,0.0
778,782,having a little peek its nice and organized and they peeled off some great meters now for white to be able to clear off and try and get his back line going,normal_play,0.0
780,784,having a little peek its nice and organized and they peeled off some great meters now for white to be able to clear off and try and get his back line going but no way through the defense of tuisova,normal_play,0.0054
782,786,having a little peek its nice and organized and they peeled off some great meters now for white to be able to clear off and try and get his back line going but no way through the defense of tuisova white just scampering down that blindside just wrapped up by,normal_play,0.0054
784,788,but no way through the defense of tuisova white just scampering down that blindside just wrapped up by australia hit the 22 and gurnambetty plays half back,normal_play,0.0054
786,790,white just scampering down that blindside just wrapped up by australia hit the 22 and gurnambetty plays half back,normal_play,0.0054
788,792,australia hit the 22 and gurnambetty plays half back hes tom hooper,normal_play,0.0
790,794,hes tom hooper again trying to find a little seam in that fiji defense as carter gordon has absolutely bent in half,normal_play,0.0
792,796,again trying to find a little seam in that fiji defense as carter gordon has absolutely bent in half,normal_play,0.0054
794,798,again trying to find a little seam in that fiji defense as carter gordon has absolutely bent in half,normal_play,0.0054
796,800,again trying to find a little seam in that fiji defense as carter gordon has absolutely bent in half the ball goes forward into touch and fijis defense stands rather firm,normal_play,0.0054
798,802,the ball goes forward into touch and fijis defense stands rather firm,normal_play,0.0054
800,804,the ball goes forward into touch and fijis defense stands rather firm,normal_play,0.0
802,806,the ball goes forward into touch and fijis defense stands rather firm he is just smudged on that blindside,normal_play,0.0
804,808,he is just smudged on that blindside australia hitting around the fringes and then going blind again,normal_play,0.0054
806,810,he is just smudged on that blindside australia hitting around the fringes and then going blind again,normal_play,0.0054
808,812,australia hitting around the fringes and then going blind again that ball had gone it may well have been a little bit of a hit,normal_play,0.0054
810,814,that ball had gone it may well have been a little bit of a hit australia hitting around the fringes and then going blind again,normal_play,0.0054
812,816,that ball had gone it may well have been a little bit of a hit australia hitting around the fringes and then going blind again that ball had gone it may well have been a bit of space on the outside,normal_play,0.0
814,818,australia hitting around the fringes and then going blind again that ball had gone it may well have been a bit of space on the outside,normal_play,0.0
816,820,that ball had gone it may well have been a bit of space on the outside it needed to go,normal_play,0.0
818,822,that ball had gone it may well have been a bit of space on the outside it needed to go thats got to hurt,normal_play,0.0
820,824,it needed to go thats got to hurt wowzer,normal_play,0.0
822,826,thats got to hurt wowzer,normal_play,0.0
824,828,wowzer,normal_play,0.0
826,830,could feel that up here in the stadium,normal_play,0.0
828,832,could feel that up here in the stadium,normal_play,0.0
830,834,could feel that up here in the stadium both of you,normal_play,0.0
832,836,could feel that up here in the stadium both of you no just both of you higher bind,normal_play,0.0
834,838,both of you no just both of you higher bind i did talk about plate tectonics earlier,normal_play,0.0
836,840,no just both of you higher bind i did talk about plate tectonics earlier look at his body position when hes going in for that tackle,normal_play,0.0
838,842,i did talk about plate tectonics earlier look at his body position when hes going in for that tackle,normal_play,0.0
840,844,look at his body position when hes going in for that tackle you know hes basically at 45 degrees so hes already in a perfect position to actually go in,normal_play,0.0
842,846,you know hes basically at 45 degrees so hes already in a perfect position to actually go in,normal_play,0.0
844,848,you know hes basically at 45 degrees so hes already in a perfect position to actually go in there was another player just outside but that hit just to bring down the fly off for australia,normal_play,0.0
846,850,there was another player just outside but that hit just to bring down the fly off for australia,normal_play,0.0
848,852,there was another player just outside but that hit just to bring down the fly off for australia carter gordon absolutely perfect,normal_play,0.0
850,854,there was another player just outside but that hit just to bring down the fly off for australia carter gordon absolutely perfect,normal_play,0.0
852,856,carter gordon absolutely perfect well australia will be really worried about this wont they,normal_play,0.0
854,858,well australia will be really worried about this wont they,normal_play,0.0
856,860,well australia will be really worried about this wont they problems in the front row already,normal_play,0.0
858,862,problems in the front row already slipper now with a bit of fall in one of his ankles getting it strapped up,normal_play,0.0
860,864,slipper now with a bit of fall in one of his ankles getting it strapped up,normal_play,0.0
862,866,slipper now with a bit of fall in one of his ankles getting it strapped up hes had a foot tendon issue james slipper in the build up to the tournament one that he sort of thought might,normal_play,0.0
864,868,slipper now with a bit of fall in one of his ankles getting it strapped up hes had a foot tendon issue james slipper in the build up to the tournament one that he sort of thought might,normal_play,0.0
866,870,hes had a foot tendon issue james slipper in the build up to the tournament one that he sort of thought might,normal_play,0.0
868,872,hes had a foot tendon issue james slipper in the build up to the tournament one that he sort of thought might a couple of weeks back really stop him from playing so he just cannot afford to lose another front row,normal_play,0.0
870,874,hes had a foot tendon issue james slipper in the build up to the tournament one that he sort of thought might a couple of weeks back really stop him from playing so he just cannot afford to lose another front row,normal_play,0.0
872,876,a couple of weeks back really stop him from playing so he just cannot afford to lose another front row,normal_play,0.0
874,878,a couple of weeks back really stop him from playing so he just cannot afford to lose another front row i thought it was a good contest,normal_play,0.0
876,880,a couple of weeks back really stop him from playing so he just cannot afford to lose another front row i thought it was a good contest okay happy fellows,normal_play,0.0
878,882,i thought it was a good contest okay happy fellows happy,normal_play,0.0
880,884,okay happy fellows happy,normal_play,0.0
882,886,happy,normal_play,0.0
888,892,come on,normal_play,0.0
890,894,come on,normal_play,0.0
892,896,come on come on,normal_play,0.0
894,898,come on come on,normal_play,0.0
896,900,come on come on it is a beautiful occasion isnt it,normal_play,0.0
898,902,come on it is a beautiful occasion isnt it the crowd are just getting involved now,normal_play,0.0
900,904,it is a beautiful occasion isnt it the crowd are just getting involved now it is just so special,normal_play,0.0
902,906,the crowd are just getting involved now it is just so special boys,normal_play,0.0
904,908,it is just so special boys boys,scrum,0.1461
906,910,boys boys boys,scrum,0.1461
908,912,boys boys 13 minutes gone three points apiece,scrum,0.1461
910,914,boys 13 minutes gone three points apiece,scrum,0.1461
912,916,13 minutes gone three points apiece a penalty by the side for fiji and australia,scrum,0.1461
914,918,13 minutes gone three points apiece a penalty by the side for fiji and australia simeone kurovoli,scrum,0.1461
916,920,a penalty by the side for fiji and australia simeone kurovoli well eventually dig this out in fact were going to reset the scrum,scrum,0.1461
918,922,simeone kurovoli well eventually dig this out in fact were going to reset the scrum,scrum,0.1461
920,924,well eventually dig this out in fact were going to reset the scrum the first one was a thing of beauty you said joel stransky,normal_play,0.0
922,926,well eventually dig this out in fact were going to reset the scrum the first one was a thing of beauty you said joel stransky the proceeding havent been quite so good,normal_play,0.0
924,928,the first one was a thing of beauty you said joel stransky the proceeding havent been quite so good the second one was pretty tough and pretty close and then the next two have just been a little bit messy,normal_play,0.0
926,930,the proceeding havent been quite so good the second one was pretty tough and pretty close and then the next two have just been a little bit messy,normal_play,0.0
928,932,the second one was pretty tough and pretty close and then the next two have just been a little bit messy,normal_play,0.0
930,934,the second one was pretty tough and pretty close and then the next two have just been a little bit messy,normal_play,0.0
932,936,the second one was pretty tough and pretty close and then the next two have just been a little bit messy,normal_play,0.0
934,938,and henry brace has been quite patient to be honest,normal_play,0.0
936,940,and henry brace has been quite patient to be honest some reps may well have put the arm up there against one or the other,normal_play,0.0
938,942,and henry brace has been quite patient to be honest some reps may well have put the arm up there against one or the other,normal_play,0.0
940,944,some reps may well have put the arm up there against one or the other alignments,normal_play,0.0
942,946,some reps may well have put the arm up there against one or the other alignments,normal_play,0.0
944,948,alignments strapping going on the knee it looks like a real mens match as well,normal_play,0.0
946,950,strapping going on the knee it looks like a real mens match as well,normal_play,0.0
948,952,strapping going on the knee it looks like a real mens match as well,normal_play,0.0
950,954,strapping going on the knee it looks like a real mens match as well the last two scrum have been messy okay,normal_play,0.0
952,956,the last two scrum have been messy okay come on,normal_play,0.0
954,958,come on it looks more like a one out lifting strapping than an actual problem with his leg,normal_play,0.0
956,960,it looks more like a one out lifting strapping than an actual problem with his leg,normal_play,0.0
958,962,it looks more like a one out lifting strapping than an actual problem with his leg straight,normal_play,0.0
960,964,straight good heights,scrum,0.1461
962,966,good heights crowds,scrum,0.1461
964,968,crowds boys,scrum,0.1461
966,970,boys,scrum,0.1461
968,972,boys save all,scrum,0.1461
970,974,save all,scrum,0.1461
976,980,this time kurovoli does get it away and fiji look to spread and spread quickly,normal_play,0.0
978,982,this time kurovoli does get it away and fiji look to spread and spread quickly,normal_play,0.0
980,984,this time kurovoli does get it away and fiji look to spread and spread quickly and theyve created space here for simeone rundradja to power up over half way,normal_play,0.0054
982,986,and theyve created space here for simeone rundradja to power up over half way,normal_play,0.0054
984,988,and theyve created space here for simeone rundradja to power up over half way massive shot coming across,normal_play,0.0054
986,990,and theyve created space here for simeone rundradja to power up over half way massive shot coming across samu kurovoli put the shoulder in and did it at risk for kurovoli,normal_play,0.0054
988,992,massive shot coming across samu kurovoli put the shoulder in and did it at risk for kurovoli,normal_play,0.0
990,994,samu kurovoli put the shoulder in and did it at risk for kurovoli up to the 10 metre line,normal_play,0.0
992,996,samu kurovoli put the shoulder in and did it at risk for kurovoli up to the 10 metre line fiji on attack reconceding the penalty,penalty,0.3546
994,998,up to the 10 metre line fiji on attack reconceding the penalty,penalty,0.3546
996,1000,fiji on attack reconceding the penalty theres excellent work in there,penalty,0.3546
998,1002,theres excellent work in there ben donaldson coming up with it,penalty,0.3546
1000,1004,ben donaldson coming up with it,normal_play,0.0
1002,1006,ben donaldson coming up with it beautiful little move there trying to free rundradja up on the outside,normal_play,0.0
1004,1008,beautiful little move there trying to free rundradja up on the outside,normal_play,0.0
1006,1010,beautiful little move there trying to free rundradja up on the outside clearly got back on side and took the hit,normal_play,0.0
1008,1012,clearly got back on side and took the hit just a little bit of a protection of the ball,normal_play,0.0
1010,1014,and took the hit just a little bit of a protection of the ball look at this ball in one hand the flying winger,normal_play,0.0
1012,1016,just a little bit of a protection of the ball look at this ball in one hand the flying winger,normal_play,0.0
1014,1018,look at this ball in one hand the flying winger smashed,normal_play,0.0
1016,1020,look at this ball in one hand the flying winger smashed,normal_play,0.0054
1018,1022,smashed yeah wonderful reaction from the bench the australian bench of course just getting behind that little jackal,normal_play,0.0054
1020,1024,yeah wonderful reaction from the bench the australian bench of course just getting behind that little jackal,normal_play,0.0054
1022,1026,yeah wonderful reaction from the bench the australian bench of course just getting behind that little jackal,normal_play,0.0054
1024,1028,yeah wonderful reaction from the bench the australian bench of course just getting behind that little jackal very important for australia of course theyve got to prove that they can work at the breakdown,normal_play,0.0
1026,1030,yeah wonderful reaction from the bench the australian bench of course just getting behind that little jackal very important for australia of course theyve got to prove that they can work at the breakdown,normal_play,0.0
1028,1032,very important for australia of course theyve got to prove that they can work at the breakdown rip that ball,normal_play,0.0
1030,1034,very important for australia of course theyve got to prove that they can work at the breakdown rip that ball pierre henri boncart the french mall and coach has been working really hard on getting in there,normal_play,0.0
1032,1036,rip that ball pierre henri boncart the french mall and coach has been working really hard on getting in there,normal_play,0.0
1034,1038,pierre henri boncart the french mall and coach has been working really hard on getting in there,normal_play,0.0
1036,1040,pierre henri boncart the french mall and coach has been working really hard on getting in there the speed of getting in and trying to jackal the ball make the turnover,lineout,0.121
1038,1042,pierre henri boncart the french mall and coach has been working really hard on getting in there the speed of getting in and trying to jackal the ball make the turnover pericchi has been good from the line out he continues to be so,lineout,0.121
1040,1044,the speed of getting in and trying to jackal the ball make the turnover pericchi has been good from the line out he continues to be so,lineout,0.121
1042,1046,pericchi has been good from the line out he continues to be so carter gordon now up to the line little switch of play for valentini through the middle,lineout,0.121
1044,1048,carter gordon now up to the line little switch of play for valentini through the middle,normal_play,0.0
1046,1050,carter gordon now up to the line little switch of play for valentini through the middle trying to punch a hole instead,normal_play,0.0
1048,1052,trying to punch a hole instead hes lost the ball forward and its hacked away awkwardly by the lock forward,normal_play,0.0054
1050,1054,hes lost the ball forward and its hacked away awkwardly by the lock forward,normal_play,0.0054
1052,1056,hes lost the ball forward and its hacked away awkwardly by the lock forward narsila silla will go back and play the knock on,normal_play,0.0054
1054,1058,narsila silla will go back and play the knock on fortunately because that had landed straight in the arms of kurovici,normal_play,0.0054
1056,1060,narsila silla will go back and play the knock on fortunately because that had landed straight in the arms of kurovici,normal_play,0.0
1058,1062,fortunately because that had landed straight in the arms of kurovici hell be really happy to have heard the whistle blow that time around,normal_play,0.0
1060,1064,hell be really happy to have heard the whistle blow that time around great steal again,normal_play,0.0
1062,1066,hell be really happy to have heard the whistle blow that time around great steal again contact,normal_play,0.0
1064,1068,great steal again contact brutal head down,normal_play,0.0
1066,1070,contact brutal head down valentini carrying it up strongly but doesnt hang on,normal_play,0.0
1068,1072,brutal head down valentini carrying it up strongly but doesnt hang on,normal_play,0.0
1070,1074,valentini carrying it up strongly but doesnt hang on,normal_play,0.0
1072,1076,valentini carrying it up strongly but doesnt hang on he is a cool common collective and he reminds me a little of siya khaleesi in some ways,normal_play,0.0
1074,1078,he is a cool common collective and he reminds me a little of siya khaleesi in some ways,normal_play,0.0
1076,1080,he is a cool common collective and he reminds me a little of siya khaleesi in some ways,normal_play,0.0
1078,1082,he is a cool common collective and he reminds me a little of siya khaleesi in some ways just as the same charisma the same demeanor,normal_play,0.0
1080,1084,he is a cool common collective and he reminds me a little of siya khaleesi in some ways just as the same charisma the same demeanor,normal_play,0.0
1082,1086,just as the same charisma the same demeanor just always looks in control always calm always leading,normal_play,0.0
1084,1088,just as the same charisma the same demeanor just always looks in control always calm always leading,normal_play,0.0
1086,1090,just always looks in control always calm always leading,normal_play,0.0
1088,1092,just always looks in control always calm always leading,normal_play,0.0
1090,1094,same again please,normal_play,0.0
1092,1096,same again please,normal_play,0.0
1094,1098,same again please close,normal_play,0.0
1096,1100,close midfield scrum for the fijians just slightly off center,scrum,0.1461
1098,1102,close midfield scrum for the fijians just slightly off center,scrum,0.1461
1100,1104,midfield scrum for the fijians just slightly off center 25 meters out from their own both and theyve shown the willingness to run from deep early on,scrum,0.1461
1102,1106,midfield scrum for the fijians just slightly off center 25 meters out from their own both and theyve shown the willingness to run from deep early on,scrum,0.1461
1104,1108,25 meters out from their own both and theyve shown the willingness to run from deep early on,scrum,0.1461
1106,1110,25 meters out from their own both and theyve shown the willingness to run from deep early on expect more of the same exactly trying to get wide early again to wainegola with his elusive running style,scrum,0.1461
1108,1112,25 meters out from their own both and theyve shown the willingness to run from deep early on expect more of the same exactly trying to get wide early again to wainegola with his elusive running style,scrum,0.1461
1110,1114,expect more of the same exactly trying to get wide early again to wainegola with his elusive running style,scrum,0.1461
1112,1116,expect more of the same exactly trying to get wide early again to wainegola with his elusive running style,normal_play,0.0054
1114,1118,expect more of the same exactly trying to get wide early again to wainegola with his elusive running style the offload only found his opposite though,normal_play,0.0054
1116,1120,expect more of the same exactly trying to get wide early again to wainegola with his elusive running style the offload only found his opposite though his opponent nick white,normal_play,0.0054
1118,1122,the offload only found his opposite though his opponent nick white heres naungane kowasi he puts food to ball,normal_play,0.0054
1120,1124,his opponent nick white heres naungane kowasi he puts food to ball hes bounced back in the hands of the australians bouncing around all over the place,normal_play,0.0
1122,1126,heres naungane kowasi he puts food to ball hes bounced back in the hands of the australians bouncing around all over the place,normal_play,0.0
1124,1128,hes bounced back in the hands of the australians bouncing around all over the place,normal_play,0.0054
1126,1130,hes bounced back in the hands of the australians bouncing around all over the place it was tom hooper who scooped it up,normal_play,0.0054
1128,1132,it was tom hooper who scooped it up so australia looked at countering again through mcwright,normal_play,0.0054
1130,1134,so australia looked at countering again through mcwright,normal_play,0.0054
1132,1136,so australia looked at countering again through mcwright thats a good charge,normal_play,0.0
1134,1138,thats a good charge,normal_play,0.0
1136,1140,thats a good charge promising australian forward trying to work down a short side,normal_play,0.0054
1138,1142,promising australian forward trying to work down a short side,normal_play,0.0054
1140,1144,promising australian forward trying to work down a short side karemi almost got rid of tela,normal_play,0.0054
1142,1146,karemi almost got rid of tela,normal_play,0.0054
1144,1148,karemi almost got rid of tela still there for australia though and nick frost this time,normal_play,0.0054
1146,1150,still there for australia though and nick frost this time making good meters with each carry and now white will turn around and try and find some open territory at the back,normal_play,0.0054
1148,1152,still there for australia though and nick frost this time making good meters with each carry and now white will turn around and try and find some open territory at the back,normal_play,0.0054
1150,1154,making good meters with each carry and now white will turn around and try and find some open territory at the back,normal_play,0.0054
1152,1156,making good meters with each carry and now white will turn around and try and find some open territory at the back and the kicks going to dribble dead,normal_play,0.0
1154,1158,making good meters with each carry and now white will turn around and try and find some open territory at the back and the kicks going to dribble dead,normal_play,0.0
1156,1160,and the kicks going to dribble dead,normal_play,0.0054
1158,1162,and the kicks going to dribble dead,normal_play,0.0054
1162,1166,okay kowasi fans chin in their palm of their hands not understanding the decision,normal_play,0.0
1164,1168,okay kowasi fans chin in their palm of their hands not understanding the decision,normal_play,0.0
1166,1170,kowasi fans chin in their palm of their hands not understanding the decision,normal_play,0.0
1168,1172,kowasi fans chin in their palm of their hands not understanding the decision it was a bit of space to kick in here to be fair but im not sure karebeti was ready to make the chase either which is important,normal_play,0.0
1170,1174,kowasi fans chin in their palm of their hands not understanding the decision it was a bit of space to kick in here to be fair but im not sure karebeti was ready to make the chase either which is important,normal_play,0.0
1172,1176,it was a bit of space to kick in here to be fair but im not sure karebeti was ready to make the chase either which is important,normal_play,0.0
1174,1178,it was a bit of space to kick in here to be fair but im not sure karebeti was ready to make the chase either which is important,normal_play,0.0
1176,1180,it was a bit of space to kick in here to be fair but im not sure karebeti was ready to make the chase either which is important last play down the bounce side and karemi almost away,normal_play,0.0
1178,1182,last play down the bounce side and karemi almost away,normal_play,0.0
1180,1184,last play down the bounce side and karemi almost away,normal_play,0.0
1182,1186,last play down the bounce side and karemi almost away hes big strong and powerful,normal_play,0.0
1184,1188,hes big strong and powerful seemed a little bit of space but theres no real chase from karebeti and didnt get the bounce he needed,normal_play,0.0
1186,1190,seemed a little bit of space but theres no real chase from karebeti and didnt get the bounce he needed,normal_play,0.0
1188,1192,seemed a little bit of space but theres no real chase from karebeti and didnt get the bounce he needed,normal_play,0.0
1190,1194,seemed a little bit of space but theres no real chase from karebeti and didnt get the bounce he needed little unlucky with the bounce really,normal_play,0.0
1192,1196,little unlucky with the bounce really yeah when youre ready mate,normal_play,0.0
1194,1198,yeah when youre ready mate no i was just saying when youre ready he does have quite possibly the worst moustache in world rugby and i love it,normal_play,0.0
1196,1200,no i was just saying when youre ready he does have quite possibly the worst moustache in world rugby and i love it,normal_play,0.0
1198,1202,he does have quite possibly the worst moustache in world rugby and i love it,normal_play,0.0
1200,1204,he does have quite possibly the worst moustache in world rugby and i love it the worst or the best,scrum,0.1461
1202,1206,he does have quite possibly the worst moustache in world rugby and i love it the worst or the best or the best quite possibly i did enjoy seeing him twirl it in the little mans,scrum,0.1461
1204,1208,the worst or the best or the best quite possibly i did enjoy seeing him twirl it in the little mans,scrum,0.1461
1206,1210,i did enjoy seeing him twirl it in the little mans never has a moustache suited a person quite as much,scrum,0.1461
1208,1212,i did enjoy seeing him twirl it in the little mans never has a moustache suited a person quite as much,scrum,0.1461
1210,1214,never has a moustache suited a person quite as much hes got a volley now as its a good scrum for vj again and once more,scrum,0.1461
1212,1216,never has a moustache suited a person quite as much hes got a volley now as its a good scrum for vj again and once more,scrum,0.1461
1214,1218,hes got a volley now as its a good scrum for vj again and once more hes sore but this time just so hard to put down,scrum,0.1461
1216,1220,hes got a volley now as its a good scrum for vj again and once more hes sore but this time just so hard to put down,normal_play,0.0
1218,1222,hes sore but this time just so hard to put down this time well bang it down the middle of the field,normal_play,0.0
1220,1224,hes sore but this time just so hard to put down this time well bang it down the middle of the field donaldsons back there in plenty of time sweeping across the trolling the backfield,normal_play,0.0054
1222,1226,this time well bang it down the middle of the field donaldsons back there in plenty of time sweeping across the trolling the backfield,normal_play,0.0054
1224,1228,donaldsons back there in plenty of time sweeping across the trolling the backfield ben donaldson hes been very assured and all hes done so far in this entire world cup and thats a great exit as well,normal_play,0.0054
1226,1230,donaldsons back there in plenty of time sweeping across the trolling the backfield ben donaldson hes been very assured and all hes done so far in this entire world cup and thats a great exit as well,normal_play,0.0054
1228,1232,ben donaldson hes been very assured and all hes done so far in this entire world cup and thats a great exit as well,normal_play,0.0054
1230,1234,ben donaldson hes been very assured and all hes done so far in this entire world cup and thats a great exit as well,normal_play,0.0054
1232,1236,ben donaldson hes been very assured and all hes done so far in this entire world cup and thats a great exit as well,normal_play,0.0054
1234,1238,ben donaldson hes been very assured and all hes done so far in this entire world cup and thats a great exit as well theres probably not been too much stress on the territorial game just yet but its been a good one,normal_play,0.0054
1236,1240,theres probably not been too much stress on the territorial game just yet but its been a good one,normal_play,0.0054
1238,1242,theres probably not been too much stress on the territorial game just yet but its been a good one hes been very concerned about the way hes been played and how hes been playing as well,normal_play,0.0054
1240,1244,theres probably not been too much stress on the territorial game just yet but its been a good one hes been very concerned about the way hes been played and how hes been playing as well,normal_play,0.0054
1242,1246,hes been very concerned about the way hes been played and how hes been playing as well hes been very concerned about the way hes been played and how hes been playing as well,normal_play,0.0054
1244,1248,hes been very concerned about the way hes been played and how hes been playing as well its probably not been too much stress on the territorial game just yet,normal_play,0.0054
1246,1250,hes been very concerned about the way hes been played and how hes been playing as well its probably not been too much stress on the territorial game just yet,normal_play,0.0054
1248,1252,its probably not been too much stress on the territorial game just yet its parity in terms of the physicality,normal_play,0.0
1250,1254,its parity in terms of the physicality the set piece australia playing a little bit more off the middle,normal_play,0.0
1252,1256,the set piece australia playing a little bit more off the middle,normal_play,0.0
1254,1258,the set piece australia playing a little bit more off the middle fiji playing a little bit wider,normal_play,0.0
1256,1260,fiji playing a little bit wider can understand them all of a sudden little bit of kicking and looking at territory,normal_play,0.0
1258,1262,can understand them all of a sudden little bit of kicking and looking at territory,normal_play,0.0
1260,1264,can understand them all of a sudden little bit of kicking and looking at territory,lineout,0.121
1262,1266,neither team has given a quarter in this opening 20 minutes parity across the board,lineout,0.121
1264,1268,neither team has given a quarter in this opening 20 minutes parity across the board,lineout,0.121
1266,1270,neither team has given a quarter in this opening 20 minutes parity across the board very few errors as woutseekwe,lineout,0.121
1268,1272,neither team has given a quarter in this opening 20 minutes parity across the board very few errors as woutseekwe appeals away good tackle made on him by porreki but mataweisi is there to bring fiji up over,lineout,0.121
1270,1274,very few errors as woutseekwe appeals away good tackle made on him by porreki but mataweisi is there to bring fiji up over,lineout,0.121
1272,1276,appeals away good tackle made on him by porreki but mataweisi is there to bring fiji up over,normal_play,0.0054
1274,1278,appeals away good tackle made on him by porreki but mataweisi is there to bring fiji up over,normal_play,0.0054
1276,1280,appeals away good tackle made on him by porreki but mataweisi is there to bring fiji up over halfway and get a penalty as well going against fraser mcride losing his feet,normal_play,0.0054
1278,1282,appeals away good tackle made on him by porreki but mataweisi is there to bring fiji up over halfway and get a penalty as well going against fraser mcride losing his feet,normal_play,0.0054
1280,1284,halfway and get a penalty as well going against fraser mcride losing his feet,penalty,0.3546
1282,1286,halfway and get a penalty as well going against fraser mcride losing his feet just shows you if you play quickly from the line up theres that 10 meter space to run into the,penalty,0.3546
1284,1288,just shows you if you play quickly from the line up theres that 10 meter space to run into the,normal_play,0.0
1286,1290,just shows you if you play quickly from the line up theres that 10 meter space to run into the camera on the corner very quickly did fiji some good quick easy space made,normal_play,0.0
1288,1292,just shows you if you play quickly from the line up theres that 10 meter space to run into the camera on the corner very quickly did fiji some good quick easy space made,normal_play,0.0
1290,1294,camera on the corner very quickly did fiji some good quick easy space made,normal_play,0.0
1292,1296,camera on the corner very quickly did fiji some good quick easy space made and its going to be another shot at goal for,normal_play,0.0
1294,1298,and its going to be another shot at goal for,normal_play,0.0
1296,1300,and its going to be another shot at goal for,normal_play,0.0
1298,1302,him,normal_play,0.0
1300,1304,him,normal_play,0.0
1302,1306,him im very impressed by the discipline of fiji you know coming out of the wales game and they,normal_play,0.0
1304,1308,im very impressed by the discipline of fiji you know coming out of the wales game and they,normal_play,0.0
1306,1310,im very impressed by the discipline of fiji you know coming out of the wales game and they,normal_play,0.0
1308,1312,im very impressed by the discipline of fiji you know coming out of the wales game and they theyve just showed that they really work hard to try not to commit that and give away penalty,normal_play,0.0
1310,1314,im very impressed by the discipline of fiji you know coming out of the wales game and they theyve just showed that they really work hard to try not to commit that and give away penalty,normal_play,0.0
1312,1316,theyve just showed that they really work hard to try not to commit that and give away penalty,normal_play,0.0
1314,1318,theyve just showed that they really work hard to try not to commit that and give away penalty foolish penalty working really hard and on that occasion just getting one for themselves you know,normal_play,0.0
1316,1320,theyve just showed that they really work hard to try not to commit that and give away penalty foolish penalty working really hard and on that occasion just getting one for themselves you know,normal_play,0.0
1318,1322,foolish penalty working really hard and on that occasion just getting one for themselves you know its its good work that they do and good collective work from the forwards also the backs getting,normal_play,0.0
1320,1324,foolish penalty working really hard and on that occasion just getting one for themselves you know its its good work that they do and good collective work from the forwards also the backs getting,normal_play,0.0
1322,1326,its its good work that they do and good collective work from the forwards also the backs getting involved great work at the breakdown and working working their socks off hold still please australia,normal_play,0.0
1324,1328,its its good work that they do and good collective work from the forwards also the backs getting involved great work at the breakdown and working working their socks off hold still please australia,normal_play,0.0
1326,1330,involved great work at the breakdown and working working their socks off hold still please australia,normal_play,0.0
1328,1332,involved great work at the breakdown and working working their socks off hold still please australia,goal_kick,0.7814
1330,1334,involved great work at the breakdown and working working their socks off hold still please australia,goal_kick,0.7814
1332,1336,involved great work at the breakdown and working working their socks off hold still please australia,goal_kick,0.7814
1334,1338,this one now 45 odd on the angle joel yeah the shot clock worries me it does take his time,goal_kick,0.7814
1336,1340,this one now 45 odd on the angle joel yeah the shot clock worries me it does take his time,goal_kick,0.7814
1338,1342,this one now 45 odd on the angle joel yeah the shot clock worries me it does take his time,goal_kick,0.7814
1340,1344,this one now 45 odd on the angle joel yeah the shot clock worries me it does take his time intense focus again the distance is no problem nor is the direction its superb kicking from,goal_kick,0.7814
1342,1346,this one now 45 odd on the angle joel yeah the shot clock worries me it does take his time intense focus again the distance is no problem nor is the direction its superb kicking from,goal_kick,0.7814
1344,1348,intense focus again the distance is no problem nor is the direction its superb kicking from,goal_kick,0.7814
1346,1350,intense focus again the distance is no problem nor is the direction its superb kicking from,goal_kick,0.7814
1348,1352,intense focus again the distance is no problem nor is the direction its superb kicking from,goal_kick,0.7814
1350,1354,intense focus again the distance is no problem nor is the direction its superb kicking from,goal_kick,0.7814
1352,1356,intense focus again the distance is no problem nor is the direction its superb kicking from,goal_kick,0.7814
1354,1358,intense focus again the distance is no problem nor is the direction its superb kicking from simeone coravalli to put fiji in front of the second penalty six points to three,goal_kick,0.7814
1356,1360,intense focus again the distance is no problem nor is the direction its superb kicking from simeone coravalli to put fiji in front of the second penalty six points to three,goal_kick,0.7814
1358,1362,simeone coravalli to put fiji in front of the second penalty six points to three,goal_kick,0.7814
1360,1364,simeone coravalli to put fiji in front of the second penalty six points to three well thats a great strike under enormous pressure his team back against the walls,normal_play,0.0
1362,1366,well thats a great strike under enormous pressure his team back against the walls,normal_play,0.0
1364,1368,well thats a great strike under enormous pressure his team back against the walls,normal_play,0.0
1366,1370,well thats a great strike under enormous pressure his team back against the walls,normal_play,0.0
1368,1372,well thats a great strike under enormous pressure his team back against the walls,normal_play,0.0
1370,1374,well thats a great strike under enormous pressure his team back against the walls pressure on this young scrum off its a superb kick,normal_play,0.0
1372,1376,well thats a great strike under enormous pressure his team back against the walls pressure on this young scrum off its a superb kick,normal_play,0.0
1374,1378,pressure on this young scrum off its a superb kick,normal_play,0.0
1376,1380,pressure on this young scrum off its a superb kick,kick_off,0.1931
1380,1384,fiji having now nudged just in front because its brought down by williami matta,kick_off,0.1931
1382,1386,fiji having now nudged just in front because its brought down by williami matta,kick_off,0.1931
1384,1388,fiji having now nudged just in front because its brought down by williami matta,normal_play,0.0
1386,1390,fiji having now nudged just in front because its brought down by williami matta,normal_play,0.0
1388,1392,fiji having now nudged just in front because its brought down by williami matta,normal_play,0.0054
1390,1394,fiji fans singing here going around,normal_play,0.0054
1392,1396,fiji fans singing here going around,normal_play,0.0054
1394,1398,fiji fans singing here going around,normal_play,0.0054
1396,1400,fiji fans singing here going around this card of gordon will stand firm underneath this one brings it down just the right side but,normal_play,0.0054
1398,1402,this card of gordon will stand firm underneath this one brings it down just the right side but,normal_play,0.0054
1400,1404,this card of gordon will stand firm underneath this one brings it down just the right side but again its just ragged all into the sideline well theres a theres a couple of issues around,normal_play,0.0054
1402,1406,this card of gordon will stand firm underneath this one brings it down just the right side but again its just ragged all into the sideline well theres a theres a couple of issues around,normal_play,0.0054
1404,1408,again its just ragged all into the sideline well theres a theres a couple of issues around,normal_play,0.0054
1406,1410,again its just ragged all into the sideline well theres a theres a couple of issues around a kick for possession if you place it near the touch line and its well weighted you can get,normal_play,0.0054
1408,1412,again its just ragged all into the sideline well theres a theres a couple of issues around a kick for possession if you place it near the touch line and its well weighted you can get,normal_play,0.0054
1410,1414,a kick for possession if you place it near the touch line and its well weighted you can get,normal_play,0.0054
1412,1416,a kick for possession if you place it near the touch line and its well weighted you can get the man to touch and win the line out perfect kick again australia australia its had a good start to this game,normal_play,0.0054
1414,1418,the man to touch and win the line out perfect kick again australia australia its had a good start to this game,normal_play,0.0054
1416,1420,the man to touch and win the line out perfect kick again australia australia its had a good start to this game simeone coravalli,normal_play,0.0054
1418,1422,the man to touch and win the line out perfect kick again australia australia its had a good start to this game simeone coravalli,normal_play,0.0054
1420,1424,simeone coravalli,normal_play,0.0054
1422,1426,step please on the line on the line come in fiji,normal_play,0.0054
1424,1428,step please on the line on the line come in fiji,normal_play,0.0
1426,1430,step please on the line on the line come in fiji,normal_play,0.0
1428,1432,shortened line out for fiji its therefore nassila silla,lineout,0.121
1430,1434,shortened line out for fiji its therefore nassila silla,lineout,0.121
1432,1436,shortened line out for fiji its therefore nassila silla coravalli flicks it clever little ball back in field for tangitangivalu,lineout,0.121
1434,1438,shortened line out for fiji its therefore nassila silla coravalli flicks it clever little ball back in field for tangitangivalu,lineout,0.121
1436,1440,coravalli flicks it clever little ball back in field for tangitangivalu,normal_play,0.0
1438,1442,coravalli flicks it clever little ball back in field for tangitangivalu coravalli,normal_play,0.0
1440,1444,coravalli,normal_play,0.0054
1442,1446,runners just ready to peel around the corner,normal_play,0.0054
1444,1448,runners just ready to peel around the corner,normal_play,0.0054
1446,1450,runners just ready to peel around the corner good contest someone off the referee is a good contest but fiji maintaining possession,normal_play,0.0054
1448,1452,good contest someone off the referee is a good contest but fiji maintaining possession,normal_play,0.0054
1450,1454,good contest someone off the referee is a good contest but fiji maintaining possession kui sauver again,normal_play,0.0054
1452,1456,good contest someone off the referee is a good contest but fiji maintaining possession kui sauver again,normal_play,0.0054
1454,1458,kui sauver again puncturing this australian line tangitangivalu once more his second carry in the movement hes,normal_play,0.0054
1456,1460,puncturing this australian line tangitangivalu once more his second carry in the movement hes,normal_play,0.0054
1458,1462,puncturing this australian line tangitangivalu once more his second carry in the movement hes,normal_play,0.0054
1460,1464,puncturing this australian line tangitangivalu once more his second carry in the movement hes driven back in another good hit australias defense has been very well organized so far,normal_play,0.0054
1462,1466,puncturing this australian line tangitangivalu once more his second carry in the movement hes driven back in another good hit australias defense has been very well organized so far,normal_play,0.0054
1464,1468,driven back in another good hit australias defense has been very well organized so far,normal_play,0.0054
1466,1470,driven back in another good hit australias defense has been very well organized so far even though it might bend every so often,normal_play,0.0054
1468,1472,even though it might bend every so often,normal_play,0.0054
1470,1474,even though it might bend every so often mataveisi tips it on for tangitangivalu stolen away australian hands play on is the call,normal_play,0.0054
1472,1476,mataveisi tips it on for tangitangivalu stolen away australian hands play on is the call,normal_play,0.0054
1474,1478,mataveisi tips it on for tangitangivalu stolen away australian hands play on is the call,normal_play,0.0054
1476,1480,mataveisi tips it on for tangitangivalu stolen away australian hands play on is the call,normal_play,0.0054
1478,1482,mataveisi tips it on for tangitangivalu stolen away australian hands play on is the call,normal_play,0.0054
1480,1484,mataveisi tips it on for tangitangivalu stolen away australian hands play on is the call put a hackless away downfield its a huge trace for randrata the bounces perfect for australia,normal_play,0.0054
1482,1486,put a hackless away downfield its a huge trace for randrata the bounces perfect for australia,normal_play,0.0054
1484,1488,put a hackless away downfield its a huge trace for randrata the bounces perfect for australia,normal_play,0.0054
1486,1490,put a hackless away downfield its a huge trace for randrata the bounces perfect for australia its a 53 22 gone quickly have australia here sabu karevi ball back in field for nolonga netawasi,normal_play,0.0054
1488,1492,put a hackless away downfield its a huge trace for randrata the bounces perfect for australia its a 53 22 gone quickly have australia here sabu karevi ball back in field for nolonga netawasi,try,1.0
1490,1494,its a 53 22 gone quickly have australia here sabu karevi ball back in field for nolonga netawasi,try,1.0
1492,1496,its a 53 22 gone quickly have australia here sabu karevi ball back in field for nolonga netawasi,try,1.0
1494,1498,its a 53 22 gone quickly have australia here sabu karevi ball back in field for nolonga netawasi they caught fiji napping and mark nolonga netawasi has struck for australia,try,1.0
1496,1500,its a 53 22 gone quickly have australia here sabu karevi ball back in field for nolonga netawasi they caught fiji napping and mark nolonga netawasi has struck for australia,try,1.0
1498,1502,they caught fiji napping and mark nolonga netawasi has struck for australia,try,1.0
1500,1504,they caught fiji napping and mark nolonga netawasi has struck for australia,try,1.0
1502,1506,they caught fiji napping and mark nolonga netawasi has struck for australia well they have a reputation for being the thinkers of world rugby australia,try,1.0
1504,1508,well they have a reputation for being the thinkers of world rugby australia,normal_play,0.0
1506,1510,well they have a reputation for being the thinkers of world rugby australia they always come up with a way they make a plan boy have they made a plan this time around,normal_play,0.0
1508,1512,well they have a reputation for being the thinkers of world rugby australia they always come up with a way they make a plan boy have they made a plan this time around,normal_play,0.0
1510,1514,they always come up with a way they make a plan boy have they made a plan this time around great kick from nick white got the 50 22 and then take it this is where the turnover came,normal_play,0.0
1512,1516,they always come up with a way they make a plan boy have they made a plan this time around great kick from nick white got the 50 22 and then take it this is where the turnover came,normal_play,0.0
1514,1518,great kick from nick white got the 50 22 and then take it this is where the turnover came,normal_play,0.0
1516,1520,great kick from nick white got the 50 22 and then take it this is where the turnover came,normal_play,0.0
1518,1522,great kick from nick white got the 50 22 and then take it this is where the turnover came,normal_play,0.0
1520,1524,thats why you can get away with playing the ball on the ground like that,normal_play,0.0
1522,1526,thats why you can get away with playing the ball on the ground like that,normal_play,0.0
1524,1528,thats why you can get away with playing the ball on the ground like that the kick was a great one though to be fair and randrata was trying to get back there,normal_play,0.0
1526,1530,the kick was a great one though to be fair and randrata was trying to get back there,normal_play,0.0
1528,1532,the kick was a great one though to be fair and randrata was trying to get back there,normal_play,0.0
1530,1534,the kick was a great one though to be fair and randrata was trying to get back there the bounce is too good,normal_play,0.0
1532,1536,the kick was a great one though to be fair and randrata was trying to get back there the bounce is too good no happy knock on,normal_play,0.0
1534,1538,no happy knock on,normal_play,0.0
1536,1540,no happy knock on,normal_play,0.0
1538,1542,yeah its well taken and pretty much thought out just not sure that the,normal_play,0.0
1540,1544,yeah its well taken and pretty much thought out just not sure that the,normal_play,0.0
1542,1546,yeah its well taken and pretty much thought out just not sure that the,normal_play,0.0
1544,1548,yeah its well taken and pretty much thought out just not sure that the foundation on which it was bulk was right and that last one going up there,normal_play,0.0
1546,1550,yeah its well taken and pretty much thought out just not sure that the foundation on which it was bulk was right and that last one going up there,normal_play,0.0
1548,1552,foundation on which it was bulk was right and that last one going up there,normal_play,0.0
1550,1554,foundation on which it was bulk was right and that last one going up there mayatha levy is still having words with the referee andrew brace,normal_play,0.0
1552,1556,foundation on which it was bulk was right and that last one going up there mayatha levy is still having words with the referee andrew brace,goal_kick,0.7814
1554,1558,mayatha levy is still having words with the referee andrew brace but it was heads up play from karevi and that man nolonga netawasi a rising star of world rugby,goal_kick,0.7814
1556,1560,but it was heads up play from karevi and that man nolonga netawasi a rising star of world rugby,goal_kick,0.7814
1558,1562,but it was heads up play from karevi and that man nolonga netawasi a rising star of world rugby,goal_kick,0.7814
1560,1564,but it was heads up play from karevi and that man nolonga netawasi a rising star of world rugby,goal_kick,0.7814
1562,1566,but it was heads up play from karevi and that man nolonga netawasi a rising star of world rugby putting australia in front,goal_kick,0.7814
1564,1568,putting australia in front,goal_kick,0.7814
1566,1570,fiji hands okay its not fun thank you,goal_kick,0.7814
1568,1572,fiji hands okay its not fun thank you,goal_kick,0.7814
1570,1574,fiji hands okay its not fun thank you,goal_kick,0.7814
1580,1584,donaldson from wide and it will stay wide so the margin will be two,goal_kick,0.7814
1582,1586,donaldson from wide and it will stay wide so the margin will be two,goal_kick,0.7814
1584,1588,donaldson from wide and it will stay wide so the margin will be two australia with the first try in the match eight points to six,normal_play,0.0
1586,1590,donaldson from wide and it will stay wide so the margin will be two australia with the first try in the match eight points to six,normal_play,0.0
1588,1592,australia with the first try in the match eight points to six,normal_play,0.0
1596,1600,the sound of the crowd i think is enough said,normal_play,0.0
1598,1602,the sound of the crowd i think is enough said,normal_play,0.0
1600,1604,the sound of the crowd i think is enough said,normal_play,0.0
1610,1614,the crowd too seeing it on the big screen,kick_off,0.1931
1612,1616,the crowd too seeing it on the big screen,kick_off,0.1931
1614,1618,the crowd too seeing it on the big screen,kick_off,0.1931
1616,1620,the crowd too seeing it on the big screen the points are on the board and australia have some more this one down well as they,normal_play,0.0
1618,1622,the points are on the board and australia have some more this one down well as they,normal_play,0.0
1620,1624,the points are on the board and australia have some more this one down well as they move forward to get it rolling nicely very close to that sideline though very close,maul,0.2353
1622,1626,the points are on the board and australia have some more this one down well as they move forward to get it rolling nicely very close to that sideline though very close,maul,0.2353
1624,1628,move forward to get it rolling nicely very close to that sideline though very close,maul,0.2353
1626,1630,move forward to get it rolling nicely very close to that sideline though very close and the ball spilled on fijis side here goes kurovoli streaking away to the roar of the crowd,maul,0.2353
1628,1632,move forward to get it rolling nicely very close to that sideline though very close and the ball spilled on fijis side here goes kurovoli streaking away to the roar of the crowd,normal_play,0.0054
1630,1634,and the ball spilled on fijis side here goes kurovoli streaking away to the roar of the crowd again up towards the 22 and then lost by tangi down low,normal_play,0.0054
1632,1636,and the ball spilled on fijis side here goes kurovoli streaking away to the roar of the crowd again up towards the 22 and then lost by tangi down low,normal_play,0.0054
1634,1638,again up towards the 22 and then lost by tangi down low,normal_play,0.0054
1636,1640,again up towards the 22 and then lost by tangi down low tangis clearly over a little rash of blood clearly over hes ran from there guys yeah,normal_play,0.0054
1638,1642,tangis clearly over a little rash of blood clearly over hes ran from there guys yeah,normal_play,0.0054
1640,1644,tangis clearly over a little rash of blood clearly over hes ran from there guys yeah,normal_play,0.0054
1642,1646,tangis clearly over a little rash of blood clearly over hes ran from there guys yeah,normal_play,0.0054
1644,1648,tangis clearly over a little rash of blood clearly over hes ran from there guys yeah turnover ball so much space to run into maybe a little bit of excitement there for the big fella,normal_play,0.0054
1646,1650,turnover ball so much space to run into maybe a little bit of excitement there for the big fella,normal_play,0.0054
1648,1652,turnover ball so much space to run into maybe a little bit of excitement there for the big fella,normal_play,0.0054
1650,1654,turnover ball so much space to run into maybe a little bit of excitement there for the big fella okay left to the mark guys lets go great steal great turnover out it comes,normal_play,0.0054
1652,1656,okay left to the mark guys lets go great steal great turnover out it comes,normal_play,0.0054
1654,1658,okay left to the mark guys lets go great steal great turnover out it comes quick to australia kurovolis advantage is over hes clearly run from there,normal_play,0.0054
1656,1660,okay left to the mark guys lets go great steal great turnover out it comes quick to australia kurovolis advantage is over hes clearly run from there,normal_play,0.0
1658,1662,quick to australia kurovolis advantage is over hes clearly run from there fast feet stepping and going kumgon make the offload,normal_play,0.0
1660,1664,quick to australia kurovolis advantage is over hes clearly run from there fast feet stepping and going kumgon make the offload,normal_play,0.0
1662,1666,fast feet stepping and going kumgon make the offload,normal_play,0.0
1664,1668,fast feet stepping and going kumgon make the offload,normal_play,0.0
1666,1670,you can tell in a crowd of supporting every frenchman in the stadium is wearing a white top today,normal_play,0.0
1668,1672,you can tell in a crowd of supporting every frenchman in the stadium is wearing a white top today,normal_play,0.0
1670,1674,you can tell in a crowd of supporting every frenchman in the stadium is wearing a white top today,normal_play,0.0
1672,1676,you can tell in a crowd of supporting every frenchman in the stadium is wearing a white top today,normal_play,0.0
1678,1682,the roar you may have heard is from the crowd and i think the tmo has,normal_play,0.0
1680,1684,the roar you may have heard is from the crowd and i think the tmo has,normal_play,0.0
1682,1686,the roar you may have heard is from the crowd and i think the tmo has come in to have another look at something hats the hit on kurovoli as he went to ground,normal_play,0.0
1684,1688,the roar you may have heard is from the crowd and i think the tmo has come in to have another look at something hats the hit on kurovoli as he went to ground,normal_play,0.0
1686,1690,come in to have another look at something hats the hit on kurovoli as he went to ground,normal_play,0.0
1688,1692,come in to have another look at something hats the hit on kurovoli as he went to ground,normal_play,0.0
1690,1694,come in to have another look at something hats the hit on kurovoli as he went to ground,normal_play,0.0
1718,1722,first look,tmo_replay,0.75
1720,1724,first look,tmo_replay,0.75
1722,1726,first look,tmo_replay,0.75
1724,1728,first look,tmo_replay,0.75
1730,1734,you can also see that kurovoli dipping down into the nick white challenge and the tackle so you can,tmo_replay,0.75
1732,1736,you can also see that kurovoli dipping down into the nick white challenge and the tackle so you can,tmo_replay,0.75
1734,1738,you can also see that kurovoli dipping down into the nick white challenge and the tackle so you can,tmo_replay,0.75
1736,1740,you can also see that kurovoli dipping down into the nick white challenge and the tackle so you can obviously understand and theyre just giving a penalty which i think is the right decision,tmo_replay,0.75
1738,1742,you can also see that kurovoli dipping down into the nick white challenge and the tackle so you can obviously understand and theyre just giving a penalty which i think is the right decision,tmo_replay,0.75
1740,1744,obviously understand and theyre just giving a penalty which i think is the right decision,normal_play,0.0054
1742,1746,obviously understand and theyre just giving a penalty which i think is the right decision yeah i did right certainly no more than a penalty,normal_play,0.0054
1744,1748,yeah i did right certainly no more than a penalty,normal_play,0.0054
1746,1750,yeah i did right certainly no more than a penalty,normal_play,0.0054
1748,1752,its on the 15 net hes such a wily contender isnt he the number nine for fiji ducking and,normal_play,0.0
1750,1754,its on the 15 net hes such a wily contender isnt he the number nine for fiji ducking and,normal_play,0.0
1752,1756,its on the 15 net hes such a wily contender isnt he the number nine for fiji ducking and,normal_play,0.0
1754,1758,its on the 15 net hes such a wily contender isnt he the number nine for fiji ducking and diving such a difficult player to tackle where to tackle where to put your body because hes,normal_play,0.0
1756,1760,its on the 15 net hes such a wily contender isnt he the number nine for fiji ducking and diving such a difficult player to tackle where to tackle where to put your body because hes,normal_play,0.0054
1758,1762,diving such a difficult player to tackle where to tackle where to put your body because hes just slithering around in between defenders and all of a sudden he dips and thats hence the reason,normal_play,0.0054
1760,1764,diving such a difficult player to tackle where to tackle where to put your body because hes just slithering around in between defenders and all of a sudden he dips and thats hence the reason,normal_play,0.0054
1762,1766,just slithering around in between defenders and all of a sudden he dips and thats hence the reason,normal_play,0.0054
1764,1768,just slithering around in between defenders and all of a sudden he dips and thats hence the reason why its just a penalty makes sense i think the other element to this fijian side is they just see,normal_play,0.0
1766,1770,just slithering around in between defenders and all of a sudden he dips and thats hence the reason why its just a penalty makes sense i think the other element to this fijian side is they just see,normal_play,0.0
1768,1772,why its just a penalty makes sense i think the other element to this fijian side is they just see,normal_play,0.0
1770,1774,why its just a penalty makes sense i think the other element to this fijian side is they just see,normal_play,0.0
1772,1776,why its just a penalty makes sense i think the other element to this fijian side is they just see a bit of space and they just want to get into the space they just want to attack the gain line get,normal_play,0.0
1774,1778,why its just a penalty makes sense i think the other element to this fijian side is they just see a bit of space and they just want to get into the space they just want to attack the gain line get,normal_play,0.0
1776,1780,a bit of space and they just want to get into the space they just want to attack the gain line get get over get going forward did it brilliantly on that time,goal_kick,0.7814
1778,1782,a bit of space and they just want to get into the space they just want to attack the gain line get get over get going forward did it brilliantly on that time,goal_kick,0.7814
1780,1784,get over get going forward did it brilliantly on that time yeah nice little touch from nick white i wont criticize his mustache again thats a real gentlemanly,goal_kick,0.7814
1782,1786,yeah nice little touch from nick white i wont criticize his mustache again thats a real gentlemanly,goal_kick,0.7814
1784,1788,yeah nice little touch from nick white i wont criticize his mustache again thats a real gentlemanly,goal_kick,0.7814
1786,1790,yeah nice little touch from nick white i wont criticize his mustache again thats a real gentlemanly touch kurovoli having won the penalty for his side with that darting run,goal_kick,0.7814
1788,1792,yeah nice little touch from nick white i wont criticize his mustache again thats a real gentlemanly touch kurovoli having won the penalty for his side with that darting run,goal_kick,0.7814
1790,1794,touch kurovoli having won the penalty for his side with that darting run,goal_kick,0.7814
1792,1796,touch kurovoli having won the penalty for his side with that darting run,goal_kick,0.7814
1794,1798,touch kurovoli having won the penalty for his side with that darting run,goal_kick,0.7814
1796,1800,touch kurovoli having won the penalty for his side with that darting run chance to put his team back in front,goal_kick,0.7814
1798,1802,chance to put his team back in front,goal_kick,0.7814
1800,1804,chance to put his team back in front,goal_kick,0.7814
1806,1810,absolutely superb off the tee once more,normal_play,0.0
1808,1812,absolutely superb off the tee once more,normal_play,0.0
1810,1814,absolutely superb off the tee once more,normal_play,0.0
1812,1816,absolutely superb off the tee once more does just that and fiji nuts your head as we head towards the half hour mark its fiji 9 australia 8,normal_play,0.0
1814,1818,does just that and fiji nuts your head as we head towards the half hour mark its fiji 9 australia 8,normal_play,0.0
1816,1820,does just that and fiji nuts your head as we head towards the half hour mark its fiji 9 australia 8,normal_play,0.0
1818,1822,does just that and fiji nuts your head as we head towards the half hour mark its fiji 9 australia 8,normal_play,0.0
1820,1824,does just that and fiji nuts your head as we head towards the half hour mark its fiji 9 australia 8,normal_play,0.0
1822,1826,does just that and fiji nuts your head as we head towards the half hour mark its fiji 9 australia 8,normal_play,0.0
1836,1840,and use it kurovoli coming into the starting side for frank lomani whos on the bench,normal_play,0.0054
1838,1842,and use it kurovoli coming into the starting side for frank lomani whos on the bench,normal_play,0.0054
1840,1844,and use it kurovoli coming into the starting side for frank lomani whos on the bench,normal_play,0.0054
1842,1846,and use it kurovoli coming into the starting side for frank lomani whos on the bench,normal_play,0.0054
1844,1848,and use it kurovoli coming into the starting side for frank lomani whos on the bench,normal_play,0.0054
1846,1850,and use it kurovoli coming into the starting side for frank lomani whos on the bench sends this one down gordon is back there hes got good distance again though very good touch,normal_play,0.0054
1848,1852,and use it kurovoli coming into the starting side for frank lomani whos on the bench sends this one down gordon is back there hes got good distance again though very good touch,normal_play,0.0054
1850,1854,sends this one down gordon is back there hes got good distance again though very good touch,normal_play,0.0054
1852,1856,sends this one down gordon is back there hes got good distance again though very good touch finder once more from the halfback at the base its sensational what a great kick that is theyve,normal_play,0.0054
1854,1858,finder once more from the halfback at the base its sensational what a great kick that is theyve,normal_play,0.0054
1856,1860,finder once more from the halfback at the base its sensational what a great kick that is theyve made a lot of running meters as you can see but that is a superb kick the line please under pressure,normal_play,0.0
1858,1862,finder once more from the halfback at the base its sensational what a great kick that is theyve made a lot of running meters as you can see but that is a superb kick the line please under pressure,normal_play,0.0
1860,1864,made a lot of running meters as you can see but that is a superb kick the line please under pressure from the kickoff wanting to play downtown its a great result,normal_play,0.0054
1862,1866,made a lot of running meters as you can see but that is a superb kick the line please under pressure from the kickoff wanting to play downtown its a great result,normal_play,0.0054
1864,1868,from the kickoff wanting to play downtown its a great result,normal_play,0.0054
1866,1870,from the kickoff wanting to play downtown its a great result,normal_play,0.0054
1872,1876,pereky nice quick ball off the top foot frost gordon,normal_play,0.0
1874,1878,pereky nice quick ball off the top foot frost gordon now through the hands they go valentini whos stopped in his tracks on halfway,normal_play,0.0
1876,1880,pereky nice quick ball off the top foot frost gordon now through the hands they go valentini whos stopped in his tracks on halfway,normal_play,0.0054
1878,1882,now through the hands they go valentini whos stopped in his tracks on halfway,normal_play,0.0054
1880,1884,now through the hands they go valentini whos stopped in his tracks on halfway the ball is there for the wallabies to clear and its the veteran front rower james slipper who,normal_play,0.0054
1882,1886,the ball is there for the wallabies to clear and its the veteran front rower james slipper who,normal_play,0.0054
1884,1888,the ball is there for the wallabies to clear and its the veteran front rower james slipper who crashes it up gordon hes got good footwork likes to take the ball to the line the fly half,normal_play,0.0
1886,1890,the ball is there for the wallabies to clear and its the veteran front rower james slipper who crashes it up gordon hes got good footwork likes to take the ball to the line the fly half,normal_play,0.0
1888,1892,crashes it up gordon hes got good footwork likes to take the ball to the line the fly half,normal_play,0.0054
1890,1894,crashes it up gordon hes got good footwork likes to take the ball to the line the fly half,normal_play,0.0054
1892,1896,crashes it up gordon hes got good footwork likes to take the ball to the line the fly half,normal_play,0.0054
1894,1898,crashes it up gordon hes got good footwork likes to take the ball to the line the fly half shot down this time again whiteseat sends it up into the air coming forward to bring it theres,normal_play,0.0054
1896,1900,shot down this time again whiteseat sends it up into the air coming forward to bring it theres,normal_play,0.0
1898,1902,shot down this time again whiteseat sends it up into the air coming forward to bring it theres,normal_play,0.0
1900,1904,shot down this time again whiteseat sends it up into the air coming forward to bring it theres a collision of fiji embodies and it lands for fraser mcbride just a miscommunication by fiji,normal_play,0.0054
1902,1906,shot down this time again whiteseat sends it up into the air coming forward to bring it theres a collision of fiji embodies and it lands for fraser mcbride just a miscommunication by fiji,normal_play,0.0054
1904,1908,a collision of fiji embodies and it lands for fraser mcbride just a miscommunication by fiji,normal_play,0.0054
1906,1910,a collision of fiji embodies and it lands for fraser mcbride just a miscommunication by fiji and the kick dribbling dribbling dribbling randradra there or to cover it,normal_play,0.0054
1908,1912,a collision of fiji embodies and it lands for fraser mcbride just a miscommunication by fiji and the kick dribbling dribbling dribbling randradra there or to cover it,normal_play,0.0054
1910,1914,and the kick dribbling dribbling dribbling randradra there or to cover it,normal_play,0.0054
1912,1916,and the kick dribbling dribbling dribbling randradra there or to cover it but will he be forced to take the goal line drop out australia putting some pressure on,normal_play,0.0054
1914,1918,and the kick dribbling dribbling dribbling randradra there or to cover it but will he be forced to take the goal line drop out australia putting some pressure on,normal_play,0.0054
1916,1920,but will he be forced to take the goal line drop out australia putting some pressure on he wont mind that its done well to get back there the kick was a little clever one as well,normal_play,0.0054
1918,1922,but will he be forced to take the goal line drop out australia putting some pressure on he wont mind that its done well to get back there the kick was a little clever one as well,normal_play,0.0054
1920,1924,he wont mind that its done well to get back there the kick was a little clever one as well,normal_play,0.0
1922,1926,he wont mind that its done well to get back there the kick was a little clever one as well trying to find a bit of space there down the blind side again australia,normal_play,0.0
1924,1928,he wont mind that its done well to get back there the kick was a little clever one as well trying to find a bit of space there down the blind side again australia,normal_play,0.0
1926,1930,trying to find a bit of space there down the blind side again australia thought he might have a little dot infield but covered,normal_play,0.0
1928,1932,thought he might have a little dot infield but covered,normal_play,0.0
1930,1934,thought he might have a little dot infield but covered all behind fiji fiji ends up not enough talk i guess in the in the back three mcbride is the,normal_play,0.0
1932,1936,all behind fiji fiji ends up not enough talk i guess in the in the back three mcbride is the,normal_play,0.0
1934,1938,all behind fiji fiji ends up not enough talk i guess in the in the back three mcbride is the,normal_play,0.0
1936,1940,all behind fiji fiji ends up not enough talk i guess in the in the back three mcbride is the,normal_play,0.0
1938,1942,all behind fiji fiji ends up not enough talk i guess in the in the back three mcbride is the capitalised,normal_play,0.0
1940,1944,capitalised,kick_off,0.1931
1944,1948,the drop out goes 50 odd meters on the fly is fraser mcbride,kick_off,0.1931
1946,1950,the drop out goes 50 odd meters on the fly is fraser mcbride,kick_off,0.1931
1948,1952,the drop out goes 50 odd meters on the fly is fraser mcbride winds up rather its tom hooper okay last feet winding up for australia,normal_play,0.0
1950,1954,winds up rather its tom hooper okay last feet winding up for australia,normal_play,0.0
1952,1956,winds up rather its tom hooper okay last feet winding up for australia,normal_play,0.0054
1954,1958,winds up rather its tom hooper okay last feet winding up for australia hes been asking questions of the fiji defense down here but thier,normal_play,0.0054
1956,1960,hes been asking questions of the fiji defense down here but thier,normal_play,0.0054
1958,1962,hes been asking questions of the fiji defense down here but thier and now it is with mcbride up to the 22 fijis defense solid will see it told to get out of there,normal_play,0.0054
1960,1964,and now it is with mcbride up to the 22 fijis defense solid will see it told to get out of there,normal_play,0.0054
1962,1966,and now it is with mcbride up to the 22 fijis defense solid will see it told to get out of there so play on for valentini,normal_play,0.0054
1964,1968,and now it is with mcbride up to the 22 fijis defense solid will see it told to get out of there so play on for valentini,normal_play,0.0054
1966,1970,so play on for valentini release now there hasnt been a lot of room for rob valentini just yet gordon,normal_play,0.0054
1968,1972,release now there hasnt been a lot of room for rob valentini just yet gordon,normal_play,0.0054
1970,1974,release now there hasnt been a lot of room for rob valentini just yet gordon,normal_play,0.0054
1972,1976,release now there hasnt been a lot of room for rob valentini just yet gordon,normal_play,0.0054
1974,1978,release now there hasnt been a lot of room for rob valentini just yet gordon from a standing start does really well angus bell hes good with ball and hand the loose head prop,normal_play,0.0054
1976,1980,from a standing start does really well angus bell hes good with ball and hand the loose head prop,normal_play,0.0054
1978,1982,from a standing start does really well angus bell hes good with ball and hand the loose head prop,normal_play,0.0054
1980,1984,from a standing start does really well angus bell hes good with ball and hand the loose head prop maintaining position nicely as noanganet diwasi comes in for some close quarter work with his,normal_play,0.0054
1982,1986,from a standing start does really well angus bell hes good with ball and hand the loose head prop maintaining position nicely as noanganet diwasi comes in for some close quarter work with his,normal_play,0.0054
1984,1988,maintaining position nicely as noanganet diwasi comes in for some close quarter work with his,normal_play,0.0054
1986,1990,maintaining position nicely as noanganet diwasi comes in for some close quarter work with his great footwork and thats stolen by fiji speaking of great brilliant work over the ball,normal_play,0.0054
1988,1992,maintaining position nicely as noanganet diwasi comes in for some close quarter work with his great footwork and thats stolen by fiji speaking of great brilliant work over the ball,normal_play,0.0054
1990,1994,great footwork and thats stolen by fiji speaking of great brilliant work over the ball,normal_play,0.0054
1992,1996,great footwork and thats stolen by fiji speaking of great brilliant work over the ball,penalty,0.3546
1994,1998,great footwork and thats stolen by fiji speaking of great brilliant work over the ball what a great job that diwasi did,penalty,0.3546
1996,2000,what a great job that diwasi did,normal_play,0.0
1998,2002,what a great job that diwasi did he is a handful isnt he mark noangit diwasi strong over the ball clear left,normal_play,0.0
2000,2004,he is a handful isnt he mark noangit diwasi strong over the ball clear left,normal_play,0.0
2002,2006,he is a handful isnt he mark noangit diwasi strong over the ball clear left,normal_play,0.0
2004,2008,he is a handful isnt he mark noangit diwasi strong over the ball clear left just such fast feet steps gets away just defenders find its find him so hard to bring to the ground,normal_play,0.0
2006,2010,he is a handful isnt he mark noangit diwasi strong over the ball clear left just such fast feet steps gets away just defenders find its find him so hard to bring to the ground,normal_play,0.0
2008,2012,just such fast feet steps gets away just defenders find its find him so hard to bring to the ground when he did get to the ground yeah there was a quick release and a superb steal from mbotiya,normal_play,0.0
2010,2014,just such fast feet steps gets away just defenders find its find him so hard to bring to the ground when he did get to the ground yeah there was a quick release and a superb steal from mbotiya,normal_play,0.0
2012,2016,when he did get to the ground yeah there was a quick release and a superb steal from mbotiya,normal_play,0.0
2014,2018,when he did get to the ground yeah there was a quick release and a superb steal from mbotiya,normal_play,0.0
2016,2020,when he did get to the ground yeah there was a quick release and a superb steal from mbotiya lovani boccia of course playing for la rochelle very familiar with french soil,normal_play,0.0
2018,2022,lovani boccia of course playing for la rochelle very familiar with french soil,normal_play,0.0
2020,2024,lovani boccia of course playing for la rochelle very familiar with french soil,normal_play,0.0054
2022,2026,lovani boccia of course playing for la rochelle very familiar with french soil two time french european champions of course under rune nogara but what he does best plays,normal_play,0.0054
2024,2028,lovani boccia of course playing for la rochelle very familiar with french soil two time french european champions of course under rune nogara but what he does best plays,normal_play,0.0054
2026,2030,two time french european champions of course under rune nogara but what he does best plays,normal_play,0.0054
2028,2032,two time french european champions of course under rune nogara but what he does best plays at the in the as a center but it can also play in the back row and here he is doing what he,normal_play,0.0
2030,2034,two time french european champions of course under rune nogara but what he does best plays at the in the as a center but it can also play in the back row and here he is doing what he,normal_play,0.0
2032,2036,at the in the as a center but it can also play in the back row and here he is doing what he does best ripping the ball getting down and making the turnover it is unbelievable that he plays both,normal_play,0.0
2034,2038,at the in the as a center but it can also play in the back row and here he is doing what he does best ripping the ball getting down and making the turnover it is unbelievable that he plays both,normal_play,0.0
2036,2040,does best ripping the ball getting down and making the turnover it is unbelievable that he plays both,normal_play,0.0
2038,2042,does best ripping the ball getting down and making the turnover it is unbelievable that he plays both center and flanker that is wasili serevi what a legend he is i had the privilege of playing with,normal_play,0.0
2040,2044,does best ripping the ball getting down and making the turnover it is unbelievable that he plays both center and flanker that is wasili serevi what a legend he is i had the privilege of playing with,lineout,0.121
2042,2046,center and flanker that is wasili serevi what a legend he is i had the privilege of playing with him at the leicester tigers what a champion of a human being more and a great player what a player,lineout,0.121
2044,2048,center and flanker that is wasili serevi what a legend he is i had the privilege of playing with him at the leicester tigers what a champion of a human being more and a great player what a player,lineout,0.121
2046,2050,him at the leicester tigers what a champion of a human being more and a great player what a player,lineout,0.121
2048,2052,him at the leicester tigers what a champion of a human being more and a great player what a player,maul,0.2353
2050,2054,him at the leicester tigers what a champion of a human being more and a great player what a player he was there were some shots in him riding the roller coaster of the game against wales the,maul,0.2353
2052,2056,he was there were some shots in him riding the roller coaster of the game against wales the,maul,0.2353
2054,2058,he was there were some shots in him riding the roller coaster of the game against wales the other day hell be happy with this though as they rumble forward and earn an advantage here good,maul,0.2353
2056,2060,other day hell be happy with this though as they rumble forward and earn an advantage here good,maul,0.2353
2058,2062,other day hell be happy with this though as they rumble forward and earn an advantage here good work from the line out for fiji and heres the penalty could have only wanted to go instead the,maul,0.2353
2060,2064,other day hell be happy with this though as they rumble forward and earn an advantage here good work from the line out for fiji and heres the penalty could have only wanted to go instead the,penalty,0.3546
2062,2066,work from the line out for fiji and heres the penalty could have only wanted to go instead the,penalty,0.3546
2064,2068,work from the line out for fiji and heres the penalty could have only wanted to go instead the option just to slow it down thanks guys number three collapsing the moor,penalty,0.3546
2066,2070,work from the line out for fiji and heres the penalty could have only wanted to go instead the option just to slow it down thanks guys number three collapsing the moor,penalty,0.3546
2068,2072,option just to slow it down thanks guys number three collapsing the moor well hes going to have a shot and accumulate points i hope to accumulate points we should say,normal_play,0.0
2070,2074,option just to slow it down thanks guys number three collapsing the moor well hes going to have a shot and accumulate points i hope to accumulate points we should say,normal_play,0.0
2072,2076,well hes going to have a shot and accumulate points i hope to accumulate points we should say,normal_play,0.0
2074,2078,well hes going to have a shot and accumulate points i hope to accumulate points we should say,normal_play,0.0
2076,2080,well hes going to have a shot and accumulate points i hope to accumulate points we should say,normal_play,0.0054
2078,2082,well hes going to have a shot and accumulate points i hope to accumulate points we should say,normal_play,0.0054
2080,2084,well hes going to have a shot and accumulate points i hope to accumulate points we should say,normal_play,0.0054
2082,2086,its been a strong defensive effort from australia youve got to say this,normal_play,0.0054
2084,2088,its been a strong defensive effort from australia youve got to say this,normal_play,0.0
2086,2090,its been a strong defensive effort from australia youve got to say this kiwiside as much as they struggle to convert opportunities to points against wales on the,normal_play,0.0
2088,2092,its been a strong defensive effort from australia youve got to say this kiwiside as much as they struggle to convert opportunities to points against wales on the,normal_play,0.0
2090,2094,kiwiside as much as they struggle to convert opportunities to points against wales on the weekend theyve got a real theyve had a fair bit of go forward this afternoon,normal_play,0.0
2092,2096,kiwiside as much as they struggle to convert opportunities to points against wales on the weekend theyve got a real theyve had a fair bit of go forward this afternoon,normal_play,0.0
2094,2098,weekend theyve got a real theyve had a fair bit of go forward this afternoon once again australias defense have stood firm their forwards have been impressive defending the,normal_play,0.0
2096,2100,weekend theyve got a real theyve had a fair bit of go forward this afternoon once again australias defense have stood firm their forwards have been impressive defending the,normal_play,0.0054
2098,2102,once again australias defense have stood firm their forwards have been impressive defending the maul and theyve had the ball theyve played tight around the fringes theyve had a bit of,normal_play,0.0054
2100,2104,once again australias defense have stood firm their forwards have been impressive defending the maul and theyve had the ball theyve played tight around the fringes theyve had a bit of,normal_play,0.0054
2102,2106,maul and theyve had the ball theyve played tight around the fringes theyve had a bit of,normal_play,0.0054
2104,2108,maul and theyve had the ball theyve played tight around the fringes theyve had a bit of go forward its been mainly the forwards carrying it up wherever you once or twice,normal_play,0.0054
2106,2110,go forward its been mainly the forwards carrying it up wherever you once or twice,normal_play,0.0054
2108,2112,go forward its been mainly the forwards carrying it up wherever you once or twice thats really about what its been,normal_play,0.0054
2110,2114,thats really about what its been,normal_play,0.0054
2112,2116,thats really about what its been,goal_kick,0.7814
2114,2118,and this pragmatic approach to try and take the points on offer when youve got a guy who,goal_kick,0.7814
2116,2120,and this pragmatic approach to try and take the points on offer when youve got a guy who,goal_kick,0.7814
2118,2122,and this pragmatic approach to try and take the points on offer when youve got a guy who has banged them over from over the place here 52 meters the angle,goal_kick,0.7814
2120,2124,and this pragmatic approach to try and take the points on offer when youve got a guy who has banged them over from over the place here 52 meters the angle,goal_kick,0.7814
2122,2126,has banged them over from over the place here 52 meters the angle,goal_kick,0.7814
2124,2128,has banged them over from over the place here 52 meters the angle so,goal_kick,0.7814
2126,2130,so,goal_kick,0.7814
2128,2132,so,goal_kick,0.7814
2140,2144,again its perfect well thats his best strike of the lot,goal_kick,0.7814
2142,2146,again its perfect well thats his best strike of the lot,goal_kick,0.7814
2144,2148,again its perfect well thats his best strike of the lot,normal_play,0.0
2146,2150,again its perfect well thats his best strike of the lot absolutely sweetly ruptures in the stands theyre up a four rpg and all penalty,normal_play,0.0
2148,2152,absolutely sweetly ruptures in the stands theyre up a four rpg and all penalty,normal_play,0.0
2150,2154,absolutely sweetly ruptures in the stands theyre up a four rpg and all penalty,normal_play,0.0
2152,2156,absolutely sweetly ruptures in the stands theyre up a four rpg and all penalty you expect them to be scoring try theyre kicking their goals and theyre out to the lead,normal_play,0.0
2154,2158,absolutely sweetly ruptures in the stands theyre up a four rpg and all penalty you expect them to be scoring try theyre kicking their goals and theyre out to the lead,normal_play,0.0
2156,2160,you expect them to be scoring try theyre kicking their goals and theyre out to the lead,normal_play,0.0
2158,2162,you expect them to be scoring try theyre kicking their goals and theyre out to the lead 12 points to eight fiji lead,normal_play,0.0
2160,2164,12 points to eight fiji lead,kick_off,0.1931
2162,2166,12 points to eight fiji lead,kick_off,0.1931
2166,2170,nicely taken down by wayne ngollo on that right wing side the olympic gold medal is,normal_play,0.0
2168,2172,nicely taken down by wayne ngollo on that right wing side the olympic gold medal is,normal_play,0.0
2170,2174,nicely taken down by wayne ngollo on that right wing side the olympic gold medal is,normal_play,0.0
2172,2176,nicely taken down by wayne ngollo on that right wing side the olympic gold medal is coming into the team today as well,normal_play,0.0054
2174,2178,nicely taken down by wayne ngollo on that right wing side the olympic gold medal is coming into the team today as well use it,normal_play,0.0054
2176,2180,use it,normal_play,0.0054
2178,2182,use it,normal_play,0.0054
2182,2186,area both teams have been very good exiting their own territory gordon again as they come,normal_play,0.0054
2184,2188,area both teams have been very good exiting their own territory gordon again as they come,normal_play,0.0054
2186,2190,area both teams have been very good exiting their own territory gordon again as they come flying down on him itll have a crack back at them this time carter gordon has spied some space,normal_play,0.0054
2188,2192,area both teams have been very good exiting their own territory gordon again as they come flying down on him itll have a crack back at them this time carter gordon has spied some space,normal_play,0.0054
2190,2194,flying down on him itll have a crack back at them this time carter gordon has spied some space before he gets cut in half by soi song with the ball spills free and thats picked up by,normal_play,0.0054
2192,2196,flying down on him itll have a crack back at them this time carter gordon has spied some space before he gets cut in half by soi song with the ball spills free and thats picked up by,normal_play,0.0054
2194,2198,before he gets cut in half by soi song with the ball spills free and thats picked up by,normal_play,0.0054
2196,2200,before he gets cut in half by soi song with the ball spills free and thats picked up by sarikita wetter and now kurovoli trying to turn the australians around sending it deep,normal_play,0.0054
2198,2202,before he gets cut in half by soi song with the ball spills free and thats picked up by sarikita wetter and now kurovoli trying to turn the australians around sending it deep,normal_play,0.0054
2200,2204,sarikita wetter and now kurovoli trying to turn the australians around sending it deep,normal_play,0.0054
2202,2206,sarikita wetter and now kurovoli trying to turn the australians around sending it deep,normal_play,0.0054
2204,2208,sarikita wetter and now kurovoli trying to turn the australians around sending it deep holds gets a nice clearance away jordan pettaya well a nice clearance its an outstanding clearance,normal_play,0.0054
2206,2210,holds gets a nice clearance away jordan pettaya well a nice clearance its an outstanding clearance,normal_play,0.0054
2208,2212,holds gets a nice clearance away jordan pettaya well a nice clearance its an outstanding clearance,normal_play,0.0054
2210,2214,holds gets a nice clearance away jordan pettaya well a nice clearance its an outstanding clearance,normal_play,0.0054
2212,2216,holds gets a nice clearance away jordan pettaya well a nice clearance its an outstanding clearance good idea from kurovoli but the kick may be not as good as it needed to be,normal_play,0.0054
2214,2218,good idea from kurovoli but the kick may be not as good as it needed to be,normal_play,0.0054
2216,2220,good idea from kurovoli but the kick may be not as good as it needed to be,normal_play,0.0054
2218,2222,good idea from kurovoli but the kick may be not as good as it needed to be,normal_play,0.0054
2220,2224,good idea from kurovoli but the kick may be not as good as it needed to be theres probably a reason to smile after that kick neil hattley the,normal_play,0.0054
2222,2226,theres probably a reason to smile after that kick neil hattley the,normal_play,0.0054
2224,2228,theres probably a reason to smile after that kick neil hattley the forward scratch hes worked a bit with england worked with bath,normal_play,0.0054
2226,2230,theres probably a reason to smile after that kick neil hattley the forward scratch hes worked a bit with england worked with bath,normal_play,0.0054
2228,2232,forward scratch hes worked a bit with england worked with bath fiji long lead good job with the australian forward so far,normal_play,0.0054
2230,2234,forward scratch hes worked a bit with england worked with bath fiji long lead good job with the australian forward so far four another great of the game there world rugby womens player of the decade jesse tramuliet,normal_play,0.0054
2232,2236,fiji long lead good job with the australian forward so far four another great of the game there world rugby womens player of the decade jesse tramuliet,normal_play,0.0
2234,2238,four another great of the game there world rugby womens player of the decade jesse tramuliet,normal_play,0.0
2236,2240,four another great of the game there world rugby womens player of the decade jesse tramuliet,lineout,0.121
2238,2242,four another great of the game there world rugby womens player of the decade jesse tramuliet standing french player looked thoroughly engrossed too didnt she,lineout,0.121
2240,2244,four another great of the game there world rugby womens player of the decade jesse tramuliet standing french player looked thoroughly engrossed too didnt she,lineout,0.121
2242,2246,standing french player looked thoroughly engrossed too didnt she,lineout,0.121
2244,2248,standing french player looked thoroughly engrossed too didnt she hold on this one just a little bobble from kurovoli,normal_play,0.0
2246,2250,hold on this one just a little bobble from kurovoli,normal_play,0.0
2248,2252,hold on this one just a little bobble from kurovoli,normal_play,0.0054
2250,2254,hold on this one just a little bobble from kurovoli theres donaldson with him for the betty its nice as this ones slightly off the side of the,normal_play,0.0054
2252,2256,hold on this one just a little bobble from kurovoli theres donaldson with him for the betty its nice as this ones slightly off the side of the,normal_play,0.0054
2254,2258,theres donaldson with him for the betty its nice as this ones slightly off the side of the,normal_play,0.0054
2256,2260,theres donaldson with him for the betty its nice as this ones slightly off the side of the boot and its easily boredom by draw ceci who gets around the oncoming corobetti,normal_play,0.0054
2258,2262,theres donaldson with him for the betty its nice as this ones slightly off the side of the boot and its easily boredom by draw ceci who gets around the oncoming corobetti,normal_play,0.0054
2260,2264,boot and its easily boredom by draw ceci who gets around the oncoming corobetti,normal_play,0.0054
2262,2266,boot and its easily boredom by draw ceci who gets around the oncoming corobetti makes his way up to halfway before hes ridden back by valentini,normal_play,0.0054
2264,2268,makes his way up to halfway before hes ridden back by valentini,normal_play,0.0054
2266,2270,makes his way up to halfway before hes ridden back by valentini,normal_play,0.0054
2268,2272,makes his way up to halfway before hes ridden back by valentini theres no less heat in these tackle 35 minutes into the half flip fall out the back from tangitangivalu,normal_play,0.0054
2270,2274,theres no less heat in these tackle 35 minutes into the half flip fall out the back from tangitangivalu,normal_play,0.0054
2272,2276,theres no less heat in these tackle 35 minutes into the half flip fall out the back from tangitangivalu,normal_play,0.0
2274,2278,theres no less heat in these tackle 35 minutes into the half flip fall out the back from tangitangivalu good hands down low from matavese theyre keeping the ball alive now holds all is that,normal_play,0.0
2276,2280,theres no less heat in these tackle 35 minutes into the half flip fall out the back from tangitangivalu good hands down low from matavese theyre keeping the ball alive now holds all is that,normal_play,0.0054
2278,2282,good hands down low from matavese theyre keeping the ball alive now holds all is that,normal_play,0.0054
2280,2284,good hands down low from matavese theyre keeping the ball alive now holds all is that,normal_play,0.0054
2282,2286,good hands down low from matavese theyre keeping the ball alive now holds all is that,normal_play,0.0054
2284,2288,good hands down low from matavese theyre keeping the ball alive now holds all is that,normal_play,0.0
2286,2290,fiji again bored naya talevu this time though from a standing start,normal_play,0.0
2288,2292,fiji again bored naya talevu this time though from a standing start,normal_play,0.0054
2290,2294,fiji again bored naya talevu this time though from a standing start for siriki vataveta but playing advantage is referee andrew brace so,normal_play,0.0054
2292,2296,fiji again bored naya talevu this time though from a standing start for siriki vataveta but playing advantage is referee andrew brace so,normal_play,0.0054
2294,2298,for siriki vataveta but playing advantage is referee andrew brace so,normal_play,0.0054
2296,2300,for siriki vataveta but playing advantage is referee andrew brace so tellett can have a little crack at the line here and find some space up the middle,normal_play,0.0054
2298,2302,for siriki vataveta but playing advantage is referee andrew brace so tellett can have a little crack at the line here and find some space up the middle,normal_play,0.0054
2300,2304,tellett can have a little crack at the line here and find some space up the middle,normal_play,0.0054
2302,2306,advantage offside new advantage new advantage so australia just creeping up offside as,normal_play,0.0054
2304,2308,advantage offside new advantage new advantage so australia just creeping up offside as,normal_play,0.0054
2306,2310,advantage offside new advantage new advantage so australia just creeping up offside as,normal_play,0.0054
2308,2312,advantage offside new advantage new advantage so australia just creeping up offside as luke pangifar is a wild ball and they will play this penalty,normal_play,0.0054
2310,2314,advantage offside new advantage new advantage so australia just creeping up offside as luke pangifar is a wild ball and they will play this penalty,normal_play,0.0054
2312,2316,luke pangifar is a wild ball and they will play this penalty,normal_play,0.0054
2316,2320,high tackle eight and offside here high tackle eight offside choice of penalty,normal_play,0.0054
2318,2322,high tackle eight and offside here high tackle eight offside choice of penalty,normal_play,0.0054
2320,2324,high tackle eight and offside here high tackle eight offside choice of penalty,normal_play,0.0
2322,2326,high tackle eight and offside here high tackle eight offside choice of penalty,normal_play,0.0
2324,2328,high tackle eight and offside here high tackle eight offside choice of penalty,normal_play,0.0
2326,2330,high tackle eight and offside here high tackle eight offside choice of penalty,normal_play,0.0
2328,2332,just be within range of the kicker but not,normal_play,0.0054
2330,2334,just be within range of the kicker but not,normal_play,0.0054
2332,2336,just be within range of the kicker but not,normal_play,0.0054
2334,2338,just be within range of the kicker but not,normal_play,0.0054
2336,2340,this trouble for australia is one of the problem in the second,normal_play,0.0
2338,2342,this trouble for australia is one of the problem in the second richie wan was sat down yeah hes offside playing advantage for high tackle,normal_play,0.0
2340,2344,this trouble for australia is one of the problem in the second richie wan was sat down yeah hes offside playing advantage for high tackle,normal_play,0.0054
2342,2346,richie wan was sat down yeah hes offside playing advantage for high tackle,normal_play,0.0054
2344,2348,richie wan was sat down yeah hes offside playing advantage for high tackle,normal_play,0.0054
2346,2350,a couple of minutes there of fiji trying to keep the ball in hand again we saw,normal_play,0.0054
2348,2352,a couple of minutes there of fiji trying to keep the ball in hand again we saw,normal_play,0.0
2350,2354,a couple of minutes there of fiji trying to keep the ball in hand again we saw a little stage where both teams looked to just play it down so for a bit of territorial advantage,normal_play,0.0
2352,2356,a couple of minutes there of fiji trying to keep the ball in hand again we saw a little stage where both teams looked to just play it down so for a bit of territorial advantage,normal_play,0.0
2354,2358,a little stage where both teams looked to just play it down so for a bit of territorial advantage fiji wanted to get it down there kick the goals because the kickers kicking brilliantly,normal_play,0.0
2356,2360,a little stage where both teams looked to just play it down so for a bit of territorial advantage fiji wanted to get it down there kick the goals because the kickers kicking brilliantly,normal_play,0.0
2358,2362,fiji wanted to get it down there kick the goals because the kickers kicking brilliantly,normal_play,0.0
2360,2364,fiji wanted to get it down there kick the goals because the kickers kicking brilliantly its a bit of a grind strain by the look of things the way theyre stretching him out,normal_play,0.0054
2362,2366,its a bit of a grind strain by the look of things the way theyre stretching him out,normal_play,0.0054
2364,2368,its a bit of a grind strain by the look of things the way theyre stretching him out his injury was just if he if hed had any air would have fallen out with all the injuries of,normal_play,0.0054
2366,2370,its a bit of a grind strain by the look of things the way theyre stretching him out his injury was just if he if hed had any air would have fallen out with all the injuries of,normal_play,0.0054
2368,2372,his injury was just if he if hed had any air would have fallen out with all the injuries of,normal_play,0.0
2370,2374,his injury was just if he if hed had any air would have fallen out with all the injuries of australia but,normal_play,0.0
2372,2376,his injury was just if he if hed had any air would have fallen out with all the injuries of australia but,normal_play,0.0
2374,2378,he was getting quite a cagey 30 odd minutes theres so much at stake for these teams both teams,normal_play,0.0
2376,2380,he was getting quite a cagey 30 odd minutes theres so much at stake for these teams both teams,normal_play,0.0
2378,2382,he was getting quite a cagey 30 odd minutes theres so much at stake for these teams both teams,normal_play,0.0
2380,2384,he was getting quite a cagey 30 odd minutes theres so much at stake for these teams both teams that desire to attack but also the importance of the match overall to accumulate those points,normal_play,0.0
2382,2386,he was getting quite a cagey 30 odd minutes theres so much at stake for these teams both teams that desire to attack but also the importance of the match overall to accumulate those points,normal_play,0.0
2384,2388,that desire to attack but also the importance of the match overall to accumulate those points,normal_play,0.0
2386,2390,that desire to attack but also the importance of the match overall to accumulate those points and of course you cant help but think that if fiji do win today and australia going on,normal_play,0.0
2388,2392,that desire to attack but also the importance of the match overall to accumulate those points and of course you cant help but think that if fiji do win today and australia going on,normal_play,0.0
2390,2394,and of course you cant help but think that if fiji do win today and australia going on,normal_play,0.0
2392,2396,and of course you cant help but think that if fiji do win today and australia going on beat wales its going to come down to bonus points and points difference its its going,normal_play,0.0
2394,2398,and of course you cant help but think that if fiji do win today and australia going on beat wales its going to come down to bonus points and points difference its its going,normal_play,0.0
2396,2400,beat wales its going to come down to bonus points and points difference its its going to be one of the pools where theres so much at stake in the last game or two to win five,normal_play,0.0
2398,2402,beat wales its going to come down to bonus points and points difference its its going to be one of the pools where theres so much at stake in the last game or two to win five,normal_play,0.0
2400,2404,to be one of the pools where theres so much at stake in the last game or two to win five try and score lines and its going to go to the wire now,normal_play,0.0
2402,2406,to be one of the pools where theres so much at stake in the last game or two to win five try and score lines and its going to go to the wire now,normal_play,0.0
2404,2408,try and score lines and its going to go to the wire now,normal_play,0.0
2406,2410,try and score lines and its going to go to the wire now,normal_play,0.0
2408,2412,richie arnold back in two position is a wallaby world cup winner,normal_play,0.0
2410,2414,richie arnold back in two position is a wallaby world cup winner,normal_play,0.0
2412,2416,richie arnold back in two position is a wallaby world cup winner joe roth watches on all the greats in the house today hes looking a little concerned is roffey,normal_play,0.0
2414,2418,joe roth watches on all the greats in the house today hes looking a little concerned is roffey,normal_play,0.0
2416,2420,joe roth watches on all the greats in the house today hes looking a little concerned is roffey hell be loving the back play though wont he theres some real outstanding wingers out there,lineout,0.121
2418,2422,joe roth watches on all the greats in the house today hes looking a little concerned is roffey hell be loving the back play though wont he theres some real outstanding wingers out there,lineout,0.121
2420,2424,hell be loving the back play though wont he theres some real outstanding wingers out there,lineout,0.121
2422,2426,hell be loving the back play though wont he theres some real outstanding wingers out there today first line out goes astray from fiji australia pinchas but theyre going to get it,lineout,0.121
2424,2428,hell be loving the back play though wont he theres some real outstanding wingers out there today first line out goes astray from fiji australia pinchas but theyre going to get it,normal_play,0.0
2426,2430,today first line out goes astray from fiji australia pinchas but theyre going to get it back are they getting locked in over that ball brilliant work to win it back,normal_play,0.0
2428,2432,today first line out goes astray from fiji australia pinchas but theyre going to get it back are they getting locked in over that ball brilliant work to win it back,penalty,0.3546
2430,2434,back are they getting locked in over that ball brilliant work to win it back,penalty,0.3546
2432,2436,back are they getting locked in over that ball brilliant work to win it back,penalty,0.3546
2434,2438,back are they getting locked in over that ball brilliant work to win it back,penalty,0.3546
2440,2444,i was wondering about the decision here the secret steal,normal_play,0.0
2442,2446,i was wondering about the decision here the secret steal,normal_play,0.0
2444,2448,i was wondering about the decision here the secret steal gets up brilliantly does the man who came in as a late replacement nick frost,normal_play,0.0
2446,2450,i was wondering about the decision here the secret steal gets up brilliantly does the man who came in as a late replacement nick frost,normal_play,0.0
2448,2452,gets up brilliantly does the man who came in as a late replacement nick frost well he didnt actually come in as a late replacement he came in late didnt he,normal_play,0.0
2450,2454,well he didnt actually come in as a late replacement he came in late didnt he,normal_play,0.0
2452,2456,well he didnt actually come in as a late replacement he came in late didnt he good steal yeah of course its lavani bhatia again he is just unstoppable,normal_play,0.0
2454,2458,well he didnt actually come in as a late replacement he came in late didnt he good steal yeah of course its lavani bhatia again he is just unstoppable,normal_play,0.0
2456,2460,good steal yeah of course its lavani bhatia again he is just unstoppable,normal_play,0.0
2458,2462,good steal yeah of course its lavani bhatia again he is just unstoppable,normal_play,0.0
2460,2464,good steal yeah of course its lavani bhatia again he is just unstoppable cant knock him off his feet the moment he goes down hes got those duck feet in that position,normal_play,0.0
2462,2466,good steal yeah of course its lavani bhatia again he is just unstoppable cant knock him off his feet the moment he goes down hes got those duck feet in that position,normal_play,0.0
2464,2468,cant knock him off his feet the moment he goes down hes got those duck feet in that position,normal_play,0.0
2466,2470,cant knock him off his feet the moment he goes down hes got those duck feet in that position i mean you know theyre pillars and he is digging and hell win the pool every time,normal_play,0.0
2468,2472,cant knock him off his feet the moment he goes down hes got those duck feet in that position i mean you know theyre pillars and he is digging and hell win the pool every time,normal_play,0.0
2470,2474,i mean you know theyre pillars and he is digging and hell win the pool every time this is a brave call now leading by four just trying to twist the dagger a little bit you,normal_play,0.0
2472,2476,this is a brave call now leading by four just trying to twist the dagger a little bit you,normal_play,0.0
2474,2478,this is a brave call now leading by four just trying to twist the dagger a little bit you,normal_play,0.0
2476,2480,this is a brave call now leading by four just trying to twist the dagger a little bit you guess three or four minutes to the halftime break havent really had a ball down here in the real,normal_play,0.0
2478,2482,this is a brave call now leading by four just trying to twist the dagger a little bit you guess three or four minutes to the halftime break havent really had a ball down here in the real,normal_play,0.0
2480,2484,guess three or four minutes to the halftime break havent really had a ball down here in the real,lineout,0.121
2482,2486,guess three or four minutes to the halftime break havent really had a ball down here in the real red zone last line out with stolen and so is this one and it just stuck on the fingertips of,lineout,0.121
2484,2488,guess three or four minutes to the halftime break havent really had a ball down here in the real red zone last line out with stolen and so is this one and it just stuck on the fingertips of,lineout,0.121
2486,2490,red zone last line out with stolen and so is this one and it just stuck on the fingertips of,lineout,0.121
2488,2492,red zone last line out with stolen and so is this one and it just stuck on the fingertips of,normal_play,0.0054
2490,2494,red zone last line out with stolen and so is this one and it just stuck on the fingertips of hengis bell coming back through it was nick frost again a couple of great interventions from the,normal_play,0.0054
2492,2496,red zone last line out with stolen and so is this one and it just stuck on the fingertips of hengis bell coming back through it was nick frost again a couple of great interventions from the,normal_play,0.0054
2494,2498,hengis bell coming back through it was nick frost again a couple of great interventions from the,normal_play,0.0054
2496,2500,hengis bell coming back through it was nick frost again a couple of great interventions from the big lock forward and that allows carter gordon to send it away danger not over,normal_play,0.0054
2498,2502,hengis bell coming back through it was nick frost again a couple of great interventions from the big lock forward and that allows carter gordon to send it away danger not over,normal_play,0.0054
2500,2504,big lock forward and that allows carter gordon to send it away danger not over,normal_play,0.0054
2502,2506,big lock forward and that allows carter gordon to send it away danger not over well if your second rise is stealing at line up time you can kick it out,normal_play,0.0054
2504,2508,well if your second rise is stealing at line up time you can kick it out,normal_play,0.0054
2506,2510,well if your second rise is stealing at line up time you can kick it out second one in a row thats just gone a little awry jumped in the front there frost okay fiji,normal_play,0.0054
2508,2512,well if your second rise is stealing at line up time you can kick it out second one in a row thats just gone a little awry jumped in the front there frost okay fiji,normal_play,0.0054
2510,2514,second one in a row thats just gone a little awry jumped in the front there frost okay fiji,normal_play,0.0054
2512,2516,second one in a row thats just gone a little awry jumped in the front there frost okay fiji lets go up high its a super steal at line up time its brave to send guys up that close to the line,normal_play,0.0
2514,2518,second one in a row thats just gone a little awry jumped in the front there frost okay fiji lets go up high its a super steal at line up time its brave to send guys up that close to the line,normal_play,0.0
2516,2520,lets go up high its a super steal at line up time its brave to send guys up that close to the line,normal_play,0.0
2518,2522,lets go up high its a super steal at line up time its brave to send guys up that close to the line and not stay on the ground and defend the mall but sometimes you reap the dividends,normal_play,0.0
2520,2524,lets go up high its a super steal at line up time its brave to send guys up that close to the line and not stay on the ground and defend the mall but sometimes you reap the dividends,normal_play,0.0
2522,2526,and not stay on the ground and defend the mall but sometimes you reap the dividends,normal_play,0.0
2524,2528,and not stay on the ground and defend the mall but sometimes you reap the dividends,normal_play,0.0
2526,2530,toys over gone into the front of this line out and again they go down the back for williami,normal_play,0.0
2528,2532,toys over gone into the front of this line out and again they go down the back for williami,normal_play,0.0054
2530,2534,toys over gone into the front of this line out and again they go down the back for williami matta it works this time and no it doesnt yes there was a knock on here just a little loss of,normal_play,0.0054
2532,2536,toys over gone into the front of this line out and again they go down the back for williami matta it works this time and no it doesnt yes there was a knock on here just a little loss of,normal_play,0.0054
2534,2538,matta it works this time and no it doesnt yes there was a knock on here just a little loss of,normal_play,0.0054
2536,2540,matta it works this time and no it doesnt yes there was a knock on here just a little loss of,normal_play,0.0054
2538,2542,matta it works this time and no it doesnt yes there was a knock on here just a little loss of control and a couple of options for fiji buzia devastated,normal_play,0.0054
2540,2544,matta it works this time and no it doesnt yes there was a knock on here just a little loss of control and a couple of options for fiji buzia devastated,normal_play,0.0054
2542,2546,control and a couple of options for fiji buzia devastated,normal_play,0.0054
2544,2548,control and a couple of options for fiji buzia devastated,normal_play,0.0054
2548,2552,lets go fellas lets go with the thousand words every now and then,normal_play,0.0
2550,2554,lets go fellas lets go with the thousand words every now and then,normal_play,0.0
2552,2556,lets go fellas lets go with the thousand words every now and then yeah just lost it as he went for the grab okay fiji,normal_play,0.0
2554,2558,lets go fellas lets go with the thousand words every now and then yeah just lost it as he went for the grab okay fiji,normal_play,0.0
2556,2560,yeah just lost it as he went for the grab okay fiji,normal_play,0.0
2558,2562,yeah just lost it as he went for the grab okay fiji let off for australia to the back accidental lets go good pressure in the line out again though,normal_play,0.0
2560,2564,yeah just lost it as he went for the grab okay fiji let off for australia to the back accidental lets go good pressure in the line out again though,normal_play,0.0
2562,2566,let off for australia to the back accidental lets go good pressure in the line out again though,normal_play,0.0
2564,2568,let off for australia to the back accidental lets go good pressure in the line out again though,normal_play,0.0
2566,2570,left if theres one thing that australia have actually got with frost and richie arnold two,normal_play,0.0
2568,2572,left if theres one thing that australia have actually got with frost and richie arnold two,normal_play,0.0
2570,2574,left if theres one thing that australia have actually got with frost and richie arnold two really good line up jumpers will skeleton obviously missing him in the mobile movement,normal_play,0.0
2572,2576,left if theres one thing that australia have actually got with frost and richie arnold two really good line up jumpers will skeleton obviously missing him in the mobile movement,normal_play,0.0
2574,2578,really good line up jumpers will skeleton obviously missing him in the mobile movement department the bulldozing right through the middle and the bull carrying but in terms of,normal_play,0.0
2576,2580,really good line up jumpers will skeleton obviously missing him in the mobile movement department the bulldozing right through the middle and the bull carrying but in terms of,normal_play,0.0
2578,2582,department the bulldozing right through the middle and the bull carrying but in terms of the line ups richie arnold and frost absolutely clinical get really high in the air and they,normal_play,0.0
2580,2584,department the bulldozing right through the middle and the bull carrying but in terms of the line ups richie arnold and frost absolutely clinical get really high in the air and they,normal_play,0.0
2582,2586,the line ups richie arnold and frost absolutely clinical get really high in the air and they,normal_play,0.0
2584,2588,the line ups richie arnold and frost absolutely clinical get really high in the air and they work really well to try and steal their opponents line ups and both really tall two meters eight,scrum,0.1461
2586,2590,the line ups richie arnold and frost absolutely clinical get really high in the air and they work really well to try and steal their opponents line ups and both really tall two meters eight,scrum,0.1461
2588,2592,work really well to try and steal their opponents line ups and both really tall two meters eight,scrum,0.1461
2590,2594,work really well to try and steal their opponents line ups and both really tall two meters eight richie arnold two meters a second six neck frost so opportunity lost for fiji is stop jordan pitaia,scrum,0.1461
2592,2596,work really well to try and steal their opponents line ups and both really tall two meters eight richie arnold two meters a second six neck frost so opportunity lost for fiji is stop jordan pitaia,scrum,0.1461
2594,2598,richie arnold two meters a second six neck frost so opportunity lost for fiji is stop jordan pitaia,scrum,0.1461
2596,2600,richie arnold two meters a second six neck frost so opportunity lost for fiji is stop jordan pitaia,scrum,0.1461
2598,2602,richie arnold two meters a second six neck frost so opportunity lost for fiji is stop jordan pitaia,scrum,0.1461
2600,2604,richie arnold two meters a second six neck frost so opportunity lost for fiji is stop jordan pitaia sends us away to touch its come off the side of the boot though theres very knowledgeable crowd,normal_play,0.0
2602,2606,sends us away to touch its come off the side of the boot though theres very knowledgeable crowd,normal_play,0.0
2604,2608,sends us away to touch its come off the side of the boot though theres very knowledgeable crowd were aware not quite what jordan pitaia would have wanted,normal_play,0.0
2606,2610,sends us away to touch its come off the side of the boot though theres very knowledgeable crowd were aware not quite what jordan pitaia would have wanted,normal_play,0.0
2608,2612,were aware not quite what jordan pitaia would have wanted i was looking at the line up stats of fiji earlier this morning seven about 30 percent to the front,normal_play,0.0
2610,2614,i was looking at the line up stats of fiji earlier this morning seven about 30 percent to the front,normal_play,0.0
2612,2616,i was looking at the line up stats of fiji earlier this morning seven about 30 percent to the front,normal_play,0.0
2614,2618,i was looking at the line up stats of fiji earlier this morning seven about 30 percent to the front about 30 percent to the middle and about 40 percent of their line ups go to the back the,normal_play,0.0
2616,2620,i was looking at the line up stats of fiji earlier this morning seven about 30 percent to the front about 30 percent to the middle and about 40 percent of their line ups go to the back the,normal_play,0.0
2618,2622,about 30 percent to the middle and about 40 percent of their line ups go to the back the last one was to the back and it was successful except for the knock on the front is successful,normal_play,0.0
2620,2624,about 30 percent to the middle and about 40 percent of their line ups go to the back the last one was to the back and it was successful except for the knock on the front is successful,normal_play,0.0
2622,2626,last one was to the back and it was successful except for the knock on the front is successful,normal_play,0.0
2624,2628,last one was to the back and it was successful except for the knock on the front is successful,lineout,0.121
2626,2630,last one was to the back and it was successful except for the knock on the front is successful and they go quick ball off the top this time the ball is dribbling along the ground but,lineout,0.121
2628,2632,last one was to the back and it was successful except for the knock on the front is successful and they go quick ball off the top this time the ball is dribbling along the ground but,lineout,0.121
2630,2634,and they go quick ball off the top this time the ball is dribbling along the ground but the ball is dribbling along the ground but three sova hits and spins out of one and then,lineout,0.121
2632,2636,and they go quick ball off the top this time the ball is dribbling along the ground but the ball is dribbling along the ground but three sova hits and spins out of one and then,normal_play,0.0054
2634,2638,the ball is dribbling along the ground but three sova hits and spins out of one and then drags mcrite with him another half a meter or so ball back in field for landrada up to the 22,normal_play,0.0054
2636,2640,the ball is dribbling along the ground but three sova hits and spins out of one and then drags mcrite with him another half a meter or so ball back in field for landrada up to the 22,normal_play,0.0054
2638,2642,drags mcrite with him another half a meter or so ball back in field for landrada up to the 22,normal_play,0.0054
2640,2644,drags mcrite with him another half a meter or so ball back in field for landrada up to the 22 fiji pressing play on is again draws says he puts a clever little quick kick across,normal_play,0.0054
2642,2646,drags mcrite with him another half a meter or so ball back in field for landrada up to the 22 fiji pressing play on is again draws says he puts a clever little quick kick across,normal_play,0.0054
2644,2648,fiji pressing play on is again draws says he puts a clever little quick kick across,normal_play,0.0054
2646,2650,fiji pressing play on is again draws says he puts a clever little quick kick across,normal_play,0.0054
2648,2652,fiji pressing play on is again draws says he puts a clever little quick kick across he had it covered his way nagorno bear down on him,normal_play,0.0054
2650,2654,he had it covered his way nagorno bear down on him,normal_play,0.0054
2652,2656,he had it covered his way nagorno bear down on him and,normal_play,0.0054
2654,2658,he had it covered his way nagorno bear down on him and just the odd ball going to ground now just as a result losing a little bit of momentum,normal_play,0.0054
2656,2660,and just the odd ball going to ground now just as a result losing a little bit of momentum,normal_play,0.0
2658,2662,just the odd ball going to ground now just as a result losing a little bit of momentum,normal_play,0.0
2660,2664,just the odd ball going to ground now just as a result losing a little bit of momentum every time when roger gets his hands on the ball the crowd get youre not set properly excited,normal_play,0.0
2662,2666,just the odd ball going to ground now just as a result losing a little bit of momentum every time when roger gets his hands on the ball the crowd get youre not set properly excited,normal_play,0.0
2664,2668,every time when roger gets his hands on the ball the crowd get youre not set properly excited,normal_play,0.0
2666,2670,every time when roger gets his hands on the ball the crowd get youre not set properly excited,normal_play,0.0
2668,2672,every time when roger gets his hands on the ball the crowd get youre not set properly excited,normal_play,0.0
2674,2678,if the new ball is going to be set time go quickly it was a different ball thats why,normal_play,0.0
2676,2680,if the new ball is going to be set time go quickly it was a different ball thats why,normal_play,0.0
2678,2682,if the new ball is going to be set time go quickly it was a different ball thats why play on well they werent allowed to play on,normal_play,0.0
2680,2684,if the new ball is going to be set time go quickly it was a different ball thats why play on well they werent allowed to play on,normal_play,0.0
2682,2686,play on well they werent allowed to play on,normal_play,0.0
2684,2688,australias fans take a breath,normal_play,0.0
2686,2690,australias fans take a breath,normal_play,0.0
2688,2692,australias fans take a breath two meters two,normal_play,0.0
2690,2694,two meters two,normal_play,0.0
2692,2696,two meters two,lineout,0.121
2694,2698,poreki hits his man isnt it white,lineout,0.121
2696,2700,poreki hits his man isnt it white,lineout,0.121
2698,2702,poreki hits his man isnt it white,lineout,0.121
2700,2704,second half underway in this pool sea match potentially decisive encounter of fiji when,kick_off,0.1931
2702,2706,second half underway in this pool sea match potentially decisive encounter of fiji when,kick_off,0.1931
2704,2708,second half underway in this pool sea match potentially decisive encounter of fiji when,kick_off,0.1931
2706,2710,second half underway in this pool sea match potentially decisive encounter of fiji when well blow the group wide open inside stop stop hold 40 minutes to decide that is,kick_off,0.1931
2708,2712,second half underway in this pool sea match potentially decisive encounter of fiji when well blow the group wide open inside stop stop hold 40 minutes to decide that is,normal_play,0.0054
2710,2714,well blow the group wide open inside stop stop hold 40 minutes to decide that is,normal_play,0.0054
2712,2716,well blow the group wide open inside stop stop hold 40 minutes to decide that is,normal_play,0.0054
2714,2718,well blow the group wide open inside stop stop hold 40 minutes to decide that is calming presence of ben donaldson at the back for australia clears away,normal_play,0.0054
2716,2720,calming presence of ben donaldson at the back for australia clears away,normal_play,0.0
2718,2722,calming presence of ben donaldson at the back for australia clears away calm start to the second off after everything in the the first half that was pretty calm,normal_play,0.0
2720,2724,calm start to the second off after everything in the the first half that was pretty calm,normal_play,0.0054
2722,2726,calm start to the second off after everything in the the first half that was pretty calm,normal_play,0.0054
2724,2728,calm start to the second off after everything in the the first half that was pretty calm,normal_play,0.0054
2726,2730,decent clearance dont go in a simple australia making sure they get away from that,normal_play,0.0054
2728,2732,decent clearance dont go in a simple australia making sure they get away from that,normal_play,0.0
2730,2734,decent clearance dont go in a simple australia making sure they get away from that to the danger zone,normal_play,0.0
2732,2736,decent clearance dont go in a simple australia making sure they get away from that to the danger zone,lineout,0.121
2734,2738,to the danger zone fijis line out had some troubles late in the half no such issue there though is,lineout,0.121
2736,2740,fijis line out had some troubles late in the half no such issue there though is,lineout,0.121
2738,2742,fijis line out had some troubles late in the half no such issue there though is what he appeals off here runs straight into and then driven back by valentini its there though,lineout,0.121
2740,2744,fijis line out had some troubles late in the half no such issue there though is what he appeals off here runs straight into and then driven back by valentini its there though,normal_play,0.0054
2742,2746,what he appeals off here runs straight into and then driven back by valentini its there though,normal_play,0.0054
2744,2748,what he appeals off here runs straight into and then driven back by valentini its there though,normal_play,0.0054
2746,2750,what he appeals off here runs straight into and then driven back by valentini its there though,normal_play,0.0054
2748,2752,as fiji play forward and play early wainegolo coming in and tried to slip the ball to,normal_play,0.0
2750,2754,as fiji play forward and play early wainegolo coming in and tried to slip the ball to,normal_play,0.0
2752,2756,as fiji play forward and play early wainegolo coming in and tried to slip the ball to,normal_play,0.0054
2754,2758,as fiji play forward and play early wainegolo coming in and tried to slip the ball to rorcesi in traffic it comes free the mistake is made sometimes you just got to be a little,normal_play,0.0054
2756,2760,rorcesi in traffic it comes free the mistake is made sometimes you just got to be a little,normal_play,0.0054
2758,2762,rorcesi in traffic it comes free the mistake is made sometimes you just got to be a little,normal_play,0.0054
2760,2764,rorcesi in traffic it comes free the mistake is made sometimes you just got to be a little more patient than that dont use that very little chance so far today wainegolo ran into the space,normal_play,0.0
2762,2766,rorcesi in traffic it comes free the mistake is made sometimes you just got to be a little more patient than that dont use that very little chance so far today wainegolo ran into the space,normal_play,0.0
2764,2768,more patient than that dont use that very little chance so far today wainegolo ran into the space,normal_play,0.0
2766,2770,more patient than that dont use that very little chance so far today wainegolo ran into the space,normal_play,0.0
2768,2772,more patient than that dont use that very little chance so far today wainegolo ran into the space on the back of a really strong carry this is a brilliant tackle as well from rob valentini,normal_play,0.0
2770,2774,on the back of a really strong carry this is a brilliant tackle as well from rob valentini,normal_play,0.0
2772,2776,on the back of a really strong carry this is a brilliant tackle as well from rob valentini,normal_play,0.0
2774,2778,on the back of a really strong carry this is a brilliant tackle as well from rob valentini drags him back no quick ball coming from there into the space he went just tried a,normal_play,0.0
2776,2780,drags him back no quick ball coming from there into the space he went just tried a,normal_play,0.0
2778,2782,drags him back no quick ball coming from there into the space he went just tried a little impatient offload there might have been better off just hanging on,normal_play,0.0
2780,2784,drags him back no quick ball coming from there into the space he went just tried a little impatient offload there might have been better off just hanging on,normal_play,0.0
2782,2786,little impatient offload there might have been better off just hanging on,normal_play,0.0
2784,2788,little impatient offload there might have been better off just hanging on can understand the thinking though its a game of opportunities right now hes playing the,normal_play,0.0
2786,2790,can understand the thinking though its a game of opportunities right now hes playing the,normal_play,0.0
2788,2792,can understand the thinking though its a game of opportunities right now hes playing the price as well,normal_play,0.0054
2790,2794,can understand the thinking though its a game of opportunities right now hes playing the price as well,normal_play,0.0054
2792,2796,price as well,normal_play,0.0054
2794,2798,price as well,normal_play,0.0054
2810,2814,guys guys were waiting on your 14 anyway,normal_play,0.0
2812,2816,guys guys were waiting on your 14 anyway,normal_play,0.0
2814,2818,guys guys were waiting on your 14 anyway,normal_play,0.0
2818,2822,a handful of olympic gold medalists in this fiji side,normal_play,0.0
2820,2824,a handful of olympic gold medalists in this fiji side,normal_play,0.0
2822,2826,a handful of olympic gold medalists in this fiji side,normal_play,0.0
2824,2828,a handful of olympic gold medalists in this fiji side knows numbers are forming under pressure on big occasion,normal_play,0.0
2826,2830,knows numbers are forming under pressure on big occasion,normal_play,0.0
2828,2832,knows numbers are forming under pressure on big occasion,normal_play,0.0
2830,2834,knows numbers are forming under pressure on big occasion and you can understand the attention being paid to him as a winger you cant run unless,normal_play,0.0
2832,2836,and you can understand the attention being paid to him as a winger you cant run unless,normal_play,0.0
2834,2838,and you can understand the attention being paid to him as a winger you cant run unless your ankles 100 you cant step you cant do whats asked of you in terms of the basic,normal_play,0.0
2836,2840,and you can understand the attention being paid to him as a winger you cant run unless your ankles 100 you cant step you cant do whats asked of you in terms of the basic,normal_play,0.0
2838,2842,your ankles 100 you cant step you cant do whats asked of you in terms of the basic,normal_play,0.0
2840,2844,your ankles 100 you cant step you cant do whats asked of you in terms of the basic role of a of an outside back is he good does he stay in,normal_play,0.0
2842,2846,your ankles 100 you cant step you cant do whats asked of you in terms of the basic role of a of an outside back is he good does he stay in,normal_play,0.0
2844,2848,role of a of an outside back is he good does he stay in,normal_play,0.0054
2846,2850,role of a of an outside back is he good does he stay in and if juta wainegolo cant actually do that then its not worth him being on the,normal_play,0.0054
2848,2852,and if juta wainegolo cant actually do that then its not worth him being on the,normal_play,0.0054
2850,2854,and if juta wainegolo cant actually do that then its not worth him being on the pitch because hes electric isnt he hes such a wonderful player it looks like hes limping,normal_play,0.0054
2852,2856,and if juta wainegolo cant actually do that then its not worth him being on the pitch because hes electric isnt he hes such a wonderful player it looks like hes limping,normal_play,0.0
2854,2858,pitch because hes electric isnt he hes such a wonderful player it looks like hes limping,normal_play,0.0
2856,2860,pitch because hes electric isnt he hes such a wonderful player it looks like hes limping and hes gonna it looks like hes going off which is a big blow for fiji of course,normal_play,0.0
2858,2862,pitch because hes electric isnt he hes such a wonderful player it looks like hes limping and hes gonna it looks like hes going off which is a big blow for fiji of course,normal_play,0.0
2860,2864,and hes gonna it looks like hes going off which is a big blow for fiji of course an extraordinary athlete of course you talked about an olympic gold but what he does down at,normal_play,0.0
2862,2866,and hes gonna it looks like hes going off which is a big blow for fiji of course an extraordinary athlete of course you talked about an olympic gold but what he does down at,normal_play,0.0
2864,2868,an extraordinary athlete of course you talked about an olympic gold but what he does down at for rugby club toulonet in the top cat top 14 is sensational wonderful player and its a big shame,normal_play,0.0
2866,2870,an extraordinary athlete of course you talked about an olympic gold but what he does down at for rugby club toulonet in the top cat top 14 is sensational wonderful player and its a big shame,normal_play,0.0
2868,2872,for rugby club toulonet in the top cat top 14 is sensational wonderful player and its a big shame,normal_play,0.0054
2870,2874,for rugby club toulonet in the top cat top 14 is sensational wonderful player and its a big shame,normal_play,0.0054
2872,2876,for rugby club toulonet in the top cat top 14 is sensational wonderful player and its a big shame well you could just see his foot getting trapped under the tacklers body,normal_play,0.0054
2874,2878,well you could just see his foot getting trapped under the tacklers body,normal_play,0.0054
2876,2880,well you could just see his foot getting trapped under the tacklers body as he went to ground thats whats done the damage hes making his way off,normal_play,0.0
2878,2882,as he went to ground thats whats done the damage hes making his way off,normal_play,0.0
2880,2884,as he went to ground thats whats done the damage hes making his way off his tutor wainegolo he makes his way on played in the game against wales come on,normal_play,0.0
2882,2886,his tutor wainegolo he makes his way on played in the game against wales come on,normal_play,0.0
2884,2888,his tutor wainegolo he makes his way on played in the game against wales come on,normal_play,0.0
2886,2890,his tutor wainegolo he makes his way on played in the game against wales come on,normal_play,0.0
2888,2892,his tutor wainegolo he makes his way on played in the game against wales come on,normal_play,0.0
2892,2896,who wainegolo replaced in the starting side so its going to get more good minutes here,lineout,0.121
2894,2898,who wainegolo replaced in the starting side so its going to get more good minutes here,lineout,0.121
2896,2900,who wainegolo replaced in the starting side so its going to get more good minutes here as australia that frost has been a real pillar in the middle once the fiji have got it and its,lineout,0.121
2898,2902,who wainegolo replaced in the starting side so its going to get more good minutes here as australia that frost has been a real pillar in the middle once the fiji have got it and its,lineout,0.121
2900,2904,as australia that frost has been a real pillar in the middle once the fiji have got it and its,maul,0.2353
2902,2906,as australia that frost has been a real pillar in the middle once the fiji have got it and its,maul,0.2353
2904,2908,as australia that frost has been a real pillar in the middle once the fiji have got it and its sending this australian driving more backwards at the moment now its controlled in the back though,maul,0.2353
2906,2910,sending this australian driving more backwards at the moment now its controlled in the back though,maul,0.2353
2908,2912,sending this australian driving more backwards at the moment now its controlled in the back though,maul,0.2353
2910,2914,sending this australian driving more backwards at the moment now its controlled in the back though and hes trying to add a couple more bodies in as australia are told to use it and frost will send,maul,0.2353
2912,2916,and hes trying to add a couple more bodies in as australia are told to use it and frost will send,normal_play,0.0
2914,2918,and hes trying to add a couple more bodies in as australia are told to use it and frost will send this up with that educated right box kick its coming down for ramdra just on his own side a,normal_play,0.0
2916,2920,and hes trying to add a couple more bodies in as australia are told to use it and frost will send this up with that educated right box kick its coming down for ramdra just on his own side a,normal_play,0.0
2918,2922,this up with that educated right box kick its coming down for ramdra just on his own side a,normal_play,0.0
2920,2924,this up with that educated right box kick its coming down for ramdra just on his own side a,normal_play,0.0054
2922,2926,this up with that educated right box kick its coming down for ramdra just on his own side a halfway now wanganitawasi is there to wrap him up laid back for fiji,normal_play,0.0054
2924,2928,this up with that educated right box kick its coming down for ramdra just on his own side a halfway now wanganitawasi is there to wrap him up laid back for fiji,normal_play,0.0054
2926,2930,halfway now wanganitawasi is there to wrap him up laid back for fiji,normal_play,0.0054
2928,2932,halfway now wanganitawasi is there to wrap him up laid back for fiji,normal_play,0.0054
2932,2936,and use it,normal_play,0.0054
2934,2938,and use it,normal_play,0.0054
2936,2940,sets to return favorite kata gordon coming forward for australia they dont get near it,normal_play,0.0054
2938,2942,sets to return favorite kata gordon coming forward for australia they dont get near it,normal_play,0.0054
2940,2944,sets to return favorite kata gordon coming forward for australia they dont get near it,try,1.0
2942,2946,sets to return favorite kata gordon coming forward for australia they dont get near it that wasnt allowed to bounce and its got to land the toy,try,1.0
2944,2948,sets to return favorite kata gordon coming forward for australia they dont get near it that wasnt allowed to bounce and its got to land the toy,try,1.0
2946,2950,that wasnt allowed to bounce and its got to land the toy,try,1.0
2960,2964,well every now and then you need a little bit of luck you need to bounce on the ball,normal_play,0.0
2962,2966,well every now and then you need a little bit of luck you need to bounce on the ball,normal_play,0.0
2964,2968,well every now and then you need a little bit of luck you need to bounce on the ball you can send it right to a celly sir amy isnt that a wonderful picture,normal_play,0.0
2966,2970,well every now and then you need a little bit of luck you need to bounce on the ball you can send it right to a celly sir amy isnt that a wonderful picture,normal_play,0.0
2968,2972,you can send it right to a celly sir amy isnt that a wonderful picture,normal_play,0.0
2970,2974,you can send it right to a celly sir amy isnt that a wonderful picture yeah well the kick was a good one straight in didnt get any hands on it it bounced between,normal_play,0.0
2972,2976,you can send it right to a celly sir amy isnt that a wonderful picture yeah well the kick was a good one straight in didnt get any hands on it it bounced between,normal_play,0.0
2974,2978,yeah well the kick was a good one straight in didnt get any hands on it it bounced between,normal_play,0.0
2976,2980,yeah well the kick was a good one straight in didnt get any hands on it it bounced between the two jumpers who both dummy jumped two years over big and strong and powerful enough,normal_play,0.0
2978,2982,yeah well the kick was a good one straight in didnt get any hands on it it bounced between the two jumpers who both dummy jumped two years over big and strong and powerful enough,normal_play,0.0
2980,2984,the two jumpers who both dummy jumped two years over big and strong and powerful enough,normal_play,0.0
2982,2986,the two jumpers who both dummy jumped two years over big and strong and powerful enough pace to get to the corner try number one for fiji today and how important is that going to be,normal_play,0.0
2984,2988,the two jumpers who both dummy jumped two years over big and strong and powerful enough pace to get to the corner try number one for fiji today and how important is that going to be,normal_play,0.0
2986,2990,pace to get to the corner try number one for fiji today and how important is that going to be,normal_play,0.0
2988,2992,pace to get to the corner try number one for fiji today and how important is that going to be you cant shoulder the shoulders up sorry to carry on i was going to say you both jumpers,normal_play,0.0
2990,2994,you cant shoulder the shoulders up sorry to carry on i was going to say you both jumpers,normal_play,0.0
2992,2996,you cant shoulder the shoulders up sorry to carry on i was going to say you both jumpers were almost doing dummy jumps they almost dummy themselves yeah you just cant leave the man,normal_play,0.0
2994,2998,you cant shoulder the shoulders up sorry to carry on i was going to say you both jumpers were almost doing dummy jumps they almost dummy themselves yeah you just cant leave the man,normal_play,0.0
2996,3000,were almost doing dummy jumps they almost dummy themselves yeah you just cant leave the man,normal_play,0.0
2998,3002,were almost doing dummy jumps they almost dummy themselves yeah you just cant leave the man,normal_play,0.0
3000,3004,were almost doing dummy jumps they almost dummy themselves yeah you just cant leave the man you know i mean its over i mean hes already made eight ball carries 76 meters may tackle breaks,normal_play,0.0
3002,3006,were almost doing dummy jumps they almost dummy themselves yeah you just cant leave the man you know i mean its over i mean hes already made eight ball carries 76 meters may tackle breaks,normal_play,0.0
3004,3008,you know i mean its over i mean hes already made eight ball carries 76 meters may tackle breaks,normal_play,0.0
3006,3010,you know i mean its over i mean hes already made eight ball carries 76 meters may tackle breaks five you know and when hes on his own like that he will not stop him hes an absolute you know,normal_play,0.0
3008,3012,you know i mean its over i mean hes already made eight ball carries 76 meters may tackle breaks five you know and when hes on his own like that he will not stop him hes an absolute you know,goal_kick,0.7814
3010,3014,five you know and when hes on his own like that he will not stop him hes an absolute you know,goal_kick,0.7814
3012,3016,five you know and when hes on his own like that he will not stop him hes an absolute you know locomotive fiji locomotive unstoppable take the ball and hes got a clear run to the line,goal_kick,0.7814
3014,3018,five you know and when hes on his own like that he will not stop him hes an absolute you know locomotive fiji locomotive unstoppable take the ball and hes got a clear run to the line,goal_kick,0.7814
3016,3020,locomotive fiji locomotive unstoppable take the ball and hes got a clear run to the line,goal_kick,0.7814
3018,3022,locomotive fiji locomotive unstoppable take the ball and hes got a clear run to the line no one is going to get near him thats what a try against wales off the bench was a real spark and,goal_kick,0.7814
3020,3024,locomotive fiji locomotive unstoppable take the ball and hes got a clear run to the line no one is going to get near him thats what a try against wales off the bench was a real spark and,goal_kick,0.7814
3022,3026,no one is going to get near him thats what a try against wales off the bench was a real spark and,goal_kick,0.7814
3024,3028,no one is going to get near him thats what a try against wales off the bench was a real spark and now hes extended fijis lead heres kudovoli from the sideline,goal_kick,0.7814
3026,3030,no one is going to get near him thats what a try against wales off the bench was a real spark and now hes extended fijis lead heres kudovoli from the sideline,goal_kick,0.7814
3028,3032,now hes extended fijis lead heres kudovoli from the sideline,goal_kick,0.7814
3030,3034,now hes extended fijis lead heres kudovoli from the sideline,goal_kick,0.7814
3036,3040,he cannot miss the new one he could have only had two more and fiji breakout early in the first,goal_kick,0.7814
3038,3042,he cannot miss the new one he could have only had two more and fiji breakout early in the first,goal_kick,0.7814
3040,3044,he cannot miss the new one he could have only had two more and fiji breakout early in the first,normal_play,0.0
3042,3046,he cannot miss the new one he could have only had two more and fiji breakout early in the first,normal_play,0.0
3044,3048,he cannot miss the new one he could have only had two more and fiji breakout early in the first half 17 eight but he was more surprised than anyone was terry solver robbie all,normal_play,0.0
3046,3050,he cannot miss the new one he could have only had two more and fiji breakout early in the first half 17 eight but he was more surprised than anyone was terry solver robbie all,normal_play,0.0
3048,3052,half 17 eight but he was more surprised than anyone was terry solver robbie all,normal_play,0.0
3050,3054,half 17 eight but he was more surprised than anyone was terry solver robbie all bounced into his hands and he was gone yeah its just too easy isnt it i mean you know,normal_play,0.0
3052,3056,half 17 eight but he was more surprised than anyone was terry solver robbie all bounced into his hands and he was gone yeah its just too easy isnt it i mean you know if he didnt fly like that he was exactly at a score point score try you give him a free,normal_play,0.0
3054,3058,bounced into his hands and he was gone yeah its just too easy isnt it i mean you know if he didnt fly like that he was exactly at a score point score try you give him a free,normal_play,0.0
3056,3060,if he didnt fly like that he was exactly at a score point score try you give him a free,normal_play,0.0
3058,3062,if he didnt fly like that he was exactly at a score point score try you give him a free run hes going to take it every time and importantly kudovoli just cant miss,normal_play,0.0
3060,3064,if he didnt fly like that he was exactly at a score point score try you give him a free run hes going to take it every time and importantly kudovoli just cant miss,normal_play,0.0
3062,3066,run hes going to take it every time and importantly kudovoli just cant miss,normal_play,0.0
3064,3068,run hes going to take it every time and importantly kudovoli just cant miss,kick_off,0.1931
3066,3070,run hes going to take it every time and importantly kudovoli just cant miss,kick_off,0.1931
3068,3072,run hes going to take it every time and importantly kudovoli just cant miss theres something to to mention about sumi only kudovoli hes hes probably the third choice,kick_off,0.1931
3070,3074,theres something to to mention about sumi only kudovoli hes hes probably the third choice,kick_off,0.1931
3072,3076,theres something to to mention about sumi only kudovoli hes hes probably the third choice,normal_play,0.0054
3074,3078,theres something to to mention about sumi only kudovoli hes hes probably the third choice number nine for fiji of course with caled muntz who of course you know picked up,normal_play,0.0054
3076,3080,theres something to to mention about sumi only kudovoli hes hes probably the third choice number nine for fiji of course with caled muntz who of course you know picked up,normal_play,0.0054
3078,3082,number nine for fiji of course with caled muntz who of course you know picked up that injury just going into the first game and then of course we have frank lomati on the bench,normal_play,0.0054
3080,3084,number nine for fiji of course with caled muntz who of course you know picked up that injury just going into the first game and then of course we have frank lomati on the bench,normal_play,0.0054
3082,3086,that injury just going into the first game and then of course we have frank lomati on the bench,normal_play,0.0054
3084,3088,that injury just going into the first game and then of course we have frank lomati on the bench,normal_play,0.0054
3086,3090,that injury just going into the first game and then of course we have frank lomati on the bench,normal_play,0.0054
3088,3092,four charged down by richie arnold the big frame that can seize a penalty australia offside,normal_play,0.0054
3090,3094,four charged down by richie arnold the big frame that can seize a penalty australia offside,normal_play,0.0054
3092,3096,four charged down by richie arnold the big frame that can seize a penalty australia offside,normal_play,0.0054
3094,3098,four charged down by richie arnold the big frame that can seize a penalty australia offside at that breakdown of real for the luck for fiji ariel letoff hes a tall man richie arnold,normal_play,0.0054
3096,3100,at that breakdown of real for the luck for fiji ariel letoff hes a tall man richie arnold,normal_play,0.0
3098,3102,at that breakdown of real for the luck for fiji ariel letoff hes a tall man richie arnold,normal_play,0.0
3100,3104,at that breakdown of real for the luck for fiji ariel letoff hes a tall man richie arnold not beyond the last mans feet is whats been ruled by andrew brace,normal_play,0.0
3102,3106,at that breakdown of real for the luck for fiji ariel letoff hes a tall man richie arnold not beyond the last mans feet is whats been ruled by andrew brace,normal_play,0.0
3104,3108,not beyond the last mans feet is whats been ruled by andrew brace,normal_play,0.0
3106,3110,not beyond the last mans feet is whats been ruled by andrew brace,normal_play,0.0
3108,3112,not beyond the last mans feet is whats been ruled by andrew brace tall and like thats going to charge down a few if he gets half a yard,normal_play,0.0
3110,3114,tall and like thats going to charge down a few if he gets half a yard,normal_play,0.0
3112,3116,tall and like thats going to charge down a few if he gets half a yard you know thats an interesting point that is joel because richie arnold doesnt just charge down,normal_play,0.0
3114,3118,tall and like thats going to charge down a few if he gets half a yard you know thats an interesting point that is joel because richie arnold doesnt just charge down,normal_play,0.0
3116,3120,you know thats an interesting point that is joel because richie arnold doesnt just charge down,normal_play,0.0054
3118,3122,you know thats an interesting point that is joel because richie arnold doesnt just charge down but he also you know with the driving balls hell hell get in get his hands in there well you know,normal_play,0.0054
3120,3124,you know thats an interesting point that is joel because richie arnold doesnt just charge down but he also you know with the driving balls hell hell get in get his hands in there well you know,normal_play,0.0054
3122,3126,but he also you know with the driving balls hell hell get in get his hands in there well you know swim as they call it and just get his hands on the ball on the player with the ball and bring them,normal_play,0.0054
3124,3128,but he also you know with the driving balls hell hell get in get his hands in there well you know swim as they call it and just get his hands on the ball on the player with the ball and bring them,normal_play,0.0
3126,3130,swim as they call it and just get his hands on the ball on the player with the ball and bring them down he is an absolute annoyance for every team that he comes up against line out,normal_play,0.0
3128,3132,swim as they call it and just get his hands on the ball on the player with the ball and bring them down he is an absolute annoyance for every team that he comes up against line out,normal_play,0.0
3130,3134,down he is an absolute annoyance for every team that he comes up against line out,normal_play,0.0
3132,3136,down he is an absolute annoyance for every team that he comes up against line out charge downs and in the in the in the defensive ball and this is a little worry,normal_play,0.0
3134,3138,down he is an absolute annoyance for every team that he comes up against line out charge downs and in the in the in the defensive ball and this is a little worry,normal_play,0.0
3136,3140,charge downs and in the in the in the defensive ball and this is a little worry the kicker the man whos been on fire simi on the crew has got cramp to be cramping with,normal_play,0.0
3138,3142,charge downs and in the in the in the defensive ball and this is a little worry the kicker the man whos been on fire simi on the crew has got cramp to be cramping with,normal_play,0.0
3140,3144,the kicker the man whos been on fire simi on the crew has got cramp to be cramping with,normal_play,0.0
3142,3146,the kicker the man whos been on fire simi on the crew has got cramp to be cramping with 35 together hes a little bit of an issue okay are we good one two punch with lomati on the bench,normal_play,0.0
3144,3148,the kicker the man whos been on fire simi on the crew has got cramp to be cramping with 35 together hes a little bit of an issue okay are we good one two punch with lomati on the bench,normal_play,0.0
3146,3150,35 together hes a little bit of an issue okay are we good one two punch with lomati on the bench,normal_play,0.0
3148,3152,35 together hes a little bit of an issue okay are we good one two punch with lomati on the bench,normal_play,0.0
3150,3154,35 together hes a little bit of an issue okay are we good one two punch with lomati on the bench the reason lomati not starting this one is that he just pulled up a little bit sore but fiji here,normal_play,0.0
3152,3156,35 together hes a little bit of an issue okay are we good one two punch with lomati on the bench the reason lomati not starting this one is that he just pulled up a little bit sore but fiji here,normal_play,0.0
3154,3158,the reason lomati not starting this one is that he just pulled up a little bit sore but fiji here,normal_play,0.0
3156,3160,the reason lomati not starting this one is that he just pulled up a little bit sore but fiji here eventually at the least hes going to throw this but they are lining up an all new front,normal_play,0.0
3158,3162,eventually at the least hes going to throw this but they are lining up an all new front,normal_play,0.0
3160,3164,eventually at the least hes going to throw this but they are lining up an all new front row to come on shortly stolen again by nick frost he has been a menace in the line out,lineout,0.121
3162,3166,eventually at the least hes going to throw this but they are lining up an all new front row to come on shortly stolen again by nick frost he has been a menace in the line out,lineout,0.121
3164,3168,row to come on shortly stolen again by nick frost he has been a menace in the line out,lineout,0.121
3166,3170,row to come on shortly stolen again by nick frost he has been a menace in the line out,lineout,0.121
3168,3172,row to come on shortly stolen again by nick frost he has been a menace in the line out,normal_play,0.0054
3170,3174,the chance for australia to strike right back yeah we know,normal_play,0.0054
3172,3176,the chance for australia to strike right back yeah we know,normal_play,0.0054
3174,3178,the chance for australia to strike right back yeah we know,normal_play,0.0054
3176,3180,gordon just a little jink in a weave and then stopped by that man kudovol he cant keep the,normal_play,0.0054
3178,3182,gordon just a little jink in a weave and then stopped by that man kudovol he cant keep the,normal_play,0.0054
3180,3184,gordon just a little jink in a weave and then stopped by that man kudovol he cant keep the scrum half out of it at the moment pitaya stands a low hard kick down its,normal_play,0.0054
3182,3186,gordon just a little jink in a weave and then stopped by that man kudovol he cant keep the scrum half out of it at the moment pitaya stands a low hard kick down its,normal_play,0.0054
3184,3188,scrum half out of it at the moment pitaya stands a low hard kick down its,normal_play,0.0054
3186,3190,scrum half out of it at the moment pitaya stands a low hard kick down its twisting and awkward for dross seseven its going to go too long,normal_play,0.0054
3188,3192,twisting and awkward for dross seseven its going to go too long,normal_play,0.0054
3190,3194,twisting and awkward for dross seseven its going to go too long,normal_play,0.0054
3192,3196,simianna kurwan is stretching out those calves again hes probably short on a bit of game time,normal_play,0.0054
3194,3198,simianna kurwan is stretching out those calves again hes probably short on a bit of game time,normal_play,0.0054
3196,3200,simianna kurwan is stretching out those calves again hes probably short on a bit of game time,normal_play,0.0054
3198,3202,simianna kurwan is stretching out those calves again hes probably short on a bit of game time as well particularly in this humidity in this heat that weve experienced here in santatien,normal_play,0.0054
3200,3204,simianna kurwan is stretching out those calves again hes probably short on a bit of game time as well particularly in this humidity in this heat that weve experienced here in santatien,normal_play,0.0
3202,3206,as well particularly in this humidity in this heat that weve experienced here in santatien theres no advantage great steal at the line out again the ball is available frost up at the front,normal_play,0.0
3204,3208,as well particularly in this humidity in this heat that weve experienced here in santatien theres no advantage great steal at the line out again the ball is available frost up at the front,normal_play,0.0
3206,3210,theres no advantage great steal at the line out again the ball is available frost up at the front,normal_play,0.0
3208,3212,theres no advantage great steal at the line out again the ball is available frost up at the front pops it down beautifully australia with a little free ball,normal_play,0.0
3210,3214,theres no advantage great steal at the line out again the ball is available frost up at the front pops it down beautifully australia with a little free ball,normal_play,0.0
3212,3216,pops it down beautifully australia with a little free ball,normal_play,0.0
3214,3218,pops it down beautifully australia with a little free ball gordon with a little step inside come off and then can the little grab before just too much on it,normal_play,0.0
3216,3220,gordon with a little step inside come off and then can the little grab before just too much on it,normal_play,0.0
3218,3222,gordon with a little step inside come off and then can the little grab before just too much on it,normal_play,0.0
3220,3224,gordon with a little step inside come off and then can the little grab before just too much on it number nine what it gives a change at nine,normal_play,0.0
3222,3226,gordon with a little step inside come off and then can the little grab before just too much on it number nine what it gives a change at nine,normal_play,0.0
3224,3228,number nine what it gives a change at nine,normal_play,0.0
3226,3230,such disappointment for simione kurwoli as frank lomati comes on to replace this outstanding half,normal_play,0.0
3228,3232,such disappointment for simione kurwoli as frank lomati comes on to replace this outstanding half,normal_play,0.0
3230,3234,such disappointment for simione kurwoli as frank lomati comes on to replace this outstanding half,normal_play,0.0
3232,3236,such disappointment for simione kurwoli as frank lomati comes on to replace this outstanding half,normal_play,0.0
3234,3238,such disappointment for simione kurwoli as frank lomati comes on to replace this outstanding half first 46 minutes he had 14 points and you just cant underestimate how important those 14 points,normal_play,0.0
3236,3240,such disappointment for simione kurwoli as frank lomati comes on to replace this outstanding half first 46 minutes he had 14 points and you just cant underestimate how important those 14 points,normal_play,0.0
3238,3242,first 46 minutes he had 14 points and you just cant underestimate how important those 14 points,normal_play,0.0
3240,3244,first 46 minutes he had 14 points and you just cant underestimate how important those 14 points,normal_play,0.0
3242,3246,first 46 minutes he had 14 points and you just cant underestimate how important those 14 points are its real confidence booster to fujimaru theyve struggled to get over the white line,normal_play,0.0
3244,3248,first 46 minutes he had 14 points and you just cant underestimate how important those 14 points are its real confidence booster to fujimaru theyve struggled to get over the white line,normal_play,0.0
3246,3250,are its real confidence booster to fujimaru theyve struggled to get over the white line,normal_play,0.0
3248,3252,are its real confidence booster to fujimaru theyve struggled to get over the white line but he has put them in the game got them in front and hes controlled it for a fair chunk of this,normal_play,0.0
3250,3254,are its real confidence booster to fujimaru theyve struggled to get over the white line but he has put them in the game got them in front and hes controlled it for a fair chunk of this,normal_play,0.0
3252,3256,but he has put them in the game got them in front and hes controlled it for a fair chunk of this this massive massive pull the side out,normal_play,0.0
3254,3258,but he has put them in the game got them in front and hes controlled it for a fair chunk of this this massive massive pull the side out,normal_play,0.0
3256,3260,this massive massive pull the side out,normal_play,0.0
3258,3262,this massive massive pull the side out come on lets go,normal_play,0.0
3260,3264,come on lets go,normal_play,0.0
3262,3266,come on lets go,normal_play,0.0
3264,3268,shoulder and nicely straight everybody,normal_play,0.0
3266,3270,shoulder and nicely straight everybody,normal_play,0.0
3268,3272,shoulder and nicely straight everybody,normal_play,0.0
3270,3274,folks frank lomati vastly experienced now his 28th cap hes just pulled up a little sore after that,normal_play,0.0
3272,3276,folks frank lomati vastly experienced now his 28th cap hes just pulled up a little sore after that,scrum,0.1461
3274,3278,folks frank lomati vastly experienced now his 28th cap hes just pulled up a little sore after that,scrum,0.1461
3276,3280,folks frank lomati vastly experienced now his 28th cap hes just pulled up a little sore after that,scrum,0.1461
3278,3282,folks frank lomati vastly experienced now his 28th cap hes just pulled up a little sore after that match against wales hes going to get a good 35 minutes here scrum is cribbing sideways a little,scrum,0.1461
3280,3284,folks frank lomati vastly experienced now his 28th cap hes just pulled up a little sore after that match against wales hes going to get a good 35 minutes here scrum is cribbing sideways a little,scrum,0.1461
3282,3286,match against wales hes going to get a good 35 minutes here scrum is cribbing sideways a little,scrum,0.1461
3284,3288,match against wales hes going to get a good 35 minutes here scrum is cribbing sideways a little bit lomati is going to get a penalty at the back,scrum,0.1461
3286,3290,match against wales hes going to get a good 35 minutes here scrum is cribbing sideways a little bit lomati is going to get a penalty at the back,scrum,0.1461
3288,3292,bit lomati is going to get a penalty at the back of course fujimaru trying to do this for the last three or four scrum,penalty,0.3546
3290,3294,bit lomati is going to get a penalty at the back of course fujimaru trying to do this for the last three or four scrum,penalty,0.3546
3292,3296,of course fujimaru trying to do this for the last three or four scrum,penalty,0.3546
3294,3298,of course fujimaru trying to do this for the last three or four scrum trying to just put the pressure onto that ozzy front row particularly on the slipper side whos,penalty,0.3546
3296,3300,trying to just put the pressure onto that ozzy front row particularly on the slipper side whos,normal_play,0.0
3298,3302,trying to just put the pressure onto that ozzy front row particularly on the slipper side whos playing outside in an unfamiliar position to him and in fact they got the wheel on the lucid side,normal_play,0.0
3300,3304,trying to just put the pressure onto that ozzy front row particularly on the slipper side whos playing outside in an unfamiliar position to him and in fact they got the wheel on the lucid side,normal_play,0.0
3302,3306,playing outside in an unfamiliar position to him and in fact they got the wheel on the lucid side,normal_play,0.0
3304,3308,playing outside in an unfamiliar position to him and in fact they got the wheel on the lucid side which was quite impressive forced the penalty,normal_play,0.0
3306,3310,playing outside in an unfamiliar position to him and in fact they got the wheel on the lucid side which was quite impressive forced the penalty,normal_play,0.0
3308,3312,which was quite impressive forced the penalty,normal_play,0.0
3310,3314,number one stay square please youve got to stay square i think weve got to look at the start of,normal_play,0.0
3312,3316,number one stay square please youve got to stay square i think weve got to look at the start of,normal_play,0.0
3314,3318,number one stay square please youve got to stay square i think weve got to look at the start of,normal_play,0.0
3316,3320,number one stay square please youve got to stay square i think weve got to look at the start of the second half the amount of possession that the australians havent had as we see the the,normal_play,0.0054
3318,3322,number one stay square please youve got to stay square i think weve got to look at the start of the second half the amount of possession that the australians havent had as we see the the,normal_play,0.0054
3320,3324,the second half the amount of possession that the australians havent had as we see the the penalty conceded nine to three which is very high for australia they just havent managed to,normal_play,0.0054
3322,3326,the second half the amount of possession that the australians havent had as we see the the penalty conceded nine to three which is very high for australia they just havent managed to,normal_play,0.0054
3324,3328,penalty conceded nine to three which is very high for australia they just havent managed to,normal_play,0.0
3326,3330,penalty conceded nine to three which is very high for australia they just havent managed to get the ball in their hand and its all been about fiji in the first seven minutes,normal_play,0.0
3328,3332,penalty conceded nine to three which is very high for australia they just havent managed to get the ball in their hand and its all been about fiji in the first seven minutes,lineout,0.121
3330,3334,get the ball in their hand and its all been about fiji in the first seven minutes,lineout,0.121
3332,3336,this area has been an issue for fiji its nicely brought down by,lineout,0.121
3334,3338,this area has been an issue for fiji its nicely brought down by,lineout,0.121
3336,3340,this area has been an issue for fiji its nicely brought down by you saw narsila silla and what the vacie peels away all the ball just bounced hard into the,normal_play,0.0
3338,3342,this area has been an issue for fiji its nicely brought down by you saw narsila silla and what the vacie peels away all the ball just bounced hard into the,normal_play,0.0
3340,3344,you saw narsila silla and what the vacie peels away all the ball just bounced hard into the chest of lomati but theyre playing under obama drapery had australia up offside,normal_play,0.0054
3342,3346,you saw narsila silla and what the vacie peels away all the ball just bounced hard into the chest of lomati but theyre playing under obama drapery had australia up offside,normal_play,0.0054
3344,3348,chest of lomati but theyre playing under obama drapery had australia up offside,normal_play,0.0054
3346,3350,chest of lomati but theyre playing under obama drapery had australia up offside theyve got a penalty here has fiji and theyre all pointing all of them pointing to the post,normal_play,0.0054
3348,3352,chest of lomati but theyre playing under obama drapery had australia up offside theyve got a penalty here has fiji and theyre all pointing all of them pointing to the post,penalty,0.3546
3350,3354,theyve got a penalty here has fiji and theyre all pointing all of them pointing to the post penalty number 10 against australia,penalty,0.3546
3352,3356,theyve got a penalty here has fiji and theyre all pointing all of them pointing to the post penalty number 10 against australia,normal_play,0.0
3354,3358,penalty number 10 against australia,normal_play,0.0
3360,3364,they were so disciplined against georgia australia and it will be a shot at goal,normal_play,0.0
3362,3366,they were so disciplined against georgia australia and it will be a shot at goal,normal_play,0.0
3364,3368,they were so disciplined against georgia australia and it will be a shot at goal,normal_play,0.0
3366,3370,they were so disciplined against georgia australia and it will be a shot at goal,normal_play,0.0
3368,3372,they were so disciplined against georgia australia and it will be a shot at goal so,normal_play,0.0
3370,3374,they were so disciplined against georgia australia and it will be a shot at goal so this is the game this road be world cup needed isnt it its old fiji came unstuck a little,normal_play,0.0
3372,3376,so this is the game this road be world cup needed isnt it its old fiji came unstuck a little,normal_play,0.0
3374,3378,this is the game this road be world cup needed isnt it its old fiji came unstuck a little against wales lost a game they probably could have won probably think they should have won,normal_play,0.0
3376,3380,this is the game this road be world cup needed isnt it its old fiji came unstuck a little against wales lost a game they probably could have won probably think they should have won,normal_play,0.0
3378,3382,against wales lost a game they probably could have won probably think they should have won,normal_play,0.0
3380,3384,against wales lost a game they probably could have won probably think they should have won,normal_play,0.0
3382,3386,against wales lost a game they probably could have won probably think they should have won backs against the wall theyve come out here and theyve been really good so far this afternoon,normal_play,0.0
3384,3388,backs against the wall theyve come out here and theyve been really good so far this afternoon,normal_play,0.0
3386,3390,backs against the wall theyve come out here and theyve been really good so far this afternoon theyve got a long way to go but if they just keep that scoreboard ticking over theyre certainly on,normal_play,0.0
3388,3392,backs against the wall theyve come out here and theyve been really good so far this afternoon theyve got a long way to go but if they just keep that scoreboard ticking over theyre certainly on,normal_play,0.0
3390,3394,theyve got a long way to go but if they just keep that scoreboard ticking over theyre certainly on,normal_play,0.0
3392,3396,theyve got a long way to go but if they just keep that scoreboard ticking over theyre certainly on the right track the french crowd wearing white shirts supporting the underdog,goal_kick,0.7814
3394,3398,theyve got a long way to go but if they just keep that scoreboard ticking over theyre certainly on the right track the french crowd wearing white shirts supporting the underdog,goal_kick,0.7814
3396,3400,the right track the french crowd wearing white shirts supporting the underdog,goal_kick,0.7814
3398,3402,the right track the french crowd wearing white shirts supporting the underdog wonderful atmosphere its its just brilliant frank lomani just onto the field will take,goal_kick,0.7814
3400,3404,wonderful atmosphere its its just brilliant frank lomani just onto the field will take,goal_kick,0.7814
3402,3406,wonderful atmosphere its its just brilliant frank lomani just onto the field will take,goal_kick,0.7814
3404,3408,wonderful atmosphere its its just brilliant frank lomani just onto the field will take over the goal kicking judys from kudovoli two from two against wales last week,goal_kick,0.7814
3406,3410,wonderful atmosphere its its just brilliant frank lomani just onto the field will take over the goal kicking judys from kudovoli two from two against wales last week,goal_kick,0.7814
3408,3412,over the goal kicking judys from kudovoli two from two against wales last week,goal_kick,0.7814
3410,3414,over the goal kicking judys from kudovoli two from two against wales last week like,goal_kick,0.7814
3412,3416,over the goal kicking judys from kudovoli two from two against wales last week like,goal_kick,0.7814
3414,3418,like,goal_kick,0.7814
3416,3420,like,goal_kick,0.7814
3418,3422,like,goal_kick,0.7814
3420,3424,this one just pushed away to the left,goal_kick,0.7814
3422,3426,this one just pushed away to the left,goal_kick,0.7814
3424,3428,this one just pushed away to the left,normal_play,0.0
3426,3430,just leaned back a little bit on it come on got a bit of a hook,normal_play,0.0
3428,3432,just leaned back a little bit on it come on got a bit of a hook,normal_play,0.0
3430,3434,just leaned back a little bit on it come on got a bit of a hook so,normal_play,0.0
3432,3436,just leaned back a little bit on it come on got a bit of a hook so,normal_play,0.0
3434,3438,so,normal_play,0.0
3436,3440,so,normal_play,0.0054
3438,3442,fijian rugby league tass player makes his way on and its gonna get the expense of,normal_play,0.0054
3440,3444,fijian rugby league tass player makes his way on and its gonna get the expense of,normal_play,0.0054
3442,3446,fijian rugby league tass player makes his way on and its gonna get the expense of carter gordon which would be a little surprising it might need a reshuffle,normal_play,0.0054
3444,3448,fijian rugby league tass player makes his way on and its gonna get the expense of carter gordon which would be a little surprising it might need a reshuffle,normal_play,0.0054
3446,3450,carter gordon which would be a little surprising it might need a reshuffle,normal_play,0.0054
3448,3452,carter gordon which would be a little surprising it might need a reshuffle,normal_play,0.0
3450,3454,very interesting change for eddie jones fly half coming off so they,normal_play,0.0
3452,3456,very interesting change for eddie jones fly half coming off so they,normal_play,0.0
3454,3458,very interesting change for eddie jones fly half coming off so they,normal_play,0.0
3456,3460,very interesting change for eddie jones fly half coming off so they will reshuffle ben donelson will go up into first five mark noangini toasi will,normal_play,0.0
3458,3462,will reshuffle ben donelson will go up into first five mark noangini toasi will,normal_play,0.0
3460,3464,will reshuffle ben donelson will go up into first five mark noangini toasi will slot back to full back and huni walu on the wing,normal_play,0.0
3462,3466,will reshuffle ben donelson will go up into first five mark noangini toasi will slot back to full back and huni walu on the wing,normal_play,0.0
3464,3468,slot back to full back and huni walu on the wing,kick_off,0.1931
3466,3470,slot back to full back and huni walu on the wing,kick_off,0.1931
3470,3474,huni walu another of the handful of australian players with three changes,normal_play,0.0054
3472,3476,huni walu another of the handful of australian players with three changes,normal_play,0.0054
3474,3478,huni walu another of the handful of australian players with three changes just said he sends this one higher noangini toasi underneath it,normal_play,0.0054
3476,3480,huni walu another of the handful of australian players with three changes just said he sends this one higher noangini toasi underneath it,normal_play,0.0054
3478,3482,just said he sends this one higher noangini toasi underneath it,normal_play,0.0054
3480,3484,just said he sends this one higher noangini toasi underneath it its quite hard by its timing perfect as the two 15s come together,normal_play,0.0054
3482,3486,just said he sends this one higher noangini toasi underneath it its quite hard by its timing perfect as the two 15s come together,normal_play,0.0054
3484,3488,its quite hard by its timing perfect as the two 15s come together,normal_play,0.0054
3486,3490,its quite hard by its timing perfect as the two 15s come together,normal_play,0.0054
3488,3492,five votes balatini just caught behind the game line so they could do better to really,normal_play,0.0054
3490,3494,five votes balatini just caught behind the game line so they could do better to really,normal_play,0.0054
3492,3496,five votes balatini just caught behind the game line so they could do better to really,normal_play,0.0054
3494,3498,five votes balatini just caught behind the game line so they could do better to really well to get out of there and use it stay and again might all shake with the box kick and,normal_play,0.0054
3496,3500,five votes balatini just caught behind the game line so they could do better to really well to get out of there and use it stay and again might all shake with the box kick and,normal_play,0.0054
3498,3502,well to get out of there and use it stay and again might all shake with the box kick and send it for huni walu to chase van radder underneath it when he battle up in the air,normal_play,0.0054
3500,3504,well to get out of there and use it stay and again might all shake with the box kick and send it for huni walu to chase van radder underneath it when he battle up in the air,normal_play,0.0054
3502,3506,send it for huni walu to chase van radder underneath it when he battle up in the air,normal_play,0.0054
3504,3508,send it for huni walu to chase van radder underneath it when he battle up in the air and its going to four foot maya talebu and fiji,normal_play,0.0054
3506,3510,send it for huni walu to chase van radder underneath it when he battle up in the air and its going to four foot maya talebu and fiji,normal_play,0.0054
3508,3512,and its going to four foot maya talebu and fiji van radder did just enough,normal_play,0.0054
3510,3514,van radder did just enough,normal_play,0.0054
3512,3516,van radder did just enough,normal_play,0.0054
3514,3518,barrels himself into the australian defense once more no more,normal_play,0.0054
3516,3520,barrels himself into the australian defense once more no more,normal_play,0.0054
3518,3522,barrels himself into the australian defense once more no more,normal_play,0.0054
3520,3524,barrels himself into the australian defense once more no more,normal_play,0.0054
3522,3526,lumani a real chase on this one for donelson had plenty of time,normal_play,0.0054
3524,3528,lumani a real chase on this one for donelson had plenty of time,normal_play,0.0054
3526,3530,lumani a real chase on this one for donelson had plenty of time,normal_play,0.0054
3528,3532,lumani a real chase on this one for donelson had plenty of time for noangini toasi to get it away and smash this way downfield keller eventually,normal_play,0.0054
3530,3534,for noangini toasi to get it away and smash this way downfield keller eventually,normal_play,0.0054
3532,3536,for noangini toasi to get it away and smash this way downfield keller eventually,normal_play,0.0054
3534,3538,for noangini toasi to get it away and smash this way downfield keller eventually,normal_play,0.0054
3536,3540,for noangini toasi to get it away and smash this way downfield keller eventually receiving it on the five meter line fiji looking to open things up a little here for the world,normal_play,0.0054
3538,3542,receiving it on the five meter line fiji looking to open things up a little here for the world,normal_play,0.0054
3540,3544,receiving it on the five meter line fiji looking to open things up a little here for the world ssc and its not a bad clearance again from deep smart smart play realize the space was out on the,normal_play,0.0054
3542,3546,receiving it on the five meter line fiji looking to open things up a little here for the world ssc and its not a bad clearance again from deep smart smart play realize the space was out on the,normal_play,0.0054
3544,3548,ssc and its not a bad clearance again from deep smart smart play realize the space was out on the,normal_play,0.0054
3546,3550,ssc and its not a bad clearance again from deep smart smart play realize the space was out on the,normal_play,0.0054
3548,3552,ssc and its not a bad clearance again from deep smart smart play realize the space was out on the right hand side one long pass and then a good kick changes in the front row its the front,normal_play,0.0054
3550,3554,ssc and its not a bad clearance again from deep smart smart play realize the space was out on the right hand side one long pass and then a good kick changes in the front row its the front,normal_play,0.0054
3552,3556,right hand side one long pass and then a good kick changes in the front row its the front,normal_play,0.0054
3554,3558,right hand side one long pass and then a good kick changes in the front row its the front row that have worked their socks off the softening in really hot conditions,normal_play,0.0054
3556,3560,right hand side one long pass and then a good kick changes in the front row its the front row that have worked their socks off the softening in really hot conditions maui matabezi and tongi make way and on come to vittar canavera penny rabai and masaki dongu,normal_play,0.0054
3558,3562,row that have worked their socks off the softening in really hot conditions maui matabezi and tongi make way and on come to vittar canavera penny rabai and masaki dongu,normal_play,0.0054
3560,3564,maui matabezi and tongi make way and on come to vittar canavera penny rabai and masaki dongu,normal_play,0.0054
3562,3566,maui matabezi and tongi make way and on come to vittar canavera penny rabai and masaki dongu,normal_play,0.0054
3564,3568,maui matabezi and tongi make way and on come to vittar canavera penny rabai and masaki dongu,normal_play,0.0054
3566,3570,maui matabezi and tongi make way and on come to vittar canavera penny rabai and masaki dongu,normal_play,0.0054
3568,3572,maui matabezi and tongi make way and on come to vittar canavera penny rabai and masaki dongu what a shift these three have put in,normal_play,0.0
3570,3574,what a shift these three have put in,normal_play,0.0
3572,3576,what a shift these three have put in,lineout,0.121
3576,3580,line out ball goes deep and down the back once more its frost,lineout,0.121
3578,3582,line out ball goes deep and down the back once more its frost,lineout,0.121
3580,3584,line out ball goes deep and down the back once more its frost karevi try to get through his opposite stolen away by botia he tears off and theres one of the,normal_play,0.0054
3582,3586,line out ball goes deep and down the back once more its frost karevi try to get through his opposite stolen away by botia he tears off and theres one of the,normal_play,0.0054
3584,3588,karevi try to get through his opposite stolen away by botia he tears off and theres one of the,normal_play,0.0054
3586,3590,karevi try to get through his opposite stolen away by botia he tears off and theres one of the new members sake donge straight into the action lumani for maya talebu lets see a maya talebu,normal_play,0.0054
3588,3592,karevi try to get through his opposite stolen away by botia he tears off and theres one of the new members sake donge straight into the action lumani for maya talebu lets see a maya talebu,normal_play,0.0054
3590,3594,new members sake donge straight into the action lumani for maya talebu lets see a maya talebu,normal_play,0.0054
3592,3596,new members sake donge straight into the action lumani for maya talebu lets see a maya talebu,normal_play,0.0054
3594,3598,new members sake donge straight into the action lumani for maya talebu lets see a maya talebu the long lean center for fiji as they swing on to attack another of the fresh legs carries hard,normal_play,0.0054
3596,3600,new members sake donge straight into the action lumani for maya talebu lets see a maya talebu the long lean center for fiji as they swing on to attack another of the fresh legs carries hard,normal_play,0.0
3598,3602,the long lean center for fiji as they swing on to attack another of the fresh legs carries hard,normal_play,0.0
3600,3604,the long lean center for fiji as they swing on to attack another of the fresh legs carries hard,normal_play,0.0054
3602,3606,the long lean center for fiji as they swing on to attack another of the fresh legs carries hard and now straight up the middle lekema tangi tangi balu up over halfway,normal_play,0.0054
3604,3608,the long lean center for fiji as they swing on to attack another of the fresh legs carries hard and now straight up the middle lekema tangi tangi balu up over halfway,normal_play,0.0054
3606,3610,and now straight up the middle lekema tangi tangi balu up over halfway fiji pouring forward trying to find the same and then throwing that ball wide and over the sideline,normal_play,0.0054
3608,3612,and now straight up the middle lekema tangi tangi balu up over halfway fiji pouring forward trying to find the same and then throwing that ball wide and over the sideline,normal_play,0.0054
3610,3614,fiji pouring forward trying to find the same and then throwing that ball wide and over the sideline,normal_play,0.0054
3612,3616,fiji pouring forward trying to find the same and then throwing that ball wide and over the sideline again just as it looks to open up for them just keep it simple hands all it needed was simple hands,normal_play,0.0054
3614,3618,fiji pouring forward trying to find the same and then throwing that ball wide and over the sideline again just as it looks to open up for them just keep it simple hands all it needed was simple hands,normal_play,0.0054
3616,3620,again just as it looks to open up for them just keep it simple hands all it needed was simple hands,normal_play,0.0054
3618,3622,again just as it looks to open up for them just keep it simple hands all it needed was simple hands,normal_play,0.0054
3620,3624,again just as it looks to open up for them just keep it simple hands all it needed was simple hands such a good opportunity creates it brilliantly theres the little steal what a turnover that is,normal_play,0.0054
3622,3626,again just as it looks to open up for them just keep it simple hands all it needed was simple hands such a good opportunity creates it brilliantly theres the little steal what a turnover that is,normal_play,0.0054
3624,3628,such a good opportunity creates it brilliantly theres the little steal what a turnover that is,normal_play,0.0054
3626,3630,such a good opportunity creates it brilliantly theres the little steal what a turnover that is,normal_play,0.0054
3628,3632,such a good opportunity creates it brilliantly theres the little steal what a turnover that is is and he makes the little offload well bad news again james slipper getting a bit more attention,normal_play,0.0054
3630,3634,such a good opportunity creates it brilliantly theres the little steal what a turnover that is is and he makes the little offload well bad news again james slipper getting a bit more attention,normal_play,0.0054
3632,3636,is and he makes the little offload well bad news again james slipper getting a bit more attention,normal_play,0.0
3634,3638,is and he makes the little offload well bad news again james slipper getting a bit more attention,normal_play,0.0
3636,3640,is and he makes the little offload well bad news again james slipper getting a bit more attention look at the numbers out wide are so well executed first wave of dummy runners ball in behind second,normal_play,0.0
3638,3642,is and he makes the little offload well bad news again james slipper getting a bit more attention look at the numbers out wide are so well executed first wave of dummy runners ball in behind second,normal_play,0.0
3640,3644,look at the numbers out wide are so well executed first wave of dummy runners ball in behind second,normal_play,0.0
3642,3646,look at the numbers out wide are so well executed first wave of dummy runners ball in behind second wave on fire four against one just needed simple hands just stay two and two at the front for me,normal_play,0.0
3644,3648,look at the numbers out wide are so well executed first wave of dummy runners ball in behind second wave on fire four against one just needed simple hands just stay two and two at the front for me,normal_play,0.0
3646,3650,wave on fire four against one just needed simple hands just stay two and two at the front for me,normal_play,0.0
3648,3652,wave on fire four against one just needed simple hands just stay two and two at the front for me,normal_play,0.0
3650,3654,wave on fire four against one just needed simple hands just stay two and two at the front for me,normal_play,0.0
3652,3656,wave on fire four against one just needed simple hands just stay two and two at the front for me straighten and hands more opportunities spurned,normal_play,0.0
3654,3658,straighten and hands more opportunities spurned,normal_play,0.0
3656,3660,straighten and hands more opportunities spurned you know sometimes you just got to be a little bit more patient you know just you know attack,normal_play,0.0
3658,3662,you know sometimes you just got to be a little bit more patient you know just you know attack,normal_play,0.0
3660,3664,you know sometimes you just got to be a little bit more patient you know just you know attack that line but just make sure that the defender comes as close as possibly can and then get it out,normal_play,0.0
3662,3666,you know sometimes you just got to be a little bit more patient you know just you know attack that line but just make sure that the defender comes as close as possibly can and then get it out,normal_play,0.0
3664,3668,that line but just make sure that the defender comes as close as possibly can and then get it out,normal_play,0.0
3666,3670,that line but just make sure that the defender comes as close as possibly can and then get it out you know they they do it you know on their days off they do it all the time it is just a simple,normal_play,0.0
3668,3672,that line but just make sure that the defender comes as close as possibly can and then get it out you know they they do it you know on their days off they do it all the time it is just a simple,normal_play,0.0
3670,3674,you know they they do it you know on their days off they do it all the time it is just a simple,normal_play,0.0
3672,3676,you know they they do it you know on their days off they do it all the time it is just a simple pass thats all they needed to do i think that when we see a randrano what he what he did you,normal_play,0.0
3674,3678,you know they they do it you know on their days off they do it all the time it is just a simple pass thats all they needed to do i think that when we see a randrano what he what he did you,normal_play,0.0
3676,3680,pass thats all they needed to do i think that when we see a randrano what he what he did you,normal_play,0.0
3678,3682,pass thats all they needed to do i think that when we see a randrano what he what he did you know with that final pass against wales you know its so disappointing they just got to be,normal_play,0.0
3680,3684,know with that final pass against wales you know its so disappointing they just got to be,normal_play,0.0
3682,3686,know with that final pass against wales you know its so disappointing they just got to be a little bit more patient at times because thats when theyll make the difference,normal_play,0.0
3684,3688,know with that final pass against wales you know its so disappointing they just got to be a little bit more patient at times because thats when theyll make the difference,normal_play,0.0
3686,3690,a little bit more patient at times because thats when theyll make the difference,normal_play,0.0
3688,3692,a little bit more patient at times because thats when theyll make the difference,normal_play,0.0
3696,3700,perichi to frost its been like a metronome that line out ball as valentini will crash it up to try,lineout,0.121
3698,3702,perichi to frost its been like a metronome that line out ball as valentini will crash it up to try,lineout,0.121
3700,3704,perichi to frost its been like a metronome that line out ball as valentini will crash it up to try,normal_play,0.0
3702,3706,perichi to frost its been like a metronome that line out ball as valentini will crash it up to try,normal_play,0.0
3704,3708,perichi to frost its been like a metronome that line out ball as valentini will crash it up to try relieve some of this pressure thats been building on the wallabies and theres a nice open space,normal_play,0.0054
3706,3710,relieve some of this pressure thats been building on the wallabies and theres a nice open space,normal_play,0.0054
3708,3712,relieve some of this pressure thats been building on the wallabies and theres a nice open space nice hole for angus belt look to get the arms free now australia trying to stretch and its,normal_play,0.0054
3710,3714,relieve some of this pressure thats been building on the wallabies and theres a nice open space nice hole for angus belt look to get the arms free now australia trying to stretch and its,normal_play,0.0054
3712,3716,nice hole for angus belt look to get the arms free now australia trying to stretch and its,normal_play,0.0054
3714,3718,nice hole for angus belt look to get the arms free now australia trying to stretch and its a good ball for bonny valo up over halfway a sendering kick for himself to chase is going to be,normal_play,0.0054
3716,3720,nice hole for angus belt look to get the arms free now australia trying to stretch and its a good ball for bonny valo up over halfway a sendering kick for himself to chase is going to be,normal_play,0.0054
3718,3722,a good ball for bonny valo up over halfway a sendering kick for himself to chase is going to be far too heavy though its a great breakout it may not have been the result australia wanted but,normal_play,0.0054
3720,3724,a good ball for bonny valo up over halfway a sendering kick for himself to chase is going to be far too heavy though its a great breakout it may not have been the result australia wanted but,normal_play,0.0054
3722,3726,far too heavy though its a great breakout it may not have been the result australia wanted but,normal_play,0.0054
3724,3728,far too heavy though its a great breakout it may not have been the result australia wanted but,normal_play,0.0054
3726,3730,far too heavy though its a great breakout it may not have been the result australia wanted but,normal_play,0.0054
3728,3732,far too heavy though its a great breakout it may not have been the result australia wanted but thats a great heart from this brilliant breakout space there was in behind a little chip over the,normal_play,0.0054
3730,3734,far too heavy though its a great breakout it may not have been the result australia wanted but thats a great heart from this brilliant breakout space there was in behind a little chip over the,normal_play,0.0054
3732,3736,thats a great heart from this brilliant breakout space there was in behind a little chip over the,normal_play,0.0
3734,3738,thats a great heart from this brilliant breakout space there was in behind a little chip over the top the good hands were good just simple skills cover defense was coming and take that welcome,normal_play,0.0
3736,3740,thats a great heart from this brilliant breakout space there was in behind a little chip over the top the good hands were good just simple skills cover defense was coming and take that welcome,normal_play,0.0
3738,3742,top the good hands were good just simple skills cover defense was coming and take that welcome,normal_play,0.0
3740,3744,top the good hands were good just simple skills cover defense was coming and take that welcome,normal_play,0.0
3742,3746,top the good hands were good just simple skills cover defense was coming and take that welcome to the game yeah yeah,normal_play,0.0
3744,3748,top the good hands were good just simple skills cover defense was coming and take that welcome to the game yeah yeah,normal_play,0.0
3746,3750,to the game yeah yeah,normal_play,0.0
3750,3754,enough said,normal_play,0.0
3752,3756,enough said,normal_play,0.0
3754,3758,enough said,normal_play,0.0
3758,3762,just the first glimpse of so the acid bunny harley such an electric ball player carry it runner,normal_play,0.0
3760,3764,just the first glimpse of so the acid bunny harley such an electric ball player carry it runner,normal_play,0.0
3762,3766,just the first glimpse of so the acid bunny harley such an electric ball player carry it runner,normal_play,0.0
3764,3768,just the first glimpse of so the acid bunny harley such an electric ball player carry it runner,normal_play,0.0
3766,3770,just the first glimpse of so the acid bunny harley such an electric ball player carry it runner,normal_play,0.0
3768,3772,just the first glimpse of so the acid bunny harley such an electric ball player carry it runner,normal_play,0.0
3770,3774,there wasnt too much space for him to run into that but it would have,normal_play,0.0
3772,3776,there wasnt too much space for him to run into that but it would have would have been nice to see him have a little go and,normal_play,0.0
3774,3778,there wasnt too much space for him to run into that but it would have would have been nice to see him have a little go and,normal_play,0.0
3776,3780,would have been nice to see him have a little go and robbie was talking about patience you know just maybe step inside try beat a man or two,normal_play,0.0
3778,3782,robbie was talking about patience you know just maybe step inside try beat a man or two,normal_play,0.0
3780,3784,robbie was talking about patience you know just maybe step inside try beat a man or two set it up go through the phases again bull continuity,normal_play,0.0
3782,3786,robbie was talking about patience you know just maybe step inside try beat a man or two set it up go through the phases again bull continuity,normal_play,0.0
3784,3788,set it up go through the phases again bull continuity,normal_play,0.0
3788,3792,yeah i know some new front row for cg,normal_play,0.0
3790,3794,yeah i know some new front row for cg,normal_play,0.0
3792,3796,yeah i know some new front row for cg,normal_play,0.0
3794,3798,yeah i know some new front row for cg,normal_play,0.0
3802,3806,bound to be a reset and theres a new front row on new personnel okay hes done well,normal_play,0.0
3804,3808,bound to be a reset and theres a new front row on new personnel okay hes done well,normal_play,0.0
3806,3810,bound to be a reset and theres a new front row on new personnel okay hes done well,normal_play,0.0
3808,3812,bound to be a reset and theres a new front row on new personnel okay hes done well,normal_play,0.0
3810,3814,early on in the game james slipper lets go guys lets go we talked about war horses in the game,normal_play,0.0
3812,3816,early on in the game james slipper lets go guys lets go we talked about war horses in the game,normal_play,0.0
3814,3818,early on in the game james slipper lets go guys lets go we talked about war horses in the game 134th cap playing on the side of the scrum where he is not as familiar with carrying an injury,normal_play,0.0
3816,3820,early on in the game james slipper lets go guys lets go we talked about war horses in the game 134th cap playing on the side of the scrum where he is not as familiar with carrying an injury,normal_play,0.0
3818,3822,134th cap playing on the side of the scrum where he is not as familiar with carrying an injury,normal_play,0.0
3820,3824,134th cap playing on the side of the scrum where he is not as familiar with carrying an injury by the sounds hes still going hard 54 minutes in james slipper,normal_play,0.0
3822,3826,134th cap playing on the side of the scrum where he is not as familiar with carrying an injury by the sounds hes still going hard 54 minutes in james slipper,normal_play,0.0
3824,3828,by the sounds hes still going hard 54 minutes in james slipper,scrum,0.1461
3826,3830,by the sounds hes still going hard 54 minutes in james slipper,scrum,0.1461
3836,3840,good shove this time from fiji its gotten great front football from which to spread through the,scrum,0.1461
3838,3842,good shove this time from fiji its gotten great front football from which to spread through the,scrum,0.1461
3840,3844,good shove this time from fiji its gotten great front football from which to spread through the hands of night the level stands a kid blowing hard into the ground for him more seated chase,normal_play,0.0
3842,3846,good shove this time from fiji its gotten great front football from which to spread through the hands of night the level stands a kid blowing hard into the ground for him more seated chase,normal_play,0.0
3844,3848,hands of night the level stands a kid blowing hard into the ground for him more seated chase,normal_play,0.0054
3846,3850,hands of night the level stands a kid blowing hard into the ground for him more seated chase voodoo is back there not a lot of room to move,normal_play,0.0054
3848,3852,voodoo is back there not a lot of room to move,normal_play,0.0054
3850,3854,voodoo is back there not a lot of room to move,normal_play,0.0054
3858,3862,what the advantage australia always advancing in front,normal_play,0.0
3860,3864,what the advantage australia always advancing in front,normal_play,0.0
3862,3866,what the advantage australia always advancing in front ive got it here player offside from the cap number nine in front of the kicker,normal_play,0.0
3864,3868,ive got it here player offside from the cap number nine in front of the kicker,normal_play,0.0
3866,3870,ive got it here player offside from the cap number nine in front of the kicker,normal_play,0.0
3868,3872,ive got it here player offside from the cap number nine in front of the kicker,normal_play,0.0
3870,3874,you know the house hes impressively impressive simon awaluy,normal_play,0.0
3872,3876,you know the house hes impressively impressive simon awaluy,normal_play,0.0
3874,3878,you know the house hes impressively impressive simon awaluy,normal_play,0.0
3876,3880,you know the house hes impressively impressive simon awaluy,normal_play,0.0054
3878,3882,you know the house hes impressively impressive simon awaluy,normal_play,0.0054
3880,3884,you know the house hes impressively impressive simon awaluy yes hes one of the karma coaches weve seen sitting there,normal_play,0.0054
3882,3886,yes hes one of the karma coaches weve seen sitting there,normal_play,0.0054
3884,3888,yes hes one of the karma coaches weve seen sitting there,normal_play,0.0
3886,3890,yes hes one of the karma coaches weve seen sitting there hes been given away too many penalty this afternoon only three that would have been the fourth,normal_play,0.0
3888,3892,hes been given away too many penalty this afternoon only three that would have been the fourth,normal_play,0.0
3890,3894,hes been given away too many penalty this afternoon only three that would have been the fourth,normal_play,0.0
3892,3896,hes been given away too many penalty this afternoon only three that would have been the fourth number nine franck lamani wearing the 21 shirt he was in front of the kick and carried on chasing,normal_play,0.0
3894,3898,number nine franck lamani wearing the 21 shirt he was in front of the kick and carried on chasing,normal_play,0.0
3896,3900,number nine franck lamani wearing the 21 shirt he was in front of the kick and carried on chasing,normal_play,0.0
3898,3902,number nine franck lamani wearing the 21 shirt he was in front of the kick and carried on chasing,normal_play,0.0
3900,3904,number nine franck lamani wearing the 21 shirt he was in front of the kick and carried on chasing scrum ill still tend to run that inside line but if youre in front youre in front,normal_play,0.0
3902,3906,scrum ill still tend to run that inside line but if youre in front youre in front,normal_play,0.0
3904,3908,scrum ill still tend to run that inside line but if youre in front youre in front,lineout,0.121
3906,3910,scrum ill still tend to run that inside line but if youre in front youre in front,lineout,0.121
3908,3912,finding good important moment here for australia six dont change richie arnold they set the drive on,lineout,0.121
3910,3914,finding good important moment here for australia six dont change richie arnold they set the drive on,lineout,0.121
3912,3916,finding good important moment here for australia six dont change richie arnold they set the drive on,maul,0.2353
3914,3918,finding good important moment here for australia six dont change richie arnold they set the drive on the big lock forward coming into the side late in the piece through the middle there,maul,0.2353
3916,3920,finding good important moment here for australia six dont change richie arnold they set the drive on the big lock forward coming into the side late in the piece through the middle there,maul,0.2353
3918,3922,the big lock forward coming into the side late in the piece through the middle there poor ricky the captain plays the floor,maul,0.2353
3920,3924,the big lock forward coming into the side late in the piece through the middle there poor ricky the captain plays the floor,maul,0.2353
3922,3926,poor ricky the captain plays the floor,maul,0.2353
3924,3928,australia all in tight at the moment karevi cant get through,normal_play,0.0
3926,3930,australia all in tight at the moment karevi cant get through,normal_play,0.0
3928,3932,australia all in tight at the moment karevi cant get through what are you not many do frost just getting a little lateral and that allowed one at the level,normal_play,0.0054
3930,3934,what are you not many do frost just getting a little lateral and that allowed one at the level,normal_play,0.0054
3932,3936,what are you not many do frost just getting a little lateral and that allowed one at the level,normal_play,0.0054
3934,3938,what are you not many do frost just getting a little lateral and that allowed one at the level and thank you to come through and now fegie are flowing through and,normal_play,0.0054
3936,3940,what are you not many do frost just getting a little lateral and that allowed one at the level and thank you to come through and now fegie are flowing through and,normal_play,0.0
3938,3942,and thank you to come through and now fegie are flowing through and,normal_play,0.0
3940,3944,and thank you to come through and now fegie are flowing through and id stolen it but then lost it on the ground well he tried to pick it up inside the rock didnt he,normal_play,0.0054
3942,3946,id stolen it but then lost it on the ground well he tried to pick it up inside the rock didnt he,normal_play,0.0054
3944,3948,id stolen it but then lost it on the ground well he tried to pick it up inside the rock didnt he should have should have just maybe stepped over and left it for the scrum off driven back by,normal_play,0.0054
3946,3950,id stolen it but then lost it on the ground well he tried to pick it up inside the rock didnt he should have should have just maybe stepped over and left it for the scrum off driven back by,normal_play,0.0054
3948,3952,should have should have just maybe stepped over and left it for the scrum off driven back by,normal_play,0.0
3950,3954,should have should have just maybe stepped over and left it for the scrum off driven back by,normal_play,0.0
3952,3956,should have should have just maybe stepped over and left it for the scrum off driven back by the,normal_play,0.0
3954,3958,should have should have just maybe stepped over and left it for the scrum off driven back by the okay,normal_play,0.0
3956,3960,the okay,normal_play,0.0
3958,3962,okay,normal_play,0.0
3960,3964,okay,normal_play,0.0
3970,3974,yeah no absolutely you know its going to be important because isaac finds the lewis is going,normal_play,0.0
3972,3976,yeah no absolutely you know its going to be important because isaac finds the lewis is going,normal_play,0.0
3974,3978,yeah no absolutely you know its going to be important because isaac finds the lewis is going,normal_play,0.0
3976,3980,yeah no absolutely you know its going to be important because isaac finds the lewis is going to come on weve also got zane nongor is going to come on of course big back row of course from,normal_play,0.0
3978,3982,yeah no absolutely you know its going to be important because isaac finds the lewis is going to come on weve also got zane nongor is going to come on of course big back row of course from,normal_play,0.0
3980,3984,to come on weve also got zane nongor is going to come on of course big back row of course from,normal_play,0.0
3982,3986,to come on weve also got zane nongor is going to come on of course big back row of course from queensland a couple of big changes here nick white will well just pass on a little bit of advice,normal_play,0.0
3984,3988,to come on weve also got zane nongor is going to come on of course big back row of course from queensland a couple of big changes here nick white will well just pass on a little bit of advice,normal_play,0.0
3986,3990,queensland a couple of big changes here nick white will well just pass on a little bit of advice,normal_play,0.0
3988,3992,queensland a couple of big changes here nick white will well just pass on a little bit of advice,normal_play,0.0
3990,3994,queensland a couple of big changes here nick white will well just pass on a little bit of advice and then make his way to the bench just next to me he needs to inject a little bit of speed into,normal_play,0.0
3992,3996,queensland a couple of big changes here nick white will well just pass on a little bit of advice and then make his way to the bench just next to me he needs to inject a little bit of speed into,normal_play,0.0
3994,3998,and then make his way to the bench just next to me he needs to inject a little bit of speed into,normal_play,0.0
3996,4000,and then make his way to the bench just next to me he needs to inject a little bit of speed into the you know into the back line make that connection i think thats really important,normal_play,0.0
3998,4002,and then make his way to the bench just next to me he needs to inject a little bit of speed into the you know into the back line make that connection i think thats really important,normal_play,0.0
4000,4004,the you know into the back line make that connection i think thats really important and look at this man coming off he served hes done his job isnt he thats yes carriage galore,normal_play,0.0
4002,4006,the you know into the back line make that connection i think thats really important and look at this man coming off he served hes done his job isnt he thats yes carriage galore,normal_play,0.0
4004,4008,and look at this man coming off he served hes done his job isnt he thats yes carriage galore,normal_play,0.0
4006,4010,and look at this man coming off he served hes done his job isnt he thats yes carriage galore,normal_play,0.0
4008,4012,and look at this man coming off he served hes done his job isnt he thats yes carriage galore an old warhorse i think you called him ricky summed him up pretty well what a servant over,normal_play,0.0
4010,4014,and look at this man coming off he served hes done his job isnt he thats yes carriage galore an old warhorse i think you called him ricky summed him up pretty well what a servant over,normal_play,0.0
4012,4016,an old warhorse i think you called him ricky summed him up pretty well what a servant over 130 test matches only three starts outside said big ask of him today hes been wonderful,normal_play,0.0
4014,4018,an old warhorse i think you called him ricky summed him up pretty well what a servant over 130 test matches only three starts outside said big ask of him today hes been wonderful,normal_play,0.0
4016,4020,130 test matches only three starts outside said big ask of him today hes been wonderful,normal_play,0.0
4018,4022,130 test matches only three starts outside said big ask of him today hes been wonderful,normal_play,0.0
4020,4024,130 test matches only three starts outside said big ask of him today hes been wonderful in tough conditions in a pack of forwards against the pack of forwards that have been really solid,normal_play,0.0
4022,4026,130 test matches only three starts outside said big ask of him today hes been wonderful in tough conditions in a pack of forwards against the pack of forwards that have been really solid,normal_play,0.0
4024,4028,in tough conditions in a pack of forwards against the pack of forwards that have been really solid,normal_play,0.0
4026,4030,in tough conditions in a pack of forwards against the pack of forwards that have been really solid big moment for isaac finds lilly wasa just his second cap he made his debut against france,normal_play,0.0
4028,4032,in tough conditions in a pack of forwards against the pack of forwards that have been really solid big moment for isaac finds lilly wasa just his second cap he made his debut against france,normal_play,0.0
4030,4034,big moment for isaac finds lilly wasa just his second cap he made his debut against france,normal_play,0.0
4032,4036,big moment for isaac finds lilly wasa just his second cap he made his debut against france,normal_play,0.0
4034,4038,big moment for isaac finds lilly wasa just his second cap he made his debut against france,normal_play,0.0
4036,4040,big moment for isaac finds lilly wasa just his second cap he made his debut against france okay well a month or so ago was uncapped at the time of this squad selection no take mcdermott,normal_play,0.0
4038,4042,okay well a month or so ago was uncapped at the time of this squad selection no take mcdermott,normal_play,0.0
4040,4044,okay well a month or so ago was uncapped at the time of this squad selection no take mcdermott for australia today big ask of 27 year old halfback bit of a lake bloomer a huge opportunity as well,normal_play,0.0
4042,4046,okay well a month or so ago was uncapped at the time of this squad selection no take mcdermott for australia today big ask of 27 year old halfback bit of a lake bloomer a huge opportunity as well,normal_play,0.0
4044,4048,for australia today big ask of 27 year old halfback bit of a lake bloomer a huge opportunity as well,normal_play,0.0
4046,4050,for australia today big ask of 27 year old halfback bit of a lake bloomer a huge opportunity as well,normal_play,0.0
4048,4052,for australia today big ask of 27 year old halfback bit of a lake bloomer a huge opportunity as well,normal_play,0.0
4050,4054,for australia today big ask of 27 year old halfback bit of a lake bloomer a huge opportunity as well for this man there in 21,normal_play,0.0
4052,4056,for australia today big ask of 27 year old halfback bit of a lake bloomer a huge opportunity as well for this man there in 21,normal_play,0.0
4054,4058,for this man there in 21,normal_play,0.0
4056,4060,its a very good platform this is for australia you know inside of the the fijian half lets see,scrum,0.1461
4058,4062,its a very good platform this is for australia you know inside of the the fijian half lets see,scrum,0.1461
4060,4064,its a very good platform this is for australia you know inside of the the fijian half lets see exactly what they can produce from here theyve got fast backs of course they need to get quick,scrum,0.1461
4062,4066,its a very good platform this is for australia you know inside of the the fijian half lets see exactly what they can produce from here theyve got fast backs of course they need to get quick,scrum,0.1461
4064,4068,exactly what they can produce from here theyve got fast backs of course they need to get quick,scrum,0.1461
4066,4070,exactly what they can produce from here theyve got fast backs of course they need to get quick ball or or just give the fijian scrum a little bit of a hassle here australia flood out to the,scrum,0.1461
4068,4072,exactly what they can produce from here theyve got fast backs of course they need to get quick ball or or just give the fijian scrum a little bit of a hassle here australia flood out to the,scrum,0.1461
4070,4074,ball or or just give the fijian scrum a little bit of a hassle here australia flood out to the,scrum,0.1461
4072,4076,ball or or just give the fijian scrum a little bit of a hassle here australia flood out to the,normal_play,0.0
4074,4078,ball or or just give the fijian scrum a little bit of a hassle here australia flood out to the left putting numbers in for donaldson now playing up at fullback now donaldson,normal_play,0.0
4076,4080,ball or or just give the fijian scrum a little bit of a hassle here australia flood out to the left putting numbers in for donaldson now playing up at fullback now donaldson,normal_play,0.0
4078,4082,left putting numbers in for donaldson now playing up at fullback now donaldson,normal_play,0.0
4080,4084,left putting numbers in for donaldson now playing up at fullback now donaldson,normal_play,0.0054
4082,4086,left putting numbers in for donaldson now playing up at fullback now donaldson to run the show its a good carry up over the 22 heres nongor with his first touch,normal_play,0.0054
4084,4088,to run the show its a good carry up over the 22 heres nongor with his first touch,normal_play,0.0054
4086,4090,to run the show its a good carry up over the 22 heres nongor with his first touch,normal_play,0.0054
4088,4092,to run the show its a good carry up over the 22 heres nongor with his first touch,normal_play,0.0054
4090,4094,to run the show its a good carry up over the 22 heres nongor with his first touch,normal_play,0.0054
4092,4096,this is good momentum here tipped on just as good a bet he sits down and mostly,normal_play,0.0054
4094,4098,this is good momentum here tipped on just as good a bet he sits down and mostly,normal_play,0.0054
4096,4100,this is good momentum here tipped on just as good a bet he sits down and mostly,normal_play,0.0054
4098,4102,this is good momentum here tipped on just as good a bet he sits down and mostly still there for australia its awkward the hands are outstanding down low,normal_play,0.0054
4100,4104,still there for australia its awkward the hands are outstanding down low,normal_play,0.0054
4102,4106,still there for australia its awkward the hands are outstanding down low,normal_play,0.0054
4104,4108,still there for australia its awkward the hands are outstanding down low brilliant work from arnold good on betsy,normal_play,0.0054
4106,4110,brilliant work from arnold good on betsy,normal_play,0.0054
4108,4112,brilliant work from arnold good on betsy australia its a rare foray for them this close to the fiji line 10 meters short now as they line up,normal_play,0.0054
4110,4114,australia its a rare foray for them this close to the fiji line 10 meters short now as they line up,normal_play,0.0054
4112,4116,australia its a rare foray for them this close to the fiji line 10 meters short now as they line up,normal_play,0.0054
4114,4118,australia its a rare foray for them this close to the fiji line 10 meters short now as they line up,normal_play,0.0054
4116,4120,australia its a rare foray for them this close to the fiji line 10 meters short now as they line up again the distribution is quick from finds lehli awasa five meters shorter the line pounding away,normal_play,0.0054
4118,4122,australia its a rare foray for them this close to the fiji line 10 meters short now as they line up again the distribution is quick from finds lehli awasa five meters shorter the line pounding away,normal_play,0.0054
4120,4124,again the distribution is quick from finds lehli awasa five meters shorter the line pounding away,normal_play,0.0054
4122,4126,again the distribution is quick from finds lehli awasa five meters shorter the line pounding away,normal_play,0.0054
4124,4128,again the distribution is quick from finds lehli awasa five meters shorter the line pounding away cant okay,penalty,0.3546
4126,4130,again the distribution is quick from finds lehli awasa five meters shorter the line pounding away cant okay,penalty,0.3546
4128,4132,cant okay,penalty,0.3546
4130,4134,cant okay well theyve been so happy with the pull up eddie jones and so disappointed in the scale,penalty,0.3546
4132,4136,cant okay well theyve been so happy with the pull up eddie jones and so disappointed in the scale,normal_play,0.0
4134,4138,well theyve been so happy with the pull up eddie jones and so disappointed in the scale,normal_play,0.0
4136,4140,well theyve been so happy with the pull up eddie jones and so disappointed in the scale pull up on the board in front of the polls rory arnold is he the man with the carry and then,normal_play,0.0
4138,4142,pull up on the board in front of the polls rory arnold is he the man with the carry and then,normal_play,0.0
4140,4144,pull up on the board in front of the polls rory arnold is he the man with the carry and then someone was just jacking in over that so quickly theres a little bit of a problem there for,normal_play,0.0
4142,4146,pull up on the board in front of the polls rory arnold is he the man with the carry and then someone was just jacking in over that so quickly theres a little bit of a problem there for,normal_play,0.0
4144,4148,someone was just jacking in over that so quickly theres a little bit of a problem there for,normal_play,0.0
4146,4150,someone was just jacking in over that so quickly theres a little bit of a problem there for,normal_play,0.0
4148,4152,someone was just jacking in over that so quickly theres a little bit of a problem there for for misaki donga he took a bit of a bang on the head i wouldnt be surprised if he just,normal_play,0.0
4150,4154,for misaki donga he took a bit of a bang on the head i wouldnt be surprised if he just,normal_play,0.0
4152,4156,for misaki donga he took a bit of a bang on the head i wouldnt be surprised if he just called off for a hi a test thats definitely going to happen i think you know he was wobbly,normal_play,0.0
4154,4158,called off for a hi a test thats definitely going to happen i think you know he was wobbly,normal_play,0.0
4156,4160,called off for a hi a test thats definitely going to happen i think you know he was wobbly,normal_play,0.0
4158,4162,called off for a hi a test thats definitely going to happen i think you know he was wobbly he got up even bumped into a player as he tried to stack her back into position not in a good place,normal_play,0.0
4160,4164,called off for a hi a test thats definitely going to happen i think you know he was wobbly he got up even bumped into a player as he tried to stack her back into position not in a good place,normal_play,0.0
4162,4166,he got up even bumped into a player as he tried to stack her back into position not in a good place and botia yeah just suffering there on the grounds well hes been really good today,normal_play,0.0
4164,4168,he got up even bumped into a player as he tried to stack her back into position not in a good place and botia yeah just suffering there on the grounds well hes been really good today,normal_play,0.0
4166,4170,and botia yeah just suffering there on the grounds well hes been really good today,normal_play,0.0
4168,4172,and botia yeah just suffering there on the grounds well hes been really good today,normal_play,0.0054
4170,4174,and botia yeah just suffering there on the grounds well hes been really good today,normal_play,0.0054
4172,4176,and botia yeah just suffering there on the grounds well hes been really good today,normal_play,0.0054
4174,4178,and botia yeah just suffering there on the grounds well hes been really good today like 14 tackle you saw some unbelievable tackle statistics from the welsh against,normal_play,0.0054
4176,4180,like 14 tackle you saw some unbelievable tackle statistics from the welsh against,normal_play,0.0
4178,4182,like 14 tackle you saw some unbelievable tackle statistics from the welsh against,normal_play,0.0
4180,4184,like 14 tackle you saw some unbelievable tackle statistics from the welsh against fiji larsik botia turning it around today though that comes the hi it is going to be donga who,normal_play,0.0
4182,4186,like 14 tackle you saw some unbelievable tackle statistics from the welsh against fiji larsik botia turning it around today though that comes the hi it is going to be donga who,normal_play,0.0
4184,4188,fiji larsik botia turning it around today though that comes the hi it is going to be donga who,normal_play,0.0
4186,4190,fiji larsik botia turning it around today though that comes the hi it is going to be donga who,normal_play,0.0
4188,4192,fiji larsik botia turning it around today though that comes the hi it is going to be donga who just goes off to get checked,normal_play,0.0
4190,4194,just goes off to get checked,normal_play,0.0
4192,4196,just goes off to get checked,normal_play,0.0
4194,4198,so that brings luke tangi back on for misaki donga botia still down australia have made some,normal_play,0.0
4196,4200,so that brings luke tangi back on for misaki donga botia still down australia have made some,normal_play,0.0
4198,4202,so that brings luke tangi back on for misaki donga botia still down australia have made some changes rob lehota out there in jersey 20 hes replaced fraser mick right looks like hes got,normal_play,0.0
4200,4204,so that brings luke tangi back on for misaki donga botia still down australia have made some changes rob lehota out there in jersey 20 hes replaced fraser mick right looks like hes got,normal_play,0.0
4202,4206,changes rob lehota out there in jersey 20 hes replaced fraser mick right looks like hes got,normal_play,0.0
4204,4208,changes rob lehota out there in jersey 20 hes replaced fraser mick right looks like hes got a bang in the jaw there more than anything else its its the left cheek the upper left cheek,normal_play,0.0
4206,4210,changes rob lehota out there in jersey 20 hes replaced fraser mick right looks like hes got a bang in the jaw there more than anything else its its the left cheek the upper left cheek,normal_play,0.0
4208,4212,a bang in the jaw there more than anything else its its the left cheek the upper left cheek but hes as hard as nails is that hes made of titanium for crying out loud hes back on the,normal_play,0.0
4210,4214,a bang in the jaw there more than anything else its its the left cheek the upper left cheek but hes as hard as nails is that hes made of titanium for crying out loud hes back on the,normal_play,0.0
4212,4216,but hes as hard as nails is that hes made of titanium for crying out loud hes back on the,normal_play,0.0
4214,4218,but hes as hard as nails is that hes made of titanium for crying out loud hes back on the pitch of course hes going to deal with this and did you see the size of that bicep while he was,normal_play,0.0
4216,4220,but hes as hard as nails is that hes made of titanium for crying out loud hes back on the pitch of course hes going to deal with this and did you see the size of that bicep while he was,normal_play,0.0
4218,4222,pitch of course hes going to deal with this and did you see the size of that bicep while he was on his orchards yes its about the same size as joshua to asovas calf muscles youre right about,normal_play,0.0
4220,4224,pitch of course hes going to deal with this and did you see the size of that bicep while he was on his orchards yes its about the same size as joshua to asovas calf muscles youre right about,normal_play,0.0
4222,4226,on his orchards yes its about the same size as joshua to asovas calf muscles youre right about,normal_play,0.0
4224,4228,on his orchards yes its about the same size as joshua to asovas calf muscles youre right about that skittles i think they are jordan orlessi also out there in jersey 16 for australia,normal_play,0.0
4226,4230,on his orchards yes its about the same size as joshua to asovas calf muscles youre right about that skittles i think they are jordan orlessi also out there in jersey 16 for australia,normal_play,0.0
4228,4232,that skittles i think they are jordan orlessi also out there in jersey 16 for australia,normal_play,0.0
4230,4234,that skittles i think they are jordan orlessi also out there in jersey 16 for australia,normal_play,0.0
4232,4236,that skittles i think they are jordan orlessi also out there in jersey 16 for australia replacement hooker thanks ricky youre calling the subs i appreciate it,normal_play,0.0
4234,4238,that skittles i think they are jordan orlessi also out there in jersey 16 for australia replacement hooker thanks ricky youre calling the subs i appreciate it,normal_play,0.0
4236,4240,replacement hooker thanks ricky youre calling the subs i appreciate it,normal_play,0.0
4238,4242,replacement hooker thanks ricky youre calling the subs i appreciate it,normal_play,0.0
4240,4244,replacement hooker thanks ricky youre calling the subs i appreciate it,normal_play,0.0
4246,4250,thats who is here coming on,normal_play,0.0
4248,4252,thats who is here coming on,normal_play,0.0
4252,4256,two and two its fairly handy replacement isnt it,normal_play,0.0
4254,4258,two and two its fairly handy replacement isnt it,normal_play,0.0
4256,4260,two and two its fairly handy replacement isnt it it is isnt it josey 20 heres fiji heading towards the final quarter of this match with,lineout,0.121
4258,4262,two and two its fairly handy replacement isnt it it is isnt it josey 20 heres fiji heading towards the final quarter of this match with,lineout,0.121
4260,4264,it is isnt it josey 20 heres fiji heading towards the final quarter of this match with,lineout,0.121
4262,4266,it is isnt it josey 20 heres fiji heading towards the final quarter of this match with a 19 8 advantage over australia this one hanging in the air and bouncing kura betsy got nowhere,lineout,0.121
4264,4268,it is isnt it josey 20 heres fiji heading towards the final quarter of this match with a 19 8 advantage over australia this one hanging in the air and bouncing kura betsy got nowhere,normal_play,0.0054
4266,4270,a 19 8 advantage over australia this one hanging in the air and bouncing kura betsy got nowhere,normal_play,0.0054
4268,4272,a 19 8 advantage over australia this one hanging in the air and bouncing kura betsy got nowhere near it its come off the hands of sangeetangeevalu and it will have been knocked on well thats at the,normal_play,0.0054
4270,4274,a 19 8 advantage over australia this one hanging in the air and bouncing kura betsy got nowhere near it its come off the hands of sangeetangeevalu and it will have been knocked on well thats at the,normal_play,0.0054
4272,4276,near it its come off the hands of sangeetangeevalu and it will have been knocked on well thats at the,normal_play,0.0
4274,4278,near it its come off the hands of sangeetangeevalu and it will have been knocked on well thats at the sky cams cable yeah very carefully it happened right in front of us hit the cable and deviated,normal_play,0.0
4276,4280,near it its come off the hands of sangeetangeevalu and it will have been knocked on well thats at the sky cams cable yeah very carefully it happened right in front of us hit the cable and deviated,normal_play,0.0
4278,4282,sky cams cable yeah very carefully it happened right in front of us hit the cable and deviated,normal_play,0.0
4280,4284,sky cams cable yeah very carefully it happened right in front of us hit the cable and deviated,normal_play,0.0
4282,4286,sky cams cable yeah very carefully it happened right in front of us hit the cable and deviated and went the other way and i think thats got to be a fiji scrum,normal_play,0.0
4284,4288,sky cams cable yeah very carefully it happened right in front of us hit the cable and deviated and went the other way and i think thats got to be a fiji scrum,normal_play,0.0
4286,4290,and went the other way and i think thats got to be a fiji scrum,normal_play,0.0
4290,4294,its a bit of a debate going on down there now well theyre just obviously,normal_play,0.0
4292,4296,its a bit of a debate going on down there now well theyre just obviously,normal_play,0.0
4294,4298,its a bit of a debate going on down there now well theyre just obviously,normal_play,0.0
4296,4300,its a bit of a debate going on down there now well theyre just obviously understanding who had possession from that but logically it should be fiji,normal_play,0.0
4298,4302,its a bit of a debate going on down there now well theyre just obviously understanding who had possession from that but logically it should be fiji,normal_play,0.0
4300,4304,understanding who had possession from that but logically it should be fiji okay lets go well i did knock it on when it did come down fiji so thats true australia,normal_play,0.0
4302,4306,understanding who had possession from that but logically it should be fiji okay lets go well i did knock it on when it did come down fiji so thats true australia,normal_play,0.0
4304,4308,okay lets go well i did knock it on when it did come down fiji so thats true australia,normal_play,0.0
4306,4310,okay lets go well i did knock it on when it did come down fiji so thats true australia look like theyre gonna get the put in,normal_play,0.0
4308,4312,okay lets go well i did knock it on when it did come down fiji so thats true australia look like theyre gonna get the put in,normal_play,0.0
4310,4314,look like theyre gonna get the put in,normal_play,0.0
4312,4316,look like theyre gonna get the put in,normal_play,0.0
4330,4334,thats one wheeling away in australia get the scrum penalty this time,normal_play,0.0
4332,4336,thats one wheeling away in australia get the scrum penalty this time okay,normal_play,0.0
4334,4338,thats one wheeling away in australia get the scrum penalty this time okay,normal_play,0.0
4336,4340,okay,normal_play,0.0
4338,4342,okay just trying to work around the outside there the fijians,normal_play,0.0
4340,4344,just trying to work around the outside there the fijians,normal_play,0.0
4342,4346,just trying to work around the outside there the fijians same as the one over there number 17 right on the corner obviously gonna go and kick for the for,normal_play,0.0
4344,4348,same as the one over there number 17 right on the corner obviously gonna go and kick for the for,normal_play,0.0
4346,4350,same as the one over there number 17 right on the corner obviously gonna go and kick for the for,normal_play,0.0
4348,4352,same as the one over there number 17 right on the corner obviously gonna go and kick for the for the corner here a little just behind the halfway line and work that line out just like,normal_play,0.0
4350,4354,same as the one over there number 17 right on the corner obviously gonna go and kick for the for the corner here a little just behind the halfway line and work that line out just like,normal_play,0.0
4352,4356,the corner here a little just behind the halfway line and work that line out just like,normal_play,0.0054
4354,4358,the corner here a little just behind the halfway line and work that line out just like they did before theyve still got some very good jumpers in that line over richie anald there of,normal_play,0.0054
4356,4360,the corner here a little just behind the halfway line and work that line out just like they did before theyve still got some very good jumpers in that line over richie anald there of,normal_play,0.0054
4358,4362,they did before theyve still got some very good jumpers in that line over richie anald there of course and nick frost still in position its working well just the mall theyve got to get,normal_play,0.0054
4360,4364,they did before theyve still got some very good jumpers in that line over richie anald there of course and nick frost still in position its working well just the mall theyve got to get,normal_play,0.0
4362,4366,course and nick frost still in position its working well just the mall theyve got to get,normal_play,0.0
4364,4368,course and nick frost still in position its working well just the mall theyve got to get,normal_play,0.0
4366,4370,course and nick frost still in position its working well just the mall theyve got to get some go forward now the line out its not a problem fiji have defended them all pretty well though,normal_play,0.0
4368,4372,course and nick frost still in position its working well just the mall theyve got to get some go forward now the line out its not a problem fiji have defended them all pretty well though,normal_play,0.0
4370,4374,some go forward now the line out its not a problem fiji have defended them all pretty well though,normal_play,0.0
4372,4376,some go forward now the line out its not a problem fiji have defended them all pretty well though dave parecki the captains left the field so first throw for jordan ulessi,normal_play,0.0
4374,4378,dave parecki the captains left the field so first throw for jordan ulessi,normal_play,0.0
4376,4380,dave parecki the captains left the field so first throw for jordan ulessi,lineout,0.121
4378,4382,dave parecki the captains left the field so first throw for jordan ulessi there it is for australia to floor richie anald once again fiji he would have given the disrupt,lineout,0.121
4380,4384,there it is for australia to floor richie anald once again fiji he would have given the disrupt,lineout,0.121
4382,4386,there it is for australia to floor richie anald once again fiji he would have given the disrupt,lineout,0.121
4384,4388,there it is for australia to floor richie anald once again fiji he would have given the disrupt,normal_play,0.0
4386,4390,there it is for australia to floor richie anald once again fiji he would have given the disrupt so ulessi has to come away with it over there to saraki daveta with a huge play for fiji,normal_play,0.0
4388,4392,there it is for australia to floor richie anald once again fiji he would have given the disrupt so ulessi has to come away with it over there to saraki daveta with a huge play for fiji,penalty,0.3546
4390,4394,so ulessi has to come away with it over there to saraki daveta with a huge play for fiji,penalty,0.3546
4392,4396,so ulessi has to come away with it over there to saraki daveta with a huge play for fiji,penalty,0.3546
4394,4398,so ulessi has to come away with it over there to saraki daveta with a huge play for fiji,penalty,0.3546
4396,4400,so ulessi has to come away with it over there to saraki daveta with a huge play for fiji well the mall was coming backwards and there was a little peel to the,normal_play,0.0
4398,4402,well the mall was coming backwards and there was a little peel to the the left completely isolated but what a little jackal that is,normal_play,0.0
4400,4404,well the mall was coming backwards and there was a little peel to the the left completely isolated but what a little jackal that is,normal_play,0.0
4402,4406,the left completely isolated but what a little jackal that is,normal_play,0.0
4404,4408,the left completely isolated but what a little jackal that is game of i say it every week game of little mini battles look at this solo,normal_play,0.0
4406,4410,game of i say it every week game of little mini battles look at this solo,normal_play,0.0
4408,4412,game of i say it every week game of little mini battles look at this solo ulessi around the corner and then hands on the ball,normal_play,0.0
4410,4414,game of i say it every week game of little mini battles look at this solo ulessi around the corner and then hands on the ball,normal_play,0.0
4412,4416,ulessi around the corner and then hands on the ball,normal_play,0.0
4414,4418,ulessi around the corner and then hands on the ball brilliant still the man born and raised in tiara on the east coast of new zealand the,normal_play,0.0
4416,4420,brilliant still the man born and raised in tiara on the east coast of new zealand the,normal_play,0.0
4418,4422,brilliant still the man born and raised in tiara on the east coast of new zealand the,normal_play,0.0
4420,4424,brilliant still the man born and raised in tiara on the east coast of new zealand the community there did a fundraiser a big raffle to get his mum vicki here so vicki is in the crowd,normal_play,0.0
4422,4426,brilliant still the man born and raised in tiara on the east coast of new zealand the community there did a fundraiser a big raffle to get his mum vicki here so vicki is in the crowd,normal_play,0.0
4424,4428,community there did a fundraiser a big raffle to get his mum vicki here so vicki is in the crowd just watching her boy steal that one away for fiji,normal_play,0.0054
4426,4430,community there did a fundraiser a big raffle to get his mum vicki here so vicki is in the crowd just watching her boy steal that one away for fiji,normal_play,0.0054
4428,4432,just watching her boy steal that one away for fiji,normal_play,0.0054
4430,4434,just watching her boy steal that one away for fiji well the kick goes out you can imagine what its like back in fiji with all of the people,normal_play,0.0054
4432,4436,well the kick goes out you can imagine what its like back in fiji with all of the people,normal_play,0.0
4434,4438,well the kick goes out you can imagine what its like back in fiji with all of the people,normal_play,0.0
4436,4440,well the kick goes out you can imagine what its like back in fiji with all of the people watching this encounter they must be on the edges of their seats all the fijians around the,normal_play,0.0
4438,4442,well the kick goes out you can imagine what its like back in fiji with all of the people watching this encounter they must be on the edges of their seats all the fijians around the,normal_play,0.0
4440,4444,watching this encounter they must be on the edges of their seats all the fijians around the world this is such a great position for them to be in up against australia of all of anaka to them,normal_play,0.0
4442,4446,watching this encounter they must be on the edges of their seats all the fijians around the world this is such a great position for them to be in up against australia of all of anaka to them,normal_play,0.0
4444,4448,world this is such a great position for them to be in up against australia of all of anaka to them,lineout,0.121
4446,4450,world this is such a great position for them to be in up against australia of all of anaka to them all as we head into the final 20 minutes and that one is a wobbly old line out its getting tight,lineout,0.121
4448,4452,world this is such a great position for them to be in up against australia of all of anaka to them all as we head into the final 20 minutes and that one is a wobbly old line out its getting tight,lineout,0.121
4450,4454,all as we head into the final 20 minutes and that one is a wobbly old line out its getting tight,lineout,0.121
4452,4456,all as we head into the final 20 minutes and that one is a wobbly old line out its getting tight intense now mistakes coming into the game as its tidied up by ulessi a chance for australia,normal_play,0.0054
4454,4458,all as we head into the final 20 minutes and that one is a wobbly old line out its getting tight intense now mistakes coming into the game as its tidied up by ulessi a chance for australia,normal_play,0.0054
4456,4460,intense now mistakes coming into the game as its tidied up by ulessi a chance for australia,normal_play,0.0054
4458,4462,intense now mistakes coming into the game as its tidied up by ulessi a chance for australia through the on field captain now korebi and now pitaya thats gone up over the shoulder,normal_play,0.0054
4460,4464,intense now mistakes coming into the game as its tidied up by ulessi a chance for australia through the on field captain now korebi and now pitaya thats gone up over the shoulder,normal_play,0.0
4462,4466,through the on field captain now korebi and now pitaya thats gone up over the shoulder,normal_play,0.0
4464,4468,through the on field captain now korebi and now pitaya thats gone up over the shoulder advantage being played for the high tackle,penalty,0.3546
4466,4470,through the on field captain now korebi and now pitaya thats gone up over the shoulder advantage being played for the high tackle,penalty,0.3546
4472,4476,come off,normal_play,0.0
4474,4478,come off,normal_play,0.0
4476,4480,come off just a captain please,normal_play,0.0
4478,4482,just a captain please captain,normal_play,0.0
4480,4484,captain,normal_play,0.0
4482,4486,captain,normal_play,0.0
4486,4490,seatbelt tackle definitely a penalty its on the shoulder,normal_play,0.0
4488,4492,seatbelt tackle definitely a penalty its on the shoulder it is,normal_play,0.0
4490,4494,seatbelt tackle definitely a penalty its on the shoulder it is,normal_play,0.0
4492,4496,it is,normal_play,0.0
4494,4498,it is,normal_play,0.0
4498,4502,first half penalty early on theyd only conceded a couple fijian that was for,normal_play,0.0
4500,4504,first half penalty early on theyd only conceded a couple fijian that was for,normal_play,0.0
4502,4506,first half penalty early on theyd only conceded a couple fijian that was for very similar incidents so just a little warning well i said it earlier didnt i they do tackle,normal_play,0.0
4504,4508,first half penalty early on theyd only conceded a couple fijian that was for very similar incidents so just a little warning well i said it earlier didnt i they do tackle,normal_play,0.0
4506,4510,very similar incidents so just a little warning well i said it earlier didnt i they do tackle quite a they do make a point of tackling the ball of the jams it is a little risky at times,normal_play,0.0
4508,4512,very similar incidents so just a little warning well i said it earlier didnt i they do tackle quite a they do make a point of tackling the ball of the jams it is a little risky at times,normal_play,0.0054
4510,4514,quite a they do make a point of tackling the ball of the jams it is a little risky at times,normal_play,0.0054
4512,4516,quite a they do make a point of tackling the ball of the jams it is a little risky at times every now and then it slides up every now and then you end up with a seatbelt like that and,normal_play,0.0054
4514,4518,quite a they do make a point of tackling the ball of the jams it is a little risky at times every now and then it slides up every now and then you end up with a seatbelt like that and,normal_play,0.0054
4516,4520,every now and then it slides up every now and then you end up with a seatbelt like that and thats a penalty against them hold it up,normal_play,0.0
4518,4522,every now and then it slides up every now and then you end up with a seatbelt like that and thats a penalty against them hold it up,normal_play,0.0
4520,4524,thats a penalty against them hold it up,normal_play,0.0
4524,4528,looks like theyve been to war the australian fords here he is again nick frost in australia,lineout,0.121
4526,4530,looks like theyve been to war the australian fords here he is again nick frost in australia,lineout,0.121
4528,4532,looks like theyve been to war the australian fords here he is again nick frost in australia,lineout,0.121
4530,4534,looks like theyve been to war the australian fords here he is again nick frost in australia will drive towards fijis line its stopped and stopped early and now cribbs sideways again,lineout,0.121
4532,4536,looks like theyve been to war the australian fords here he is again nick frost in australia will drive towards fijis line its stopped and stopped early and now cribbs sideways again,maul,0.2353
4534,4538,will drive towards fijis line its stopped and stopped early and now cribbs sideways again,maul,0.2353
4536,4540,will drive towards fijis line its stopped and stopped early and now cribbs sideways again,maul,0.2353
4538,4542,will drive towards fijis line its stopped and stopped early and now cribbs sideways again,maul,0.2353
4540,4544,will drive towards fijis line its stopped and stopped early and now cribbs sideways again well lessy has it in the back for the wallabies going to have to use it now finds nearly awasa,maul,0.2353
4542,4546,will drive towards fijis line its stopped and stopped early and now cribbs sideways again well lessy has it in the back for the wallabies going to have to use it now finds nearly awasa,maul,0.2353
4544,4548,well lessy has it in the back for the wallabies going to have to use it now finds nearly awasa,maul,0.2353
4546,4550,well lessy has it in the back for the wallabies going to have to use it now finds nearly awasa,maul,0.2353
4548,4552,well lessy has it in the back for the wallabies going to have to use it now finds nearly awasa will spread for korebi fiji getting it over this one again though another steal at the breakdown,normal_play,0.0
4550,4554,well lessy has it in the back for the wallabies going to have to use it now finds nearly awasa will spread for korebi fiji getting it over this one again though another steal at the breakdown,normal_play,0.0
4552,4556,will spread for korebi fiji getting it over this one again though another steal at the breakdown,penalty,0.3546
4554,4558,will spread for korebi fiji getting it over this one again though another steal at the breakdown,penalty,0.3546
4556,4560,will spread for korebi fiji getting it over this one again though another steal at the breakdown,penalty,0.3546
4558,4562,will spread for korebi fiji getting it over this one again though another steal at the breakdown well the momentums been with australia for the last seven or eight minutes and you can just sense,penalty,0.3546
4560,4564,well the momentums been with australia for the last seven or eight minutes and you can just sense,normal_play,0.0
4562,4566,well the momentums been with australia for the last seven or eight minutes and you can just sense the crowds under worry for this fijian team every time theres a steel made theyre up there on,normal_play,0.0
4564,4568,well the momentums been with australia for the last seven or eight minutes and you can just sense the crowds under worry for this fijian team every time theres a steel made theyre up there on,normal_play,0.0
4566,4570,the crowds under worry for this fijian team every time theres a steel made theyre up there on their feet the fijian fans the french fans shouting for the underdog and all of a sudden,normal_play,0.0
4568,4572,the crowds under worry for this fijian team every time theres a steel made theyre up there on their feet the fijian fans the french fans shouting for the underdog and all of a sudden,normal_play,0.0
4570,4574,their feet the fijian fans the french fans shouting for the underdog and all of a sudden,normal_play,0.0
4572,4576,their feet the fijian fans the french fans shouting for the underdog and all of a sudden hands on the ball steel again and a chance for relief 11 point game still 17 minutes its just,normal_play,0.0
4574,4578,their feet the fijian fans the french fans shouting for the underdog and all of a sudden hands on the ball steel again and a chance for relief 11 point game still 17 minutes its just,normal_play,0.0
4576,4580,hands on the ball steel again and a chance for relief 11 point game still 17 minutes its just,normal_play,0.0
4578,4582,hands on the ball steel again and a chance for relief 11 point game still 17 minutes its just,normal_play,0.0
4580,4584,hands on the ball steel again and a chance for relief 11 point game still 17 minutes its just everything to play for and just you could sorry really you could just you can just sense the,normal_play,0.0
4582,4586,hands on the ball steel again and a chance for relief 11 point game still 17 minutes its just everything to play for and just you could sorry really you could just you can just sense the,normal_play,0.0
4584,4588,everything to play for and just you could sorry really you could just you can just sense the crowd starting to get concerned no joel is just saying joshua to so but what cant he do today,normal_play,0.0054
4586,4590,everything to play for and just you could sorry really you could just you can just sense the crowd starting to get concerned no joel is just saying joshua to so but what cant he do today,normal_play,0.0054
4588,4592,crowd starting to get concerned no joel is just saying joshua to so but what cant he do today,normal_play,0.0054
4590,4594,crowd starting to get concerned no joel is just saying joshua to so but what cant he do today i mean you know hes been absolutely everywhere the carries the tackle scored a try hes been,normal_play,0.0054
4592,4596,crowd starting to get concerned no joel is just saying joshua to so but what cant he do today i mean you know hes been absolutely everywhere the carries the tackle scored a try hes been,normal_play,0.0
4594,4598,i mean you know hes been absolutely everywhere the carries the tackle scored a try hes been,normal_play,0.0
4596,4600,i mean you know hes been absolutely everywhere the carries the tackle scored a try hes been absolutely everywhere such an important part of this fijian performance today now sila sila,lineout,0.121
4598,4602,i mean you know hes been absolutely everywhere the carries the tackle scored a try hes been absolutely everywhere such an important part of this fijian performance today now sila sila,lineout,0.121
4600,4604,absolutely everywhere such an important part of this fijian performance today now sila sila,lineout,0.121
4602,4606,absolutely everywhere such an important part of this fijian performance today now sila sila in the middle this time for fiji okay stay slow this time for lamani and thats going to be a,lineout,0.121
4604,4608,absolutely everywhere such an important part of this fijian performance today now sila sila in the middle this time for fiji okay stay slow this time for lamani and thats going to be a,normal_play,0.0054
4606,4610,in the middle this time for fiji okay stay slow this time for lamani and thats going to be a,normal_play,0.0054
4608,4612,in the middle this time for fiji okay stay slow this time for lamani and thats going to be a,normal_play,0.0054
4610,4614,in the middle this time for fiji okay stay slow this time for lamani and thats going to be a,normal_play,0.0054
4612,4616,in the middle this time for fiji okay stay slow this time for lamani and thats going to be a,penalty,0.3546
4614,4618,in the middle this time for fiji okay stay slow this time for lamani and thats going to be a penalty on and hes going to protest his case we cant do that to the,penalty,0.3546
4616,4620,in the middle this time for fiji okay stay slow this time for lamani and thats going to be a penalty on and hes going to protest his case we cant do that to the,penalty,0.3546
4618,4622,penalty on and hes going to protest his case we cant do that to the,penalty,0.3546
4620,4624,penalty on and hes going to protest his case we cant do that to the offback,normal_play,0.0
4622,4626,penalty on and hes going to protest his case we cant do that to the offback,normal_play,0.0
4624,4628,its a its a free exit isnt it its a marginal game it didnt sound like he was called for,normal_play,0.0
4626,4630,its a its a free exit isnt it its a marginal game it didnt sound like he was called for,normal_play,0.0
4628,4632,its a its a free exit isnt it its a marginal game it didnt sound like he was called for,normal_play,0.0054
4630,4634,its a its a free exit isnt it its a marginal game it didnt sound like he was called for offside its sound like like he was called for attacking the man without the ball,normal_play,0.0054
4632,4636,its a its a free exit isnt it its a marginal game it didnt sound like he was called for offside its sound like like he was called for attacking the man without the ball,normal_play,0.0054
4634,4638,offside its sound like like he was called for attacking the man without the ball,normal_play,0.0054
4636,4640,offside its sound like like he was called for attacking the man without the ball,normal_play,0.0
4638,4642,and chiano came around just a little too quickly yeah hes not at his hands on the ball,normal_play,0.0
4640,4644,and chiano came around just a little too quickly yeah hes not at his hands on the ball,normal_play,0.0
4642,4646,and chiano came around just a little too quickly yeah hes not at his hands on the ball,normal_play,0.0
4644,4648,and chiano came around just a little too quickly yeah hes not at his hands on the ball so fiji who have been camped on their line for a good seven or eight minutes camped inside their,normal_play,0.0
4646,4650,and chiano came around just a little too quickly yeah hes not at his hands on the ball so fiji who have been camped on their line for a good seven or eight minutes camped inside their,normal_play,0.0
4648,4652,so fiji who have been camped on their line for a good seven or eight minutes camped inside their,normal_play,0.0
4650,4654,so fiji who have been camped on their line for a good seven or eight minutes camped inside their 22 are out theyre out of danger for now theyve piggybacked them downfield has australia with,normal_play,0.0
4652,4656,so fiji who have been camped on their line for a good seven or eight minutes camped inside their 22 are out theyre out of danger for now theyve piggybacked them downfield has australia with,normal_play,0.0
4654,4658,22 are out theyre out of danger for now theyve piggybacked them downfield has australia with,normal_play,0.0
4656,4660,22 are out theyre out of danger for now theyve piggybacked them downfield has australia with,lineout,0.121
4658,4662,22 are out theyre out of danger for now theyve piggybacked them downfield has australia with penalty now fiji go quick again a chance to really turn the screws here runs radra clatters,lineout,0.121
4660,4664,22 are out theyre out of danger for now theyve piggybacked them downfield has australia with penalty now fiji go quick again a chance to really turn the screws here runs radra clatters,lineout,0.121
4662,4666,penalty now fiji go quick again a chance to really turn the screws here runs radra clatters,lineout,0.121
4664,4668,penalty now fiji go quick again a chance to really turn the screws here runs radra clatters,normal_play,0.0
4666,4670,penalty now fiji go quick again a chance to really turn the screws here runs radra clatters into the line now all night the lever ball down low his players knocked out everywhere,normal_play,0.0
4668,4672,into the line now all night the lever ball down low his players knocked out everywhere,normal_play,0.0054
4670,4674,into the line now all night the lever ball down low his players knocked out everywhere were going to stop play here just an awkward collision of bodies,normal_play,0.0054
4672,4676,into the line now all night the lever ball down low his players knocked out everywhere were going to stop play here just an awkward collision of bodies,normal_play,0.0054
4674,4678,were going to stop play here just an awkward collision of bodies,normal_play,0.0054
4676,4680,were going to stop play here just an awkward collision of bodies,normal_play,0.0
4684,4688,yeah theyre taking him straight out into you know to see the doctors back out,normal_play,0.0
4686,4690,yeah theyre taking him straight out into you know to see the doctors back out,normal_play,0.0
4688,4692,yeah theyre taking him straight out into you know to see the doctors back out,normal_play,0.0
4690,4694,yeah theyre taking him straight out into you know to see the doctors back out into the medical room it looks like for jordan well easy,normal_play,0.0
4692,4696,yeah theyre taking him straight out into you know to see the doctors back out into the medical room it looks like for jordan well easy,normal_play,0.0
4694,4698,into the medical room it looks like for jordan well easy just pulled that last kick of his a little just leaned back ever so slightly and got a bit of a,normal_play,0.0
4696,4700,into the medical room it looks like for jordan well easy just pulled that last kick of his a little just leaned back ever so slightly and got a bit of a,normal_play,0.0
4698,4702,just pulled that last kick of his a little just leaned back ever so slightly and got a bit of a hook on it,normal_play,0.0
4700,4704,just pulled that last kick of his a little just leaned back ever so slightly and got a bit of a hook on it,normal_play,0.0
4702,4706,hook on it,normal_play,0.0
4704,4708,hook on it,goal_kick,0.7814
4706,4710,hook on it so,goal_kick,0.7814
4708,4712,hook on it so,goal_kick,0.7814
4710,4714,so,goal_kick,0.7814
4712,4716,so,goal_kick,0.7814
4714,4718,so,goal_kick,0.7814
4716,4720,so,goal_kick,0.7814
4722,4726,lamani makes no mistake this time and now fiji starting to think its possible is that a lead,goal_kick,0.7814
4724,4728,lamani makes no mistake this time and now fiji starting to think its possible is that a lead,goal_kick,0.7814
4726,4730,lamani makes no mistake this time and now fiji starting to think its possible is that a lead,goal_kick,0.7814
4728,4732,lamani makes no mistake this time and now fiji starting to think its possible is that a lead,goal_kick,0.7814
4730,4734,lamani makes no mistake this time and now fiji starting to think its possible is that a lead is extended out 22 points to eight they lead australia 15 minutes to play and its 14,goal_kick,0.7814
4732,4736,lamani makes no mistake this time and now fiji starting to think its possible is that a lead is extended out 22 points to eight they lead australia 15 minutes to play and its 14,goal_kick,0.7814
4734,4738,is extended out 22 points to eight they lead australia 15 minutes to play and its 14,goal_kick,0.7814
4736,4740,is extended out 22 points to eight they lead australia 15 minutes to play and its 14 points how important its 14 points and the two promoter try give you a draw,normal_play,0.0
4738,4742,is extended out 22 points to eight they lead australia 15 minutes to play and its 14 points how important its 14 points and the two promoter try give you a draw,normal_play,0.0
4740,4744,points how important its 14 points and the two promoter try give you a draw,normal_play,0.0
4742,4746,points how important its 14 points and the two promoter try give you a draw,normal_play,0.0
4744,4748,points how important its 14 points and the two promoter try give you a draw,normal_play,0.0
4746,4750,points how important its 14 points and the two promoter try give you a draw focaccia makes his way on yeah does it carevies come off okay hes been just outstanding as he,normal_play,0.0
4748,4752,focaccia makes his way on yeah does it carevies come off okay hes been just outstanding as he,normal_play,0.0
4750,4754,focaccia makes his way on yeah does it carevies come off okay hes been just outstanding as he,normal_play,0.0
4752,4756,focaccia makes his way on yeah does it carevies come off okay hes been just outstanding as he makes his way off surprised to see him though hes been one of the shining lights,normal_play,0.0
4754,4758,focaccia makes his way on yeah does it carevies come off okay hes been just outstanding as he makes his way off surprised to see him though hes been one of the shining lights,normal_play,0.0
4756,4760,makes his way off surprised to see him though hes been one of the shining lights,normal_play,0.0
4758,4762,makes his way off surprised to see him though hes been one of the shining lights,normal_play,0.0
4760,4764,so,normal_play,0.0
4762,4766,so,normal_play,0.0
4764,4768,so the kickoff for fiji,normal_play,0.0054
4766,4770,the kickoff for fiji,normal_play,0.0054
4768,4772,the kickoff for fiji,normal_play,0.0054
4770,4774,out there in june 19 as well for fiji as well,normal_play,0.0054
4772,4776,out there in june 19 as well for fiji as well,normal_play,0.0054
4774,4778,out there in june 19 as well for fiji as well,normal_play,0.0054
4776,4780,on side on side use it,normal_play,0.0054
4778,4782,on side on side use it,normal_play,0.0054
4780,4784,on side on side use it so,normal_play,0.0054
4782,4786,on side on side use it so,normal_play,0.0054
4784,4788,so,normal_play,0.0054
4786,4790,so,normal_play,0.0054
4788,4792,takes this one easily hasnt had a lot of open spaces but hes so dangerous the ball,normal_play,0.0054
4790,4794,takes this one easily hasnt had a lot of open spaces but hes so dangerous the ball,normal_play,0.0054
4792,4796,takes this one easily hasnt had a lot of open spaces but hes so dangerous the ball,normal_play,0.0054
4794,4798,takes this one easily hasnt had a lot of open spaces but hes so dangerous the ball spills into the hands of angus ballon this voracious defense of fiji comes forward at them,normal_play,0.0054
4796,4800,takes this one easily hasnt had a lot of open spaces but hes so dangerous the ball spills into the hands of angus ballon this voracious defense of fiji comes forward at them,normal_play,0.0054
4798,4802,spills into the hands of angus ballon this voracious defense of fiji comes forward at them,normal_play,0.0054
4800,4804,spills into the hands of angus ballon this voracious defense of fiji comes forward at them,normal_play,0.0054
4802,4806,spills into the hands of angus ballon this voracious defense of fiji comes forward at them frost still going okay hes had a whale of a game the australian number four,normal_play,0.0054
4804,4808,frost still going okay hes had a whale of a game the australian number four,normal_play,0.0054
4806,4810,frost still going okay hes had a whale of a game the australian number four,normal_play,0.0054
4808,4812,frost still going okay hes had a whale of a game the australian number four gonna chance their arm now they kind of have to australia but thigh are stepping and jinking,normal_play,0.0054
4810,4814,frost still going okay hes had a whale of a game the australian number four gonna chance their arm now they kind of have to australia but thigh are stepping and jinking,normal_play,0.0054
4812,4816,gonna chance their arm now they kind of have to australia but thigh are stepping and jinking,normal_play,0.0054
4814,4818,gonna chance their arm now they kind of have to australia but thigh are stepping and jinking and stopped again that one yeah no foul play carry on no foul play said the referee like it,normal_play,0.0054
4816,4820,gonna chance their arm now they kind of have to australia but thigh are stepping and jinking and stopped again that one yeah no foul play carry on no foul play said the referee like it,normal_play,0.0
4818,4822,and stopped again that one yeah no foul play carry on no foul play said the referee like it,normal_play,0.0
4820,4824,and stopped again that one yeah no foul play carry on no foul play said the referee like it crept up a little high again play on his throw a sissy safe his house is under that high ball,normal_play,0.0054
4822,4826,and stopped again that one yeah no foul play carry on no foul play said the referee like it crept up a little high again play on his throw a sissy safe his house is under that high ball,normal_play,0.0054
4824,4828,crept up a little high again play on his throw a sissy safe his house is under that high ball,normal_play,0.0054
4826,4830,crept up a little high again play on his throw a sissy safe his house is under that high ball a little isolated and stolen though australias turn for a big defensive play lalakai for kety,normal_play,0.0054
4828,4832,crept up a little high again play on his throw a sissy safe his house is under that high ball a little isolated and stolen though australias turn for a big defensive play lalakai for kety,penalty,0.3546
4830,4834,a little isolated and stolen though australias turn for a big defensive play lalakai for kety,penalty,0.3546
4832,4836,a little isolated and stolen though australias turn for a big defensive play lalakai for kety just onto the field,penalty,0.3546
4834,4838,a little isolated and stolen though australias turn for a big defensive play lalakai for kety just onto the field,penalty,0.3546
4836,4840,just onto the field,normal_play,0.0
4838,4842,just onto the field so,normal_play,0.0
4840,4844,so,normal_play,0.0054
4842,4846,so,normal_play,0.0054
4844,4848,so,normal_play,0.0054
4846,4850,so,normal_play,0.0054
4858,4862,huge play from for kety to come onto the field and in that penalty,normal_play,0.0
4860,4864,huge play from for kety to come onto the field and in that penalty yeah good timing as well chasing the game 12 12 theres not a seat free here today at,normal_play,0.0
4862,4866,huge play from for kety to come onto the field and in that penalty yeah good timing as well chasing the game 12 12 theres not a seat free here today at,normal_play,0.0
4864,4868,yeah good timing as well chasing the game 12 12 theres not a seat free here today at,normal_play,0.0
4866,4870,yeah good timing as well chasing the game 12 12 theres not a seat free here today at,normal_play,0.0
4868,4872,yeah good timing as well chasing the game 12 12 theres not a seat free here today at,normal_play,0.0
4870,4874,yeah good timing as well chasing the game 12 12 theres not a seat free here today at joffroy kichard here in santa tian 41 294 fans here in this wonderful stadium that they call,normal_play,0.0
4872,4876,yeah good timing as well chasing the game 12 12 theres not a seat free here today at joffroy kichard here in santa tian 41 294 fans here in this wonderful stadium that they call,normal_play,0.0
4874,4878,joffroy kichard here in santa tian 41 294 fans here in this wonderful stadium that they call,normal_play,0.0
4876,4880,joffroy kichard here in santa tian 41 294 fans here in this wonderful stadium that they call,normal_play,0.0054
4878,4882,joffroy kichard here in santa tian 41 294 fans here in this wonderful stadium that they call the chaudron the cauldron well a little change theyve also been in the wars joshua,normal_play,0.0054
4880,4884,joffroy kichard here in santa tian 41 294 fans here in this wonderful stadium that they call the chaudron the cauldron well a little change theyve also been in the wars joshua,normal_play,0.0054
4882,4886,the chaudron the cauldron well a little change theyve also been in the wars joshua,normal_play,0.0054
4884,4888,the chaudron the cauldron well a little change theyve also been in the wars joshua,normal_play,0.0
4886,4890,the chaudron the cauldron well a little change theyve also been in the wars joshua whos been just outstanding this afternoon in a place barbara money got you to,normal_play,0.0
4888,4892,whos been just outstanding this afternoon in a place barbara money got you to,normal_play,0.0
4890,4894,whos been just outstanding this afternoon in a place barbara money got you to,normal_play,0.0
4892,4896,whos been just outstanding this afternoon in a place barbara money got you to,normal_play,0.0
4894,4898,getting in the applause and thoroughly deserves,normal_play,0.0
4896,4900,getting in the applause and thoroughly deserves,try,1.0
4898,4902,getting in the applause and thoroughly deserves,try,1.0
4900,4904,come on,lineout,0.121
4902,4906,come on,lineout,0.121
4906,4910,huge chance here for australia time starting to tick against them its a good,maul,0.2353
4908,4912,huge chance here for australia time starting to tick against them its a good,maul,0.2353
4910,4914,huge chance here for australia time starting to tick against them its a good line up for from now all the backs pile into this mall its tucked in the back under the,maul,0.2353
4912,4916,huge chance here for australia time starting to tick against them its a good line up for from now all the backs pile into this mall its tucked in the back under the,maul,0.2353
4914,4918,line up for from now all the backs pile into this mall its tucked in the back under the,maul,0.2353
4916,4920,line up for from now all the backs pile into this mall its tucked in the back under the right wing of wariki theyve got advantage australia organized up towards the line,maul,0.2353
4918,4922,line up for from now all the backs pile into this mall its tucked in the back under the right wing of wariki theyve got advantage australia organized up towards the line,maul,0.2353
4920,4924,right wing of wariki theyve got advantage australia organized up towards the line,try,1.0
4922,4926,right wing of wariki theyve got advantage australia organized up towards the line for reki another advantage for them,try,1.0
4924,4928,for reki another advantage for them,try,1.0
4926,4930,for reki another advantage for them,try,1.0
4936,4940,scores the try australia desperately needed,normal_play,0.0
4938,4942,scores the try australia desperately needed,normal_play,0.0
4940,4944,scores the try australia desperately needed on the time it couldnt be better still got 10 or 12 minutes to go boy hes got some,normal_play,0.0
4942,4946,on the time it couldnt be better still got 10 or 12 minutes to go boy hes got some,normal_play,0.0
4944,4948,on the time it couldnt be better still got 10 or 12 minutes to go boy hes got some,normal_play,0.0
4946,4950,on the time it couldnt be better still got 10 or 12 minutes to go boy hes got some,normal_play,0.0
4948,4952,on the time it couldnt be better still got 10 or 12 minutes to go boy hes got some little electrifying feet there to dot through the mall hes right in the french plays amongst the,normal_play,0.0
4950,4954,little electrifying feet there to dot through the mall hes right in the french plays amongst the,normal_play,0.0
4952,4956,little electrifying feet there to dot through the mall hes right in the french plays amongst the forwards mixing it up stretches certainly scores,normal_play,0.0
4954,4958,little electrifying feet there to dot through the mall hes right in the french plays amongst the forwards mixing it up stretches certainly scores,normal_play,0.0
4956,4960,forwards mixing it up stretches certainly scores,normal_play,0.0
4958,4962,forwards mixing it up stretches certainly scores,normal_play,0.0
4960,4964,forwards mixing it up stretches certainly scores fiji battling to defend them all this time round and,normal_play,0.0
4962,4966,fiji battling to defend them all this time round and,normal_play,0.0
4964,4968,fiji battling to defend them all this time round and penalty advantage was against them already the grounding was fine,normal_play,0.0
4966,4970,penalty advantage was against them already the grounding was fine,normal_play,0.0
4968,4972,penalty advantage was against them already the grounding was fine,normal_play,0.0
4970,4974,penalty advantage was against them already the grounding was fine they had to strike australia,normal_play,0.0
4972,4976,they had to strike australia,normal_play,0.0
4974,4978,they had to strike australia quite as good this is an important kick as well,normal_play,0.0
4976,4980,quite as good this is an important kick as well,goal_kick,0.7814
4978,4982,quite as good this is an important kick as well so,goal_kick,0.7814
4980,4984,quite as good this is an important kick as well so,goal_kick,0.7814
4982,4986,so,goal_kick,0.7814
4984,4988,so,goal_kick,0.7814
4986,4990,so,goal_kick,0.7814
4988,4992,so,goal_kick,0.7814
4996,5000,ben donaldson to close the gap for australia expertly done another two to the total,goal_kick,0.7814
4998,5002,ben donaldson to close the gap for australia expertly done another two to the total,goal_kick,0.7814
5000,5004,ben donaldson to close the gap for australia expertly done another two to the total,goal_kick,0.7814
5002,5006,ben donaldson to close the gap for australia expertly done another two to the total australia fighting back its fiji 22 australia 15 would tend to play,goal_kick,0.7814
5004,5008,ben donaldson to close the gap for australia expertly done another two to the total australia fighting back its fiji 22 australia 15 would tend to play,goal_kick,0.7814
5006,5010,australia fighting back its fiji 22 australia 15 would tend to play,goal_kick,0.7814
5008,5012,australia fighting back its fiji 22 australia 15 would tend to play,normal_play,0.0
5010,5014,australia fighting back its fiji 22 australia 15 would tend to play,normal_play,0.0
5014,5018,coach hi from bonivalu the fact is that you know it all comes down now to the final 10 minutes and,normal_play,0.0
5016,5020,coach hi from bonivalu the fact is that you know it all comes down now to the final 10 minutes and,normal_play,0.0
5018,5022,coach hi from bonivalu the fact is that you know it all comes down now to the final 10 minutes and,normal_play,0.0
5020,5024,coach hi from bonivalu the fact is that you know it all comes down now to the final 10 minutes and every detail counts the small details will win this match discipline you know making sure that,normal_play,0.0
5022,5026,coach hi from bonivalu the fact is that you know it all comes down now to the final 10 minutes and every detail counts the small details will win this match discipline you know making sure that,normal_play,0.0
5024,5028,every detail counts the small details will win this match discipline you know making sure that,normal_play,0.0
5026,5030,every detail counts the small details will win this match discipline you know making sure that you keep hold of the ball not giving away penalty free kicks or anything got to be,normal_play,0.0
5028,5032,every detail counts the small details will win this match discipline you know making sure that you keep hold of the ball not giving away penalty free kicks or anything got to be,kick_off,0.1931
5030,5034,you keep hold of the ball not giving away penalty free kicks or anything got to be meticulous now restart lands in the hands of donaldson who pumps it back downfield again,kick_off,0.1931
5032,5036,you keep hold of the ball not giving away penalty free kicks or anything got to be meticulous now restart lands in the hands of donaldson who pumps it back downfield again,kick_off,0.1931
5034,5038,meticulous now restart lands in the hands of donaldson who pumps it back downfield again,kick_off,0.1931
5036,5040,meticulous now restart lands in the hands of donaldson who pumps it back downfield again,normal_play,0.0
5038,5042,meticulous now restart lands in the hands of donaldson who pumps it back downfield again,normal_play,0.0
5040,5044,meticulous now restart lands in the hands of donaldson who pumps it back downfield again,normal_play,0.0054
5042,5046,meticulous now restart lands in the hands of donaldson who pumps it back downfield again fiji look to go quickly no quick kick from donaldson,normal_play,0.0054
5044,5048,meticulous now restart lands in the hands of donaldson who pumps it back downfield again fiji look to go quickly no quick kick from donaldson,normal_play,0.0054
5046,5050,fiji look to go quickly no quick kick from donaldson,normal_play,0.0054
5048,5052,fiji look to go quickly no quick kick from donaldson onto the fijian 10 meter line good job should we should we should we say those dreaded words,normal_play,0.0
5050,5054,onto the fijian 10 meter line good job should we should we should we say those dreaded words,normal_play,0.0
5052,5056,onto the fijian 10 meter line good job should we should we should we say those dreaded words,normal_play,0.0
5054,5058,onto the fijian 10 meter line good job should we should we should we say those dreaded words,normal_play,0.0
5056,5060,onto the fijian 10 meter line good job should we should we should we say those dreaded words what does it draw to do to this pool,normal_play,0.0
5058,5062,onto the fijian 10 meter line good job should we should we should we say those dreaded words what does it draw to do to this pool,normal_play,0.0
5060,5064,what does it draw to do to this pool australia certainly have the momentum right now,normal_play,0.0
5062,5066,australia certainly have the momentum right now,normal_play,0.0
5064,5068,australia certainly have the momentum right now fiji the two best players have gone off in the last five or six minutes,normal_play,0.0
5066,5070,fiji the two best players have gone off in the last five or six minutes,normal_play,0.0
5068,5072,fiji the two best players have gone off in the last five or six minutes,normal_play,0.0
5070,5074,fiji the two best players have gone off in the last five or six minutes,normal_play,0.0
5076,5080,cant find his target its come off an australian hand theyll get a redo,lineout,0.121
5078,5082,cant find his target its come off an australian hand theyll get a redo you,lineout,0.121
5080,5084,cant find his target its come off an australian hand theyll get a redo you,normal_play,0.0
5082,5086,you,normal_play,0.0
5084,5088,you,normal_play,0.0
5100,5104,do over from this time its frost again with another steal,lineout,0.121
5102,5106,do over from this time its frost again with another steal,lineout,0.121
5104,5108,do over from this time its frost again with another steal,lineout,0.121
5106,5110,do over from this time its frost again with another steal nick frost whos been in absolutely everything scooped up by tom hooper,lineout,0.121
5108,5112,nick frost whos been in absolutely everything scooped up by tom hooper,normal_play,0.0
5110,5114,nick frost whos been in absolutely everything scooped up by tom hooper,normal_play,0.0
5112,5116,nick frost whos been in absolutely everything scooped up by tom hooper australia its almost the reverse of what we saw between fiji and wales where was,normal_play,0.0054
5114,5118,australia its almost the reverse of what we saw between fiji and wales where was,normal_play,0.0054
5116,5120,australia its almost the reverse of what we saw between fiji and wales where was,normal_play,0.0054
5118,5122,australia its almost the reverse of what we saw between fiji and wales where was fiji flying home australia no but theyre still chasing the game,normal_play,0.0054
5120,5124,australia its almost the reverse of what we saw between fiji and wales where was fiji flying home australia no but theyre still chasing the game,normal_play,0.0054
5122,5126,fiji flying home australia no but theyre still chasing the game,normal_play,0.0054
5124,5128,fiji flying home australia no but theyre still chasing the game sent high again i will see doesnt get to this one though knock on advantage for australia,normal_play,0.0054
5126,5130,sent high again i will see doesnt get to this one though knock on advantage for australia,normal_play,0.0054
5128,5132,sent high again i will see doesnt get to this one though knock on advantage for australia,normal_play,0.0054
5130,5134,sent high again i will see doesnt get to this one though knock on advantage for australia,normal_play,0.0054
5132,5136,sent high again i will see doesnt get to this one though knock on advantage for australia why is elia wassup will recenter anything for valentini up the middle,normal_play,0.0054
5134,5138,why is elia wassup will recenter anything for valentini up the middle,normal_play,0.0054
5136,5140,why is elia wassup will recenter anything for valentini up the middle gets through one cant quite but still going pumping those leads almost through a second,normal_play,0.0
5138,5142,gets through one cant quite but still going pumping those leads almost through a second,normal_play,0.0
5140,5144,gets through one cant quite but still going pumping those leads almost through a second heres frost he skips out of a tackle up over the 22 australia piling forward,normal_play,0.0054
5142,5146,gets through one cant quite but still going pumping those leads almost through a second heres frost he skips out of a tackle up over the 22 australia piling forward,normal_play,0.0054
5144,5148,heres frost he skips out of a tackle up over the 22 australia piling forward,normal_play,0.0054
5146,5150,heres frost he skips out of a tackle up over the 22 australia piling forward,normal_play,0.0054
5148,5152,heres frost he skips out of a tackle up over the 22 australia piling forward the gold jerseys attacking the fiji line nongor hes taken down in a good hit fiji have got,normal_play,0.0054
5150,5154,the gold jerseys attacking the fiji line nongor hes taken down in a good hit fiji have got,normal_play,0.0054
5152,5156,the gold jerseys attacking the fiji line nongor hes taken down in a good hit fiji have got,normal_play,0.0054
5154,5158,the gold jerseys attacking the fiji line nongor hes taken down in a good hit fiji have got,normal_play,0.0054
5156,5160,the gold jerseys attacking the fiji line nongor hes taken down in a good hit fiji have got reorganized again flat ball for valentini on the angle well read,normal_play,0.0054
5158,5162,the gold jerseys attacking the fiji line nongor hes taken down in a good hit fiji have got reorganized again flat ball for valentini on the angle well read,normal_play,0.0054
5160,5164,reorganized again flat ball for valentini on the angle well read keep pressing away to the right where bonivalo is stationed no way through this time fiji hands on,normal_play,0.0
5162,5166,keep pressing away to the right where bonivalo is stationed no way through this time fiji hands on,normal_play,0.0
5164,5168,keep pressing away to the right where bonivalo is stationed no way through this time fiji hands on,normal_play,0.0054
5166,5170,keep pressing away to the right where bonivalo is stationed no way through this time fiji hands on,normal_play,0.0054
5168,5172,keep pressing away to the right where bonivalo is stationed no way through this time fiji hands on ball another breakdown steal semi runs raja this time,normal_play,0.0054
5170,5174,keep pressing away to the right where bonivalo is stationed no way through this time fiji hands on ball another breakdown steal semi runs raja this time,normal_play,0.0054
5172,5176,ball another breakdown steal semi runs raja this time,normal_play,0.0
5174,5178,first times theyre left on the ball 11 the timing of the steals its one thing to make the,normal_play,0.0
5176,5180,first times theyre left on the ball 11 the timing of the steals its one thing to make the,normal_play,0.0
5178,5182,first times theyre left on the ball 11 the timing of the steals its one thing to make the,normal_play,0.0
5180,5184,first times theyre left on the ball 11 the timing of the steals its one thing to make the,normal_play,0.0
5182,5186,first times theyre left on the ball 11 the timing of the steals its one thing to make the steals the timing is so up and whats so important australia with so much momentum coming forward,normal_play,0.0
5184,5188,first times theyre left on the ball 11 the timing of the steals its one thing to make the steals the timing is so up and whats so important australia with so much momentum coming forward,normal_play,0.0
5186,5190,steals the timing is so up and whats so important australia with so much momentum coming forward,normal_play,0.0
5188,5192,steals the timing is so up and whats so important australia with so much momentum coming forward theyve been some huge performances valentini has been massive in carrying the ball frost has,normal_play,0.0
5190,5194,theyve been some huge performances valentini has been massive in carrying the ball frost has,normal_play,0.0
5192,5196,theyve been some huge performances valentini has been massive in carrying the ball frost has been brilliant in the lineout and in his work right and semi randran geier with a timely hands,normal_play,0.0
5194,5198,theyve been some huge performances valentini has been massive in carrying the ball frost has been brilliant in the lineout and in his work right and semi randran geier with a timely hands,normal_play,0.0
5196,5200,been brilliant in the lineout and in his work right and semi randran geier with a timely hands,normal_play,0.0
5198,5202,been brilliant in the lineout and in his work right and semi randran geier with a timely hands,normal_play,0.0
5200,5204,been brilliant in the lineout and in his work right and semi randran geier with a timely hands on the ball a brilliant little bit of jackaling winning the penalty and some relief with seven,normal_play,0.0054
5202,5206,been brilliant in the lineout and in his work right and semi randran geier with a timely hands on the ball a brilliant little bit of jackaling winning the penalty and some relief with seven,normal_play,0.0054
5204,5208,on the ball a brilliant little bit of jackaling winning the penalty and some relief with seven and a half minutes to go fiji hanging on by the fingertips at the moment really thought that,normal_play,0.0054
5206,5210,on the ball a brilliant little bit of jackaling winning the penalty and some relief with seven and a half minutes to go fiji hanging on by the fingertips at the moment really thought that,normal_play,0.0054
5208,5212,and a half minutes to go fiji hanging on by the fingertips at the moment really thought that,normal_play,0.0
5210,5214,and a half minutes to go fiji hanging on by the fingertips at the moment really thought that,normal_play,0.0
5212,5216,and a half minutes to go fiji hanging on by the fingertips at the moment really thought that australia would you know just continue to go through the phases because they played a lot of,normal_play,0.0
5214,5218,australia would you know just continue to go through the phases because they played a lot of,normal_play,0.0
5216,5220,australia would you know just continue to go through the phases because they played a lot of phases against georgia seven plus on average and still managed to score the points of course just,normal_play,0.0
5218,5222,australia would you know just continue to go through the phases because they played a lot of phases against georgia seven plus on average and still managed to score the points of course just,normal_play,0.0
5220,5224,phases against georgia seven plus on average and still managed to score the points of course just losing the ball at a critical time there big throw this one goes over the top and its scooped up by,normal_play,0.0
5222,5226,phases against georgia seven plus on average and still managed to score the points of course just losing the ball at a critical time there big throw this one goes over the top and its scooped up by,normal_play,0.0
5224,5228,losing the ball at a critical time there big throw this one goes over the top and its scooped up by,lineout,0.121
5226,5230,losing the ball at a critical time there big throw this one goes over the top and its scooped up by,lineout,0.121
5228,5232,losing the ball at a critical time there big throw this one goes over the top and its scooped up by,lineout,0.121
5230,5234,losing the ball at a critical time there big throw this one goes over the top and its scooped up by hooper the line up all sorts of shakes and wobbles from fiji australia spread koro betty hes gotten,lineout,0.121
5232,5236,losing the ball at a critical time there big throw this one goes over the top and its scooped up by hooper the line up all sorts of shakes and wobbles from fiji australia spread koro betty hes gotten,normal_play,0.0
5234,5238,hooper the line up all sorts of shakes and wobbles from fiji australia spread koro betty hes gotten,normal_play,0.0
5236,5240,hooper the line up all sorts of shakes and wobbles from fiji australia spread koro betty hes gotten,normal_play,0.0054
5238,5242,hooper the line up all sorts of shakes and wobbles from fiji australia spread koro betty hes gotten the one in the toasi with him doesnt use him probably running out of room no one in the toasi,normal_play,0.0054
5240,5244,the one in the toasi with him doesnt use him probably running out of room no one in the toasi,normal_play,0.0054
5242,5246,the one in the toasi with him doesnt use him probably running out of room no one in the toasi is koro betty rolls another meter and you cant roll like that on the ground australians off their,normal_play,0.0054
5244,5248,the one in the toasi with him doesnt use him probably running out of room no one in the toasi is koro betty rolls another meter and you cant roll like that on the ground australians off their,normal_play,0.0
5246,5250,is koro betty rolls another meter and you cant roll like that on the ground australians off their,normal_play,0.0
5248,5252,is koro betty rolls another meter and you cant roll like that on the ground australians off their feet as well moments little moments should have let this go maybe straighten and make the pass,normal_play,0.0
5250,5254,is koro betty rolls another meter and you cant roll like that on the ground australians off their feet as well moments little moments should have let this go maybe straighten and make the pass,normal_play,0.0
5252,5256,feet as well moments little moments should have let this go maybe straighten and make the pass,normal_play,0.0
5254,5258,feet as well moments little moments should have let this go maybe straighten and make the pass,normal_play,0.0
5256,5260,feet as well moments little moments should have let this go maybe straighten and make the pass,normal_play,0.0
5258,5262,feet as well moments little moments should have let this go maybe straighten and make the pass there was a player coming on the inside,normal_play,0.0
5260,5264,feet as well moments little moments should have let this go maybe straighten and make the pass there was a player coming on the inside,normal_play,0.0
5262,5266,there was a player coming on the inside process he could have shifted if he had made the pass so he carried it up,normal_play,0.0
5264,5268,process he could have shifted if he had made the pass so he carried it up,normal_play,0.0
5266,5270,process he could have shifted if he had made the pass so he carried it up is that a shoulder charge,normal_play,0.0
5268,5272,is that a shoulder charge,normal_play,0.0
5270,5274,is that a shoulder charge australian fans are thinking so,normal_play,0.0
5272,5276,australian fans are thinking so,normal_play,0.0054
5274,5278,australian fans are thinking so dave perickeys definitely asking the question as well,normal_play,0.0054
5276,5280,dave perickeys definitely asking the question as well,normal_play,0.0054
5278,5282,dave perickeys definitely asking the question as well,normal_play,0.0054
5280,5284,and passive reiwa louis glenn jackson next to him not doing quite so well,normal_play,0.0
5282,5286,and passive reiwa louis glenn jackson next to him not doing quite so well,normal_play,0.0
5284,5288,and passive reiwa louis glenn jackson next to him not doing quite so well its only maria will try and throw that in as quickly as possible,normal_play,0.0
5286,5290,and passive reiwa louis glenn jackson next to him not doing quite so well its only maria will try and throw that in as quickly as possible,normal_play,0.0
5288,5292,its only maria will try and throw that in as quickly as possible get the attention away from the shoulder charge,normal_play,0.0
5290,5294,its only maria will try and throw that in as quickly as possible get the attention away from the shoulder charge its a massive shift from the tighthead,normal_play,0.0
5292,5296,get the attention away from the shoulder charge its a massive shift from the tighthead,normal_play,0.0
5294,5298,its a massive shift from the tighthead,normal_play,0.0
5296,5300,its a massive shift from the tighthead,lineout,0.121
5298,5302,its a massive shift from the tighthead,lineout,0.121
5300,5304,its a massive shift from the tighthead six minutes to go that line out much better from fiji and the mall is quick to set and rolling up,lineout,0.121
5302,5306,six minutes to go that line out much better from fiji and the mall is quick to set and rolling up,lineout,0.121
5304,5308,six minutes to go that line out much better from fiji and the mall is quick to set and rolling up,maul,0.2353
5306,5310,six minutes to go that line out much better from fiji and the mall is quick to set and rolling up over halfway peeling off meters up whats the fijians now its stopped for lamani and hes,maul,0.2353
5308,5312,six minutes to go that line out much better from fiji and the mall is quick to set and rolling up over halfway peeling off meters up whats the fijians now its stopped for lamani and hes,maul,0.2353
5310,5314,over halfway peeling off meters up whats the fijians now its stopped for lamani and hes,maul,0.2353
5312,5316,over halfway peeling off meters up whats the fijians now its stopped for lamani and hes,maul,0.2353
5314,5318,over halfway peeling off meters up whats the fijians now its stopped for lamani and hes going to clear,maul,0.2353
5316,5320,over halfway peeling off meters up whats the fijians now its stopped for lamani and hes going to clear,normal_play,0.0
5318,5322,nervy ball out the back is teller has to go and scoop it up and hes swarmed upon by wallabys,normal_play,0.0
5320,5324,nervy ball out the back is teller has to go and scoop it up and hes swarmed upon by wallabys,normal_play,0.0054
5322,5326,nervy ball out the back is teller has to go and scoop it up and hes swarmed upon by wallabys,normal_play,0.0054
5324,5328,nervy ball out the back is teller has to go and scoop it up and hes swarmed upon by wallabys jerseys,normal_play,0.0054
5326,5330,nervy ball out the back is teller has to go and scoop it up and hes swarmed upon by wallabys jerseys,normal_play,0.0054
5328,5332,jerseys,normal_play,0.0054
5330,5334,lamani looking for some protection hes going to send this down koro betty,normal_play,0.0054
5332,5336,lamani looking for some protection hes going to send this down koro betty,normal_play,0.0054
5334,5338,lamani looking for some protection hes going to send this down koro betty 25 meters out from his own line brings it down safely and returns favorite three fijian players,normal_play,0.0054
5336,5340,lamani looking for some protection hes going to send this down koro betty 25 meters out from his own line brings it down safely and returns favorite three fijian players,normal_play,0.0054
5338,5342,25 meters out from his own line brings it down safely and returns favorite three fijian players,normal_play,0.0054
5340,5344,25 meters out from his own line brings it down safely and returns favorite three fijian players back there and theyre all going to run into each other lomani and draw sissy,normal_play,0.0054
5342,5346,25 meters out from his own line brings it down safely and returns favorite three fijian players back there and theyre all going to run into each other lomani and draw sissy,normal_play,0.0054
5344,5348,back there and theyre all going to run into each other lomani and draw sissy,normal_play,0.0054
5346,5350,back there and theyre all going to run into each other lomani and draw sissy no problem for lamani and again now im trying to find some open spaces looking for the 50 22,normal_play,0.0054
5348,5352,no problem for lamani and again now im trying to find some open spaces looking for the 50 22,normal_play,0.0054
5350,5354,no problem for lamani and again now im trying to find some open spaces looking for the 50 22,normal_play,0.0054
5352,5356,no problem for lamani and again now im trying to find some open spaces looking for the 50 22,normal_play,0.0054
5354,5358,no problem for lamani and again now im trying to find some open spaces looking for the 50 22 he only finds teller,normal_play,0.0054
5356,5360,no problem for lamani and again now im trying to find some open spaces looking for the 50 22 he only finds teller,normal_play,0.0054
5360,5364,now its a good clearance for fiji australia will go quickly donaldson for petaiya,normal_play,0.0054
5362,5366,now its a good clearance for fiji australia will go quickly donaldson for petaiya,normal_play,0.0054
5364,5368,now its a good clearance for fiji australia will go quickly donaldson for petaiya jordan patai looking for some spaces again its straight down the throat of ran raja who picks,normal_play,0.0054
5366,5370,now its a good clearance for fiji australia will go quickly donaldson for petaiya jordan patai looking for some spaces again its straight down the throat of ran raja who picks,normal_play,0.0054
5368,5372,jordan patai looking for some spaces again its straight down the throat of ran raja who picks,normal_play,0.0054
5370,5374,jordan patai looking for some spaces again its straight down the throat of ran raja who picks himself up off the floor and the game of forceback continues,normal_play,0.0054
5372,5376,jordan patai looking for some spaces again its straight down the throat of ran raja who picks himself up off the floor and the game of forceback continues,normal_play,0.0054
5374,5378,himself up off the floor and the game of forceback continues,normal_play,0.0054
5376,5380,himself up off the floor and the game of forceback continues all eating up the clock though as australia chase this game,normal_play,0.0054
5378,5382,all eating up the clock though as australia chase this game,normal_play,0.0054
5380,5384,all eating up the clock though as australia chase this game,normal_play,0.0054
5382,5386,all eating up the clock though as australia chase this game who blinks first as fiji wind up again trying to get this in behind that australian back three,normal_play,0.0054
5384,5388,who blinks first as fiji wind up again trying to get this in behind that australian back three,normal_play,0.0054
5386,5390,who blinks first as fiji wind up again trying to get this in behind that australian back three,normal_play,0.0054
5388,5392,who blinks first as fiji wind up again trying to get this in behind that australian back three,normal_play,0.0054
5390,5394,who blinks first as fiji wind up again trying to get this in behind that australian back three but once more koro betty is there so tired,normal_play,0.0054
5392,5396,who blinks first as fiji wind up again trying to get this in behind that australian back three but once more koro betty is there so tired its,normal_play,0.0054
5394,5398,but once more koro betty is there so tired its,normal_play,0.0054
5396,5400,its this one with a little more length but no problems once more finally,normal_play,0.0054
5398,5402,this one with a little more length but no problems once more finally,normal_play,0.0054
5400,5404,this one with a little more length but no problems once more finally,normal_play,0.0054
5402,5406,this one with a little more length but no problems once more finally fiji go for the safety of the touch line on its bounce back and field in fact,normal_play,0.0054
5404,5408,fiji go for the safety of the touch line on its bounce back and field in fact,normal_play,0.0054
5406,5410,fiji go for the safety of the touch line on its bounce back and field in fact,normal_play,0.0054
5408,5412,fiji go for the safety of the touch line on its bounce back and field in fact the flags gone up for a 50 22 has an australias playing on,normal_play,0.0054
5410,5414,the flags gone up for a 50 22 has an australias playing on,normal_play,0.0054
5412,5416,the flags gone up for a 50 22 has an australias playing on the assistant referee yuko piper has his flag up on the side,normal_play,0.0054
5414,5418,the assistant referee yuko piper has his flag up on the side,normal_play,0.0054
5416,5420,the assistant referee yuko piper has his flag up on the side right,normal_play,0.0054
5418,5422,the assistant referee yuko piper has his flag up on the side right,normal_play,0.0054
5420,5424,right,normal_play,0.0054
5422,5426,well was it 50 22 did it go out this side of the flag you think it may have gone out before,normal_play,0.0054
5424,5428,well was it 50 22 did it go out this side of the flag you think it may have gone out before,normal_play,0.0054
5426,5430,well was it 50 22 did it go out this side of the flag you think it may have gone out before,normal_play,0.0054
5428,5432,well was it 50 22 did it go out this side of the flag you think it may have gone out before,normal_play,0.0
5430,5434,well was it 50 22 did it go out this side of the flag you think it may have gone out before yeah its out on the floor its out on the floor which means,normal_play,0.0
5432,5436,yeah its out on the floor its out on the floor which means,normal_play,0.0
5434,5438,yeah its out on the floor its out on the floor which means,normal_play,0.0
5436,5440,yeah its out on the floor its out on the floor which means so its not a 50 22 as much as the coaching staff think it may well have been,normal_play,0.0
5438,5442,so its not a 50 22 as much as the coaching staff think it may well have been,normal_play,0.0
5440,5444,so its not a 50 22 as much as the coaching staff think it may well have been,normal_play,0.0
5442,5446,so its not a 50 22 as much as the coaching staff think it may well have been okay piper on the side had his flag out and down talking on but we carry on its still there for,normal_play,0.0
5444,5448,so its not a 50 22 as much as the coaching staff think it may well have been okay piper on the side had his flag out and down talking on but we carry on its still there for,lineout,0.121
5446,5450,okay piper on the side had his flag out and down talking on but we carry on its still there for,lineout,0.121
5448,5452,okay piper on the side had his flag out and down talking on but we carry on its still there for fiji,lineout,0.121
5450,5454,okay piper on the side had his flag out and down talking on but we carry on its still there for fiji,lineout,0.121
5452,5456,fiji,normal_play,0.0054
5456,5460,away,normal_play,0.0054
5458,5462,away youd imagine fiji are going to move very slowly to the scrum,normal_play,0.0054
5460,5464,away youd imagine fiji are going to move very slowly to the scrum,normal_play,0.0
5462,5466,youd imagine fiji are going to move very slowly to the scrum,normal_play,0.0
5464,5468,youd imagine fiji are going to move very slowly to the scrum,normal_play,0.0
5466,5470,contest for last time,normal_play,0.0
5468,5472,contest for last time,normal_play,0.0
5474,5478,okay lets go,normal_play,0.0
5476,5480,okay lets go,normal_play,0.0
5478,5482,okay lets go,normal_play,0.0
5482,5486,time off lets go lets go lets go,normal_play,0.0
5484,5488,time off lets go lets go lets go,normal_play,0.0
5486,5490,time off lets go lets go lets go less than three minutes to play australia need a converter try just to tie us up,normal_play,0.0
5488,5492,less than three minutes to play australia need a converter try just to tie us up,normal_play,0.0
5490,5494,less than three minutes to play australia need a converter try just to tie us up,normal_play,0.0
5492,5496,less than three minutes to play australia need a converter try just to tie us up will fiji get their first win of this rugby world cup and their first over australia since 1954,normal_play,0.0
5494,5498,less than three minutes to play australia need a converter try just to tie us up will fiji get their first win of this rugby world cup and their first over australia since 1954,normal_play,0.0
5496,5500,will fiji get their first win of this rugby world cup and their first over australia since 1954,normal_play,0.0
5498,5502,will fiji get their first win of this rugby world cup and their first over australia since 1954,normal_play,0.0
5500,5504,will fiji get their first win of this rugby world cup and their first over australia since 1954,normal_play,0.0
5514,5518,the scrum stands firm and then it screws and theyre going to reset reset which all eats up time,normal_play,0.0
5516,5520,the scrum stands firm and then it screws and theyre going to reset reset which all eats up time,normal_play,0.0
5518,5522,the scrum stands firm and then it screws and theyre going to reset reset which all eats up time,normal_play,0.0
5520,5524,the scrum stands firm and then it screws and theyre going to reset reset which all eats up time fiji wont mind that theyll want that clock to wind down,normal_play,0.0
5522,5526,the scrum stands firm and then it screws and theyre going to reset reset which all eats up time fiji wont mind that theyll want that clock to wind down time,normal_play,0.0
5524,5528,fiji wont mind that theyll want that clock to wind down time,normal_play,0.0
5526,5530,time,normal_play,0.0
5528,5532,side again coming around,normal_play,0.0
5530,5534,side again coming around,normal_play,0.0
5532,5536,side again coming around,normal_play,0.0
5534,5538,you must stay down everybody stay down everybody time back on,normal_play,0.0
5536,5540,you must stay down everybody stay down everybody time back on,normal_play,0.0
5538,5542,you must stay down everybody stay down everybody time back on,normal_play,0.0
5540,5544,you must stay down everybody stay down everybody time back on,normal_play,0.0
5542,5546,you must stay down everybody stay down everybody time back on,normal_play,0.0
5544,5548,you must stay down everybody stay down everybody time back on,normal_play,0.0
5548,5552,well its not doom and gloom for australia they still got to play wales if they beat wales they,normal_play,0.0
5550,5554,well its not doom and gloom for australia they still got to play wales if they beat wales they,normal_play,0.0
5552,5556,well its not doom and gloom for australia they still got to play wales if they beat wales they right back in the mix points well if it stays like this this group gets blown wide open,scrum,0.1461
5554,5558,well its not doom and gloom for australia they still got to play wales if they beat wales they right back in the mix points well if it stays like this this group gets blown wide open,scrum,0.1461
5556,5560,right back in the mix points well if it stays like this this group gets blown wide open,scrum,0.1461
5558,5562,right back in the mix points well if it stays like this this group gets blown wide open stable what do they get points difference bonus points are how will it be decided,scrum,0.1461
5560,5564,right back in the mix points well if it stays like this this group gets blown wide open stable what do they get points difference bonus points are how will it be decided,scrum,0.1461
5562,5566,stable what do they get points difference bonus points are how will it be decided,scrum,0.1461
5564,5568,stable what do they get points difference bonus points are how will it be decided here,scrum,0.1461
5566,5570,stable what do they get points difference bonus points are how will it be decided here,scrum,0.1461
5568,5572,here fiji looking to put the final nail in,normal_play,0.0
5570,5574,fiji looking to put the final nail in,normal_play,0.0
5572,5576,fiji looking to put the final nail in,normal_play,0.0054
5582,5586,its a great chase back but marika korevetti real pace because the break was sensational from,normal_play,0.0
5584,5588,its a great chase back but marika korevetti real pace because the break was sensational from,normal_play,0.0
5586,5590,its a great chase back but marika korevetti real pace because the break was sensational from,normal_play,0.0
5588,5592,its a great chase back but marika korevetti real pace because the break was sensational from the captain number one now the calaver the timing of the pass was good on the outside,normal_play,0.0
5590,5594,its a great chase back but marika korevetti real pace because the break was sensational from the captain number one now the calaver the timing of the pass was good on the outside,normal_play,0.0
5592,5596,the captain number one now the calaver the timing of the pass was good on the outside,normal_play,0.0
5594,5598,the captain number one now the calaver the timing of the pass was good on the outside was ambassi trying to get those legs going korevetti got him from behind bonus points,normal_play,0.0
5596,5600,the captain number one now the calaver the timing of the pass was good on the outside was ambassi trying to get those legs going korevetti got him from behind bonus points,normal_play,0.0
5598,5602,was ambassi trying to get those legs going korevetti got him from behind bonus points,normal_play,0.0
5600,5604,was ambassi trying to get those legs going korevetti got him from behind bonus points saving quite possibly match saving if they can go and score from here,normal_play,0.0
5602,5606,was ambassi trying to get those legs going korevetti got him from behind bonus points saving quite possibly match saving if they can go and score from here,normal_play,0.0
5604,5608,saving quite possibly match saving if they can go and score from here,lineout,0.121
5606,5610,saving quite possibly match saving if they can go and score from here,lineout,0.121
5610,5614,frost dragged another one down australia need to go 80 meters,normal_play,0.0
5612,5616,frost dragged another one down australia need to go 80 meters,normal_play,0.0
5614,5618,frost dragged another one down australia need to go 80 meters is,normal_play,0.0
5616,5620,frost dragged another one down australia need to go 80 meters is,normal_play,0.0
5618,5622,is,normal_play,0.0
5622,5626,donaldson sends it into touch one more throw thered be some brilliant performances today,normal_play,0.0054
5624,5628,donaldson sends it into touch one more throw thered be some brilliant performances today,normal_play,0.0054
5626,5630,donaldson sends it into touch one more throw thered be some brilliant performances today havent that for australia rob valentini was superb nick frost was outstanding but that man,normal_play,0.0054
5628,5632,donaldson sends it into touch one more throw thered be some brilliant performances today havent that for australia rob valentini was superb nick frost was outstanding but that man,normal_play,0.0
5630,5634,havent that for australia rob valentini was superb nick frost was outstanding but that man,normal_play,0.0
5632,5636,havent that for australia rob valentini was superb nick frost was outstanding but that man there made nine tackle two turnover carried for 133 meters in 10 carries he has been absolutely,normal_play,0.0
5634,5638,havent that for australia rob valentini was superb nick frost was outstanding but that man there made nine tackle two turnover carried for 133 meters in 10 carries he has been absolutely,normal_play,0.0
5636,5640,there made nine tackle two turnover carried for 133 meters in 10 carries he has been absolutely,normal_play,0.0
5638,5642,there made nine tackle two turnover carried for 133 meters in 10 carries he has been absolutely,normal_play,0.0
5640,5644,there made nine tackle two turnover carried for 133 meters in 10 carries he has been absolutely sensational just your two or so days our master card player in the match,normal_play,0.0
5642,5646,there made nine tackle two turnover carried for 133 meters in 10 carries he has been absolutely sensational just your two or so days our master card player in the match,normal_play,0.0
5644,5648,sensational just your two or so days our master card player in the match,normal_play,0.0
5646,5650,sensational just your two or so days our master card player in the match,normal_play,0.0
5648,5652,sensational just your two or so days our master card player in the match,lineout,0.121
5656,5660,fijis lineout found its form at just the right moment and now thats 30 seconds away from a,normal_play,0.0
5658,5662,fijis lineout found its form at just the right moment and now thats 30 seconds away from a,normal_play,0.0
5660,5664,fijis lineout found its form at just the right moment and now thats 30 seconds away from a,maul,0.2353
5662,5666,fijis lineout found its form at just the right moment and now thats 30 seconds away from a famous win and that gets their campaign rolling in france whats he to always lost control of that,maul,0.2353
5664,5668,fijis lineout found its form at just the right moment and now thats 30 seconds away from a famous win and that gets their campaign rolling in france whats he to always lost control of that,maul,0.2353
5666,5670,famous win and that gets their campaign rolling in france whats he to always lost control of that,maul,0.2353
5668,5672,famous win and that gets their campaign rolling in france whats he to always lost control of that,normal_play,0.0054
5670,5674,famous win and that gets their campaign rolling in france whats he to always lost control of that knock on on the floor one more roll of the dice for australia ahead down to the wire,normal_play,0.0054
5672,5676,famous win and that gets their campaign rolling in france whats he to always lost control of that knock on on the floor one more roll of the dice for australia ahead down to the wire,normal_play,0.0054
5674,5678,knock on on the floor one more roll of the dice for australia ahead down to the wire,normal_play,0.0054
5676,5680,knock on on the floor one more roll of the dice for australia ahead down to the wire,normal_play,0.0
5678,5682,knock on on the floor one more roll of the dice for australia ahead down to the wire we called for a close game we called for an exciting game doesnt get much closer than,normal_play,0.0
5680,5684,we called for a close game we called for an exciting game doesnt get much closer than,normal_play,0.0
5682,5686,we called for a close game we called for an exciting game doesnt get much closer than this australia will have one last throw of the dice here okay lets go from 60 meters out,normal_play,0.0
5684,5688,we called for a close game we called for an exciting game doesnt get much closer than this australia will have one last throw of the dice here okay lets go from 60 meters out,normal_play,0.0
5686,5690,this australia will have one last throw of the dice here okay lets go from 60 meters out,normal_play,0.0
5688,5692,this australia will have one last throw of the dice here okay lets go from 60 meters out scrum time under a little bit of pressure whole lot of new players on the field some fresh legs,normal_play,0.0
5690,5694,scrum time under a little bit of pressure whole lot of new players on the field some fresh legs,normal_play,0.0
5692,5696,scrum time under a little bit of pressure whole lot of new players on the field some fresh legs,normal_play,0.0
5694,5698,scrum time under a little bit of pressure whole lot of new players on the field some fresh legs,normal_play,0.0
5696,5700,scrum time under a little bit of pressure whole lot of new players on the field some fresh legs,normal_play,0.0
5698,5702,scrum time under a little bit of pressure whole lot of new players on the field some fresh legs,normal_play,0.0
5700,5704,so edge of the seats for us for the crowd for the viewers sensational game of rugby,normal_play,0.0
5702,5706,so edge of the seats for us for the crowd for the viewers sensational game of rugby,normal_play,0.0
5704,5708,so edge of the seats for us for the crowd for the viewers sensational game of rugby,scrum,0.1461
5706,5710,so edge of the seats for us for the crowd for the viewers sensational game of rugby,scrum,0.1461
5708,5712,so edge of the seats for us for the crowd for the viewers sensational game of rugby at rugby world cup 2023 dosso fiji dosso echos around go fiji go those passionate fans but australia,scrum,0.1461
5710,5714,so edge of the seats for us for the crowd for the viewers sensational game of rugby at rugby world cup 2023 dosso fiji dosso echos around go fiji go those passionate fans but australia,scrum,0.1461
5712,5716,at rugby world cup 2023 dosso fiji dosso echos around go fiji go those passionate fans but australia,scrum,0.1461
5714,5718,at rugby world cup 2023 dosso fiji dosso echos around go fiji go those passionate fans but australia,scrum,0.1461
5716,5720,at rugby world cup 2023 dosso fiji dosso echos around go fiji go those passionate fans but australia,scrum,0.1461
5718,5722,at rugby world cup 2023 dosso fiji dosso echos around go fiji go those passionate fans but australia one more chance the scrum disintegrates all over the place penalty fiji,scrum,0.1461
5720,5724,one more chance the scrum disintegrates all over the place penalty fiji,penalty,0.3546
5722,5726,one more chance the scrum disintegrates all over the place penalty fiji,penalty,0.3546
5724,5728,one more chance the scrum disintegrates all over the place penalty fiji hey,penalty,0.3546
5726,5730,one more chance the scrum disintegrates all over the place penalty fiji hey,penalty,0.3546
5728,5732,hey look what it means to these fijian players its the first time since 1954 they have beaten australia,normal_play,0.0
5730,5734,look what it means to these fijian players its the first time since 1954 they have beaten australia,normal_play,0.0
5732,5736,look what it means to these fijian players its the first time since 1954 they have beaten australia,normal_play,0.0
5734,5738,look what it means to these fijian players its the first time since 1954 they have beaten australia,normal_play,0.0
5736,5740,look what it means to these fijian players its the first time since 1954 they have beaten australia,normal_play,0.0
5738,5742,look what it means to these fijian players its the first time since 1954 they have beaten australia,normal_play,0.0
