start_time,end_time,text,event_class,highlight_score
0,4,jaco piper takes charge of the world cup open his 64th test,normal_play,0.4032
2,6,charge of the world cup open his 64th test match he also refereed the,normal_play,0.4032
4,8,test match he also refereed the opening game at the 2015 event at,normal_play,0.4032
6,10,the opening game at the 2015 event at twickenham,normal_play,0.4032
8,12,at twickenham,normal_play,0.0
10,14,allez allez,normal_play,0.0
12,16,allez allez the rugby world cup is,kick_off,0.4562
14,18,the rugby world cup is underway french flair,kick_off,0.4562
16,20,is underway french flair and all black excellence,kick_off,0.4562
18,22,flair and all black excellence new,kick_off,0.4562
20,24,new zealand all in black,normal_play,0.0
22,26,new zealand all in black france in their white shirts,normal_play,0.0
24,28,france in their white shirts and tomas ramos has,normal_play,0.0
26,30,and tomas ramos has found touch up near the halfway off,normal_play,0.0
28,32,has found touch up near the halfway off the restart a blockbuster,normal_play,0.0
30,34,off the restart a blockbuster premier of the,normal_play,0.0
32,36,blockbuster premier of the greatest rugby show on earth,normal_play,0.0
34,38,the greatest rugby show on earth and to the sounds,normal_play,0.0
36,40,and to the sounds of allez allez codie,normal_play,0.0
38,42,sounds of allez allez codie taylor will,normal_play,0.0
40,44,codie taylor will throw the first lineout of,normal_play,0.0
42,46,will throw the first lineout of,normal_play,0.0
44,48,of the match,normal_play,0.0
46,50,of the match,normal_play,0.0
50,54,he takes his,lineout,0.183
52,56,he takes his time and he finds the double world cup winner sam,lineout,0.183
54,58,his time and he finds the double world cup winner sam whitelock in midfield and theres a short,lineout,0.183
56,60,sam whitelock in midfield and theres a short ball to rico ioanni,lineout,0.183
58,62,short ball to rico ioanni bursting through the middle into the french,lineout,0.183
60,64,bursting through the middle into the french 22 what a start for new,normal_play,0.0
62,66,french 22 what a start for new zealand hold on attack already,normal_play,0.0
64,68,new zealand hold on attack already anton leonard brown and now bowden,normal_play,0.0
66,70,anton leonard brown and now bowden barrett the fullback for the all blacks,normal_play,0.0
68,72,bowden barrett the fullback for the all blacks,normal_play,0.4032
70,74,blacks what a break from ioanni,normal_play,0.4032
72,76,what a break from ioanni go go,normal_play,0.4032
74,78,go go,normal_play,0.4032
76,80,go penalty new zealand that was,normal_play,0.0
78,82,penalty new zealand that was a great running line but it was the pass,normal_play,0.0
80,84,was a great running line but it was the pass they had decored runners out the back door and,normal_play,0.0
82,86,they had decored runners out the back door and they isolated the midfield and,normal_play,0.0
84,88,and they isolated the midfield and they go quick,penalty,0.6128
86,90,and they go quick the all blacks looking to force the initiative aaron,penalty,0.6128
88,92,the all blacks looking to force the initiative aaron smith theyve got the penalty advantage as well,penalty,0.6128
90,94,aaron smith theyve got the penalty advantage as well new zealand theres the ball theres,penalty,0.6128
92,96,well new zealand theres the ball theres the ball,normal_play,0.0
94,98,theres the ball balls available,normal_play,0.0
96,100,balls available moana,try,1.0
98,102,moana barrett works the,try,1.0
100,104,moana barrett works the cross kick to mark talia,try,1.0
102,106,the cross kick to mark talia sits up for him and he,try,1.0
104,108,talia sits up for him and he scores for new zealand,try,1.0
106,110,he scores for new zealand what,try,1.0
108,112,what a start for the all blacks,try,1.0
110,114,what a start for the all blacks a try inside,try,1.0
112,116,a try inside two minutes,try,1.0
114,118,inside two minutes in the world cup opener,try,1.0
116,120,minutes in the world cup opener well,try,1.0
118,122,well he made his debut in november,try,1.0
120,124,well he made his debut in november last year mark talia but hes made himself,try,1.0
122,126,november last year mark talia but hes made himself an integral part of this all,try,1.0
124,128,himself an integral part of this all black unit because of situations like this,try,1.0
126,130,all black unit because of situations like this kets his composure waits for,try,1.0
128,132,this kets his composure waits for the bounce under g rest that was a,normal_play,0.0
130,134,for the bounce under g rest that was a great kick pass from bowdy barrett to,normal_play,0.0
132,136,a great kick pass from bowdy barrett to execute it it takes a lot,normal_play,0.0
134,138,to execute it it takes a lot under pressure to do that,normal_play,0.0
136,140,lot under pressure to do that what a start new zealand,normal_play,0.0
138,142,what a start new zealand,normal_play,0.0
142,146,mark talia he hasnt,normal_play,0.0
144,148,mark talia he hasnt been around all that long as you say,normal_play,0.0
146,150,hasnt been around all that long as you say latching on to the cross,normal_play,0.0
148,152,say latching on to the cross kick from bowdy barrett,normal_play,0.0
150,154,cross kick from bowdy barrett brilliant from the new zealand fullback,normal_play,0.0
152,156,brilliant from the new zealand fullback been there done it two,normal_play,0.0
154,158,fullback been there done it two time world rugby player of the year,normal_play,0.0
156,160,two time world rugby player of the year but it was the attitude,normal_play,0.0
158,162,but it was the attitude they got the penalty quickly to,normal_play,0.0
160,164,they got the penalty quickly to new zealand and they took the quick tap they didnt,normal_play,0.0
162,166,to new zealand and they took the quick tap they didnt allow the french defence to,normal_play,0.0
164,168,didnt allow the french defence to get set and from there they had another,normal_play,0.0
166,170,to get set and from there they had another penalty advantage they went wide straight away,normal_play,0.0
168,172,another penalty advantage they went wide straight away because they knew that the french was,normal_play,0.0
170,174,away because they knew that the french was constatated and they were able to execute,normal_play,0.0
172,176,was constatated and they were able to execute,normal_play,0.0
174,178,execute richie moonga,normal_play,0.0
176,180,richie moonga,goal_kick,0.8688
178,182,moonga keeping 75 off the,goal_kick,0.8688
180,184,keeping 75 off the tee in test matches in 2023,goal_kick,0.8688
182,186,the tee in test matches in 2023,goal_kick,0.8688
184,188,2023,goal_kick,0.8688
188,192,from wide outs,goal_kick,0.8688
190,194,from wide outs it just,goal_kick,0.8688
192,196,it just slides by so it will remain,goal_kick,0.8688
194,198,just slides by so it will remain 5 0,goal_kick,0.8688
196,200,remain 5 0 look at that bowdy barrett,goal_kick,0.8688
198,202,look at that bowdy barrett new head numbers on the outside trying,goal_kick,0.8688
200,204,barrett new head numbers on the outside trying to get it on the full bit mark talia,goal_kick,0.8688
202,206,trying to get it on the full bit mark talia was good enough now the slow,goal_kick,0.8688
204,208,talia was good enough now the slow walk back here for france obviously a very long,goal_kick,0.8688
206,210,slow walk back here for france obviously a very long time to go in this game what is,goal_kick,0.8688
208,212,long time to go in this game what is their reply,normal_play,0.0
210,214,is their reply,normal_play,0.0
212,216,so a,normal_play,0.0
214,218,so a response required from france after,normal_play,0.0
216,220,a response required from france after that early try,normal_play,0.0
218,222,after that early try sam whitelock,normal_play,0.0
220,224,sam whitelock his 20th all time world,kick_off,0.5159
222,226,his 20th all time world cup,kick_off,0.5159
224,228,world cup game for,kick_off,0.5159
226,230,cup game for the new zealand greats second row,kick_off,0.5159
228,232,for the new zealand greats second row theres sultan popalaiti in the,normal_play,0.0
230,234,theres sultan popalaiti in the seven shirt in the place of sam kane and,normal_play,0.0
232,236,seven shirt in the place of sam kane and its a penalty to france hes on,penalty,0.6128
234,238,and its a penalty to france hes on it march on it was the number,penalty,0.6128
236,240,on it march on it was the number two the hooker straight over that ball,penalty,0.6128
238,242,number two the hooker straight over that ball brilliant work from him thats the response,penalty,0.6128
240,244,ball brilliant work from him thats the response,normal_play,0.0
242,246,response that france were wanting i think theyll go for,normal_play,0.0
244,248,that france were wanting i think theyll go for the three points and its a good call by,normal_play,0.0
246,250,for the three points and its a good call by the skip up just cool things down a,normal_play,0.0
248,252,by the skip up just cool things down a little bit,normal_play,0.0
250,254,a little bit,normal_play,0.0
252,256,big story,normal_play,0.0
254,258,big story coming in the absence of the,normal_play,0.0
256,260,story coming in the absence of the world cup captain sam kane,normal_play,0.0
258,262,the world cup captain sam kane popalaiti started his test career as an,normal_play,0.0
260,264,popalaiti started his test career as an open side flanker heres the kick,normal_play,0.0
262,266,open side flanker heres the kick off beautifully taken by,normal_play,0.0
264,268,kick off beautifully taken by sam whitelock they sent two players around,normal_play,0.0
266,270,by sam whitelock they sent two players around to stop it that was a good low,normal_play,0.0
268,272,around to stop it that was a good low tackle from wadi which,normal_play,0.0
270,274,low tackle from wadi which allowed the hooker marchand to get,normal_play,0.0
272,276,allowed the hooker marchand to get over the ball perfect technique,normal_play,0.0
274,278,get over the ball perfect technique well tomas,normal_play,0.0
276,280,well tomas ramos has been kicking,normal_play,0.0
278,282,tomas ramos has been kicking brilliantly this,normal_play,0.0
280,284,kicking brilliantly this year up near 90 percent,normal_play,0.0
282,286,this year up near 90 percent test matches,normal_play,0.0
284,288,percent test matches this,normal_play,0.0
286,290,matches this season,normal_play,0.0
288,292,this season,goal_kick,0.8688
296,300,ramos to close the gap to,goal_kick,0.8688
298,302,ramos to close the gap to two points he bangs,goal_kick,0.8688
300,304,to two points he bangs it straight down the middle hes got it in the middle,goal_kick,0.8688
302,306,bangs it straight down the middle hes got it in the middle,goal_kick,0.8688
306,310,5 3 new zealand lead,normal_play,0.0
308,312,5 3 new zealand lead france,normal_play,0.0
310,314,lead france just before the five minute mark,normal_play,0.0
312,316,just before the five minute mark thats an indication man we are in,normal_play,0.0
314,318,thats an indication man we are in for one thats for sure,normal_play,0.0
316,320,for one thats for sure both teams have scored each,normal_play,0.0
318,322,both teams have scored each time theyve been in the 22 for the,normal_play,0.0
320,324,each time theyve been in the 22 for the opposition,normal_play,0.0
322,326,the opposition bodenbarrett gets us back,normal_play,0.0
324,328,bodenbarrett gets us back under way he goes long,normal_play,0.0
326,330,back under way he goes long down to aldridge who gives it to,normal_play,0.0
328,332,down to aldridge who gives it to dupont his captain,normal_play,0.0
330,334,to dupont his captain big kick from the scrum half,normal_play,0.0
332,336,big kick from the scrum half but new zealand go quickly,normal_play,0.4032
334,338,but new zealand go quickly heres bodenbarrett again,normal_play,0.4032
336,340,heres bodenbarrett again younger brother jordi unavailable for,normal_play,0.4032
338,342,younger brother jordi unavailable for this game with injury will jordan,normal_play,0.4032
340,344,for this game with injury will jordan on the chase both at the ball,normal_play,0.0
342,346,jordan on the chase both at the ball are you happy with the contest,normal_play,0.0
344,348,ball are you happy with the contest in the air was tomas ramos,normal_play,0.4032
346,350,in the air was tomas ramos both in the position to play that ball you heard,normal_play,0.4032
348,352,both in the position to play that ball you heard the voice of the referee both in the position,normal_play,0.4032
350,354,heard the voice of the referee both in the position to play it fair collision in the air,normal_play,0.4032
352,356,position to play it fair collision in the air,normal_play,0.4032
354,358,air,normal_play,0.4032
358,362,so bodenbarrett again,normal_play,0.4032
360,364,so bodenbarrett again slightly shorter high kick this,normal_play,0.4032
362,366,again slightly shorter high kick this time gavin villiers underneath it,normal_play,0.4032
364,368,this time gavin villiers underneath it for france the ball,normal_play,0.4032
366,370,it for france the ball,normal_play,0.4032
368,372,ball,normal_play,0.4032
378,382,the ball back to,normal_play,0.4032
380,384,the ball back to black,normal_play,0.4032
382,386,to black,normal_play,0.4032
384,388,no tackle fill in,normal_play,0.4032
386,390,no tackle fill in,normal_play,0.4032
388,392,in,normal_play,0.4032
394,398,just,penalty,0.4629
396,400,just for a second in the backfield,penalty,0.4629
398,402,just for a second in the backfield,penalty,0.4629
400,404,aerial contact,normal_play,0.0
402,406,aerial contact both players got hands to the ball one thing thats very apparent,normal_play,0.0
404,408,both players got hands to the ball one thing thats very apparent already is the length of exit from,normal_play,0.0
406,410,apparent already is the length of exit from the french team going very long and i dont think this,normal_play,0.0
408,412,from the french team going very long and i dont think this is out,normal_play,0.0
410,414,this is out hasnt found touch richie moonger,normal_play,0.0
412,416,hasnt found touch richie moonger so ramos,normal_play,0.4032
414,418,moonger so ramos,normal_play,0.4032
416,420,straight down the tram lines back,normal_play,0.4032
418,422,straight down the tram lines back to the all black fly half heres,normal_play,0.4032
420,424,back to the all black fly half heres will jordan hes been,normal_play,0.0
422,426,heres will jordan hes been outstanding in the try scoring departments,normal_play,0.0
424,428,outstanding in the try scoring departments for new zealand mr,normal_play,0.0
426,430,departments for new zealand mr prolific for this all black side,normal_play,0.0
428,432,prolific for this all black side barrett long cut out ball,normal_play,0.0
430,434,side barrett long cut out ball its a layer again but,normal_play,0.0
432,436,ball its a layer again but its drifted forward,normal_play,0.0
434,438,but its drifted forward what,normal_play,0.0
436,440,what new zealand are trying to do is go edge,normal_play,0.0
438,442,what new zealand are trying to do is go edge to edge theyre not wanting to kick the,normal_play,0.0
440,444,edge to edge theyre not wanting to kick the ball back long to this french,normal_play,0.0
442,446,the ball back long to this french team so looking,normal_play,0.0
444,448,french team so looking to expose them in the middle and,normal_play,0.0
446,450,looking to expose them in the middle and then get the ball right quickly,normal_play,0.0
448,452,and then get the ball right quickly interesting too carl,normal_play,0.0
450,454,quickly interesting too carl,normal_play,0.0
454,458,how much bodenbarrett is,normal_play,0.0
456,460,how much bodenbarrett is in the game we often see him come in at first,normal_play,0.0
458,462,is in the game we often see him come in at first receiver but this double playmaker role,normal_play,0.0
460,464,first receiver but this double playmaker role and its,normal_play,0.0
462,466,role and its his voice too respect the,normal_play,0.0
464,468,its his voice too respect the mark that is so integral to this all black team,normal_play,0.0
466,470,the mark that is so integral to this all black team and the gap he knows how,normal_play,0.0
468,472,team and the gap he knows how to win these types of games,normal_play,0.0
470,474,how to win these types of games dont close the gap vision was,normal_play,0.0
472,476,games dont close the gap vision was there skill execution didnt hit the mark,normal_play,0.0
474,478,was there skill execution didnt hit the mark first scrum,normal_play,0.0
476,480,mark first scrum this will be interesting,normal_play,0.0
478,482,this will be interesting youve got two old boys,normal_play,0.0
480,484,youve got two old boys at wesley college on opposite,normal_play,0.0
482,486,boys at wesley college on opposite sides here tonight in the front rows,normal_play,0.0
484,488,opposite sides here tonight in the front rows napola lala for the all blacks,normal_play,0.0
486,490,napola lala for the all blacks rune antonio born,normal_play,0.0
488,492,blacks rune antonio born in new zealand for france there he,normal_play,0.0
490,494,born in new zealand for france there he is enormous figure on the tight head side,normal_play,0.0
492,496,he is enormous figure on the tight head side standing up well have a reset,normal_play,0.0
494,498,side standing up well have a reset hes in the group who is marking him,normal_play,0.0
496,500,hes in the group who is marking him theres no small unit as,normal_play,0.0
498,502,him theres no small unit as well hes been absolutely,normal_play,0.0
500,504,as well hes been absolutely monstered,normal_play,0.0
502,506,absolutely monstered physically,normal_play,0.0
504,508,monstered physically this is the battle within the battle now isnt it,normal_play,0.0
506,510,this is the battle within the battle now isnt it massive part of the french,normal_play,0.0
508,512,it massive part of the french attack,normal_play,0.0
510,514,french attack we saw they did,normal_play,0.0
512,516,we saw they did have a few problems in their final warm up game a,normal_play,0.0
514,518,have a few problems in their final warm up game a couple of weeks ago here in paris against,normal_play,0.0
516,520,a couple of weeks ago here in paris against australia they seem,normal_play,0.0
518,522,against australia they seem not necessarily known for their dominance,normal_play,0.0
520,524,not necessarily known for their dominance up front so they would have thought about that would have gone away,normal_play,0.0
522,526,dominance up front so they would have thought about that would have gone away worked on it needed,normal_play,0.0
524,528,away worked on it needed good platform here,normal_play,0.0
526,530,needed good platform here,normal_play,0.0
528,532,five,scrum,0.3499
530,534,five,scrum,0.3499
532,536,five six,scrum,0.2172
534,538,six,scrum,0.2172
536,540,six solid platform,scrum,0.2172
538,542,solid platform for dupont to play but aaron smith,scrum,0.2172
540,544,platform for dupont to play but aaron smith hes onto,scrum,0.3499
542,546,smith hes onto it like a flash good work from,scrum,0.3499
544,548,onto it like a flash good work from the new zealand scrum half ramos kicks again,normal_play,0.0
546,550,from the new zealand scrum half ramos kicks again talia cant,normal_play,0.0
548,552,again talia cant hold onto it gone backwards,normal_play,0.4032
550,554,cant hold onto it gone backwards says the referee play on and mark,normal_play,0.4032
552,556,backwards says the referee play on and mark talia,normal_play,0.4032
554,558,mark talia perhaps a little fortunate crowd dont like,normal_play,0.4032
556,560,perhaps a little fortunate crowd dont like the call comes away with,normal_play,0.4032
558,562,like the call comes away with it for new zealand barrett again,normal_play,0.4032
560,564,with it for new zealand barrett again at first receiver will jordan with,normal_play,0.4032
562,566,again at first receiver will jordan with the kicking duties now,normal_play,0.4032
564,568,with the kicking duties now natsya jalaba,normal_play,0.4032
566,570,now natsya jalaba,normal_play,0.4032
568,572,jalaba and just steady himself,normal_play,0.4032
570,574,and just steady himself and bang that one over,normal_play,0.4032
572,576,himself and bang that one over the sideline,normal_play,0.4032
574,578,over the sideline i like that contest so,normal_play,0.4032
576,580,i like that contest so anton dupont versus aaron,normal_play,0.0
578,582,so anton dupont versus aaron smith aaron smith takes,normal_play,0.0
580,584,aaron smith aaron smith takes round one there,normal_play,0.0
582,586,takes round one there yeltsin experienced player,normal_play,0.0
584,588,there yeltsin experienced player for the yorblaks,normal_play,0.0
586,590,player for the yorblaks,normal_play,0.0
588,592,so the new zealand,normal_play,0.0
590,594,so the new zealand hooker cody taylor going,normal_play,0.0
592,596,zealand hooker cody taylor going to wipe the ball,normal_play,0.0
594,598,going to wipe the ball its stifling hot,normal_play,0.0
596,600,its stifling hot here in paris this week as julian,normal_play,0.0
598,602,hot here in paris this week as julian marchand looks like getting some attention,normal_play,0.0
600,604,julian marchand looks like getting some attention the french hooker,normal_play,0.0
602,606,attention the french hooker yeah i think this is,normal_play,0.0
604,608,hooker yeah i think this is a yes the,normal_play,0.0
606,610,is a yes the weather but b the speed of what new zealands,normal_play,0.0
608,612,the weather but b the speed of what new zealands playing at at the moment this is definitely a tactical,normal_play,0.0
610,614,zealands playing at at the moment this is definitely a tactical thing just wrapping up the leg,normal_play,0.0
612,616,tactical thing just wrapping up the leg for marchand,normal_play,0.0
614,618,leg for marchand ultra quick so far,normal_play,0.0
616,620,ultra quick so far eventually because of the elaborate opening ceremony,normal_play,0.0
618,622,eventually because of the elaborate opening ceremony we had before kick off,normal_play,0.0
620,624,ceremony we had before kick off tonight players were only allowed on the,normal_play,0.0
622,626,off tonight players were only allowed on the field for about 20 minutes or so,normal_play,0.0
624,628,the field for about 20 minutes or so had to start their warm up indoors,normal_play,0.0
626,630,so had to start their warm up indoors,normal_play,0.0
628,632,just compromised,normal_play,0.0
630,634,just compromised here and let clean out the marchand,normal_play,0.0
632,636,compromised here and let clean out the marchand first line up for new zealand was,normal_play,0.0
634,638,marchand first line up for new zealand was good it went to sam whitelock,normal_play,0.0
636,640,was good it went to sam whitelock does he call his own number again,normal_play,0.0
638,642,whitelock does he call his own number again,normal_play,0.0
642,646,7,lineout,0.2876
644,648,7 titles with the crusaders but,lineout,0.2876
646,650,7 titles with the crusaders but its the french number 7,lineout,0.2876
648,652,but its the french number 7 olivier who steals it,lineout,0.2876
650,654,olivier who steals it turnover ball for france,lineout,0.2876
652,656,it turnover ball for france,normal_play,0.0
654,658,france dupont works the blindside,normal_play,0.0
656,660,dupont works the blindside for francois cross,normal_play,0.4032
658,662,blindside for francois cross jalbert,normal_play,0.4032
660,664,jalbert cuts out,normal_play,0.4032
662,666,jalbert cuts out flamont to marchand,normal_play,0.4032
664,668,out flamont to marchand whos back on his feet,normal_play,0.0
666,670,marchand whos back on his feet balls gone forward though on the floor,normal_play,0.0
668,672,balls gone forward though on the floor so thats off for,normal_play,0.3867
670,674,floor so thats off for new zealand big taker from scott barrett,normal_play,0.3867
672,676,for new zealand big taker from scott barrett heres the one that was targeted,normal_play,0.3867
674,678,barrett heres the one that was targeted at line out time they got in front of him with,normal_play,0.3867
676,680,targeted at line out time they got in front of him with the jump in line out did france,normal_play,0.0
678,682,with the jump in line out did france he just shake of the head there marchand but it was a nice,normal_play,0.0
680,684,france he just shake of the head there marchand but it was a nice low hit from scott barrett,normal_play,0.0
682,686,nice low hit from scott barrett to get that turnover back,normal_play,0.0
684,688,barrett to get that turnover back talked about discipline,normal_play,0.0
686,690,talked about discipline during the week new zealand of course they had those,normal_play,0.0
688,692,during the week new zealand of course they had those yellow cards,normal_play,0.0
690,694,those yellow cards one of which became a red against south africa,normal_play,0.0
692,696,one of which became a red against south africa in their penultimate war the final warm,normal_play,0.0
694,698,africa in their penultimate war the final warm up game it looks like france might,normal_play,0.0
696,700,warm up game it looks like france might be looking to make a change here,normal_play,0.0
698,702,might be looking to make a change here yes they are,normal_play,0.0
700,704,here yes they are hes going to try lets go,normal_play,0.0
702,706,hes going to try lets go thats on malvaca,normal_play,0.0
704,708,go thats on malvaca whos on the sideline waiting to come,normal_play,0.0
706,710,malvaca whos on the sideline waiting to come on but marchand wants to give it another go,normal_play,0.0
708,712,come on but marchand wants to give it another go of course you dont want to come off in a game,normal_play,0.0
710,714,go of course you dont want to come off in a game like this hell try,normal_play,0.0
712,716,game like this hell try as much as he can this will be the tester,normal_play,0.0
714,718,try as much as he can this will be the tester for him they had a pretty solid one,normal_play,0.0
716,720,tester for him they had a pretty solid one first up to france it was their,normal_play,0.0
718,722,one first up to france it was their ball now its all black ball,normal_play,0.0
720,724,their ball now its all black ball,normal_play,0.0
722,726,so theres aaron smith whos,normal_play,0.0
724,728,so theres aaron smith whos just surveying the french defence,normal_play,0.0
726,730,whos just surveying the french defence another word to richie molana whos,normal_play,0.0
728,732,defence another word to richie molana whos standing directly behind the scrum,scrum,0.3548
730,734,whos standing directly behind the scrum bowden barrett to his right,scrum,0.3548
732,736,scrum bowden barrett to his right leonard graham to his left,scrum,0.3548
734,738,leonard graham to his left,scrum,0.3548
736,740,left the early push from the french,scrum,0.1745
738,742,the early push from the french i think theyll be worried after,scrum,0.1745
740,744,french i think theyll be worried after the first one,scrum,0.1745
742,746,after the first one balls not in lets work he can settle,scrum,0.1745
744,748,balls not in lets work he can settle,normal_play,0.0
746,750,settle,normal_play,0.0
748,752,great though wadi of course no,normal_play,0.0
750,754,great though wadi of course no serial buy at the moment for france,normal_play,0.0
752,756,no serial buy at the moment for france and that calf injury in a warm,normal_play,0.0
754,758,and that calf injury in a warm up game to this tournament,normal_play,0.0
756,760,warm up game to this tournament automatic first choice normally,normal_play,0.0
758,762,automatic first choice normally is buy so its wadi,normal_play,0.0
760,764,normally is buy so its wadi who has to come,normal_play,0.0
762,766,wadi who has to come in here on the lucid side,normal_play,0.0
764,768,come in here on the lucid side,normal_play,0.0
766,770,remember this is a free kick so,normal_play,0.0
768,772,remember this is a free kick so it cant be put out directly so whether new,normal_play,0.0
770,774,so it cant be put out directly so whether new zealand are up and under,normal_play,0.0
772,776,new zealand are up and under and they will make the change,normal_play,0.0
774,778,and they will make the change marchand,normal_play,0.0
776,780,marchand disappointment for him the,normal_play,0.0
778,782,disappointment for him the man who started the last 20 consecutive,normal_play,0.0
780,784,the man who started the last 20 consecutive six nations games for france,normal_play,0.0
782,786,consecutive six nations games for france the man from,normal_play,0.0
784,788,the man from toulouse will be replaced by,normal_play,0.0
786,790,from toulouse will be replaced by another toulouse team mate peto,normal_play,0.0
788,792,by another toulouse team mate peto malvaca,normal_play,0.0
790,794,peto malvaca,normal_play,0.0
792,796,whos on early for france new,normal_play,0.0
794,798,whos on early for france new zealand go high with,normal_play,0.0
796,800,new zealand go high with the bomb off the free kick and,normal_play,0.0
798,802,with the bomb off the free kick and thats dribbled over the sideline and theres,normal_play,0.0
800,804,and thats dribbled over the sideline and theres tupovai,normal_play,0.0
802,806,theres tupovai twice have gone to,normal_play,0.0
804,808,twice have gone to jordan with an up and under hes a supremo,normal_play,0.0
806,810,to jordan with an up and under hes a supremo in that department penalty,normal_play,0.0
808,812,supremo in that department penalty yeah i think,normal_play,0.0
810,814,penalty yeah i think jordan was looking at the ball and saw like,normal_play,0.0
812,816,think jordan was looking at the ball and saw like he took a player out there,normal_play,0.0
814,818,like he took a player out there unsure,normal_play,0.0
816,820,unsure contact in there before he can take it,penalty,0.6128
818,822,contact in there before he can take it but to be fair is that the responsibility of jordan,penalty,0.6128
820,824,but to be fair is that the responsibility of jordan to pull out of that north,penalty,0.6128
822,826,jordan to pull out of that north,penalty,0.6128
824,828,so,normal_play,0.0
826,830,so both teams with some early opportunities just,normal_play,0.0
828,832,so both teams with some early opportunities just unable to take advantage,normal_play,0.0
830,834,just unable to take advantage in field position,normal_play,0.0
832,836,advantage in field position,normal_play,0.0
834,838,jalbert he,normal_play,0.0
836,840,jalbert he hasnt found touch either,normal_play,0.2923
838,842,hasnt found touch either don oruchimawanga there,normal_play,0.2923
840,844,don oruchimawanga there and in his own 22,normal_play,0.2923
842,846,and in his own 22 he bangs that out in the full deep,normal_play,0.2923
844,848,22 he bangs that out in the full deep but dupont will give it back to jalbert,normal_play,0.0
846,850,deep but dupont will give it back to jalbert stop,normal_play,0.0
848,852,jalbert stop heres will jordan again,normal_play,0.4032
850,854,heres will jordan again play run five can be,normal_play,0.4032
852,856,again play run five can be brilliant on the counter attack decides to,normal_play,0.4032
854,858,be brilliant on the counter attack decides to kick again though weve seen plenty,normal_play,0.4032
856,860,to kick again though weve seen plenty of kicking so far in,normal_play,0.4032
858,862,plenty of kicking so far in this contest already,normal_play,0.4032
860,864,in this contest already one on the angle,normal_play,0.4032
862,866,one on the angle from ramos is bodum barrett run,normal_play,0.4032
864,868,angle from ramos is bodum barrett run five play,normal_play,0.0
866,870,run five play and a nice spiral,normal_play,0.0
868,872,and a nice spiral from barrett that hasnt gone out,normal_play,0.4032
870,874,spiral from barrett that hasnt gone out though so,normal_play,0.4032
872,876,out though so ramos just about,normal_play,0.4032
874,878,ramos just about stays in his 22 and puts that one,normal_play,0.4032
876,880,about stays in his 22 and puts that one over the sideline thats going to be a line,normal_play,0.0
878,882,one over the sideline thats going to be a line out throw to new zealand huge disappointment for,normal_play,0.0
880,884,line out throw to new zealand huge disappointment for marchand that left thigh,normal_play,0.0
882,886,for marchand that left thigh i can see there,normal_play,0.0
884,888,i can see there very despondent,normal_play,0.0
886,890,there very despondent doesnt he hopefully its,normal_play,0.0
888,892,despondent doesnt he hopefully its not a tournament ending,normal_play,0.0
890,894,its not a tournament ending one for him i hope there are injury issues,normal_play,0.0
892,896,ending one for him i hope there are injury issues paul villamse pulling,normal_play,0.0
894,898,paul villamse pulling out late of the world cup,normal_play,0.0
896,900,out late of the world cup 33 man squad,lineout,0.4726
898,902,cup 33 man squad theres will jordan playing up at,lineout,0.4726
900,904,theres will jordan playing up at first receiver and putting his head down is,lineout,0.4726
902,906,at first receiver and putting his head down is anton lennart brown vastly,lineout,0.4726
904,908,is anton lennart brown vastly experienced player over 50 caps for new,normal_play,0.0
906,910,vastly experienced player over 50 caps for new zealand nice little short ball there from tupov,normal_play,0.0
908,912,new zealand nice little short ball there from tupov vahy,normal_play,0.4032
910,914,tupov vahy they work the,normal_play,0.4032
912,916,they work the short side,normal_play,0.4032
914,918,the short side adi savaya as he often does,normal_play,0.4032
916,920,adi savaya as he often does drives the legs through contact,normal_play,0.4032
918,922,does drives the legs through contact out the back from whitelock,normal_play,0.4032
920,924,contact out the back from whitelock bodum barrett again rikyot,normal_play,0.4032
922,926,bodum barrett again rikyot yohani,normal_play,0.4032
924,928,rikyot yohani dummies and goes himself,normal_play,0.4032
926,930,dummies and goes himself,normal_play,0.4032
928,932,good tackle there from antoine,normal_play,0.4032
930,934,good tackle there from antoine dupont and cody taylor,normal_play,0.4032
932,936,antoine dupont and cody taylor,normal_play,0.4032
934,938,taylor scott barrett hes hit hard by,normal_play,0.4032
936,940,scott barrett hes hit hard by the new french hooker petr malvaka,normal_play,0.3341
938,942,by the new french hooker petr malvaka,normal_play,0.3341
940,944,barrett shifts it onto vahy,normal_play,0.3341
942,946,barrett shifts it onto vahy theres a loose ball will jordans onto it,normal_play,0.3341
944,948,vahy theres a loose ball will jordans onto it chest passes it across to mark,normal_play,0.4032
946,950,it chest passes it across to mark telaia,normal_play,0.4032
948,952,mark telaia slightly off the cuff that from,normal_play,0.4032
950,954,slightly off the cuff that from new zealand they do maintain,normal_play,0.4032
952,956,from new zealand they do maintain the ball though,normal_play,0.4032
954,958,maintain the ball though,normal_play,0.4032
956,960,whitelock again,normal_play,0.4032
958,962,whitelock again will jordan chips over the,normal_play,0.4032
960,964,will jordan chips over the top for himself his runs been chipped,normal_play,0.0
962,966,the top for himself his runs been chipped play on says the referee,normal_play,0.0
964,968,chipped play on says the referee ramos kicks it down on the new,normal_play,0.4032
966,970,ramos kicks it down on the new zealand 22,normal_play,0.4032
968,972,new zealand 22,normal_play,0.4032
972,976,bodum barrett has found some,normal_play,0.0
974,978,bodum barrett has found some good meters theres no one back actually for,normal_play,0.0
976,980,some good meters theres no one back actually for antoine dupont,normal_play,0.0
978,982,for antoine dupont but a good kick on that occasion from,normal_play,0.0
980,984,dupont but a good kick on that occasion from bodum barrett so much kicking,normal_play,0.0
982,986,from bodum barrett so much kicking so,normal_play,0.0
984,988,kicking so far in this contest yeah but the thing is,normal_play,0.0
986,990,so far in this contest yeah but the thing is its been good kicking i think,normal_play,0.0
988,992,is its been good kicking i think little chips in behind weve already seen a nice one,normal_play,0.0
990,994,little chips in behind weve already seen a nice one from the french saw a second one there from,normal_play,0.0
992,996,one from the french saw a second one there from will jordan from new zealand finding space,normal_play,0.0
994,998,from will jordan from new zealand finding space and greenery in,normal_play,0.0
996,1000,space and greenery in fact,normal_play,0.0
998,1002,in fact,normal_play,0.0
1000,1004,of course these two sides met here in,normal_play,0.0
1002,1006,of course these two sides met here in paris back in 2021,normal_play,0.0
1004,1008,in paris back in 2021,lineout,0.3566
1006,1010,2021 brown scored 40 points,lineout,0.3566
1008,1012,brown scored 40 points on that occasion what a break away here from,lineout,0.3566
1010,1014,points on that occasion what a break away here from petr malvaka he,lineout,0.3566
1012,1016,from petr malvaka he chips ahead his,normal_play,0.0
1014,1018,he chips ahead his runs been checked as well,normal_play,0.0
1016,1020,his runs been checked as well passes,normal_play,0.0
1018,1022,well passes that home crowd what a decision,normal_play,0.0
1020,1024,passes that home crowd what a decision theyre not going to get it,normal_play,0.0
1022,1026,decision theyre not going to get it,normal_play,0.0
1024,1028,it what are they going to get though was a goal,normal_play,0.0
1026,1030,what are they going to get though was a goal line drop out,normal_play,0.0
1028,1032,goal line drop out,normal_play,0.0
1030,1034,what about the set move from the front,normal_play,0.0
1032,1036,what about the set move from the front went to dupont he passed the bat,normal_play,0.0
1034,1038,went to dupont he passed the bat from malvaka,normal_play,0.0
1036,1040,from malvaka and the chip kick what a replacement,normal_play,0.0
1038,1042,malvaka and the chip kick what a replacement hook up great skills,normal_play,0.0
1040,1044,replacement hook up great skills well he actually,normal_play,0.0
1042,1046,well he actually scored in that 40 25 victory,normal_play,0.0
1044,1048,actually scored in that 40 25 victory here two years ago petr malvaka,normal_play,0.0
1046,1050,victory here two years ago petr malvaka,normal_play,0.0
1048,1052,malvaka moana with the line up,kick_off,0.5094
1050,1054,moana with the line up drop out to jalabeu on half way,kick_off,0.5094
1052,1056,up drop out to jalabeu on half way heres aldridge,kick_off,0.5094
1054,1058,way heres aldridge primary ball,kick_off,0.5094
1056,1060,primary ball carrier for france,normal_play,0.0
1058,1062,ball carrier for france jalabeu inside,normal_play,0.0
1060,1064,jalabeu inside ball to gabon villier,normal_play,0.0
1062,1066,inside ball to gabon villier he tackle from the group the loose,normal_play,0.0
1064,1068,he tackle from the group the loose head prop balls available for new zealand and theyre,normal_play,0.4032
1066,1070,loose head prop balls available for new zealand and theyre,normal_play,0.4032
1068,1072,theyre onto it flicks out by aaron smith slightly dangerous,normal_play,0.4032
1070,1074,theyre onto it flicks out by aaron smith slightly dangerous here but moana has it,normal_play,0.4032
1072,1076,dangerous here but moana has it gives it to,normal_play,0.0
1074,1078,gives it to mark sellea hes been busy to try score,normal_play,0.0
1076,1080,to mark sellea hes been busy to try score goes on one of those angled,normal_play,0.4032
1078,1082,score goes on one of those angled runs so slippery,normal_play,0.4032
1080,1084,angled runs so slippery the balls,normal_play,0.4032
1082,1086,the balls just gone forward on the,normal_play,0.4032
1084,1088,balls just gone forward on the floor again,normal_play,0.0
1086,1090,the floor again well it is very sticky it is very,normal_play,0.0
1088,1092,well it is very sticky it is very humid tellea,normal_play,0.0
1090,1094,very humid tellea this is what hes there for they,normal_play,0.0
1092,1096,this is what hes there for they were shifting the,normal_play,0.0
1094,1098,they were shifting the ball bit of adler rugby from the all blacks,normal_play,0.0
1096,1100,the ball bit of adler rugby from the all blacks and then once mark tellea,normal_play,0.0
1098,1102,blacks and then once mark tellea gets the ball hes just so good with his footwork,normal_play,0.0
1100,1104,tellea gets the ball hes just so good with his footwork so strong look at this,normal_play,0.0
1102,1106,footwork so strong look at this shot put on aldridge,normal_play,0.0
1104,1108,this shot put on aldridge hit it up cody taylor over the top,normal_play,0.0
1106,1110,aldridge hit it up cody taylor over the top goes over the ball and its clean out,normal_play,0.0
1108,1112,goes over the ball and its clean out by antonio absolutely brutal,normal_play,0.0
1110,1114,out by antonio absolutely brutal,normal_play,0.0
1112,1116,brutal scott barrett wearing,normal_play,0.0
1114,1118,scott barrett wearing 145kg there,normal_play,0.0
1116,1120,wearing 145kg there im going to bring him in you stay there,normal_play,0.0
1118,1122,there im going to bring him in you stay there its a tackle from jalabeu,normal_play,0.0
1120,1124,there its a tackle from jalabeu,normal_play,0.0
1122,1126,jalabeu its great defence from the first five jalabeu,normal_play,0.0
1124,1128,its great defence from the first five jalabeu and what hes done hes set his team up,normal_play,0.0
1126,1130,jalabeu and what hes done hes set his team up a prime attacking position,normal_play,0.0
1128,1132,up a prime attacking position here,normal_play,0.0
1130,1134,position here hes been,normal_play,0.0
1132,1136,hes been busy mark sellea hasnt he try score,normal_play,0.0
1134,1138,been busy mark sellea hasnt he try score one of the actions gone,normal_play,0.0
1136,1140,score one of the actions gone over to that far side touchline,normal_play,0.0
1138,1142,over to that far side touchline,normal_play,0.0
1140,1144,touchline grout,normal_play,0.0
1142,1146,grout,normal_play,0.0
1144,1148,fine anjelsey set up,normal_play,0.0
1146,1150,fine anjelsey set up defensively for new zealand wanga directly behind,normal_play,0.0
1148,1152,up defensively for new zealand wanga directly behind the scrum stopping the blindside move,scrum,0.4877
1150,1154,behind the scrum stopping the blindside move of franck prenty heres,scrum,0.4877
1152,1156,move of franck prenty heres the penalty,scrum,0.4877
1154,1158,heres the penalty number one number one pulling it down,scrum,0.4877
1156,1160,number one number one pulling it down is the call from the referee thats,penalty,0.6128
1158,1162,down is the call from the referee thats ethan de groot,penalty,0.6128
1160,1164,thats ethan de groot decision goes against new zealand,penalty,0.6128
1162,1166,decision goes against new zealand,penalty,0.6128
1164,1168,what do,normal_play,0.0
1166,1170,what do you do here for france do you take another shot i,normal_play,0.0
1168,1172,do you do here for france do you take another shot i think you have to and take the lead,normal_play,0.0
1170,1174,i think you have to and take the lead theyre,normal_play,0.0
1172,1176,lead theyre taking on water already these players,normal_play,0.0
1174,1178,theyre taking on water already these players its fabien gaultier,normal_play,0.0
1176,1180,its fabien gaultier head coach of,normal_play,0.0
1178,1182,head coach of this french team hes,normal_play,0.0
1180,1184,of this french team hes happy with the response from,normal_play,0.0
1182,1186,hes happy with the response from the side after that initial blast,normal_play,0.0
1184,1188,from the side after that initial blast from new zealand for the first talia try,normal_play,0.0
1186,1190,blast from new zealand for the first talia try theyve worked themselves back into this contest,normal_play,0.0
1188,1192,try theyve worked themselves back into this contest thats for sure sellea down pretty quickly,normal_play,0.0
1190,1194,contest thats for sure sellea down pretty quickly stop,normal_play,0.0
1192,1196,stop yeah stop look,normal_play,0.0
1194,1198,yeah stop look at that yeah straight away ethan de,normal_play,0.0
1196,1200,look at that yeah straight away ethan de groots under pressure fair enough too,normal_play,0.0
1198,1202,de groots under pressure fair enough too yeah okay thank,normal_play,0.0
1200,1204,too yeah okay thank you they just lost this footing early didnt they,normal_play,0.0
1202,1206,thank you they just lost this footing early didnt they,normal_play,0.0
1204,1208,they greg feek scrum coach of this all,normal_play,0.0
1206,1210,greg feek scrum coach of this all black side be looking at that closely,normal_play,0.0
1208,1212,all black side be looking at that closely,normal_play,0.0
1210,1214,the players taking on water,normal_play,0.0
1212,1216,the players taking on water already there will be official water breaks,normal_play,0.0
1214,1218,water already there will be official water breaks tonight given its been so warm,normal_play,0.0
1216,1220,breaks tonight given its been so warm in paris this week,normal_play,0.0
1218,1222,warm in paris this week over 35 degrees,normal_play,0.0
1220,1224,over 35 degrees this week still pushing,normal_play,0.0
1222,1226,degrees this week still pushing 30 celsius here,normal_play,0.0
1224,1228,pushing 30 celsius here past 9,normal_play,0.0
1226,1230,past 9 30pm here local time,normal_play,0.0
1228,1232,9 30pm here local time,normal_play,0.0
1238,1242,tomas ramos,goal_kick,0.5573
1240,1244,tomas ramos to put france into,goal_kick,0.5573
1242,1246,to put france into the lead and,goal_kick,0.5573
1244,1248,into the lead and he does so,goal_kick,0.5573
1246,1250,and he does so france 6,goal_kick,0.5573
1248,1252,france 6 new zealand 5,goal_kick,0.8688
1250,1254,6 new zealand 5 thats just a warning for new,goal_kick,0.8688
1252,1256,thats just a warning for new zealand and their,goal_kick,0.8688
1254,1258,new zealand and their ill discipline theyre going to have to be on in,goal_kick,0.8688
1256,1260,their ill discipline theyre going to have to be on in all aspects because ramos is,goal_kick,0.8688
1258,1262,in all aspects because ramos is definitely on with a kicking radar,goal_kick,0.8688
1260,1264,is definitely on with a kicking radar tonight,goal_kick,0.8688
1262,1266,radar tonight,goal_kick,0.8688
1266,1270,theyre back underway,kick_off,0.2538
1268,1272,theyre back underway barrett again with the restart,kick_off,0.2538
1270,1274,underway barrett again with the restart its down to,kick_off,0.2538
1272,1276,its down to aldridge,kick_off,0.2538
1274,1278,to aldridge outside,kick_off,0.2538
1276,1280,outside lalat got,normal_play,0.0
1278,1282,outside lalat got the shoulder in but aldridge picked up another,normal_play,0.0
1280,1284,got the shoulder in but aldridge picked up another few yards there,normal_play,0.4032
1282,1286,another few yards there and new zealand,normal_play,0.4032
1284,1288,and new zealand two point in no hurry kicks off,normal_play,0.4032
1286,1290,two point in no hurry kicks off the base,normal_play,0.4032
1288,1292,off the base molanga,normal_play,0.4032
1290,1294,base molanga,normal_play,0.4032
1292,1296,molanga bowden barrett,normal_play,0.4032
1294,1298,bowden barrett that high kick in midfield will jordan,normal_play,0.4032
1296,1300,that high kick in midfield will jordan on the chase but ramos,normal_play,0.4032
1298,1302,jordan on the chase but ramos times his jump well put on the deck by,normal_play,0.4032
1300,1304,times his jump well put on the deck by jordan last hit,normal_play,0.0
1302,1306,by jordan last hit theres cameron wokey in the full shirt,normal_play,0.0
1304,1308,theres cameron wokey in the full shirt making sure they secure that ball,normal_play,0.4032
1306,1310,shirt making sure they secure that ball bourne just down the road here from,normal_play,0.4032
1308,1312,ball bourne just down the road here from mustad de france,normal_play,0.4032
1310,1314,from mustad de france north of the city centre,normal_play,0.4032
1312,1316,north of the city centre molanga again,normal_play,0.0
1314,1318,molanga again back at the ball,normal_play,0.0
1316,1320,back at the ball ramos has,normal_play,0.0
1318,1322,ball ramos has been imperious at the back so,normal_play,0.0
1320,1324,has been imperious at the back so far under the high ball for france and now,normal_play,0.4032
1322,1326,so far under the high ball for france and now the home team can try and get,normal_play,0.4032
1324,1328,now the home team can try and get some ball carrying going,normal_play,0.4032
1326,1330,get some ball carrying going ramos had,normal_play,0.4032
1328,1332,ramos had to play scrum half there flamel,normal_play,0.4032
1330,1334,had to play scrum half there flamel dupont to gael fichter,normal_play,0.4032
1332,1336,dupont to gael fichter aggressing 92,normal_play,0.4032
1334,1338,fichter aggressing 92 here,normal_play,0.4032
1336,1340,92 here in the nations capital losing his,normal_play,0.0
1338,1342,in the nations capital losing his footing was peto malvaca,normal_play,0.0
1340,1344,his footing was peto malvaca,normal_play,0.4032
1342,1346,to wokey,normal_play,0.4032
1344,1348,to wokey its been hacked ahead play on says the referee,normal_play,0.4032
1346,1350,wokey its been hacked ahead play on says the referee back into new zealand hands heres,normal_play,0.4032
1348,1352,referee back into new zealand hands heres mark telao again hes going to kick,normal_play,0.0
1350,1354,heres mark telao again hes going to kick and,normal_play,0.0
1352,1356,kick and tom ramos this time has,normal_play,0.4032
1354,1358,and tom ramos this time has knocked the ball on,normal_play,0.4032
1356,1360,has knocked the ball on and you dont see him do this very often,normal_play,0.4032
1358,1362,and you dont see him do this very often,normal_play,0.4032
1360,1364,often tom ramos just got,normal_play,0.4032
1362,1366,tom ramos just got his footwork caught up a little bit,normal_play,0.4032
1364,1368,got his footwork caught up a little bit there when he was going,normal_play,0.4032
1366,1370,bit there when he was going back into position it wasnt the best,normal_play,0.4032
1368,1372,going back into position it wasnt the best kick from telao but it was effective in,normal_play,0.0
1370,1374,best kick from telao but it was effective in the end,normal_play,0.0
1372,1376,in the end i just think the back row of france is,normal_play,0.0
1374,1378,i just think the back row of france is starting to impose himself a little,normal_play,0.0
1376,1380,is starting to impose himself a little bit gregory aldrito already two very,normal_play,0.0
1378,1382,little bit gregory aldrito already two very good runs,normal_play,0.0
1380,1384,very good runs you get the guy compliment,normal_play,0.0
1382,1386,you get the guy compliment next time he drops the ball,normal_play,0.0
1384,1388,next time he drops the ball ramos has had so much catching to,normal_play,0.0
1386,1390,ramos has had so much catching to do high balls awkward ones that one,normal_play,0.0
1388,1392,to do high balls awkward ones that one just got away from it this is,normal_play,0.0
1390,1394,just got away from it this is a guilt edged attacking,normal_play,0.0
1392,1396,is a guilt edged attacking opportunity for new zealand,normal_play,0.0
1394,1398,attacking opportunity for new zealand just engaged on the head i,normal_play,0.0
1396,1400,zealand just engaged on the head i just like antonina brown in these situations,normal_play,0.0
1398,1402,i just like antonina brown in these situations its so good hes got such a great,normal_play,0.0
1400,1404,situations its so good hes got such a great decision making mind whether they,normal_play,0.0
1402,1406,great decision making mind whether they use him to hit up and then reform,normal_play,0.0
1404,1408,they use him to hit up and then reform off that richie mwanga again straight,normal_play,0.0
1406,1410,reform off that richie mwanga again straight behind the scrum in the pocket,normal_play,0.0
1408,1412,straight behind the scrum in the pocket it will be the back door or,normal_play,0.0
1410,1414,pocket it will be the back door or the secondary play out to bodum barrett,normal_play,0.0
1412,1416,or the secondary play out to bodum barrett,normal_play,0.0
1414,1418,barrett new,normal_play,0.0
1416,1420,new zealand before that lost the,normal_play,0.0
1418,1422,new zealand before that lost the spring box in their world cup warm up,normal_play,0.0
1420,1424,the spring box in their world cup warm up they won 11 tests on a beaten run,normal_play,0.0
1422,1426,they won 11 tests on a beaten run,normal_play,0.0
1424,1428,run something of a renaissance,scrum,0.3074
1426,1430,something of a renaissance for new zealand after a difficult,scrum,0.3074
1428,1432,renaissance for new zealand after a difficult 2022,scrum,0.1921
1430,1434,difficult 2022,scrum,0.1921
1432,1436,smith to,scrum,0.1921
1434,1438,smith to leonard brown cuts out,scrum,0.1921
1436,1440,to leonard brown cuts out ioanni heres bodum barrett now,scrum,0.2465
1438,1442,out ioanni heres bodum barrett now good,scrum,0.2465
1440,1444,now good tackle from francois cross good quick,normal_play,0.0
1442,1446,good tackle from francois cross good quick hands to mwanga from salvia,normal_play,0.0
1444,1448,quick hands to mwanga from salvia,normal_play,0.0
1446,1450,salvia new,normal_play,0.0
1448,1452,new zealand 10 metres out looking,normal_play,0.0
1450,1454,new zealand 10 metres out looking for their second try,normal_play,0.0
1452,1456,looking for their second try,normal_play,0.4032
1454,1458,popalii,normal_play,0.4032
1456,1460,popalii scott barrett now,normal_play,0.4032
1458,1462,scott barrett now thunders through the first tackle,normal_play,0.4032
1460,1464,now thunders through the first tackle good momentum for new zealand,normal_play,0.0
1462,1466,good momentum for new zealand,normal_play,0.0
1464,1468,thats laulala with the ball,normal_play,0.0
1466,1470,thats laulala with the ball,normal_play,0.0
1470,1474,arti salvia,normal_play,0.0
1472,1476,arti salvia the new zealand captain,normal_play,0.0
1474,1478,the new zealand captain,normal_play,0.0
1478,1482,ethan de groot now,normal_play,0.4032
1480,1484,ethan de groot now big defence required,normal_play,0.4032
1482,1486,now big defence required here from france,normal_play,0.4032
1484,1488,required here from france the big all black,normal_play,0.4032
1486,1490,the big all black heavies are coming just,normal_play,0.4032
1488,1492,black heavies are coming just a couple of metres out new zealand,normal_play,0.4032
1490,1494,just a couple of metres out new zealand crowd getting behind,normal_play,0.4032
1492,1496,crowd getting behind their team here at the stade de france,normal_play,0.4032
1494,1498,behind their team here at the stade de france,normal_play,0.4032
1496,1500,france tupo vahey offside france,normal_play,0.0
1498,1502,tupo vahey offside france advantage new zealand,normal_play,0.0
1500,1504,france advantage new zealand,normal_play,0.0
1502,1506,smith to scott barrett,normal_play,0.0
1504,1508,smith to scott barrett driving low barrett,normal_play,0.0
1506,1510,barrett driving low barrett hes over the line,normal_play,0.0
1508,1512,hes over the line the balls been lost forward but we,normal_play,0.0
1510,1514,the balls been lost forward but we will go back for the penalty advantage,normal_play,0.0
1512,1516,we will go back for the penalty advantage,normal_play,0.0
1514,1518,advantage salvia thinking,normal_play,0.0
1516,1520,salvia thinking about going quickly,normal_play,0.0
1518,1522,thinking about going quickly the way new zealand,normal_play,0.0
1520,1524,the way new zealand are using these intricate moves,normal_play,0.0
1522,1526,zealand are using these intricate moves off set piece especially scrum,normal_play,0.0
1524,1528,moves off set piece especially scrum its causing confusion for,normal_play,0.0
1526,1530,its causing confusion for this french team look theres a lot of hands,normal_play,0.0
1528,1532,for this french team look theres a lot of hands on hips from those players,normal_play,0.0
1530,1534,hands on hips from those players the french four pack tap and go here we go,normal_play,0.0
1532,1536,the french four pack tap and go here we go just got,normal_play,0.0
1534,1538,go just got to go a little further in field here onto the mark,normal_play,0.0
1536,1540,got to go a little further in field here onto the mark so cody taylor has it,normal_play,0.0
1538,1542,mark so cody taylor has it and arti salvia points,normal_play,0.0
1540,1544,it and arti salvia points to the posts,normal_play,0.0
1542,1546,points to the posts and they will,normal_play,0.0
1544,1548,and they will look to,normal_play,0.0
1546,1550,will look to take the lead with the penalty,normal_play,0.0
1548,1552,to take the lead with the penalty thats the one i can see,normal_play,0.0
1550,1554,thats the one i can see its just the speed of play at,normal_play,0.0
1552,1556,see its just the speed of play at the moment its really stressing the defence,normal_play,0.0
1554,1558,at the moment its really stressing the defence of france were really starting to struggle,normal_play,0.0
1556,1560,defence of france were really starting to struggle new zealand get quick theres still a,normal_play,0.0
1558,1562,struggle new zealand get quick theres still a lot of hands on hips from them behind,normal_play,0.0
1560,1564,a lot of hands on hips from them behind the try line if i,normal_play,0.0
1562,1566,behind the try line if i develop further ill thank you,normal_play,0.0
1564,1568,i develop further ill thank you thank you,normal_play,0.0
1566,1570,you thank you yeah water break after this im very impressed,normal_play,0.0
1568,1572,yeah water break after this im very impressed by jaco piper so,normal_play,0.0
1570,1574,impressed by jaco piper so far in this game hes been very clear in,normal_play,0.0
1572,1576,so far in this game hes been very clear in his communication with,normal_play,0.0
1574,1578,in his communication with both sides i think,normal_play,0.0
1576,1580,with both sides i think they need a water break after this last,normal_play,0.0
1578,1582,think they need a water break after this last action here rupert,normal_play,0.0
1580,1584,last action here rupert,normal_play,0.0
1584,1588,its still very very warm here,goal_kick,0.8688
1586,1590,its still very very warm here in paris this evening,goal_kick,0.8688
1588,1592,here in paris this evening theres the shot,goal_kick,0.8688
1590,1594,evening theres the shot clock well inside,goal_kick,0.8688
1592,1596,shot clock well inside that richie mawanga adds,goal_kick,0.8688
1594,1598,inside that richie mawanga adds three points for new,goal_kick,0.8688
1596,1600,adds three points for new zealand and they will,goal_kick,0.8688
1598,1602,new zealand and they will take a break for water thank you,goal_kick,0.8688
1600,1604,will take a break for water thank you on this stifling night in paris,goal_kick,0.8688
1602,1606,you on this stifling night in paris with a two point lead,goal_kick,0.8688
1604,1608,paris with a two point lead in the world cup opener can we,normal_play,0.0
1606,1610,lead in the world cup opener can we go more as well please,normal_play,0.0
1608,1612,we go more as well please,normal_play,0.0
1612,1616,well 25 minutes in carlton,normal_play,0.0
1614,1618,well 25 minutes in carlton hanna weve,normal_play,0.0
1616,1620,carlton hanna weve seen a lot of kicking,normal_play,0.0
1618,1622,weve seen a lot of kicking but theres this heat here in,normal_play,0.0
1620,1624,but theres this heat here in paris tonight starting to take its toll,normal_play,0.0
1622,1626,in paris tonight starting to take its toll on a few of those players i think thats what,normal_play,0.0
1624,1628,toll on a few of those players i think thats what new zealand are hoping,normal_play,0.0
1626,1630,what new zealand are hoping will turn to their game,normal_play,0.0
1628,1632,hoping will turn to their game plan keeping the ball in play,normal_play,0.0
1630,1634,game plan keeping the ball in play playing quick shifting it to the edges,normal_play,0.0
1632,1636,playing quick shifting it to the edges moving the ball quick taps,normal_play,0.0
1634,1638,moving the ball quick taps and thats what i had to say at,normal_play,0.0
1636,1640,and thats what i had to say at the moment rupert its working its a french,normal_play,0.0
1638,1642,at the moment rupert its working its a french forward back in particular really,normal_play,0.0
1640,1644,french forward back in particular really struggling in this heat,normal_play,0.0
1642,1646,really struggling in this heat not the most mobile back going along,normal_play,0.0
1644,1648,not the most mobile back going along but the new zealand starter got their,normal_play,0.0
1646,1650,but the new zealand starter got their try and the response from frantz lets,normal_play,0.0
1648,1652,their try and the response from frantz lets go sideline with lou rantzen,normal_play,0.0
1650,1654,lets go sideline with lou rantzen thanks rupert its 101 isnt it,normal_play,0.0
1652,1656,thanks rupert its 101 isnt it when youre coming to play at a big stadium with a big,normal_play,0.0
1654,1658,it when youre coming to play at a big stadium with a big home crowd you score first and you,normal_play,0.0
1656,1660,big home crowd you score first and you try and take them out of the game and thats,normal_play,0.0
1658,1662,you try and take them out of the game and thats what they did for maybe a few moments,normal_play,0.0
1660,1664,thats what they did for maybe a few moments early on the all blacks but this french,normal_play,0.0
1662,1666,moments early on the all blacks but this french crowd down here are just,normal_play,0.0
1664,1668,french crowd down here are just riding every single,normal_play,0.0
1666,1670,just riding every single play almost willing them through every,normal_play,0.0
1668,1672,single play almost willing them through every scrum and one resulted,normal_play,0.0
1670,1674,every scrum and one resulted in a penalty of course so that helped them,normal_play,0.0
1672,1676,resulted in a penalty of course so that helped them along and the conditions you guys,normal_play,0.0
1674,1678,them along and the conditions you guys have mentioned it a little bit it is hot,normal_play,0.0
1676,1680,guys have mentioned it a little bit it is hot it just dropped below,normal_play,0.0
1678,1682,hot it just dropped below 30 degrees but the humidity seems,normal_play,0.0
1680,1684,below 30 degrees but the humidity seems to just increase later,normal_play,0.0
1682,1686,seems to just increase later on at night here weve experienced it,normal_play,0.0
1684,1688,later on at night here weve experienced it here all week staying in the,normal_play,0.0
1686,1690,it here all week staying in the french capital and just a quick word on sam kane as,normal_play,0.0
1688,1692,the french capital and just a quick word on sam kane as well i spoke to the all blacks team manager early,normal_play,0.0
1690,1694,as well i spoke to the all blacks team manager early on tonight and he said,normal_play,0.0
1692,1696,early on tonight and he said before kick off he said kane is,normal_play,0.0
1694,1698,said before kick off he said kane is out of tonights match due to suffering a back,normal_play,0.0
1696,1700,is out of tonights match due to suffering a back spasm at training yesterday and that,normal_play,0.0
1698,1702,back spasm at training yesterday and that his omission is proportionate,normal_play,0.0
1700,1704,that his omission is proportionate,normal_play,0.0
1702,1706,proportionate thanks lou yeah,normal_play,0.0
1704,1708,thanks lou yeah we heard that the absence of brodie,normal_play,0.0
1706,1710,yeah we heard that the absence of brodie ritalik he was fit but,normal_play,0.0
1708,1712,brodie ritalik he was fit but wasnt picturism in the 23 as,normal_play,0.0
1710,1714,but wasnt picturism in the 23 as well he is on the bench tonight,normal_play,0.0
1712,1716,as well he is on the bench tonight plenty of tackle for,normal_play,0.0
1714,1718,plenty of tackle for france so far double,normal_play,0.0
1716,1720,for france so far double new zealand and they missed a few,normal_play,0.0
1718,1722,double new zealand and they missed a few as well 17 thats the concern,normal_play,0.0
1720,1724,few as well 17 thats the concern rupert 17 missed tackle from the home side,normal_play,0.0
1722,1726,concern rupert 17 missed tackle from the home side they want to rectify this in this next 20 minutes,normal_play,0.0
1724,1728,side they want to rectify this in this next 20 minutes,normal_play,0.0
1726,1730,minutes were back underway,normal_play,0.0
1728,1732,were back underway after refreshments sam whitelock,kick_off,0.3402
1730,1734,after refreshments sam whitelock climbs high again for new zealand,kick_off,0.3402
1732,1736,whitelock climbs high again for new zealand or the number 8,kick_off,0.3402
1734,1738,or the number 8 aldrich was a mile in front of that kick,kick_off,0.3402
1736,1740,aldrich was a mile in front of that kick so this is why were going to have the option,normal_play,0.0
1738,1742,kick so this is why were going to have the option from jaco piper,normal_play,0.0
1740,1744,option from jaco piper yeah he was,normal_play,0.0
1742,1746,yeah he was number 8 is too far,normal_play,0.0
1744,1748,number 8 is too far in front and he puts pressure scrum here,normal_play,0.0
1746,1750,far in front and he puts pressure scrum here right back on half way,normal_play,0.0
1748,1752,here right back on half way yeah thats a give back from,normal_play,0.0
1750,1754,yeah thats a give back from france not the way you want,normal_play,0.0
1752,1756,from france not the way you want to start after a break now new zealand,normal_play,0.0
1754,1758,want to start after a break now new zealand have a midfield scrap,normal_play,0.0
1756,1760,zealand have a midfield scrap jaco piper is forced into this,normal_play,0.0
1758,1762,jaco piper is forced into this call because he had an influence on,normal_play,0.0
1760,1764,this call because he had an influence on the chase of grigori audra,normal_play,0.0
1762,1766,on the chase of grigori audra away from the shoulder audra,normal_play,0.0
1764,1768,away from the shoulder audra okay top carries in,normal_play,0.0
1766,1770,okay top carries in the six nations,normal_play,0.0
1768,1772,in the six nations theres the captain france,normal_play,0.0
1770,1774,theres the captain france in a world cup warm up game against,normal_play,0.0
1772,1776,france in a world cup warm up game against fiji if you,normal_play,0.0
1774,1778,against fiji if you come forward theyre going to keep moving,normal_play,0.0
1776,1780,you come forward theyre going to keep moving come to my mark please align,normal_play,0.0
1778,1782,moving come to my mark please align the middle there we go,normal_play,0.0
1780,1784,align the middle there we go,normal_play,0.0
1782,1786,ill bring,normal_play,0.0
1784,1788,ill bring him in,normal_play,0.0
1786,1790,bring him in come forward please they had,normal_play,0.0
1788,1792,come forward please they had one hiccup at line out time the french,normal_play,0.0
1790,1794,had one hiccup at line out time the french got in front and,normal_play,0.0
1792,1796,french got in front and stole that ball away from them but in particular the scrum,normal_play,0.0
1794,1798,and stole that ball away from them but in particular the scrum as you spoke about the wallabies,normal_play,0.0
1796,1800,scrum as you spoke about the wallabies tested france two weeks ago,normal_play,0.0
1798,1802,wallabies tested france two weeks ago and new zealand would have known coming,normal_play,0.0
1800,1804,and new zealand would have known coming into this game this would be an area that,normal_play,0.0
1802,1806,coming into this game this would be an area that they want to really target jason,normal_play,0.0
1804,1808,that they want to really target jason ryan the coach for the all blacks has been,normal_play,0.0
1806,1810,jason ryan the coach for the all blacks has been brought in uses this as one of their,normal_play,0.0
1808,1812,been brought in uses this as one of their cornerstones coach,scrum,0.1754
1810,1814,their cornerstones coach,scrum,0.1754
1812,1816,coach fine,scrum,0.1221
1814,1818,fine,scrum,0.1221
1816,1820,set,scrum,0.1221
1818,1822,set goal,scrum,0.1221
1820,1824,goal,scrum,0.1754
1822,1826,goal solid scrum from the all blacks,scrum,0.1754
1824,1828,solid scrum from the all blacks front row is down penalty,scrum,0.1755
1826,1830,blacks front row is down penalty france its,scrum,0.1755
1828,1832,penalty france its ethan de groot,scrum,0.1755
1830,1834,its ethan de groot hes been penalty once more,scrum,0.1755
1832,1836,hes been penalty once more,penalty,0.6128
1834,1838,winning that battle at the moment,penalty,0.6128
1836,1840,winning that battle at the moment two penalty,normal_play,0.0
1838,1842,moment two penalty in succession,normal_play,0.0
1840,1844,penalty in succession hes not happy,normal_play,0.0
1842,1846,succession hes not happy with it there ethan de groot,normal_play,0.0
1844,1848,happy with it there ethan de groot and hes going to get out the one wood is,normal_play,0.0
1846,1850,and hes going to get out the one wood is thomas romas here we,normal_play,0.0
1848,1852,is thomas romas here we go on this side initially,normal_play,0.0
1850,1854,we go on this side initially the hit is good,normal_play,0.0
1852,1856,initially the hit is good and there he goes down,normal_play,0.0
1854,1858,and there he goes down thats,normal_play,0.0
1856,1860,thats a nalwaka replacement hooker,normal_play,0.0
1858,1862,thats a nalwaka replacement hooker for france,normal_play,0.0
1860,1864,hooker for france rene artone born in new zealand,normal_play,0.0
1862,1866,rene artone born in new zealand attended wesley college in south auckland,normal_play,0.0
1864,1868,zealand attended wesley college in south auckland as he played rugby with nepo lalala,normal_play,0.0
1866,1870,auckland as he played rugby with nepo lalala,normal_play,0.0
1868,1872,lalala at school,normal_play,0.0
1870,1874,at school wesley college the most famous product out of there,normal_play,0.0
1872,1876,wesley college the most famous product out of there would be one jonah long,normal_play,0.0
1874,1878,there would be one jonah long theres been a few,normal_play,0.0
1876,1880,theres been a few wonderful,normal_play,0.0
1878,1882,few wonderful rugby nursery,normal_play,0.0
1880,1884,wonderful rugby nursery thomas,normal_play,0.0
1882,1886,thomas ramos,normal_play,0.0
1884,1888,thomas ramos whats to lose has,normal_play,0.0
1886,1890,whats to lose has a chance from precisely,normal_play,0.0
1888,1892,has a chance from precisely 50 meters out here,goal_kick,0.8688
1890,1894,precisely 50 meters out here,goal_kick,0.8688
1892,1896,here hes hit it very well,goal_kick,0.8688
1894,1898,hes hit it very well indeed,goal_kick,0.8688
1896,1900,well indeed perfect off the,goal_kick,0.8688
1898,1902,perfect off the tee so far tonight from ramos,goal_kick,0.8688
1900,1904,the tee so far tonight from ramos and france,goal_kick,0.8688
1902,1906,and france take the lead,goal_kick,0.8688
1904,1908,france take the lead once more,normal_play,0.0
1906,1910,lead once more its such an efficient kicking style,normal_play,0.0
1908,1912,its such an efficient kicking style does ramos not a short follow through but,normal_play,0.0
1910,1914,style does ramos not a short follow through but man that is effective and powerful by,normal_play,0.0
1912,1916,but man that is effective and powerful by number 15 jonah,normal_play,0.0
1914,1918,by number 15 jonah ramos,normal_play,0.0
1916,1920,jonah ramos,normal_play,0.0
1918,1922,so 9 8s,normal_play,0.0
1920,1924,so 9 8s france lead new zealand,kick_off,0.3438
1922,1926,8s france lead new zealand approaching 30 minutes,kick_off,0.3438
1924,1928,approaching 30 minutes its aldridge,kick_off,0.3438
1926,1930,its aldridge so hot tonight usually wears the,kick_off,0.3438
1928,1932,so hot tonight usually wears the head gear the scrum cap,normal_play,0.0
1930,1934,the head gear the scrum cap taking it off this,normal_play,0.0
1932,1936,taking it off this evening okay thats one no more the collapse,normal_play,0.2006
1934,1938,this evening okay thats one no more the collapse,normal_play,0.2006
1936,1940,collapse dupont gets,normal_play,0.2006
1938,1942,dupont gets such good distance from his,normal_play,0.2006
1940,1944,gets such good distance from his kicks off the base of the scrum,normal_play,0.4032
1942,1946,his kicks off the base of the scrum new zealand go quickly again to bowdoin barrett,normal_play,0.4032
1944,1948,new zealand go quickly again to bowdoin barrett he kicks it high and hell chase,normal_play,0.4032
1946,1950,he kicks it high and hell chase it himself ramos coming back,normal_play,0.4032
1948,1952,chase it himself ramos coming back for france but barrett does brilliantly,normal_play,0.4032
1950,1954,back for france but barrett does brilliantly for the all blacks,normal_play,0.4032
1952,1956,brilliantly for the all blacks chips ahead by artie sarva behind,normal_play,0.0
1954,1958,blacks chips ahead by artie sarva behind gavin villier,normal_play,0.0
1956,1960,behind gavin villier villier hes got rico ioanni,normal_play,0.4032
1958,1962,villier hes got rico ioanni in front of him ioanni does well,normal_play,0.4032
1960,1964,ioanni in front of him ioanni does well world rugby,normal_play,0.4032
1962,1966,world rugby 7s players against,normal_play,0.4032
1964,1968,rugby 7s players against each other there scott,normal_play,0.0
1966,1970,against each other there scott barrett thinks about the long pass holds onto,normal_play,0.0
1968,1972,scott barrett thinks about the long pass holds onto it the big second rower,normal_play,0.4032
1970,1974,onto it the big second rower anton leonard,normal_play,0.4032
1972,1976,anton leonard brown now,normal_play,0.4032
1974,1978,leonard brown now cut out borta mawanga gets on,normal_play,0.4032
1976,1980,cut out borta mawanga gets on the outside of waukee ritchie mawanga his,normal_play,0.0
1978,1982,on the outside of waukee ritchie mawanga his marks a lier,normal_play,0.0
1980,1984,his marks a lier good attacking,normal_play,0.0
1982,1986,good attacking opportunity again for new zealand,normal_play,0.0
1984,1988,attacking opportunity again for new zealand de groot,normal_play,0.4032
1986,1990,zealand de groot charges in the defence,normal_play,0.4032
1988,1992,groot charges in the defence and loses possession,normal_play,0.4032
1990,1994,defence and loses possession,normal_play,0.4032
1992,1996,possession delavanage theres,normal_play,0.4032
1994,1998,delavanage theres tami and pena we havent seen much of him so,normal_play,0.4032
1996,2000,theres tami and pena we havent seen much of him so far he kicks the ball in the head and antoine,normal_play,0.4032
1998,2002,so far he kicks the ball in the head and antoine dupont is on the chase for france,normal_play,0.4032
2000,2004,antoine dupont is on the chase for france and bowdoin barrett just,normal_play,0.0
2002,2006,france and bowdoin barrett just wins the race for,normal_play,0.0
2004,2008,just wins the race for new zealand,normal_play,0.0
2006,2010,for new zealand,normal_play,0.0
2010,2014,no this i was about to say,normal_play,0.0
2012,2016,no this i was about to say before penalty is going to be given here,normal_play,0.0
2014,2018,say before penalty is going to be given here bit of afters when their ball went over,normal_play,0.0
2016,2020,bit of afters when their ball went over but jeez dupont is quick isnt he,normal_play,0.0
2018,2022,over but jeez dupont is quick isnt he leading from the front again,normal_play,0.0
2020,2024,he leading from the front again what hes done with that little bit,normal_play,0.0
2022,2026,again what hes done with that little bit of kick chase has,normal_play,0.0
2024,2028,bit of kick chase has given his team a throw in,normal_play,0.0
2026,2030,has given his team a throw in in prime position,normal_play,0.0
2028,2032,in in prime position,normal_play,0.0
2036,2040,malvaca,normal_play,0.0
2038,2042,malvaca just hands up here theyre calling francois,normal_play,0.0
2040,2044,malvaca just hands up here theyre calling francois crosshead,normal_play,0.0
2042,2046,francois crosshead you can adjust you can,normal_play,0.0
2044,2048,you can adjust you can adjust its fine youre,normal_play,0.0
2046,2050,can adjust its fine youre allowed to adjust the line up before the balls come in,normal_play,0.0
2048,2052,youre allowed to adjust the line up before the balls come in and now onto a full line out now,normal_play,0.0
2050,2054,in and now onto a full line out now aldridge joining,normal_play,0.0
2052,2056,now aldridge joining as well properly hes just,normal_play,0.0
2054,2058,joining as well properly hes just getting used to the extra numbers here from france,normal_play,0.0
2056,2060,just getting used to the extra numbers here from france okay,normal_play,0.0
2058,2062,france okay times back on,normal_play,0.0
2060,2064,times back on,normal_play,0.0
2064,2068,wachey,lineout,0.2355
2066,2070,wachey wins it at the front,lineout,0.2355
2068,2072,wachey wins it at the front and heres the line,lineout,0.2355
2070,2074,and heres the line out drive,lineout,0.2355
2072,2076,line out drive malvaca has it under,lineout,0.2835
2074,2078,malvaca has it under control just breaks up slightly,lineout,0.2835
2076,2080,under control just breaks up slightly but itll keep on going into the,maul,0.5412
2078,2082,slightly but itll keep on going into the new zealand 22,maul,0.5412
2080,2084,the new zealand 22,maul,0.5412
2082,2086,new zealand trying to put them over the sideline here,maul,0.5412
2084,2088,new zealand trying to put them over the sideline here but dupont comes away with it,normal_play,0.0
2086,2090,here but dupont comes away with it to moefana,normal_play,0.0
2088,2092,it to moefana whos playing in the inside,normal_play,0.0
2090,2094,whos playing in the inside centre position for france tonight jonathan,normal_play,0.0
2092,2096,inside centre position for france tonight jonathan donte unavailable,normal_play,0.0
2094,2098,jonathan donte unavailable no get over the top,normal_play,0.0
2096,2100,unavailable no get over the top dupont works,normal_play,0.4032
2098,2102,dupont works the short side to moefana,normal_play,0.4032
2100,2104,works the short side to moefana to fekou now,normal_play,0.4032
2102,2106,moefana to fekou now,normal_play,0.4032
2104,2108,now gail fekou real star,normal_play,0.0
2106,2110,gail fekou real star 80 test matches,normal_play,0.0
2108,2112,star 80 test matches all time for him leave it long,normal_play,0.4032
2110,2114,matches all time for him leave it long and this french team,normal_play,0.4032
2112,2116,and this french team,normal_play,0.4032
2116,2120,i think there was a turnover there,penalty,0.6128
2118,2122,i think there was a turnover there from one of the all blacks and it was deemed holding,penalty,0.6128
2120,2124,there from one of the all blacks and it was deemed holding on sikermanen which is,penalty,0.6128
2122,2126,holding on sikermanen which is sam whitelock they wont,penalty,0.6128
2124,2128,is sam whitelock they wont,normal_play,0.0
2126,2130,wont,normal_play,0.0
2128,2132,sam,normal_play,0.0
2130,2134,sam whitelock there you heard the instruction,normal_play,0.0
2132,2136,sam whitelock there you heard the instruction from the referee,normal_play,0.0
2134,2138,instruction from the referee leave it alone,normal_play,0.0
2136,2140,referee leave it alone the most famous all blacks the most vastly experienced,normal_play,0.0
2138,2142,the most famous all blacks the most vastly experienced player the most caps all black lock,normal_play,0.0
2140,2144,experienced player the most caps all black lock of all time,normal_play,0.0
2142,2146,lock of all time,normal_play,0.0
2148,2152,here it is here,normal_play,0.0
2150,2154,here it is here the,normal_play,0.0
2152,2156,the hands on the ball,normal_play,0.0
2154,2158,the hands on the ball from a new zealand player,normal_play,0.0
2156,2160,ball from a new zealand player mark tillyard,normal_play,0.0
2158,2162,player mark tillyard so that turnover is fine,normal_play,0.0
2160,2164,tillyard so that turnover is fine and the ball is up there,normal_play,0.0
2162,2166,and the ball is up there told to leave it alone,normal_play,0.0
2164,2168,there told to leave it alone,normal_play,0.0
2166,2170,its bouncing,normal_play,0.0
2168,2172,its bouncing now,normal_play,0.0
2170,2174,bouncing now scented opportunity here to add some,normal_play,0.0
2172,2176,scented opportunity here to add some points off the boot of,normal_play,0.0
2174,2178,some points off the boot of ramos kicking has been exceptional,normal_play,0.0
2176,2180,of ramos kicking has been exceptional so far,normal_play,0.0
2178,2182,exceptional so far,normal_play,0.0
2180,2184,perhaps trying to encourage them to,normal_play,0.0
2182,2186,perhaps trying to encourage them to kick to the corner there,normal_play,0.0
2184,2188,to kick to the corner there,normal_play,0.0
2186,2190,normally,normal_play,0.0
2188,2192,normally so far hes been guaranteed points,normal_play,0.0
2190,2194,normally so far hes been guaranteed points,normal_play,0.0
2192,2196,points ramos though this is the only decision,goal_kick,0.8688
2194,2198,ramos though this is the only decision in this moment,goal_kick,0.8688
2196,2200,decision in this moment shot,goal_kick,0.8688
2198,2202,shot clock there just five,goal_kick,0.8688
2200,2204,shot clock there just five seconds left on it needs to get a wriggle on,goal_kick,0.8688
2202,2206,five seconds left on it needs to get a wriggle on,goal_kick,0.8688
2204,2208,on ramos,goal_kick,0.8688
2206,2210,ramos perhaps hurried by,goal_kick,0.8688
2208,2212,perhaps hurried by the shot clock there has missed his,goal_kick,0.8688
2210,2214,by the shot clock there has missed his first kick of the evening,goal_kick,0.8688
2212,2216,his first kick of the evening i agree with you totally agree with you he,goal_kick,0.8688
2214,2218,i agree with you totally agree with you he knew he was close to the,goal_kick,0.8688
2216,2220,he knew he was close to the zeros so he just rushed,goal_kick,0.8688
2218,2222,the zeros so he just rushed his approach just a little bit,goal_kick,0.8688
2220,2224,rushed his approach just a little bit still not out of trouble here though new,goal_kick,0.8688
2222,2226,bit still not out of trouble here though new zealand,goal_kick,0.8688
2224,2228,new zealand yeah shot clock a new innovation,normal_play,0.0
2226,2230,yeah shot clock a new innovation,normal_play,0.0
2228,2232,innovation,normal_play,0.0
2232,2236,tess rugby,kick_off,0.3925
2234,2238,tess rugby penalty count five three against,kick_off,0.3925
2236,2240,penalty count five three against the all blacks,kick_off,0.3925
2238,2242,against the all blacks i want to look after that discipline area they did have,kick_off,0.3925
2240,2244,blacks i want to look after that discipline area they did have problems of course against south africa,normal_play,0.0
2242,2246,have problems of course against south africa and that record tess defeat at twickenham,normal_play,0.0
2244,2248,and that record tess defeat at twickenham a couple of weeks ago,normal_play,0.4032
2246,2250,twickenham a couple of weeks ago that was just a warm up though this is the,normal_play,0.4032
2248,2252,that was just a warm up though this is the real thing,normal_play,0.4032
2250,2254,the real thing slightly hurried by,normal_play,0.4032
2252,2256,slightly hurried by gregory aldridge mwanga,normal_play,0.0
2254,2258,by gregory aldridge mwanga finds touch great effort play,normal_play,0.0
2256,2260,mwanga finds touch great effort play though from the number eight hes the only one in france,normal_play,0.0
2258,2262,play though from the number eight hes the only one in france he was the only one chasing hard and hes,normal_play,0.0
2260,2264,he was the only one chasing hard and hes got the rewarders wasnt the best clearance,normal_play,0.0
2262,2266,hes got the rewarders wasnt the best clearance from richie mwanga and now,normal_play,0.0
2264,2268,clearance from richie mwanga and now its their throw out again in great position before on,normal_play,0.0
2266,2270,now its their throw out again in great position before on the other side of the field they went to,normal_play,0.0
2268,2272,on the other side of the field they went to the driving moor what do they do here,normal_play,0.0
2270,2274,to the driving moor what do they do here,normal_play,0.0
2272,2276,theyve got a one point advantage,normal_play,0.0
2274,2278,theyve got a one point advantage but its new zealands turned it,normal_play,0.0
2276,2280,advantage but its new zealands turned it steal the line out,lineout,0.4726
2278,2282,it steal the line out sam whitelock perhaps making,lineout,0.4726
2280,2284,sam whitelock perhaps making up for the penalty that went against,lineout,0.4726
2282,2286,making up for the penalty that went against him a few moments ago its,lineout,0.4726
2284,2288,against him a few moments ago its villier hit hard,normal_play,0.0
2286,2290,its villier hit hard by dalton popali,normal_play,0.0
2288,2292,hard by dalton popali,normal_play,0.0
2290,2294,fuku,normal_play,0.0
2292,2296,fuku would scrum half to olyvon,normal_play,0.4032
2294,2298,fuku would scrum half to olyvon charles,normal_play,0.4032
2296,2300,olyvon charles olyvon captain france 14 times,normal_play,0.4032
2298,2302,charles olyvon captain france 14 times another important leader,normal_play,0.4032
2300,2304,times another important leader of this team approaching,normal_play,0.0
2302,2306,leader of this team approaching the final five minutes of this first half,normal_play,0.0
2304,2308,approaching the final five minutes of this first half its been cagey,normal_play,0.4032
2306,2310,half its been cagey its been tense new zealand,normal_play,0.4032
2308,2312,its been tense new zealand with the opening try,normal_play,0.4032
2310,2314,zealand with the opening try france with,normal_play,0.4032
2312,2316,france with the three penalty its bode and barrett,normal_play,0.4032
2314,2318,with the three penalty its bode and barrett up to the halfway line,normal_play,0.4032
2316,2320,up to the halfway line heres his brother scott,normal_play,0.4032
2318,2322,heres his brother scott,normal_play,0.4032
2320,2324,scott excellent ball carrying,normal_play,0.0
2322,2326,excellent ball carrying from big scott barrett getting good,normal_play,0.0
2324,2328,carrying from big scott barrett getting good yards for new zealand there carried on,normal_play,0.0
2326,2330,good yards for new zealand there carried on by laulala brother casey,normal_play,0.0
2328,2332,on by laulala brother casey lived for a long time in paris played,normal_play,0.0
2330,2334,casey lived for a long time in paris played for racing 92,normal_play,0.0
2332,2336,played for racing 92 heres richie mwanga through the hands to,normal_play,0.2437
2334,2338,heres richie mwanga through the hands to ioanni,normal_play,0.2437
2336,2340,to ioanni always looking to find the space,normal_play,0.2437
2338,2342,always looking to find the space riko ioanni,normal_play,0.2437
2340,2344,space riko ioanni the pick and go from talia once more,normal_play,0.0
2342,2346,the pick and go from talia once more france have stolen,normal_play,0.0
2344,2348,france have stolen it away heres tami and peno he doesnt,normal_play,0.0
2346,2350,stolen it away heres tami and peno he doesnt want to kick these,normal_play,0.0
2348,2352,doesnt want to kick these mazy runs he goes on gives it to his,normal_play,0.4032
2350,2354,these mazy runs he goes on gives it to his fullback ramos,normal_play,0.4032
2352,2356,his fullback ramos,normal_play,0.4032
2354,2358,long kick over,normal_play,0.4032
2356,2360,long kick over the head of bode and barrett,normal_play,0.4032
2358,2362,over the head of bode and barrett,normal_play,0.4032
2360,2364,inside,normal_play,0.4032
2362,2366,inside and a lovely spiral touch,normal_play,0.4032
2364,2368,and a lovely spiral touch finder from the new zealand fullback,normal_play,0.3852
2366,2370,touch finder from the new zealand fullback and their turn over came from the number eight,normal_play,0.3852
2368,2372,fullback and their turn over came from the number eight again effort player gregory audre,normal_play,0.3852
2370,2374,eight again effort player gregory audre he took his medicine,normal_play,0.3852
2372,2376,he took his medicine when he had to do it but jeez,normal_play,0.0
2374,2378,medicine when he had to do it but jeez talia takes,normal_play,0.0
2376,2380,jeez talia takes it off the base the number eight comes in look at him goes,normal_play,0.0
2378,2382,takes it off the base the number eight comes in look at him goes down over the ball,normal_play,0.0
2380,2384,goes down over the ball gets a shot from papa lehi,normal_play,0.0
2382,2386,gets a shot from papa lehi turns the ball over brilliant technique,normal_play,0.0
2384,2388,turns the ball over brilliant technique,normal_play,0.0
2386,2390,technique six tackle already in,normal_play,0.0
2388,2392,six tackle already in the match for that man forty two carry meters,normal_play,0.0
2390,2394,in the match for that man forty two carry meters he is a workhorse,normal_play,0.0
2392,2396,meters he is a workhorse of this french team,normal_play,0.0
2394,2398,workhorse of this french team let him come,normal_play,0.0
2396,2400,let him come yeah i get it well i,normal_play,0.0
2398,2402,yeah i get it well i think hes been the guy thats really kept this,normal_play,0.0
2400,2404,i think hes been the guy thats really kept this french team in this first 40 couple,normal_play,0.0
2402,2406,this french team in this first 40 couple of carries when theyre under pressure,normal_play,0.0
2404,2408,couple of carries when theyre under pressure just to get the go forward,normal_play,0.0
2406,2410,just to get the go forward couple of effort plays to put pressure,normal_play,0.0
2408,2412,couple of effort plays to put pressure on the kicks from new zealand been,normal_play,0.0
2410,2414,pressure on the kicks from new zealand been effective now hes got a turnover as well,normal_play,0.0
2412,2416,been effective now hes got a turnover as well still only 26 years of age,normal_play,0.0
2414,2418,still only 26 years of age his forty third test cap,normal_play,0.0
2416,2420,age his forty third test cap,normal_play,0.0
2418,2422,cap for france that arent so crucial for,normal_play,0.0
2420,2424,for france that arent so crucial for them malbacher,normal_play,0.0
2422,2426,for them malbacher whos impressed since coming off,normal_play,0.0
2424,2428,malbacher whos impressed since coming off the bench the previous line up didnt work out though,lineout,0.3683
2426,2430,off the bench the previous line up didnt work out though this time uncontested,lineout,0.3683
2428,2432,though this time uncontested waukee brings it down,lineout,0.3683
2430,2434,uncontested waukee brings it down,lineout,0.3683
2432,2436,down dupont,maul,0.3686
2434,2438,dupont just runs off the base a few yards,maul,0.3686
2436,2440,dupont just runs off the base a few yards then kicks,maul,0.3686
2438,2442,yards then kicks gets good distance as well,maul,0.3686
2440,2444,gets good distance as well,normal_play,0.0
2442,2446,well and again that spiral,normal_play,0.0
2444,2448,and again that spiral touch finder from bowdoin barrett ramos,normal_play,0.0
2446,2450,spiral touch finder from bowdoin barrett ramos has read this one he throws,normal_play,0.0
2448,2452,ramos has read this one he throws it into himself nicely done remember,normal_play,0.0
2450,2454,throws it into himself nicely done remember to lose full back,normal_play,0.0
2452,2456,remember to lose full back on a top 14,normal_play,0.0
2454,2458,on a top 14 title earlier in the year,normal_play,0.0
2456,2460,14 title earlier in the year wood saluze on this very ground,normal_play,0.4032
2458,2462,year wood saluze on this very ground its been a very different change and take,normal_play,0.4032
2460,2464,its been a very different change and take this a second twenty minutes,normal_play,0.4032
2462,2466,take this a second twenty minutes of this first half new zealand werent trying to,normal_play,0.4032
2464,2468,minutes of this first half new zealand werent trying to kick it out initially they were trying to,normal_play,0.4032
2466,2470,to kick it out initially they were trying to play quick go to the edge with,normal_play,0.4032
2468,2472,to play quick go to the edge with ball in hand now theyre happy enough to go to the set,normal_play,0.4032
2470,2474,with ball in hand now theyre happy enough to go to the set piece to slow it down a little bit five,normal_play,0.4032
2472,2476,set piece to slow it down a little bit five,normal_play,0.0
2474,2478,five go go,normal_play,0.0
2476,2480,go go,normal_play,0.0
2478,2482,antoine,normal_play,0.0
2480,2484,antoine dupont,normal_play,0.0
2482,2486,antoine dupont its all back swapping no,normal_play,0.0
2484,2488,its all back swapping no problem,lineout,0.4726
2486,2490,no problem flamont at the front,lineout,0.4726
2488,2492,flamont at the front aldridge,lineout,0.4726
2490,2494,front aldridge well read that by ethan de,lineout,0.4726
2492,2496,aldridge well read that by ethan de groot good energy from,lineout,0.2634
2494,2498,de groot good energy from the new zealand loose head,lineout,0.2634
2496,2500,from the new zealand loose head had a few difficulties at scum time so,normal_play,0.0
2498,2502,had a few difficulties at scum time so far this evening,normal_play,0.0
2500,2504,so far this evening dupont kicks again,normal_play,0.0
2502,2506,dupont kicks again,normal_play,0.0
2504,2508,again villier chasing,normal_play,0.0
2506,2510,villier chasing but wont get there in time barrett has,normal_play,0.0
2508,2512,chasing but wont get there in time barrett has a good tackle on him from francois,normal_play,0.0
2510,2514,has a good tackle on him from francois cross chopped the new zealand full back,normal_play,0.0
2512,2516,francois cross chopped the new zealand full back to the floor heres talia again,normal_play,0.4032
2514,2518,back to the floor heres talia again just goes looking for work so,normal_play,0.4032
2516,2520,again just goes looking for work so often coming in off his left wing,normal_play,0.4032
2518,2522,so often coming in off his left wing,normal_play,0.4032
2520,2524,wing savoia to mawanga bit of space here,normal_play,0.4032
2522,2526,savoia to mawanga bit of space here now for mawanga and new zealand beautiful,normal_play,0.4032
2524,2528,here now for mawanga and new zealand beautiful ball over the top to will jordan,normal_play,0.4032
2526,2530,beautiful ball over the top to will jordan its dalton popaliki,normal_play,0.4032
2528,2532,jordan its dalton popaliki in fact into,normal_play,0.4032
2530,2534,popaliki in fact into the french 22,normal_play,0.4032
2532,2536,into the french 22,normal_play,0.4032
2534,2538,savoia again,normal_play,0.4032
2536,2540,savoia again,normal_play,0.4032
2538,2542,whitelock,normal_play,0.4032
2540,2544,whitelock,normal_play,0.4032
2542,2546,new,normal_play,0.4032
2544,2548,new zealand would dearly love to score points before,normal_play,0.0
2546,2550,new zealand would dearly love to score points before half time trailing france by a point here,normal_play,0.0
2548,2552,before half time trailing france by a point here,normal_play,0.4032
2550,2554,here they work the blindside leonard brown,normal_play,0.4032
2552,2556,they work the blindside leonard brown theres bowden barrett again,normal_play,0.4032
2554,2558,theres bowden barrett again at pace,normal_play,0.4032
2556,2560,again at pace theres will jordan,normal_play,0.0
2558,2562,theres will jordan,normal_play,0.0
2560,2564,laulala in his 50th test,normal_play,0.4032
2562,2566,laulala in his 50th test match they,normal_play,0.4032
2564,2568,test match they work the blindside again cody taylor,normal_play,0.4032
2566,2570,they work the blindside again cody taylor down,normal_play,0.4032
2568,2572,taylor down aaron smith,normal_play,0.4032
2570,2574,aaron smith to,normal_play,0.4032
2572,2576,smith to aris,normal_play,0.4032
2574,2578,aris savoia again they work the,normal_play,0.4032
2576,2580,aris savoia again they work the short side quick hands from,normal_play,0.0
2578,2582,the short side quick hands from cody taylor,normal_play,0.0
2580,2584,from cody taylor perhaps just losing a little,normal_play,0.0
2582,2586,perhaps just losing a little patience there again just,normal_play,0.0
2584,2588,little patience there again just a shake of the head,normal_play,0.0
2586,2590,just a shake of the head look at that a lot of hands on hips again from,normal_play,0.0
2588,2592,look at that a lot of hands on hips again from this french outfit for the,normal_play,0.0
2590,2594,from this french outfit for the all blacks,normal_play,0.0
2592,2596,the all blacks through their skill execution,normal_play,0.0
2594,2598,through their skill execution its just not there that last pass didnt hit,normal_play,0.0
2596,2600,its just not there that last pass didnt hit the mark just releasing,normal_play,0.0
2598,2602,hit the mark just releasing the valve a little bit clear gap clear gap,normal_play,0.0
2600,2604,releasing the valve a little bit clear gap clear gap give me numbers,normal_play,0.0
2602,2606,gap give me numbers,normal_play,0.0
2604,2608,three three plus,normal_play,0.0
2606,2610,three three plus three,normal_play,0.0
2608,2612,three plus one,lineout,0.3394
2610,2614,three plus one,lineout,0.3394
2612,2616,well executed,lineout,0.3394
2614,2618,well executed no,lineout,0.3394
2616,2620,executed no stay there,normal_play,0.0
2618,2622,no stay there,normal_play,0.0
2620,2624,and use the knife,normal_play,0.0
2622,2626,and use the knife,normal_play,0.0
2628,2632,rock,normal_play,0.0912
2630,2634,rock no hand,normal_play,0.0912
2632,2636,rock no hand,normal_play,0.0
2634,2638,so were at the 40 minute mark,normal_play,0.0
2636,2640,so were at the 40 minute mark this is the,normal_play,0.0
2638,2642,this is the final play and with a,normal_play,0.0
2640,2644,the final play and with a one point lead tomas ramos,normal_play,0.0
2642,2646,a one point lead tomas ramos whos kicked all of,normal_play,0.0
2644,2648,ramos whos kicked all of frances points so far,normal_play,0.0
2646,2650,of frances points so far puts it over the end line and,normal_play,0.0
2648,2652,puts it over the end line and will take us the half time mark taylor open,normal_play,0.0
2650,2654,and will take us the half time mark taylor open the scoring in,normal_play,0.0
2652,2656,open the scoring in just the second minute of,normal_play,0.0
2654,2658,in just the second minute of the match but its,normal_play,0.0
2656,2660,of the match but its the penalty of ramos,normal_play,0.0
2658,2662,its the penalty of ramos that has france in the lead they lead new,normal_play,0.0
2660,2664,ramos that has france in the lead they lead new zealand nine points away,normal_play,0.0
2662,2666,new zealand nine points away and itll be mathieu jalabert,normal_play,0.0
2664,2668,away and itll be mathieu jalabert an enormous responsibility,normal_play,0.0
2666,2670,jalabert an enormous responsibility on his shoulders,normal_play,0.0
2668,2672,responsibility on his shoulders that fly half for,kick_off,0.2204
2670,2674,that fly half for france in this world cup as it goes,kick_off,0.2204
2672,2676,for france in this world cup as it goes forward off new zealand hands,kick_off,0.2204
2674,2678,goes forward off new zealand hands and france have it early in the,kick_off,0.2204
2676,2680,and france have it early in the second half heres cameron wocky,normal_play,0.0
2678,2682,the second half heres cameron wocky dynamic second row,normal_play,0.0
2680,2684,dynamic second row,normal_play,0.0
2682,2686,row and its a one point lead,normal_play,0.0
2684,2688,and its a one point lead breda wadi from larichelle,normal_play,0.0
2686,2690,breda wadi from larichelle gets away from one tackle and another,normal_play,0.0
2688,2692,larichelle gets away from one tackle and another the bearded loosehead finally,normal_play,0.0
2690,2694,another the bearded loosehead finally put on the ground,normal_play,0.0
2692,2696,finally put on the ground,normal_play,0.0
2694,2698,charles olyvain now,normal_play,0.0
2696,2700,charles olyvain now popoliki,normal_play,0.4032
2698,2702,now popoliki looks to the steel doesnt get it,normal_play,0.4032
2700,2704,popoliki looks to the steel doesnt get it now the back from antonio,normal_play,0.4032
2702,2706,it now the back from antonio loose pass,normal_play,0.4032
2704,2708,loose pass from jalabert in front of fikou,normal_play,0.4032
2706,2710,pass from jalabert in front of fikou and dami and peno though,normal_play,0.4032
2708,2712,fikou and dami and peno though run cross field,normal_play,0.4032
2710,2714,run cross field he does this a lot and quite often he finds,normal_play,0.4032
2712,2716,he does this a lot and quite often he finds a way through good tackle there from,normal_play,0.4032
2714,2718,finds a way through good tackle there from popoliki but still alive for france,normal_play,0.4032
2716,2720,from popoliki but still alive for france,normal_play,0.4032
2718,2722,france proud rising to the occasion once,normal_play,0.4032
2720,2724,proud rising to the occasion once more and look at,normal_play,0.0
2722,2726,once more and look at aldrich go inside ball brilliant,normal_play,0.0
2724,2728,at aldrich go inside ball brilliant from the number eight,normal_play,0.0
2726,2730,brilliant from the number eight tomo ramos now at scrum,normal_play,0.0
2728,2732,eight tomo ramos now at scrum half twinkling feet from,normal_play,0.0
2730,2734,scrum half twinkling feet from the toulouse fullback,normal_play,0.0
2732,2736,from the toulouse fullback and varnier excited,normal_play,0.0
2734,2738,fullback and varnier excited alele bla rings,normal_play,0.0
2736,2740,alele bla rings around stade de france,normal_play,0.4032
2738,2742,rings around stade de france but its,normal_play,0.4032
2740,2744,but its a penalty to new zealand,normal_play,0.4032
2742,2746,its a penalty to new zealand yeah from the side i think it was on,normal_play,0.4032
2744,2748,yeah from the side i think it was on the opposite side of the,penalty,0.6128
2746,2750,on the opposite side of the field this is a call from the assistant referee,penalty,0.6128
2748,2752,the field this is a call from the assistant referee,penalty,0.6128
2750,2754,referee dalton popoliki was the recipient,penalty,0.6128
2752,2756,dalton popoliki was the recipient of that shot you can,normal_play,0.0
2754,2758,recipient of that shot you can see there his right shoulder is,normal_play,0.0
2756,2760,can see there his right shoulder is just down a little bit,normal_play,0.0
2758,2762,is just down a little bit but,normal_play,0.0
2760,2764,but aldrich again causing,normal_play,0.0
2762,2766,but aldrich again causing problems for new zealand,normal_play,0.0
2764,2768,causing problems for new zealand aldrich and it was the chase from villier,normal_play,0.0
2766,2770,aldrich and it was the chase from villier,normal_play,0.0
2768,2772,i think it was number 16 in fact the replacement,normal_play,0.0
2770,2774,i think it was number 16 in fact the replacement hoka mowaka,normal_play,0.0
2772,2776,replacement hoka mowaka it was the one,normal_play,0.0
2774,2778,it was the one singled out,normal_play,0.0
2776,2780,one singled out what a start to the second half,normal_play,0.0
2778,2782,what a start to the second half by the home team coming with,normal_play,0.0
2780,2784,half by the home team coming with some venom,normal_play,0.0
2782,2786,with some venom lifting energy wasnt it it was,normal_play,0.0
2784,2788,lifting energy wasnt it it was francois cross who was penalty,lineout,0.4726
2786,2790,was francois cross who was penalty chip over the top for will jordan,lineout,0.4726
2788,2792,chip over the top for will jordan brilliant skill from,lineout,0.4726
2790,2794,brilliant skill from jordan another support runner doesnt,lineout,0.4726
2792,2796,from jordan another support runner doesnt find one good tackle from villier,normal_play,0.0
2794,2798,doesnt find one good tackle from villier they look for the steal now,normal_play,0.0
2796,2800,villier they look for the steal now double clutch from mowaka over,normal_play,0.0
2798,2802,double clutch from mowaka over the top to thalia new,normal_play,0.0
2800,2804,over the top to thalia new zealand looking for another try,try,1.0
2802,2806,new zealand looking for another try thalia has a double,try,1.0
2804,2808,thalia has a double,try,1.0
2806,2810,double almost conceding,try,1.0
2808,2812,almost conceding at their own end,try,1.0
2810,2814,conceding at their own end they score first again,try,1.0
2812,2816,they score first again,try,1.0
2814,2818,i think it was rico,try,1.0
2816,2820,i think it was rico iwani with the pass,normal_play,0.0
2818,2822,rico iwani with the pass and new zealand,normal_play,0.0
2820,2824,pass and new zealand from defense turned,normal_play,0.0
2822,2826,zealand from defense turned it into a take line out was good,normal_play,0.0
2824,2828,turned it into a take line out was good chipping behind from arisavir,normal_play,0.0
2826,2830,chipping behind from arisavir to will jordan jordan,normal_play,0.0
2828,2832,arisavir to will jordan jordan was looking for support made the right call,normal_play,0.0
2830,2834,jordan was looking for support made the right call support players there quickly,normal_play,0.0
2832,2836,call support players there quickly scott barrett with the,normal_play,0.0
2834,2838,scott barrett with the clearance and then the double pump,normal_play,0.0
2836,2840,the clearance and then the double pump from rico iwani out,normal_play,0.0
2838,2842,from rico iwani out to the try score and thalia will,normal_play,0.0
2840,2844,out to the try score and thalia will get two,normal_play,0.0
2842,2846,will get two,normal_play,0.0
2844,2848,a lot of people wonder what it likes to,normal_play,0.0
2846,2850,a lot of people wonder what it likes to caleb clarke and lester,normal_play,0.0
2848,2852,to caleb clarke and lester banga,normal_play,0.0
2850,2854,lester banga anuku cant,normal_play,0.0
2852,2856,banga anuku cant make this all black scene thats why,normal_play,0.0
2854,2858,cant make this all black scene thats why,normal_play,0.0
2856,2860,why thalia scores try,normal_play,0.0
2858,2862,thalia scores try,normal_play,0.0
2860,2864,try,normal_play,0.0
2862,2866,just to,normal_play,0.0
2864,2868,just to reiterate the tmo has looked at their,goal_kick,0.8688
2866,2870,to reiterate the tmo has looked at their pass has given it the all clear,goal_kick,0.8688
2868,2872,their pass has given it the all clear so try stands,goal_kick,0.8688
2870,2874,so try stands,goal_kick,0.8688
2872,2876,13 9,goal_kick,0.8688
2874,2878,13 9,goal_kick,0.8688
2876,2880,moana looking to,goal_kick,0.8688
2878,2882,moana looking to add an extra couple of points,goal_kick,0.8688
2880,2884,to add an extra couple of points,goal_kick,0.5536
2882,2886,difficult kick,goal_kick,0.5536
2884,2888,difficult kick,goal_kick,0.5536
2886,2890,the whistles,goal_kick,0.5536
2888,2892,the whistles from moana,goal_kick,0.5536
2890,2894,whistles from moana and they do the job as that one,goal_kick,0.5536
2892,2896,and they do the job as that one slides by as well deep,kick_off,0.5159
2894,2898,one slides by as well deep breath from the great one richie mccourt,kick_off,0.5159
2896,2900,deep breath from the great one richie mccourt the double,kick_off,0.5159
2898,2902,mccourt the double heres a double pump heres the flat,kick_off,0.5159
2900,2904,heres a double pump heres the flat line the crowd just in the replay,normal_play,0.0
2902,2906,flat line the crowd just in the replay they do not like it but it was aok,normal_play,0.0
2904,2908,they do not like it but it was aok,normal_play,0.0
2906,2910,aok the crowd just in the replay the crowd just in the replay,normal_play,0.0
2908,2912,the crowd just in the replay the crowd just in the replay,normal_play,0.0
2910,2914,replay the crowd,normal_play,0.0
2912,2916,the crowd just in the replay back underway,normal_play,0.0
2914,2918,crowd just in the replay back underway 13 9 new zealand in front,normal_play,0.0
2916,2920,13 9 new zealand in front look,kick_off,0.5159
2918,2922,look finding their way over the try,kick_off,0.5159
2920,2924,finding their way over the try line very early on,kick_off,0.5159
2922,2926,try line very early on in each half,kick_off,0.5159
2924,2928,on in each half use it no of course use it,normal_play,0.0
2926,2930,use it no of course use it taking back,normal_play,0.0
2928,2932,taking back and aaron smith,normal_play,0.4032
2930,2934,back and aaron smith almost the first time tonight,normal_play,0.4032
2932,2936,smith almost the first time tonight kicks off the base for new zealand,normal_play,0.4032
2934,2938,kicks off the base for new zealand,normal_play,0.4032
2936,2940,will jordans onto,normal_play,0.4032
2938,2942,will jordans onto him ramos not for the first time either goes,normal_play,0.4032
2940,2944,onto him ramos not for the first time either goes in place from half hes ray the wadzee,normal_play,0.4032
2942,2946,goes in place from half hes ray the wadzee he had a,normal_play,0.4032
2944,2948,wadzee he had a lively start to the second half,normal_play,0.4032
2946,2950,a lively start to the second half jalabea,normal_play,0.4032
2948,2952,jalabea he decides to chip through play on play,normal_play,0.4032
2950,2954,jalabea he decides to chip through play on play on nothing going,normal_play,0.4032
2952,2956,play on nothing going,normal_play,0.4032
2954,2958,going ramos,normal_play,0.4032
2956,2960,ramos sees some space over on the far side but,normal_play,0.4032
2958,2962,ramos sees some space over on the far side but perhaps didnt see will jordan,normal_play,0.4032
2960,2964,but perhaps didnt see will jordan,normal_play,0.4032
2962,2966,jordan,normal_play,0.4032
2966,2970,why play such a defender,normal_play,0.4032
2968,2972,why play such a defender nothing wrong by,normal_play,0.4032
2970,2974,defender nothing wrong by,normal_play,0.4032
2972,2976,by defence,normal_play,0.4032
2974,2978,by defence barrett thinks about the,normal_play,0.4032
2976,2980,barrett thinks about the quick line out to tilly but holds,normal_play,0.0
2978,2982,the quick line out to tilly but holds on,normal_play,0.0
2980,2984,holds on now that is how you exit jalabea,normal_play,0.0
2982,2986,now that is how you exit jalabea that is an absolutely,normal_play,0.0
2984,2988,jalabea that is an absolutely massive kick look thats a,normal_play,0.0
2986,2990,absolutely massive kick look thats a metre away from new zealand 22 im,normal_play,0.0
2988,2992,a metre away from new zealand 22 im sure theyll pressurise this throw,normal_play,0.0
2990,2994,im sure theyll pressurise this throw here the french team,normal_play,0.0
2992,2996,throw here the french team,normal_play,0.0
2994,2998,caps fine,normal_play,0.0
2996,3000,caps fine 22 metre line to 22 metre line,normal_play,0.0
2998,3002,22 metre line to 22 metre line there from,normal_play,0.0
3000,3004,line there from jalabea,normal_play,0.0
3002,3006,jalabea,normal_play,0.0
3004,3008,jalabea savia,lineout,0.4726
3006,3010,savia tupolvati,lineout,0.4726
3008,3012,savia tupolvati loses the ball in contact,lineout,0.4726
3010,3014,tupolvati loses the ball in contact france have it again,lineout,0.4726
3012,3016,contact france have it again no,normal_play,0.0
3014,3018,again no big responsibility for,normal_play,0.0
3016,3020,big responsibility for tupolvati tonight and for,normal_play,0.0
3018,3022,for tupolvati tonight and for tupolvati look at the big second where we,normal_play,0.0
3020,3024,for tupolvati look at the big second where we go gets the ball away,normal_play,0.0
3022,3026,we go gets the ball away tupolvati has it tilly looks,normal_play,0.0
3024,3028,tupolvati has it tilly looks for the intercept advantage is,normal_play,0.0
3026,3030,looks for the intercept advantage is coming,normal_play,0.0
3028,3032,is coming geez they,normal_play,0.0
3030,3034,geez they were lucky there,normal_play,0.0
3032,3036,they were lucky there the all blacks that was a great,normal_play,0.0
3034,3038,the all blacks that was a great set but tupolvati,normal_play,0.0
3036,3040,great set but tupolvati with the drop ball tilly,normal_play,0.0
3038,3042,tupolvati with the drop ball tilly goes for the intercept,normal_play,0.0
3040,3044,tilly goes for the intercept so thats okay it was a genuine attempt,normal_play,0.0
3042,3046,so thats okay it was a genuine attempt,normal_play,0.0
3044,3048,heres the drop ball,normal_play,0.0
3046,3050,heres the drop ball he just had a little look over the defensive line,normal_play,0.0
3048,3052,ball he just had a little look over the defensive line didnt he before securing the ball the head numbers,normal_play,0.0
3050,3054,line didnt he before securing the ball the head numbers look at that break good decision,normal_play,0.0
3052,3056,numbers look at that break good decision here i thought he could have kept it try to give that,normal_play,0.0
3054,3058,decision here i thought he could have kept it try to give that 50 50 ball,normal_play,0.0
3056,3060,that 50 50 ball but i like the way flamont,normal_play,0.0
3058,3062,but i like the way flamont just changed his angle in line to get,normal_play,0.0
3060,3064,flamont just changed his angle in line to get yards theyve called it a,normal_play,0.0
3062,3066,get yards theyve called it a genuine attempt at an intercept there from,normal_play,0.0
3064,3068,a genuine attempt at an intercept there from mark tilly so its,normal_play,0.0
3066,3070,from mark tilly so its just a knock on the referee said before the,normal_play,0.0
3068,3072,its just a knock on the referee said before the contest theyre going to,normal_play,0.0
3070,3074,the contest theyre going to allow players,normal_play,0.0
3072,3076,to allow players to try and intercept the ball if they,normal_play,0.0
3074,3078,players to try and intercept the ball if they make a concerted effort it wont be a penalty,normal_play,0.0
3076,3080,they make a concerted effort it wont be a penalty mark tilly knocked that,normal_play,0.0
3078,3082,penalty mark tilly knocked that ball on or just hit,normal_play,0.0
3080,3084,that ball on or just hit it so there was no attempt,normal_play,0.0
3082,3086,hit it so there was no attempt that would have been a very different story,normal_play,0.0
3084,3088,that would have been a very different story but still,normal_play,0.0
3086,3090,story but still a very good attacking position here,normal_play,0.0
3088,3092,a very good attacking position here this french team,normal_play,0.0
3090,3094,this french team there they are looking for that first,normal_play,0.0
3092,3096,there they are looking for that first,normal_play,0.0
3094,3098,on to the match,normal_play,0.0
3096,3100,on to the match on to the half,normal_play,0.0
3098,3102,match on to the half look at that first,normal_play,0.0
3100,3104,look at that first try of the match front rows are down,scrum,0.2065
3102,3106,first try of the match front rows are down thats a messy old scrum there by the reset,scrum,0.2065
3104,3108,thats a messy old scrum there by the reset thats twice it looks like theyre pulling,scrum,0.2065
3106,3110,thats twice it looks like theyre pulling out antonio,scrum,0.2065
3108,3112,pulling out antonio the number three the hit is good,normal_play,0.0
3110,3114,the number three the hit is good and then they just fold and go back,normal_play,0.0
3112,3116,good and then they just fold and go back so its putting the front,normal_play,0.0
3114,3118,so its putting the front row of new zealand,normal_play,0.0
3116,3120,front row of new zealand look you can see theyre just having a talk,normal_play,0.0
3118,3122,look you can see theyre just having a talk now hes shifting himself,normal_play,0.0
3120,3124,talk now hes shifting himself because ethan de groot cant,normal_play,0.0
3122,3126,because ethan de groot cant stay there one way he can go and,normal_play,0.0
3124,3128,cant stay there one way he can go and thats down a bit of trickery from,normal_play,0.0
3126,3130,and thats down a bit of trickery from antonio but i think hes been warned right now,normal_play,0.0
3128,3132,from antonio but i think hes been warned right now,normal_play,0.0
3130,3134,now,normal_play,0.0
3134,3138,i wouldnt mind seeing mufana,normal_play,0.0
3136,3140,i wouldnt mind seeing mufana in this situation we havent caught his number too,normal_play,0.0
3138,3142,mufana in this situation we havent caught his number too much but in jersey number 12,normal_play,0.0
3140,3144,too much but in jersey number 12 he is very good,normal_play,0.0
3142,3146,12 he is very good shot on the sideline there,normal_play,0.0
3144,3148,shot on the sideline there its half of the note,normal_play,0.0
3146,3150,its half of the note and now preparing to come on for france,normal_play,0.0
3148,3152,and now preparing to come on for france the watch,normal_play,0.0
3150,3154,the watch has hit on this angle this would be a good shot of it,normal_play,0.0
3152,3156,watch has hit on this angle this would be a good shot of it the initial hit is good,scrum,0.4877
3154,3158,it the initial hit is good,scrum,0.4877
3156,3160,good two penalty already against ethan de groot,scrum,0.1743
3158,3162,two penalty already against ethan de groot and its a free kick to france,scrum,0.1743
3160,3164,groot and its a free kick to france keep your balance,scrum,0.1743
3162,3166,france keep your balance that was a balance,scrum,0.1743
3164,3168,that was a balance thing rather than,scrum,0.4877
3166,3170,balance thing rather than what they were talking about technically,scrum,0.4877
3168,3172,than what they were talking about technically hold your balance,normal_play,0.0
3170,3174,technically hold your balance,normal_play,0.0
3172,3176,balance,normal_play,0.0
3174,3178,nadi sabir is just going to talk about that fact,normal_play,0.0
3176,3180,nadi sabir is just going to talk about that fact too the french are trying to shift the,normal_play,0.0
3178,3182,fact too the french are trying to shift the point,normal_play,0.0
3180,3184,the point its just been unstable right from the jump,normal_play,0.0
3182,3186,its just been unstable right from the jump,normal_play,0.0
3184,3188,jump and they will make,normal_play,0.0
3186,3190,and they will make a change it will be cameron wocky to the,normal_play,0.0
3188,3192,make a change it will be cameron wocky to the sideline for,normal_play,0.0
3190,3194,the sideline for romain tarras and then its half of the note,normal_play,0.0
3192,3196,for romain tarras and then its half of the note hes just 45th,normal_play,0.0
3194,3198,note hes just 45th test cap for france hes missed a,normal_play,0.0
3196,3200,45th test cap for france hes missed a few games in the warm up good effort from wocky,normal_play,0.0
3198,3202,a few games in the warm up good effort from wocky with the opening 48 odd,normal_play,0.0
3200,3204,wocky with the opening 48 odd minutes of this match very good,normal_play,0.0
3202,3206,odd minutes of this match very good wocky has done everything hes been asked to do by,normal_play,0.0
3204,3208,good wocky has done everything hes been asked to do by his coach,normal_play,0.0
3206,3210,by his coach very good at his core responsibilities,normal_play,0.0
3208,3212,very good at his core responsibilities there with paul villamse pulling out of this,normal_play,0.0
3210,3214,there with paul villamse pulling out of this tournament with a hamstring issue,normal_play,0.0
3212,3216,this tournament with a hamstring issue big responsibility for wocky,normal_play,0.0
3214,3218,issue big responsibility for wocky dunwell,normal_play,0.0
3216,3220,wocky dunwell locked,normal_play,0.0
3218,3222,locked so more weight in,normal_play,0.0
3220,3224,locked so more weight in this strut now,normal_play,0.0
3222,3226,in this strut now with big tarr for pernod in there on the,normal_play,0.0
3224,3228,with big tarr for pernod in there on the tight side of this french front eight,normal_play,0.0
3226,3230,the tight side of this french front eight the home crowd starting to,normal_play,0.0
3228,3232,eight the home crowd starting to bounce getting them behind their side,normal_play,0.0
3230,3234,to bounce getting them behind their side,normal_play,0.0
3232,3236,side,scrum,0.3349
3236,3240,dupont feeds it theyre going to go blindside,scrum,0.1678
3238,3242,dupont feeds it theyre going to go blindside not for the first time smiths,scrum,0.1678
3240,3244,blindside not for the first time smiths onto dupont,scrum,0.1678
3242,3246,smiths onto dupont pernod sets up the breakdown,scrum,0.1678
3244,3248,pernod sets up the breakdown heres aldridge again,scrum,0.3349
3246,3250,heres aldridge again ball out,scrum,0.3349
3248,3252,ball out cross reacts well,normal_play,0.4032
3250,3254,cross reacts well but new zealand have it,normal_play,0.4032
3252,3256,but new zealand have it or do they,normal_play,0.4032
3254,3258,or do they get the ball get the,normal_play,0.4032
3256,3260,get the ball get the ball get the ball,normal_play,0.4032
3258,3262,the ball get the ball,normal_play,0.4032
3260,3264,ball yeah comes out of that breakdown,normal_play,0.4032
3262,3266,yeah comes out of that breakdown smith reacts and gives it to,normal_play,0.4032
3264,3268,breakdown smith reacts and gives it to richie moran a little dummy sees,normal_play,0.4032
3266,3270,to richie moran a little dummy sees a half gap door closes,normal_play,0.4032
3268,3272,sees a half gap door closes,normal_play,0.4032
3270,3274,closes,normal_play,0.4032
3274,3278,guilani again,normal_play,0.4032
3276,3280,guilani again after that for,normal_play,0.4032
3278,3282,after that for mark telaillat a little while ago,normal_play,0.4032
3280,3284,for mark telaillat a little while ago referee just gets in,normal_play,0.3848
3282,3286,ago referee just gets in the way of that ball almost,normal_play,0.3848
3284,3288,in the way of that ball almost comes loose here theyre going to have to set a scrum,normal_play,0.3848
3286,3290,almost comes loose here theyre going to have to set a scrum here,normal_play,0.3848
3288,3292,scrum here the french new zealand team yeah the french team,normal_play,0.0
3290,3294,the french new zealand team yeah the french team are really pressurising at the breakdown,normal_play,0.0
3292,3296,team are really pressurising at the breakdown for getting up quickly,normal_play,0.0
3294,3298,for getting up quickly they are legally behind the highmost,normal_play,0.0
3296,3300,they are legally behind the highmost foot,normal_play,0.0
3298,3302,highmost foot,normal_play,0.0
3300,3304,look his head,normal_play,0.0
3302,3306,look his head heres the cling,normal_play,0.0
3304,3308,heres the cling thats something i think theyve,normal_play,0.0
3306,3310,thats something i think theyve really been very good at the home team tonight,normal_play,0.0
3308,3312,theyve really been very good at the home team tonight getting line speed,normal_play,0.0
3310,3314,getting line speed especially at that breakdown,normal_play,0.0
3312,3316,speed especially at that breakdown,normal_play,0.0
3318,3322,basically leon,normal_play,0.0
3320,3324,basically leon romain,normal_play,0.0
3322,3326,romain formerly toulon and perpignan,normal_play,0.0
3324,3328,formerly toulon and perpignan,normal_play,0.0
3326,3330,perpignan,normal_play,0.0
3328,3332,karim ghazal there,normal_play,0.0
3330,3334,karim ghazal there breakdown coach for france,normal_play,0.0
3332,3336,breakdown coach for france new zealand have given,normal_play,0.0
3334,3338,france new zealand have given away two penalty,normal_play,0.0
3336,3340,given away two penalty at the scrum in the first half they can ill afford,normal_play,0.0
3338,3342,at the scrum in the first half they can ill afford to give away points,normal_play,0.0
3340,3344,afford to give away points here,normal_play,0.0
3342,3346,points here scrum coach william sir he,normal_play,0.0
3344,3348,scrum coach william sir he patrols the sideline,scrum,0.4877
3346,3350,he patrols the sideline clarks to get up close and personal,scrum,0.4877
3348,3352,clarks to get up close and personal boin,scrum,0.4877
3350,3354,boin defensive scrum here for,scrum,0.4877
3352,3356,defensive scrum here for new zealand,scrum,0.4877
3354,3358,for new zealand,scrum,0.4877
3358,3362,stable,scrum,0.1314
3360,3364,stable enough,scrum,0.1314
3362,3366,stable enough logan barrett that one slices,scrum,0.1314
3364,3368,logan barrett that one slices off the side of,scrum,0.164
3366,3370,slices off the side of,scrum,0.164
3368,3372,of,normal_play,0.0
3370,3374,of the boots,normal_play,0.0
3372,3376,of the boots its like one of the french second roles is down,normal_play,0.0
3374,3378,its like one of the french second roles is down no its the antonio,normal_play,0.0
3376,3380,down no its the antonio,normal_play,0.0
3378,3382,antonio back play getting some treatment,normal_play,0.0
3380,3384,back play getting some treatment hes back on his feet,normal_play,0.0
3382,3386,treatment hes back on his feet,normal_play,0.0
3384,3388,show your numbers clearly,normal_play,0.0
3386,3390,show your numbers clearly,normal_play,0.0
3388,3392,clearly,normal_play,0.0
3392,3396,the french know they,normal_play,0.0
3394,3398,the french know they need some injection,normal_play,0.0
3396,3400,they need some injection,normal_play,0.0
3410,3414,lerga,normal_play,0.0
3412,3416,lerga blok,normal_play,0.0
3414,3418,lerga blok,normal_play,0.0
3422,3426,dupont,lineout,0.2653
3424,3428,dupont malvaca again,lineout,0.2653
3426,3430,malvaca again wipes down no,lineout,0.2653
3428,3432,again wipes down no,normal_play,0.0
3430,3434,losing their feet,normal_play,0.0
3432,3436,losing their feet temporarily but they go again for us,maul,0.4024
3434,3438,feet temporarily but they go again for us,maul,0.4024
3436,3440,us,maul,0.4024
3442,3446,dupont out the back for malvaca,maul,0.3588
3444,3448,dupont out the back for malvaca kick pass for peno,maul,0.3588
3446,3450,malvaca kick pass for peno dami n peno reels,maul,0.3588
3448,3452,peno dami n peno reels it in,normal_play,0.0
3450,3454,reels it in,normal_play,0.0
3452,3456,mwanga with the cover tackle,normal_play,0.0
3454,3458,mwanga with the cover tackle looks like hes put peno,normal_play,0.0
3456,3460,looks like hes put peno over the sideline yeah i think hes,normal_play,0.0
3458,3462,peno over the sideline yeah i think hes got him i think hes got him,normal_play,0.0
3460,3464,hes got him i think hes got him richie mwanga goes low and,normal_play,0.0
3462,3466,him richie mwanga goes low and takes the legs out of,normal_play,0.0
3464,3468,and takes the legs out of peno he,normal_play,0.0
3466,3470,peno he loses the ball forward well show you one angle to,normal_play,0.0
3468,3472,he loses the ball forward well show you one angle to confirm here you go,normal_play,0.0
3470,3474,to confirm here you go great but,normal_play,0.0
3472,3476,great but hes nobody on the kick,tmo_replay,0.85
3474,3478,but hes nobody on the kick heres your best angle yaco,tmo_replay,0.85
3476,3480,heres your best angle yaco,tmo_replay,0.85
3478,3482,yaco nothing,tmo_replay,0.85
3480,3484,nothing on the big screen for us,tmo_replay,0.85
3482,3486,nothing on the big screen for us no,tmo_replay,0.85
3484,3488,no he loses the ball forward before,tmo_replay,0.85
3486,3490,he loses the ball forward before the line weve got one more angle,tmo_replay,0.85
3488,3492,before the line weve got one more angle,tmo_replay,0.85
3490,3494,before the line so thats one,tmo_replay,0.85
3492,3496,before the line so thats one its actually a line out black ball,tmo_replay,0.85
3494,3498,one its actually a line out black ball he loses it the ball goes into touch,tmo_replay,0.85
3496,3500,he loses it the ball goes into touch,tmo_replay,0.85
3502,3506,what a tackle,tmo_replay,0.85
3504,3508,what a tackle from richie mwanga,tmo_replay,0.85
3506,3510,tackle from richie mwanga,tmo_replay,0.85
3508,3512,mwanga,tmo_replay,0.85
3512,3516,dami n peno an outstanding,tmo_replay,0.85
3514,3518,dami n peno an outstanding try scorer,tmo_replay,0.85
3516,3520,outstanding try scorer 23 in his last,tmo_replay,0.85
3518,3522,scorer 23 in his last 26 tests theyre denied by the,tmo_replay,0.85
3520,3524,last 26 tests theyre denied by the new zealand fly half,normal_play,0.0
3522,3526,the new zealand fly half replacement here for france,normal_play,0.0
3524,3528,half replacement here for france antonio mwati will,normal_play,0.0
3526,3530,antonio mwati will go to the sideline they will be,normal_play,0.0
3528,3532,will go to the sideline they will be replaced by jean baptiste croc who,normal_play,0.0
3530,3534,be replaced by jean baptiste croc who will take his spot on the loose head side of the scrim and,normal_play,0.0
3532,3536,who will take his spot on the loose head side of the scrim and dorian aldeguere,normal_play,0.0
3534,3538,and dorian aldeguere you have two changes too for the all blacks,normal_play,0.0
3536,3540,you have two changes too for the all blacks mopatunga fasi will come on the pitch and,normal_play,0.0
3538,3542,blacks mopatunga fasi will come on the pitch and they will replace ethan de groot and,normal_play,0.0
3540,3544,and they will replace ethan de groot and nipola lala as well so both coaches,normal_play,0.0
3542,3546,and nipola lala as well so both coaches i want to see the receiver,normal_play,0.0
3544,3548,coaches i want to see the receiver according to some reinforcements up front,normal_play,0.0
3546,3550,according to some reinforcements up front,normal_play,0.0
3552,3556,so cody taylor still,normal_play,0.0
3554,3558,so cody taylor still out there the all black hooker,normal_play,0.0
3556,3560,still out there the all black hooker opposed to scott barrett they,normal_play,0.0
3558,3562,hooker opposed to scott barrett they competed with france they were,normal_play,0.0
3560,3564,they competed with france they were close to stealing that one new zealand come,lineout,0.4726
3562,3566,were close to stealing that one new zealand come away with it with savia,lineout,0.4726
3564,3568,come away with it with savia,lineout,0.4726
3566,3570,leading by four,lineout,0.4726
3568,3572,leading by four but theyve been under a lot of pressure in,normal_play,0.0
3570,3574,four but theyve been under a lot of pressure in the last 10 minutes,normal_play,0.0
3572,3576,in the last 10 minutes or so most,normal_play,0.0
3574,3578,minutes or so most of the actions being down this end of the field,normal_play,0.0
3576,3580,most of the actions being down this end of the field they did get,normal_play,0.0
3578,3582,field they did get that second try to,normal_play,0.0
3580,3584,get that second try to taylor,normal_play,0.0
3582,3586,to taylor,normal_play,0.0
3584,3588,heres ramos,normal_play,0.0
3586,3590,heres ramos francois croc theres,normal_play,0.0
3588,3592,francois croc theres fletcher newell in number 18,normal_play,0.0
3590,3594,theres fletcher newell in number 18,normal_play,0.0
3592,3596,18 malvaca through,normal_play,0.4032
3594,3598,malvaca through the tackle of tupul vati,normal_play,0.4032
3596,3600,through the tackle of tupul vati nice,normal_play,0.4032
3598,3602,vati nice one handed cast from jalabea heres,normal_play,0.4032
3600,3604,nice one handed cast from jalabea heres fekou dami gail fekou,normal_play,0.4032
3602,3606,heres fekou dami gail fekou good tackle in the end from scott barrett,normal_play,0.4032
3604,3608,fekou good tackle in the end from scott barrett dami n penault picks and goes,normal_play,0.4032
3606,3610,barrett dami n penault picks and goes for france offload the ball to dupont,normal_play,0.4032
3608,3612,goes for france offload the ball to dupont ball went backwards,normal_play,0.4032
3610,3614,dupont ball went backwards,normal_play,0.4032
3612,3616,he doesnt,normal_play,0.4032
3614,3618,he doesnt have the ball its a penalty to france,normal_play,0.4032
3616,3620,doesnt have the ball its a penalty to france yeah it doesnt have the ball,penalty,0.6128
3618,3622,yeah it doesnt have the ball they say newells a push in,penalty,0.6128
3620,3624,they say newells a push in the back i think somewhere,penalty,0.6128
3622,3626,in the back i think somewhere as dupont was trying to collect that ball maybe,penalty,0.6128
3624,3628,as dupont was trying to collect that ball maybe,normal_play,0.0
3628,3632,france motion into the corner here,normal_play,0.0
3630,3634,france motion into the corner here we go well the crowd have,normal_play,0.0
3632,3636,here we go well the crowd have been demanding this all night,normal_play,0.0
3634,3638,have been demanding this all night,normal_play,0.0
3636,3640,night big,normal_play,0.0
3638,3642,big moment in this match,normal_play,0.0
3640,3644,big moment in this match,normal_play,0.0
3650,3654,france hot on attack,normal_play,0.0
3652,3656,france hot on attack but sam whitelock climbs high almost,normal_play,0.0
3654,3658,but sam whitelock climbs high almost steals it for new zealand,normal_play,0.0
3656,3660,almost steals it for new zealand moefana with a carry,lineout,0.4726
3658,3662,moefana with a carry,lineout,0.4726
3660,3664,carry flamont,lineout,0.4726
3662,3666,flamont,lineout,0.4726
3664,3668,francois cross,try,1.0
3666,3670,francois cross to pull up to change,try,1.0
3668,3672,to pull up to change direction jalabea,try,1.0
3670,3674,change direction jalabea martien jalabea,try,1.0
3672,3676,jalabea martien jalabea dami n penault,try,1.0
3674,3678,jalabea dami n penault,try,1.0
3676,3680,penault,try,1.0
3682,3686,france take,try,1.0
3684,3688,france take the lead in paris,try,1.0
3686,3690,take the lead in paris well it,try,1.0
3688,3692,well it wasnt the original way they wanted to,try,1.0
3690,3694,it wasnt the original way they wanted to get over the trial line from the,try,1.0
3692,3696,to get over the trial line from the line out,try,1.0
3694,3698,the line out new zealand competed through sam whitelock,try,1.0
3696,3700,new zealand competed through sam whitelock they go to the back door they finally,normal_play,0.0
3698,3702,whitelock they go to the back door they finally find the mismatch goes around,normal_play,0.0
3700,3704,finally find the mismatch goes around adi savir but,normal_play,0.0
3702,3706,adi savir but the timing of the pass from jalabea,normal_play,0.0
3704,3708,but the timing of the pass from jalabea theres the footwork theres the draw on play,normal_play,0.0
3706,3710,jalabea theres the footwork theres the draw on play theres the players emotions and theres that,normal_play,0.0
3708,3712,play theres the players emotions and theres that try,normal_play,0.0
3710,3714,that try denied a few moments earlier,normal_play,0.0
3712,3716,denied a few moments earlier,normal_play,0.0
3714,3718,earlier but he more,normal_play,0.0
3716,3720,but he more often than not comes away with the goods,normal_play,0.0
3718,3722,more often than not comes away with the goods from test matches this dami n,normal_play,0.0
3720,3724,goods from test matches this dami n penault thats his 24th,normal_play,0.0
3722,3726,dami n penault thats his 24th try in his last 27,normal_play,0.0
3724,3728,24th try in his last 27 test matches,normal_play,0.0
3726,3730,27 test matches,normal_play,0.0
3732,3736,its just a noted,normal_play,0.0
3734,3738,its just a noted try score thats what you want your wingers,normal_play,0.0
3736,3740,noted try score thats what you want your wingers score in try hes a big,normal_play,0.0
3738,3742,wingers score in try hes a big unit but jeez hes got great timing,normal_play,0.0
3740,3744,big unit but jeez hes got great timing,normal_play,0.0
3742,3746,timing,normal_play,0.0
3744,3748,75 for,goal_kick,0.8688
3746,3750,75 for ramos,goal_kick,0.8688
3748,3752,for ramos so far tonight,goal_kick,0.8688
3750,3754,so far tonight,goal_kick,0.8688
3752,3756,tonight,goal_kick,0.8688
3754,3758,from wide out tom ramos,goal_kick,0.8688
3756,3760,from wide out tom ramos,goal_kick,0.7139
3758,3762,ramos gets them on their feet,goal_kick,0.7139
3760,3764,gets them on their feet once again,goal_kick,0.7139
3762,3766,feet once again france 16 new,goal_kick,0.7139
3764,3768,france 16 new zealand 13,goal_kick,0.8688
3766,3770,new zealand 13,goal_kick,0.8688
3772,3776,new zealand with a,goal_kick,0.8688
3774,3778,new zealand with a couple of changes again,goal_kick,0.8688
3776,3780,a couple of changes again luke jacobson on for the all,normal_play,0.0
3778,3782,luke jacobson on for the all blacks and also somyoni,normal_play,0.0
3780,3784,all blacks and also somyoni tokiaho jersey number 16,normal_play,0.0
3782,3786,somyoni tokiaho jersey number 16,normal_play,0.0
3784,3788,16,normal_play,0.0
3786,3790,new zealand go long off,normal_play,0.0
3788,3792,new zealand go long off the restart down to that man aldrich,normal_play,0.0
3790,3794,off the restart down to that man aldrich,normal_play,0.0
3794,3798,dupont tom,kick_off,0.5159
3796,3800,dupont tom mawaja goes backwards,kick_off,0.5159
3798,3802,tom mawaja goes backwards heres barrett ramos,kick_off,0.5159
3800,3804,heres barrett ramos chips high will jordans,normal_play,0.0
3802,3806,chips high will jordans on the chase ramos again,normal_play,0.0
3804,3808,jordans on the chase ramos again,normal_play,0.0
3806,3810,again climbs high and again he falls to the,normal_play,0.0
3808,3812,climbs high and again he falls to the floor this time it is a penalty,normal_play,0.4032
3810,3814,the floor this time it is a penalty against new zealand,normal_play,0.4032
3812,3816,penalty against new zealand that wasnt a fair fight,normal_play,0.4032
3814,3818,that wasnt a fair fight a fair contest in the air says the referee,normal_play,0.4032
3816,3820,fight a fair contest in the air says the referee okay jaco im about to,penalty,0.6128
3818,3822,referee okay jaco im about to show you foul play by the new zealand player he needs to go,penalty,0.6128
3820,3824,to show you foul play by the new zealand player he needs to go through a tmo process here to check the,normal_play,0.0
3822,3826,go through a tmo process here to check the foul play,normal_play,0.0
3824,3828,the foul play okay,normal_play,0.0
3826,3830,okay this will be your best angle jaco,normal_play,0.0
3828,3832,okay this will be your best angle jaco,normal_play,0.0
3830,3834,jaco,normal_play,0.0
3832,3836,jaco,tmo_replay,0.85
3834,3838,jaco he never gets,tmo_replay,0.85
3836,3840,he never gets no he doesnt get off the ground,tmo_replay,0.85
3838,3842,gets no he doesnt get off the ground and he lands on his side,tmo_replay,0.85
3840,3844,and he lands on his side yellow card please,tmo_replay,0.8327
3842,3846,yellow card please,tmo_replay,0.8327
3844,3848,yellow card please im going to say yellow,tmo_replay,0.8327
3846,3850,yellow card please im going to say yellow card yellow card,tmo_replay,0.8327
3848,3852,yellow card yellow card bunker yellow card bunker,tmo_replay,0.5708
3850,3854,card bunker yellow card bunker yellow card please,tmo_replay,0.5708
3852,3856,yellow card please its number 14,tmo_replay,0.5708
3854,3858,its number 14,tmo_replay,0.5708
3856,3860,14 with your eyes on the ball,tmo_replay,0.85
3858,3862,with your eyes on the ball you also have to get your timing right,tmo_replay,0.85
3860,3864,ball you also have to get your timing right hes still on the floor he overruns,tmo_replay,0.85
3862,3866,hes still on the floor he overruns under him,tmo_replay,0.85
3864,3868,overruns under him its a,tmo_replay,0.85
3866,3870,its a yellow card for will jordan,tmo_replay,0.85
3868,3872,a yellow card for will jordan and you saw the signal,card_event,1.0
3870,3874,jordan and you saw the signal from the referee it will,card_event,1.0
3872,3876,signal from the referee it will also go,card_event,1.0
3874,3878,will also go to the bunker for review well,card_event,1.0
3876,3880,go to the bunker for review well i think the thing is because will jordan,normal_play,0.0
3878,3882,well i think the thing is because will jordan is still on the ground even though he had eyes for the,normal_play,0.0
3880,3884,jordan is still on the ground even though he had eyes for the ball hes taken out the players legs which,normal_play,0.0
3882,3886,the ball hes taken out the players legs which is the foul play if he goes in the air,normal_play,0.0
3884,3888,which is the foul play if he goes in the air he contests at the next fair contest,normal_play,0.0
3886,3890,air he contests at the next fair contest so its the right decision,normal_play,0.0
3888,3892,contest so its the right decision so the foul play review,normal_play,0.0
3890,3894,decision so the foul play review official will now look at that,normal_play,0.0
3892,3896,review official will now look at that they have eight minutes to look at,normal_play,0.0
3894,3898,that they have eight minutes to look at all the angles and decide whether,normal_play,0.0
3896,3900,at all the angles and decide whether it should be upgraded to a,normal_play,0.0
3898,3902,whether it should be upgraded to a red card this is the moment for,normal_play,0.0
3900,3904,a red card this is the moment for france to just come off the back of a,normal_play,0.0
3902,3906,for france to just come off the back of a try now theyve got the numerical advantage,normal_play,0.0
3904,3908,a try now theyve got the numerical advantage theyre coming in hard,normal_play,0.0
3906,3910,advantage theyre coming in hard so what do the all blacks do now the other ones under,normal_play,0.0
3908,3912,hard so what do the all blacks do now the other ones under pressure the other ones are going to have to make some tackle,normal_play,0.0
3910,3914,under pressure the other ones are going to have to make some tackle,normal_play,0.0
3912,3916,tackle,normal_play,0.0
3914,3918,so arthur vansong,normal_play,0.0
3916,3920,so arthur vansong has,normal_play,0.0
3918,3922,vansong has come on for,normal_play,0.0
3920,3924,has come on for france for yoram moefana,lineout,0.4726
3922,3926,for france for yoram moefana,lineout,0.4726
3924,3928,moefana,lineout,0.4726
3930,3934,france really feeling it,maul,0.4804
3932,3936,france really feeling it now playing,maul,0.4804
3934,3938,it now playing with a man up here,maul,0.4804
3936,3940,playing with a man up here go back bringing it,normal_play,0.0
3938,3942,here go back bringing it down illegally 17 first,normal_play,0.0
3940,3944,it down illegally 17 first player and a play on the inside penalty compounding,normal_play,0.0
3942,3946,first player and a play on the inside penalty compounding against new zealand we saw,normal_play,0.0
3944,3948,compounding against new zealand we saw this against south africa,normal_play,0.0
3946,3950,saw this against south africa a couple of weeks ago at twickenham,normal_play,0.0
3948,3952,africa a couple of weeks ago at twickenham itll be interesting the energy i think,normal_play,0.0
3950,3954,itll be interesting the energy i think you go for the points myself,normal_play,0.0
3952,3956,think you go for the points myself,normal_play,0.0
3954,3958,myself theyre feeling the vibe,normal_play,0.0
3956,3960,theyre feeling the vibe theyre backing themselves they might,normal_play,0.0
3958,3962,theyre backing themselves they might go the corner,normal_play,0.0
3960,3964,might go the corner no hes going to have a shot here the skips,normal_play,0.0
3962,3966,no hes going to have a shot here the skips pointed at the post and i think this is a,normal_play,0.0
3964,3968,skips pointed at the post and i think this is a smart move,normal_play,0.0
3966,3970,a smart move shot,normal_play,0.0
3968,3972,shot yeah they will keep the post,normal_play,0.0
3970,3974,yeah they will keep the post sam whitelock,normal_play,0.0
3972,3976,sam whitelock this fellow team,normal_play,0.0
3974,3978,whitelock this fellow team mate will no doubt look to him for,normal_play,0.0
3976,3980,team mate will no doubt look to him for leadership here,normal_play,0.0
3978,3982,for leadership here after this yes,normal_play,0.0
3980,3984,here after this yes,normal_play,0.0
3982,3986,yes,normal_play,0.0
3984,3988,the ball goes dead,normal_play,0.0
3986,3990,the ball goes dead yeah tunga fassi,normal_play,0.0
3988,3992,yeah tunga fassi was the one highlighted pulling,normal_play,0.0
3990,3994,fassi was the one highlighted pulling that down and thats clear and obvious right,normal_play,0.0
3992,3996,pulling that down and thats clear and obvious right there big kick,normal_play,0.0
3994,3998,right there big kick this one,normal_play,0.0
3996,4000,kick this one yeah hes,normal_play,0.0
3998,4002,yeah hes had some tough kicks tonight,normal_play,0.0
4000,4004,hes had some tough kicks tonight tomo ramos,goal_kick,0.8688
4002,4006,tonight tomo ramos four and five but this ones,goal_kick,0.8688
4004,4008,four and five but this ones the toughest of the,goal_kick,0.8688
4006,4010,ones the toughest of the lot so far,goal_kick,0.8688
4008,4012,the lot so far,goal_kick,0.8688
4010,4014,far,goal_kick,0.8688
4012,4016,as we approach,goal_kick,0.8688
4014,4018,as we approach through quarter time,goal_kick,0.8688
4016,4020,approach through quarter time and just slides by the right hand upright,goal_kick,0.8688
4018,4022,and just slides by the right hand upright serge blanco,goal_kick,0.8688
4020,4024,upright serge blanco drink water,goal_kick,0.8688
4022,4026,blanco drink water two minutes water,goal_kick,0.8688
4024,4028,two minutes water legend serge blanco,goal_kick,0.8688
4026,4030,legend serge blanco french and international rugby,goal_kick,0.8688
4028,4032,blanco french and international rugby its a water break okay jaco,goal_kick,0.8688
4030,4034,its a water break okay jaco just to let you know the yellow card for the new zealand player,goal_kick,0.8688
4032,4036,jaco just to let you know the yellow card for the new zealand player will remain as a yellow card option two,normal_play,0.0
4034,4038,player will remain as a yellow card option two degree of danger not high,normal_play,0.0
4036,4040,two degree of danger not high he lands on his side,normal_play,0.0
4038,4042,high he lands on his side okay,normal_play,0.0
4040,4044,okay ill remind you just in case,normal_play,0.0
4042,4046,okay ill remind you just in case,normal_play,0.0
4052,4056,so yeah as we approach,normal_play,0.0
4054,4058,so yeah as we approach the 60 minute mark players will,normal_play,0.0
4056,4060,approach the 60 minute mark players will take a water break its been so hot,normal_play,0.0
4058,4062,will take a water break its been so hot in,normal_play,0.0
4060,4064,hot in in france this,normal_play,0.0
4062,4066,in france this week paris particularly,normal_play,0.0
4064,4068,this week paris particularly,normal_play,0.0
4066,4070,particularly,normal_play,0.0
4068,4072,i think new zealand probably need this,normal_play,0.0
4070,4074,i think new zealand probably need this more than the french team do at,normal_play,0.0
4072,4076,this more than the french team do at the moment,normal_play,0.0
4074,4078,at the moment most definitely,normal_play,0.0
4076,4080,most definitely on the back of the home team,normal_play,0.0
4078,4082,on the back of the home team new zealand will just have to reset here,normal_play,0.0
4080,4084,new zealand will just have to reset here and get their lines,normal_play,0.0
4082,4086,here and get their lines,normal_play,0.0
4088,4092,could well be,normal_play,0.0
4090,4094,could well be the stars are only,normal_play,0.0
4092,4096,be the stars are only walking up around the trial,normal_play,0.0
4094,4098,only walking up around the trial heres to them,normal_play,0.0
4096,4100,heres to them could have had two in this second half,normal_play,0.0
4098,4102,them could have had two in this second half,normal_play,0.0
4100,4104,half so much of,normal_play,0.0
4102,4106,so much of the game has been down the all,normal_play,0.0
4104,4108,of the game has been down the all blacks enter the field,normal_play,0.0
4106,4110,all blacks enter the field,normal_play,0.0
4108,4112,just,normal_play,0.0
4110,4114,just waiting to hear the,normal_play,0.0
4112,4116,just waiting to hear the decision from the bunkers,normal_play,0.0
4114,4118,the decision from the bunkers whether that will jordan,normal_play,0.0
4116,4120,whether that will jordan yellow will remain a yellow or,normal_play,0.0
4118,4122,yellow will remain a yellow or will be upgraded getting,normal_play,0.0
4120,4124,or will be upgraded getting the information very,normal_play,0.0
4122,4126,getting the information very shortly captain,normal_play,0.0
4124,4128,very shortly captain,normal_play,0.0
4126,4130,on it,normal_play,0.0
4128,4132,on it,normal_play,0.0
4132,4136,just feedback,normal_play,0.0
4134,4138,just feedback from the bunker the yellow card remains,normal_play,0.0
4136,4140,feedback from the bunker the yellow card remains a yellow card the level of danger is not high,normal_play,0.0
4138,4142,remains a yellow card the level of danger is not high enough for a red card come down on the side,normal_play,0.0
4140,4144,high enough for a red card come down on the side,normal_play,0.0
4142,4146,side so there you have it will jordan will be allowed,normal_play,0.0
4144,4148,so there you have it will jordan will be allowed to come onto the field hell be very,normal_play,0.0
4146,4150,allowed to come onto the field hell be very relieved about that as will the,normal_play,0.0
4148,4152,very relieved about that as will the all blacks,normal_play,0.0
4150,4154,the all blacks,normal_play,0.0
4158,4162,a little hush around the stade de france,kick_off,0.4897
4160,4164,a little hush around the stade de france after that water break the energy,kick_off,0.4897
4162,4166,france after that water break the energy just slightly,kick_off,0.4897
4164,4168,energy just slightly sleeping out of,normal_play,0.0
4166,4170,sleeping out of the stadium,normal_play,0.0
4168,4172,of the stadium as new zealand playing with 14,normal_play,0.4032
4170,4174,as new zealand playing with 14 here will try to come,normal_play,0.4032
4172,4176,14 here will try to come away with it mark tilly,normal_play,0.4032
4174,4178,come away with it mark tilly,normal_play,0.4032
4176,4180,theyre going to keep it narrow here,normal_play,0.4032
4178,4182,theyre going to keep it narrow here in new zealand you can understand that and a,normal_play,0.4032
4180,4184,here in new zealand you can understand that and a great break from scott,normal_play,0.4032
4182,4186,a great break from scott barrett there big tackle,normal_play,0.4032
4184,4188,scott barrett there big tackle penno,normal_play,0.0
4186,4190,tackle penno luke jacobson,normal_play,0.0
4188,4192,luke jacobson a right winger on a,normal_play,0.4032
4190,4194,a right winger on a blindside flanker good quick answer,normal_play,0.4032
4192,4196,a blindside flanker good quick answer heres,normal_play,0.4032
4194,4198,heres tokiaho a right winger on a blindside flanker,normal_play,0.4032
4196,4200,heres tokiaho a right winger on a blindside flanker pick and go from adi,normal_play,0.0
4198,4202,pick and go from adi savir lay on,normal_play,0.0
4200,4204,adi savir lay on tormafasi again,normal_play,0.0
4202,4206,on tormafasi again,normal_play,0.0
4206,4210,switch of play back to the short side,normal_play,0.3499
4208,4212,switch of play back to the short side heres ioani,normal_play,0.3499
4210,4214,heres ioani rikko ioani gets away from one,normal_play,0.3499
4212,4216,rikko ioani gets away from one back,normal_play,0.3499
4214,4218,one back to the man he beat francois cross,normal_play,0.3499
4216,4220,back to the man he beat francois cross slightly fortunate at that for france,normal_play,0.4032
4218,4222,slightly fortunate at that for france and heres,normal_play,0.4032
4220,4224,france and heres ramos he can look to try and spread it,normal_play,0.4032
4222,4226,heres ramos he can look to try and spread it with the one player advantage,normal_play,0.4032
4224,4228,it with the one player advantage and heres alphacoup,normal_play,0.352
4226,4230,and heres alphacoup finds olive on,normal_play,0.352
4228,4232,alphacoup finds olive on big rangy back row,normal_play,0.352
4230,4234,big rangy back row up to the new zealand 10 metre line theres audre,normal_play,0.352
4232,4236,row up to the new zealand 10 metre line theres audre to dupont got,normal_play,0.0
4234,4238,audre to dupont got so much time the french scrum half,normal_play,0.0
4236,4240,got so much time the french scrum half,normal_play,0.0
4238,4242,half big clear out from talfour fenoua,normal_play,0.0
4240,4244,big clear out from talfour fenoua dupont decides to,normal_play,0.0
4242,4246,dupont decides to kick barretts there,normal_play,0.0
4244,4248,to kick barretts there and,normal_play,0.4032
4246,4250,and bodum barrett cleverly off the outside,normal_play,0.4032
4248,4252,and bodum barrett cleverly off the outside of his boot making good yards,normal_play,0.4032
4250,4254,outside of his boot making good yards puts it in the touch thats a great kick,normal_play,0.4032
4252,4256,puts it in the touch thats a great kick from bodum barrett,normal_play,0.0
4254,4258,kick from bodum barrett check,normal_play,0.0
4256,4260,check out please,normal_play,0.0
4258,4262,check out please come on,normal_play,0.0
4260,4264,come on,normal_play,0.0
4262,4266,on number,normal_play,0.0
4264,4268,on number,normal_play,0.0
4270,4274,dwight,normal_play,0.0
4272,4276,dwight olive on one handed again wins,normal_play,0.0
4274,4278,dwight olive on one handed again wins the line out jalbert to varsan,normal_play,0.0
4276,4280,wins the line out jalbert to varsan audre,lineout,0.4726
4278,4282,varsan audre in midfield,lineout,0.4726
4280,4284,in midfield counter ruck from new zealand looking for the turnover,lineout,0.4726
4282,4286,counter ruck from new zealand looking for the turnover and sabia,lineout,0.4726
4284,4288,turnover and sabia,normal_play,0.0
4288,4292,villier,normal_play,0.0
4290,4294,villier try to get away from rico yuhani,normal_play,0.0
4292,4296,try to get away from rico yuhani put him over the sideline but the ball remained,normal_play,0.0
4294,4298,yuhani put him over the sideline but the ball remained in field,normal_play,0.0
4296,4300,remained in field release,normal_play,0.0
4298,4302,release new zealand have possession,normal_play,0.0
4300,4304,new zealand have possession though theres the ball dont knock it,normal_play,0.0
4302,4306,possession though theres the ball dont knock it theres the ball,normal_play,0.0
4304,4308,it theres the ball all the territorys been down this end of,normal_play,0.4032
4306,4310,all the territorys been down this end of the field not feet,normal_play,0.4032
4308,4312,of the field not feet just struggling to find a way to get,normal_play,0.4032
4310,4314,just struggling to find a way to get the ball in french,normal_play,0.4032
4312,4316,get the ball in french territory new zealand trailing,normal_play,0.4032
4314,4318,french territory new zealand trailing by three points,normal_play,0.4032
4316,4320,trailing by three points,normal_play,0.4032
4318,4322,jalbert is,normal_play,0.4032
4320,4324,jalbert is underneath it for france on the ball,normal_play,0.3611
4322,4326,is underneath it for france on the ball,normal_play,0.3611
4324,4328,ball,normal_play,0.3611
4326,4330,ball,normal_play,0.3611
4330,4334,no it will,normal_play,0.0
4332,4336,no it will be dupont who will kick this time some space,normal_play,0.0
4334,4338,will be dupont who will kick this time some space on the near side has he overcooked it,normal_play,0.0
4336,4340,space on the near side has he overcooked it yes he has a rare mistake,normal_play,0.0
4338,4342,it yes he has a rare mistake from dupont,normal_play,0.0
4340,4344,mistake from dupont very rare normally so accurate,normal_play,0.0
4342,4346,very rare normally so accurate maybe a bit,normal_play,0.0
4344,4348,accurate maybe a bit of fatigue kicking in new,normal_play,0.0
4346,4350,bit of fatigue kicking in new zealand wont mind this,normal_play,0.0
4348,4352,new zealand wont mind this,normal_play,0.0
4350,4354,theres a real bolter,normal_play,0.0
4352,4356,theres a real bolter in this french squad thats coming on,normal_play,0.0
4354,4358,bolter in this french squad thats coming on paul boudet on,normal_play,0.0
4356,4360,on paul boudet on to win just his fourth cap,normal_play,0.0
4358,4362,on to win just his fourth cap made his debut in the world cup,normal_play,0.0
4360,4364,cap made his debut in the world cup warm ups he replaces,normal_play,0.0
4362,4366,cup warm ups he replaces,normal_play,0.0
4364,4368,francois cross for,normal_play,0.0
4366,4370,francois cross for france and a change at scrum half,normal_play,0.0
4368,4372,for france and a change at scrum half for new zealand finlay christie is out,normal_play,0.0
4370,4374,half for new zealand finlay christie is out there for aaron smith,normal_play,0.0
4372,4376,out there for aaron smith,lineout,0.4726
4374,4378,five minutes still remaining on the yellow card,lineout,0.4726
4376,4380,five minutes still remaining on the yellow card for will jordan through the middle,lineout,0.4726
4378,4382,card for will jordan through the middle,lineout,0.4726
4380,4384,yes use it,normal_play,0.0
4382,4386,yes use it now,normal_play,0.0
4384,4388,it now,maul,0.4377
4386,4390,savia,maul,0.4377
4388,4392,savia away theres christie,maul,0.4377
4390,4394,away theres christie with his first pass to barrett,maul,0.4377
4392,4396,christie with his first pass to barrett good chop tackle and its dislikes,normal_play,0.0
4394,4398,good chop tackle and its dislikes possession as well and aldridge on to it for,normal_play,0.0
4396,4400,dislikes possession as well and aldridge on to it for france,normal_play,0.0
4398,4402,for france flicks it out for dupont,normal_play,0.0
4400,4404,flicks it out for dupont danger signs here for the all blacks,normal_play,0.4032
4402,4406,danger signs here for the all blacks little,normal_play,0.4032
4404,4408,blacks little scoop ball to ramos,normal_play,0.4032
4406,4410,little scoop ball to ramos back to dupont,normal_play,0.4032
4408,4412,back to dupont,normal_play,0.4032
4410,4414,france keeping the ball alive,normal_play,0.4032
4412,4416,france keeping the ball alive christie just lifting the legs of villier got to be careful,normal_play,0.4032
4414,4418,christie just lifting the legs of villier got to be careful doing that,normal_play,0.4032
4416,4420,careful doing that not rolling away,normal_play,0.0
4418,4422,not rolling away new zealand penalty advantage france,normal_play,0.0
4420,4424,away new zealand penalty advantage france jalbert,normal_play,0.0
4422,4426,france jalbert taufe fennur,normal_play,0.0
4424,4428,jalbert taufe fennur,normal_play,0.3456
4428,4432,youre in there,normal_play,0.3456
4430,4434,youre in there when hes fine youre in there,normal_play,0.3456
4432,4436,when hes fine youre in there,penalty,0.5546
4434,4438,you just feel the physicality,penalty,0.5546
4436,4440,you just feel the physicality of this french team,penalty,0.5546
4438,4442,physicality of this french team just starting to weigh on this,penalty,0.5546
4440,4444,just starting to weigh on this all black outfit both back in his role,normal_play,0.0
4442,4446,this all black outfit both back in his role is that discipline or ill discipline,normal_play,0.0
4444,4448,role is that discipline or ill discipline its forcing,normal_play,0.0
4446,4450,discipline its forcing,normal_play,0.0
4448,4452,forcing these indiscretions at the moment,normal_play,0.0
4450,4454,these indiscretions at the moment,normal_play,0.0
4458,4462,aldridge again,normal_play,0.0
4460,4464,aldridge again just making things,normal_play,0.0
4462,4466,again just making things happen for france,normal_play,0.0
4464,4468,things happen for france,normal_play,0.0
4466,4470,france theres the tackle for mule then he got,normal_play,0.0
4468,4472,theres the tackle for mule then he got pings for not rolling away,normal_play,0.0
4470,4474,got pings for not rolling away,normal_play,0.0
4472,4476,away number 8 a big,normal_play,0.0
4474,4478,number 8 a big left leg of taufe fennur perhaps,normal_play,0.0
4476,4480,big left leg of taufe fennur perhaps contributing to that,normal_play,0.0
4478,4482,perhaps contributing to that,normal_play,0.0
4480,4484,he was in the striker he was,normal_play,0.0
4482,4486,he was in the striker he was just exiting this whole game,normal_play,0.0
4484,4488,was just exiting this whole game to me the game plan initially was to go,normal_play,0.0
4486,4490,game to me the game plan initially was to go wide to wide keep ball in the hand,normal_play,0.0
4488,4492,go wide to wide keep ball in the hand,normal_play,0.0
4490,4494,ramos,normal_play,0.0
4492,4496,ramos from a very kickable position,normal_play,0.0
4494,4498,ramos from a very kickable position here looking to,normal_play,0.0
4496,4500,position here looking to give france their biggest lead,goal_kick,0.8688
4498,4502,to give france their biggest lead of the night,goal_kick,0.8688
4500,4504,lead of the night,goal_kick,0.8688
4502,4506,night,goal_kick,0.8688
4508,4512,ramos,goal_kick,0.8688
4510,4514,ramos again another three,goal_kick,0.8688
4512,4516,ramos again another three points,goal_kick,0.8688
4514,4518,three points france lead new zealand,goal_kick,0.8688
4516,4520,france lead new zealand 19 13 what,goal_kick,0.8688
4518,4522,zealand 19 13 what that does now new zealand has,goal_kick,0.8688
4520,4524,what that does now new zealand has to get a further try to get into,goal_kick,0.8688
4522,4526,has to get a further try to get into the lead only minutes,goal_kick,0.8688
4524,4528,into the lead only minutes left on this card,goal_kick,0.8688
4526,4530,minutes left on this card so france have been good enough,goal_kick,0.8688
4528,4532,card so france have been good enough to,normal_play,0.0
4530,4534,enough to control that new miracle advantage,normal_play,0.0
4532,4536,to control that new miracle advantage will new zealand kick to compete,normal_play,0.0
4534,4538,will new zealand kick to compete here,normal_play,0.0
4536,4540,compete here yes,normal_play,0.0
4538,4542,yes they do they go short from,normal_play,0.0
4540,4544,yes they do they go short from the restart scott barrett his brother,kick_off,0.2547
4542,4546,from the restart scott barrett his brother does brilliantly learned that,kick_off,0.2547
4544,4548,brother does brilliantly learned that one in the backyard in taronaki,kick_off,0.2547
4546,4550,that one in the backyard in taronaki on the dairy farm,kick_off,0.2547
4548,4552,taronaki on the dairy farm and away now,normal_play,0.0
4550,4554,and away now christie working,normal_play,0.0
4552,4556,now christie working the blindside to barrett theres,normal_play,0.0
4554,4558,working the blindside to barrett theres jacobson for new zealand,normal_play,0.0
4556,4560,theres jacobson for new zealand,normal_play,0.0
4560,4564,tokiaho,normal_play,0.4032
4562,4566,tokiaho moana short ball,normal_play,0.4032
4564,4568,moana short ball to papali i cant hold on,normal_play,0.4032
4566,4570,ball to papali i cant hold on and ramos is going to send,normal_play,0.4032
4568,4572,on and ramos is going to send it downtown,normal_play,0.0
4570,4574,send it downtown,normal_play,0.0
4572,4576,thats a tenth handling error for,normal_play,0.4032
4574,4578,thats a tenth handling error for new zealand in this game,normal_play,0.4032
4576,4580,for new zealand in this game,normal_play,0.4032
4578,4582,playing with 14,normal_play,0.4032
4580,4584,playing with 14 bowdoin barrett will find the,normal_play,0.0
4582,4586,bowdoin barrett will find the security of the sideline once again,normal_play,0.0
4584,4588,the security of the sideline once again,normal_play,0.0
4592,4596,thats amal bakr thinking,normal_play,0.4032
4594,4598,thats amal bakr thinking about the quick line out there,normal_play,0.4032
4596,4600,thinking about the quick line out there cubs numbos,normal_play,0.0
4598,4602,cubs numbos impressive the replacement hooker,normal_play,0.0
4600,4604,numbos impressive the replacement hooker good night,normal_play,0.0
4602,4606,hooker good night for him so far as well,normal_play,0.0
4604,4608,night for him so far as well you can leave,normal_play,0.0
4606,4610,well you can leave go play,normal_play,0.0
4608,4612,go play this play was so much confidence these,normal_play,0.0
4610,4614,this play was so much confidence these days this french team,normal_play,0.0
4612,4616,these days this french team an outstanding record,normal_play,0.0
4614,4618,team an outstanding record coming in 14 straight home wins,normal_play,0.0
4616,4620,record coming in 14 straight home wins,normal_play,0.0
4618,4622,wins they go to flamont at,normal_play,0.0
4620,4624,they go to flamont at the front of the line out,lineout,0.2034
4622,4626,at the front of the line out,lineout,0.2034
4624,4628,out,lineout,0.2034
4630,4634,tupom kicks,maul,0.5412
4632,4636,tupom kicks high for the chasing villier,maul,0.5412
4634,4638,kicks high for the chasing villier moana,maul,0.5412
4636,4640,moana competes into the hands of sarvea,normal_play,0.0
4638,4642,moana competes into the hands of sarvea does well the,normal_play,0.0
4640,4644,does well the new zealand captain,normal_play,0.4032
4642,4646,the new zealand captain david harveili whos out,normal_play,0.4032
4644,4648,david harveili whos out there for new zealand kick pass,normal_play,0.4032
4646,4650,out there for new zealand kick pass for talia hes on a hat trick,normal_play,0.4032
4648,4652,pass for talia hes on a hat trick gets put,normal_play,0.4032
4650,4654,trick gets put to the ground and then gary in with a,normal_play,0.4032
4652,4656,put to the ground and then gary in with a turnover,normal_play,0.4032
4654,4658,a turnover its arthur vasson,normal_play,0.4032
4656,4660,its arthur vasson thats,penalty,0.6128
4658,4662,vasson thats brilliant from the replacement midfielder,penalty,0.6128
4660,4664,thats brilliant from the replacement midfielder great timing,penalty,0.6128
4662,4666,midfielder great timing wasnt it from number 22,penalty,0.6128
4664,4668,timing wasnt it from number 22 vasson,normal_play,0.0
4666,4670,22 vasson they go quick here france,normal_play,0.0
4668,4672,they go quick here france yeah theyre going the far side,normal_play,0.0
4670,4674,yeah theyre going the far side it was intended for villier,normal_play,0.0
4672,4676,side it was intended for villier sarvea fortunately for new zealand,normal_play,0.0
4674,4678,sarvea fortunately for new zealand had one eye on it gets the ball away,normal_play,0.0
4676,4680,zealand had one eye on it gets the ball away from contact back in field to,normal_play,0.0
4678,4682,away from contact back in field to tumafasi heres barrett game,normal_play,0.0
4680,4684,to tumafasi heres barrett game breaking up slightly here,normal_play,0.0
4682,4686,game breaking up slightly here its,normal_play,0.0
4684,4688,its a wobbly old kick and its into the hands,normal_play,0.0
4686,4690,its a wobbly old kick and its into the hands of dami n penao,normal_play,0.0
4688,4692,hands of dami n penao he loses the handle into the,normal_play,0.4032
4690,4694,he loses the handle into the hands of finlay christie,normal_play,0.4032
4692,4696,the hands of finlay christie he try to kick the ball,normal_play,0.4032
4694,4698,he try to kick the ball taken by dupont well go back for,normal_play,0.4032
4696,4700,taken by dupont well go back for the knock off,normal_play,0.0
4698,4702,for the knock off its just been unstructured isnt,normal_play,0.0
4700,4704,its just been unstructured isnt it both teams looking for opportunity,normal_play,0.0
4702,4706,isnt it both teams looking for opportunity but now new zealand,normal_play,0.0
4704,4708,opportunity but now new zealand up to their full compliment with jordan,normal_play,0.0
4706,4710,up to their full compliment with jordan beck onto the field,normal_play,0.0
4708,4712,jordan beck onto the field,normal_play,0.0
4710,4714,there he is,normal_play,0.0
4712,4716,there he is will jordan yellow card,normal_play,0.0
4714,4718,will jordan yellow card remained a yellow on review,normal_play,0.0
4716,4720,card remained a yellow on review could he be the difference,normal_play,0.0
4718,4722,could he be the difference maker hell no doubt want to make a,normal_play,0.0
4720,4724,difference maker hell no doubt want to make a difference having sat down for 10 minutes,normal_play,0.0
4722,4726,a difference having sat down for 10 minutes,normal_play,0.0
4724,4728,minutes right wouldnt put,normal_play,0.0
4726,4730,right wouldnt put it past him with his attacking ability,normal_play,0.0
4728,4732,put it past him with his attacking ability just a little bit of a skill there from david,normal_play,0.0
4730,4734,just a little bit of a skill there from david harvillie are you asking for number four hes coming,normal_play,0.0
4732,4736,david harvillie are you asking for number four hes coming to the second five role for,normal_play,0.0
4734,4738,coming to the second five role for the all blacks a little kick pass,normal_play,0.0
4736,4740,for the all blacks a little kick pass and heres brodie rutalik,normal_play,0.0
4738,4742,and heres brodie rutalik a late change,normal_play,0.0
4740,4744,rutalik a late change onto the bench for new zealand but what a player to,normal_play,0.0
4742,4746,change onto the bench for new zealand but what a player to bring on for,normal_play,0.0
4744,4748,to bring on for sam whitelock,normal_play,0.0
4746,4750,for sam whitelock one world cup winner replacing,normal_play,0.0
4748,4752,one world cup winner replacing another there,normal_play,0.0
4750,4754,replacing another there brodie rutalik will bring some starts,normal_play,0.0
4752,4756,brodie rutalik will bring some starts thats for sure could have,normal_play,0.0
4754,4758,starts thats for sure could have gone in this,normal_play,0.0
4756,4760,have gone in this game in the starting line up,normal_play,0.0
4758,4762,this game in the starting line up the coaches decided to hold him back but,normal_play,0.0
4760,4764,up the coaches decided to hold him back but under necessity was sam king being,normal_play,0.0
4762,4766,but under necessity was sam king being ruled out pre kick off brodie,normal_play,0.0
4764,4768,being ruled out pre kick off brodie rutalik comes to the bench and now,normal_play,0.0
4766,4770,brodie rutalik comes to the bench and now he gets his chance in this opener,normal_play,0.0
4768,4772,he gets his chance in this opener yeah ian foster,normal_play,0.0
4770,4774,opener yeah ian foster had coached that during the week that,normal_play,0.0
4772,4776,foster had coached that during the week that kuzler as his nickname is,normal_play,0.0
4774,4778,that kuzler as his nickname is was not happy with him because he wanted to,normal_play,0.0
4776,4780,is was not happy with him because he wanted to play he wanted to start left him out of the,normal_play,0.0
4778,4782,to play he wanted to start left him out of the 23 he will he gets his chance now,normal_play,0.0
4780,4784,the 23 he will he gets his chance now,normal_play,0.0
4782,4786,now roach,normal_play,0.0
4784,4788,roach five,scrum,0.4128
4786,4790,five,scrum,0.4128
4788,4792,six,scrum,0.1442
4790,4794,six,scrum,0.1442
4792,4796,slightly,scrum,0.1442
4794,4798,slightly unstable scrum there,scrum,0.1442
4796,4800,slightly unstable scrum there,scrum,0.4128
4800,4804,a little bit of a contest thought,normal_play,0.0
4802,4806,a little bit of a contest thought might emanate the scrum,normal_play,0.0
4804,4808,thought might emanate the scrum i guess i,normal_play,0.0
4806,4810,i guess i should have to say,normal_play,0.0
4808,4812,i should have to say im winning that battle theyve gotten,normal_play,0.0
4810,4814,im winning that battle theyve gotten two penalty its all in all shape,normal_play,0.0
4812,4816,gotten two penalty its all in all shape control in this department keep my,normal_play,0.0
4814,4818,shape control in this department keep my mark starts with you,normal_play,0.0
4816,4820,my mark starts with you hookers its not every,normal_play,0.0
4818,4822,hookers its not every day you can take off a,normal_play,0.0
4820,4824,every day you can take off a,normal_play,0.0
4822,4826,a 146 odd caps,normal_play,0.0
4824,4828,a 146 odd caps for another,normal_play,0.0
4826,4830,caps for another tessnacht,normal_play,0.0
4828,4832,tessnacht centurion thats what new zealand can do with,normal_play,0.0
4830,4834,tessnacht centurion thats what new zealand can do with rutalik,normal_play,0.0
4832,4836,with rutalik,normal_play,0.0
4838,4842,roach roach,scrum,0.26
4840,4844,roach roach five this crowd have,scrum,0.26
4842,4846,five this crowd have been magnificent tonight,scrum,0.26
4844,4848,have been magnificent tonight six they have cheered,scrum,0.1681
4846,4850,six they have cheered for us all the way,scrum,0.1681
4848,4852,cheered for us all the way the team have got a six point,scrum,0.1681
4850,4854,the team have got a six point lead christie plays to moana,scrum,0.1681
4852,4856,point lead christie plays to moana cut out to bodum barrett,scrum,0.2055
4854,4858,moana cut out to bodum barrett thats a kick pass intended for will jordan,scrum,0.2055
4856,4860,barrett thats a kick pass intended for will jordan well read by gavin villier,scrum,0.2055
4858,4862,jordan well read by gavin villier come on,scrum,0.2055
4860,4864,villier come on,normal_play,0.0
4862,4866,on two point shorter,normal_play,0.0
4864,4868,two point shorter range little box kick off the base,normal_play,0.4032
4866,4870,shorter range little box kick off the base there bounces to,normal_play,0.4032
4868,4872,base there bounces to richie moana,normal_play,0.4032
4870,4874,to richie moana,normal_play,0.4032
4872,4876,avili,normal_play,0.0
4874,4878,avili flat ball to tokeaho,normal_play,0.0
4876,4880,avili flat ball to tokeaho jacobson tunga fassi to,normal_play,0.0
4878,4882,jacobson tunga fassi to mark talia a little hitch kick on peno,normal_play,0.0
4880,4884,to mark talia a little hitch kick on peno,normal_play,0.3225
4882,4886,peno,normal_play,0.3225
4884,4888,france,normal_play,0.3225
4886,4890,france wanted the turnover didnt get it heres scott barrett,normal_play,0.3225
4888,4892,france wanted the turnover didnt get it heres scott barrett again just got for a power work,normal_play,0.4032
4890,4894,barrett again just got for a power work this evening,normal_play,0.4032
4892,4896,work this evening this is,normal_play,0.4032
4894,4898,this is brother bodum chip over the top,normal_play,0.4032
4896,4900,is brother bodum chip over the top a little long in the ten of the hands of ramos,normal_play,0.4032
4898,4902,a little long in the ten of the hands of ramos and now jalabe stop,normal_play,0.4032
4900,4904,ramos and now jalabe stop,normal_play,0.4032
4902,4906,avili played only,normal_play,0.4032
4904,4908,avili played only 40 minutes of rugby since injuring his,normal_play,0.4032
4906,4910,only 40 minutes of rugby since injuring his hamstring in late may,normal_play,0.4032
4908,4912,his hamstring in late may its pretty slow chasing that kick as,normal_play,0.4032
4910,4914,its pretty slow chasing that kick as well jalabe takes the mark,normal_play,0.4032
4912,4916,as well jalabe takes the mark yeah avili though he has got a very,normal_play,0.4032
4914,4918,mark yeah avili though he has got a very long kick thats,normal_play,0.4032
4916,4920,very long kick thats the difference when he comes onto the field no this,normal_play,0.4032
4918,4922,thats the difference when he comes onto the field no this is just a slow play down you see the french team,normal_play,0.4032
4920,4924,this is just a slow play down you see the french team dont need to rush this other ones not,normal_play,0.0
4922,4926,team dont need to rush this other ones not chasing the game,normal_play,0.0
4924,4928,not chasing the game like new zealand,normal_play,0.0
4926,4930,game like new zealand,normal_play,0.0
4932,4936,well they do,normal_play,0.0
4934,4938,well they do find touch no they dont,normal_play,0.0
4936,4940,do find touch no they dont well its from,normal_play,0.0
4938,4942,well its from the free kick,normal_play,0.0
4940,4944,from the free kick so he cant get on the floor because hes in the,normal_play,0.0
4942,4946,so he cant get on the floor because hes in the 22 yeah kristoff ridley,normal_play,0.0
4944,4948,the 22 yeah kristoff ridley on the near side said it,normal_play,0.0
4946,4950,ridley on the near side said it was out in the full but,normal_play,0.0
4948,4952,it was out in the full but,normal_play,0.0
4950,4954,overruled by his referee,normal_play,0.0
4952,4956,overruled by his referee,normal_play,0.0
4954,4958,it did hit the line,normal_play,0.0
4956,4960,it did hit the line but he was,normal_play,0.0
4958,4962,line but he was same,normal_play,0.0
4960,4964,same as the kick off well to do that but,normal_play,0.0
4962,4966,same as the kick off well to do that but it will be a new zealand feed to the line,normal_play,0.0
4964,4968,but it will be a new zealand feed to the line out,normal_play,0.0
4966,4970,line out eleven eleven,normal_play,0.0
4968,4972,eleven eleven block,normal_play,0.0
4970,4974,eleven block another change for new zealand that is lester,normal_play,0.0
4972,4976,another change for new zealand that is lester,normal_play,0.0
4974,4978,lester who will come onto the,normal_play,0.0
4976,4980,who will come onto the field for,normal_play,0.0
4978,4982,the field for,normal_play,0.0
4980,4984,and he scored two try mark celia,normal_play,0.0
4982,4986,and he scored two try mark celia,normal_play,0.0
4990,4994,vitalik wins his first,lineout,0.233
4992,4996,vitalik wins his first line out,lineout,0.233
4994,4998,first line out savia again with the carry,lineout,0.233
4996,5000,savia again with the carry,lineout,0.233
4998,5002,last minute,lineout,0.233
5000,5004,last minute flicked on by jacobson,normal_play,0.0
5002,5006,flicked on by jacobson to vitalik picked up by,normal_play,0.0
5004,5008,jacobson to vitalik picked up by toki aho a,normal_play,0.4032
5006,5010,by toki aho a man from the chiefs franchise,normal_play,0.4032
5008,5012,a man from the chiefs franchise high,normal_play,0.4032
5010,5014,high kick from moana,normal_play,0.4032
5012,5016,high kick from moana will jordans got to be careful here,normal_play,0.0
5014,5018,will jordans got to be careful here as ramos,normal_play,0.0
5016,5020,here as ramos hits the deck again,normal_play,0.4032
5018,5022,ramos hits the deck again,normal_play,0.4032
5020,5024,again,normal_play,0.4032
5022,5026,boudet on,normal_play,0.4032
5024,5028,boudet on just a penalty laser,normal_play,0.4032
5026,5030,just a penalty laser like pass from dupont to fikou,normal_play,0.4032
5028,5032,laser like pass from dupont to fikou goes behind malvaka,normal_play,0.4032
5030,5034,fikou goes behind malvaka and theyre going to go back and the referee says,normal_play,0.4032
5032,5036,and theyre going to go back and the referee says just a penalty,normal_play,0.0
5034,5038,says just a penalty,normal_play,0.0
5036,5040,but will jordan goodness me having already been,normal_play,0.0
5038,5042,but will jordan goodness me having already been in the sim bin for ten minutes you,normal_play,0.0
5040,5044,been in the sim bin for ten minutes you thought he might just have left that one well,normal_play,0.0
5042,5046,you thought he might just have left that one well alone thats mitigation so just a,normal_play,0.0
5044,5048,well alone thats mitigation so just a penalty well he,normal_play,0.0
5046,5050,a penalty well he lived,normal_play,0.0
5048,5052,he lived it was,normal_play,0.0
5050,5054,it was an interesting one wasnt it i,normal_play,0.0
5052,5056,was an interesting one wasnt it i think maybe just because he lived the year we dont,normal_play,0.0
5054,5058,i think maybe just because he lived the year we dont see a deliberate push we say a plan,normal_play,0.0
5056,5060,dont see a deliberate push we say a plan for the youth that are mitigation is going to be on the open,normal_play,0.0
5058,5062,plan for the youth that are mitigation is going to be on the open,normal_play,0.0
5060,5064,something ive noticed,normal_play,0.0
5062,5066,something ive noticed though in this game the retreating,normal_play,0.0
5064,5068,noticed though in this game the retreating players from france will stop,normal_play,0.0
5066,5070,retreating players from france will stop,normal_play,0.0
5068,5072,stop decision its a shot,normal_play,0.0
5070,5074,decision its a shot it creates,normal_play,0.0
5072,5076,shot it creates space for the jumper coming,normal_play,0.0
5074,5078,creates space for the jumper coming through,normal_play,0.0
5076,5080,coming through,normal_play,0.0
5078,5082,watch the shadows i see villiers has,normal_play,0.0
5080,5084,watch the shadows i see villiers has stopped in jordans way and lost,normal_play,0.0
5082,5086,has stopped in jordans way and lost his footing theres nothing will jordan can,normal_play,0.0
5084,5088,lost his footing theres nothing will jordan can do about that its more villiers fault than anything,normal_play,0.0
5086,5090,can do about that its more villiers fault than anything did villiers,normal_play,0.0
5088,5092,anything did villiers change direction exactly 100 and,normal_play,0.0
5090,5094,villiers change direction exactly 100 and theyve done it twice in this game,normal_play,0.0
5092,5096,and theyve done it twice in this game,normal_play,0.0
5094,5098,we actually saw,normal_play,0.0
5096,5100,we actually saw,normal_play,0.0
5098,5102,saw suleyvon hvalov the australian,normal_play,0.0
5100,5104,suleyvon hvalov the australian right winger get a yellow,normal_play,0.0
5102,5106,australian right winger get a yellow penalty last,normal_play,0.0
5104,5108,penalty last week for that kind of incident as the penalty,goal_kick,0.8688
5106,5110,last week for that kind of incident as the penalty is conceded from new zealand 11 to 4,goal_kick,0.8688
5108,5112,penalty is conceded from new zealand 11 to 4 disciplines been a problem,goal_kick,0.8688
5110,5114,4 disciplines been a problem ramos,goal_kick,0.8688
5112,5116,ramos,goal_kick,0.8688
5114,5118,from distance,goal_kick,0.8688
5116,5120,from distance,goal_kick,0.8688
5118,5122,well try and make this a two score game,goal_kick,0.8688
5120,5124,well try and make this a two score game,goal_kick,0.8688
5122,5126,game,goal_kick,0.8688
5126,5130,thomas ramos,goal_kick,0.8688
5128,5132,thomas ramos from long range adds,goal_kick,0.8688
5130,5134,from long range adds another three points for france,goal_kick,0.8688
5132,5136,adds another three points for france,goal_kick,0.8688
5134,5138,france 22 13 they lead,goal_kick,0.8688
5136,5140,22 13 they lead in control now,normal_play,0.0
5138,5142,lead in control now of the world cup opener,normal_play,0.0
5140,5144,now of the world cup opener now new zealand have to play they have to get out,normal_play,0.0
5142,5146,now new zealand have to play they have to get out of the room then and they have to,normal_play,0.0
5144,5148,out of the room then and they have to chance their arm two scores down,normal_play,0.0
5146,5150,to chance their arm two scores down,normal_play,0.0
5148,5152,down,kick_off,0.5159
5150,5154,aldrich as,kick_off,0.5159
5152,5156,aldrich as hes done many times tonight,kick_off,0.5159
5154,5158,as hes done many times tonight runs it back,kick_off,0.5159
5156,5160,runs it back,normal_play,0.0
5158,5162,17 points,normal_play,0.0
5160,5164,17 points for,normal_play,0.0
5162,5166,points for thomas ramos tonight,normal_play,0.0
5164,5168,thomas ramos tonight,normal_play,0.0
5166,5170,tonight in the try to dami and penno,normal_play,0.0
5168,5172,in the try to dami and penno moana cleverly stays in field to,normal_play,0.3943
5170,5174,penno moana cleverly stays in field to take that kick is,normal_play,0.3943
5172,5176,to take that kick is bowden barrett thinks about dishing it,normal_play,0.3943
5174,5178,is bowden barrett thinks about dishing it inside but kicks again,normal_play,0.3943
5176,5180,it inside but kicks again,normal_play,0.0
5178,5182,these,normal_play,0.0
5180,5184,these back three players on both teams have done an enormous,normal_play,0.0
5182,5186,these back three players on both teams have done an enormous amount of kicking this evening,normal_play,0.0
5184,5188,enormous amount of kicking this evening but new zealand with work to do might,normal_play,0.375
5186,5190,but new zealand with work to do might choose to have a go here,normal_play,0.375
5188,5192,might choose to have a go here heres will jordan,normal_play,0.375
5190,5194,heres will jordan kristy,normal_play,0.375
5192,5196,kristy barrett bowden that is,normal_play,0.4032
5194,5198,kristy barrett bowden that is release tarkin looking,normal_play,0.4032
5196,5200,is release tarkin looking to strip the ball away,normal_play,0.4032
5198,5202,looking to strip the ball away,normal_play,0.4032
5202,5206,popoliti,normal_play,0.4032
5204,5208,popoliti,normal_play,0.4032
5206,5210,will jordan,normal_play,0.4032
5208,5212,will jordan,normal_play,0.4032
5212,5216,france get the penalty,normal_play,0.4032
5214,5218,france get the penalty new zealand sealing it,normal_play,0.4032
5216,5220,new zealand sealing it off and off to the races as,normal_play,0.0
5218,5222,it off and off to the races as petr malbacher for france,normal_play,0.0
5220,5224,as petr malbacher for france hes been outstanding,normal_play,0.0
5222,5226,hes been outstanding since hes come on and he came on early,normal_play,0.0
5224,5228,outstanding since hes come on and he came on early no more no,normal_play,0.4032
5226,5230,early no more no dupont flicks,normal_play,0.4032
5228,5232,dupont flicks it out the back to talfa,normal_play,0.4032
5230,5234,flicks it out the back to talfa panua jalabair,normal_play,0.4032
5232,5236,talfa panua jalabair kicks it through for penno,normal_play,0.0
5234,5238,jalabair kicks it through for penno dami and penno,normal_play,0.0
5236,5240,penno dami and penno,normal_play,0.0
5238,5242,balls go forward referees,normal_play,0.0
5240,5244,balls go forward referees blowing his whistle,normal_play,0.0
5242,5246,referees blowing his whistle itll be,normal_play,0.0
5244,5248,itll be an all black speed to,try,1.0
5246,5250,be an all black speed to the scrum,try,1.0
5248,5252,to the scrum ill tell you what,try,1.0
5250,5254,ill tell you what petr,try,1.0
5252,5256,what petr malbacher has been a game changer i,normal_play,0.0
5254,5258,petr malbacher has been a game changer i think since hes been introduced early,normal_play,0.0
5256,5260,i think since hes been introduced early into this game the confidence,normal_play,0.0
5258,5262,early into this game the confidence of the hooker to take that quick tip,normal_play,0.0
5260,5264,confidence of the hooker to take that quick tip he was isolated for a very long time,normal_play,0.0
5262,5266,he was isolated for a very long time was strong enough,normal_play,0.0
5264,5268,time was strong enough,normal_play,0.0
5266,5270,enough,normal_play,0.0
5268,5272,well kristof ridley the,normal_play,0.0
5270,5274,well kristof ridley the assistant on the near side i,normal_play,0.0
5272,5276,the assistant on the near side i think he adjudicated,normal_play,0.0
5274,5278,i think he adjudicated that perfectly just a tiny,normal_play,0.0
5276,5280,adjudicated that perfectly just a tiny little knock on for dami and penno,normal_play,0.0
5278,5282,tiny little knock on for dami and penno before,normal_play,0.0
5280,5284,penno before it went off the hands of the new zealand player,normal_play,0.0
5282,5286,before it went off the hands of the new zealand player,normal_play,0.0
5284,5288,player,normal_play,0.0
5296,5300,another change for france here,normal_play,0.0
5298,5302,another change for france here maxime loukou is going to come,normal_play,0.0
5300,5304,here maxime loukou is going to come on for antoine dupont,normal_play,0.0
5302,5306,come on for antoine dupont and also melvin jaminet,normal_play,0.0
5304,5308,and also melvin jaminet in the 23 shirt,normal_play,0.0
5306,5310,jaminet in the 23 shirt he will replace tomas ramos,normal_play,0.0
5308,5312,he will replace tomas ramos and those,normal_play,0.0
5310,5314,and those two dupont and,normal_play,0.0
5312,5316,those two dupont and ramos to lose teammates,normal_play,0.0
5314,5318,and ramos to lose teammates and the winner of the 23 shirt is unworthy of this round,normal_play,0.0
5316,5320,and the winner of the 23 shirt is unworthy of this round of applause,normal_play,0.0
5318,5322,round of applause,normal_play,0.0
5346,5350,so inside the,normal_play,0.0
5348,5352,so inside the final five minutes now,normal_play,0.0
5350,5354,the final five minutes now this pulsating world,normal_play,0.0
5352,5356,this pulsating world cup opener here in paris,scrum,0.275
5354,5358,world cup opener here in paris,scrum,0.275
5356,5360,new zealand score right at,scrum,0.275
5358,5362,new zealand score right at the start of the match then at the start of the second half,scrum,0.275
5360,5364,at the start of the match then at the start of the second half but france have imposed themselves,scrum,0.275
5362,5366,half but france have imposed themselves with authority as,scrum,0.275
5364,5368,themselves with authority as this match has gone on,scrum,0.3015
5366,5370,as this match has gone on rico ioane,scrum,0.3015
5368,5372,on rico ioane playing out of their own 22 again,scrum,0.3015
5370,5374,ioane playing out of their own 22 again new zealand they have to do this a lot tonight,scrum,0.3015
5372,5376,again new zealand they have to do this a lot tonight odin,normal_play,0.0
5374,5378,odin barrett kicked it into touch in,normal_play,0.0
5376,5380,odin barrett kicked it into touch in france with a two score lead,normal_play,0.4032
5378,5382,in france with a two score lead wont think about going quickly this time,normal_play,0.4032
5380,5384,wont think about going quickly this time the game management,normal_play,0.4032
5382,5386,time the game management has been fantastic,normal_play,0.4032
5384,5388,management has been fantastic this evening the home team,normal_play,0.0
5386,5390,fantastic this evening the home team obviously dupont has been at the,normal_play,0.0
5388,5392,obviously dupont has been at the forefront of that but ramos also,normal_play,0.0
5390,5394,the forefront of that but ramos also charlie bear hes been,normal_play,0.0
5392,5396,charlie bear hes been fantastic in jersey number,normal_play,0.0
5394,5398,been fantastic in jersey number 10 the first five the 18690,normal_play,0.0
5396,5400,number 10 the first five the 18690 spectators,normal_play,0.0
5398,5402,18690 spectators the clock,normal_play,0.0
5400,5404,spectators the clock tonight we are 78,normal_play,0.0
5402,5406,tonight we are 78 690,normal_play,0.0
5404,5408,78 690 spectators and rugby fans,normal_play,0.0
5406,5410,690 spectators and rugby fans thank you very much just announced the attendance,normal_play,0.0
5408,5412,fans thank you very much just announced the attendance here full house,normal_play,0.0
5410,5414,attendance here full house to shy 79 0 here in,normal_play,0.0
5412,5416,to shy 79 0 here in the stade de france,normal_play,0.0
5414,5418,in the stade de france,normal_play,0.0
5416,5420,i reckon it,lineout,0.3304
5418,5422,i reckon it might be tough to get a ticket to watch this team,lineout,0.3304
5420,5424,it might be tough to get a ticket to watch this team play from this point and then close this out,lineout,0.3304
5422,5426,team play from this point and then close this out against new zealand it was,lineout,0.3304
5424,5428,out against new zealand it was already a big show this,maul,0.4197
5426,5430,was already a big show this rugby world cup but if they can,maul,0.4197
5428,5432,this rugby world cup but if they can finish the job here against new zealand,maul,0.4197
5430,5434,can finish the job here against new zealand it will set the tone for this,maul,0.4197
5432,5436,it will set the tone for this rugby world cup just the way they want,normal_play,0.0
5434,5438,this rugby world cup just the way they want it new zealand have never,normal_play,0.0
5436,5440,want it new zealand have never lost a pool game in a rugby world cup france have never,normal_play,0.0
5438,5442,never lost a pool game in a rugby world cup france have never beaten them in pool play now,normal_play,0.0
5440,5444,never beaten them in pool play now they are on the edge,normal_play,0.4032
5442,5446,now they are on the edge of history here the home team,normal_play,0.4032
5444,5448,of history here the home team in game one lukaku,normal_play,0.4032
5446,5450,in game one lukaku the finisher at scrum,normal_play,0.4032
5448,5452,lukaku the finisher at scrum half kicks it deep,normal_play,0.0
5450,5454,scrum half kicks it deep well taken over the,normal_play,0.0
5452,5456,well taken over the shoulder from bowden barrett hes got support with,normal_play,0.0
5454,5458,the shoulder from bowden barrett hes got support with him should they choose to run and they sort,normal_play,0.0
5456,5460,with him should they choose to run and they sort of need to two scores down inside,try,1.0
5458,5462,sort of need to two scores down inside three minutes and have lost,try,1.0
5460,5464,inside three minutes and have lost possession again here and,normal_play,0.3582
5462,5466,lost possession again here and lukaku just going to dig it in behind,normal_play,0.3582
5464,5468,and lukaku just going to dig it in behind melvin jaminet chasing,normal_play,0.3582
5466,5470,melvin jaminet chasing jaminet,normal_play,0.3582
5468,5472,chasing jaminet,try,1.0
5470,5474,jaminet,try,1.0
5476,5480,that should,try,1.0
5478,5482,that should do it that,try,1.0
5480,5484,should do it that should seal it,try,1.0
5482,5486,that should seal it france,try,1.0
5484,5488,france starting their home,try,1.0
5486,5490,starting their home rugby world cup,try,1.0
5488,5492,home rugby world cup,normal_play,0.0
5490,5494,just the way they wanted to,normal_play,0.0
5492,5496,just the way they wanted to,normal_play,0.0
5496,5500,it has been,normal_play,0.0
5498,5502,it has been industrious the,normal_play,0.0
5500,5504,been industrious the second half in particular heres the turnover,normal_play,0.0
5502,5506,the second half in particular heres the turnover at the breakdown,normal_play,0.0
5504,5508,turnover at the breakdown from vincent,normal_play,0.0
5506,5510,breakdown from vincent they shifted to the blindside,normal_play,0.0
5508,5512,vincent they shifted to the blindside quickly nice recognition,normal_play,0.0
5510,5514,blindside quickly nice recognition for luthu but the,normal_play,0.0
5512,5516,recognition for luthu but the dedication to put the,normal_play,0.0
5514,5518,the dedication to put the body on the line and thats the exclamation,normal_play,0.0
5516,5520,the body on the line and thats the exclamation mark on a fantastic,normal_play,0.0
5518,5522,exclamation mark on a fantastic opening performance,normal_play,0.0
5520,5524,fantastic opening performance well hes known as a goal kicker melvin jaminet,normal_play,0.0
5522,5526,well hes known as a goal kicker melvin jaminet he scored 20 points against new,normal_play,0.0
5524,5528,jaminet he scored 20 points against new zealand when they beat them here two years ago,normal_play,0.0
5526,5530,new zealand when they beat them here two years ago in this stadium thats his,normal_play,0.0
5528,5532,ago in this stadium thats his first test try,normal_play,0.0
5530,5534,his first test try and what a time to do it,normal_play,0.0
5532,5536,and what a time to do it,normal_play,0.0
5534,5538,it come on and make an impact say,normal_play,0.0
5536,5540,come on and make an impact say coach yeah im good,normal_play,0.0
5538,5542,say coach yeah im good thats how you finish,normal_play,0.0
5540,5544,thats how you finish,normal_play,0.0
5542,5546,well just,normal_play,0.0
5544,5548,well just soak up these images here,normal_play,0.0
5546,5550,just soak up these images here as the try scorer is jaminet,normal_play,0.0
5548,5552,here as the try scorer is jaminet,normal_play,0.0
5550,5554,jaminet,normal_play,0.0
5552,5556,well attempt,goal_kick,0.8688
5554,5558,well attempt the conversion here to add the extra two,goal_kick,0.8688
5556,5560,attempt the conversion here to add the extra two,goal_kick,0.8688
5558,5562,two,goal_kick,0.8688
5566,5570,well hang on one flag went,goal_kick,0.8688
5568,5572,well hang on one flag went up one didnt referee,goal_kick,0.8688
5570,5574,went up one didnt referee jakob leipert,goal_kick,0.8688
5572,5576,referee jakob leipert no conversion,goal_kick,0.8688
5574,5578,no conversion,goal_kick,0.8688
5578,5582,carlton arna,goal_kick,0.8688
5580,5584,carlton arna theres been some great performances from frass,goal_kick,0.8688
5582,5586,theres been some great performances from frass tonight whos your player of the match i,goal_kick,0.8688
5584,5588,frass tonight whos your player of the match i think he cant go past gregory aldridge for,normal_play,0.0
5586,5590,i think he cant go past gregory aldridge for the first time in his career for the home team in jersey number 8 hes been fantastic,normal_play,0.0
5588,5592,for the first time in his career for the home team in jersey number 8 hes been fantastic at the forefront of,kick_off,0.4688
5590,5594,fantastic at the forefront of everything thats been good whether it be defensively,kick_off,0.4688
5592,5596,of everything thats been good whether it be defensively or offensively hes been an absolute,kick_off,0.4688
5594,5598,defensively or offensively hes been an absolute monster in jersey number 8,kick_off,0.4688
5596,5600,absolute monster in jersey number 8 gregory aldridge,normal_play,0.0
5598,5602,gregory aldridge,normal_play,0.0
5602,5606,as,normal_play,0.0
5604,5608,as is that man who really misses out on the,normal_play,0.0
5606,5610,as is that man who really misses out on the action zambia perot aldridge,normal_play,0.0
5608,5612,the action zambia perot aldridge still out there hes standing in the,normal_play,0.0
5610,5614,still out there hes standing in the midfield at the moment what cant he do,normal_play,0.0
5612,5616,the midfield at the moment what cant he do as retalik wins the line out,normal_play,0.0
5614,5618,as retalik wins the line out 29 13 france,normal_play,0.0
5616,5620,29 13 france leading new zealand his big leicester,normal_play,0.0
5618,5622,france leading new zealand his big leicester fai nganoku,normal_play,0.0
5620,5624,leicester fai nganoku play on,normal_play,0.0
5622,5626,play on toki aho no,normal_play,0.0
5624,5628,toki aho no take the ball,normal_play,0.0
5626,5630,take the ball adi,normal_play,0.0
5628,5632,adi sarvea who led the all blacks out,normal_play,0.0
5630,5634,adi sarvea who led the all blacks out that has stabbed the france this,normal_play,0.0
5632,5636,out that has stabbed the france this evening still driving the leg sarvea,normal_play,0.0
5634,5638,this evening still driving the leg sarvea but hes lost the ball,normal_play,0.0
5636,5640,sarvea but hes lost the ball and perhaps that sums,normal_play,0.0
5638,5642,and perhaps that sums it up for new zealand,normal_play,0.0
5640,5644,sums it up for new zealand,normal_play,0.0
5644,5648,that is the,normal_play,0.0
5646,5650,that is the final whistle,normal_play,0.0
5648,5652,the final whistle,normal_play,0.0
5650,5654,france are up and running at,normal_play,0.0
5652,5656,france are up and running at their home world cup,normal_play,0.0
5654,5658,at their home world cup,normal_play,0.0
