start_time,end_time,text,event_class,highlight_score
2,6,a referee has been on team from new zealand touch judges matthew rannell,kick_off,0.3936
4,8,new zealand touch judges matthew rannell james dolman brendan pickle,kick_off,0.3936
6,10,rannell james dolman brendan pickle is a tv match official,kick_off,0.3936
8,12,is a tv match official,normal_play,0.0
10,14,number one in the world ireland take,normal_play,0.0
12,16,number one in the world ireland take on the defending champion south africa,normal_play,0.4032
14,18,take on the defending champion south africa its a poobee match which could,normal_play,0.4032
16,20,its a poobee match which could easily be as tight as a facelift,normal_play,0.4032
18,22,could easily be as tight as a facelift welcome to start the france straight away,normal_play,0.4032
20,24,facelift welcome to start the france straight away its damian villainsa into the fray,0.0054,16.0
22,26,away its damian villainsa into the fray hes upended south africa in,0.0054,16.0
24,28,hes upended south africa in their white jersey their third strip,0.0054,16.0
26,30,in their white jersey their third strip at this rugby will come bafta klack looking to go,0.0054,16.0
28,32,strip at this rugby will come bafta klack looking to go wide early on and its been,0.0054,16.0
30,34,go wide early on and its been spilt on that far side,0.0054,16.0
32,36,been spilt on that far side by ches and colby,0.0054,32.0
34,38,side by ches and colby,0.0054,32.0
36,40,colby ambitious,0.0054,32.0
38,42,ambitious from south africa straight,0.0054,32.0
40,44,ambitious from south africa straight off the start the kick from milan coming,0.0054,32.0
42,46,straight off the start the kick from milan coming straight down the middle i think bafta klack,0.0054,32.0
44,48,straight down the middle i think bafta klack just a little bit of extra nervous,0.0054,32.0
46,50,klack just a little bit of extra nervous energy in that pass probably overcooked a little,0.0054,32.0
48,52,nervous energy in that pass probably overcooked a little bit,0.0054,48.0
50,54,little bit normally so efficient getting out of,0.0054,48.0
52,56,normally so efficient getting out of this part of,0.0054,48.0
54,58,of this part of the,0.0054,48.0
56,60,of the game lets go,0.0054,56.0
58,62,the game lets go,0.0054,56.0
60,64,time off,0.0054,56.0
62,66,time off look at this for a statement off,0.0054,56.0
64,68,look at this for a statement off the opening chase thumbs off its,0.0054,56.0
66,70,off the opening chase thumbs off its kalliar gets what a,0.0054,56.0
68,72,its kalliar gets what a technique in the tackle drives,0.0054,56.0
70,74,a technique in the tackle drives villainsa back weve got a little bit,0.0054,56.0
72,76,drives villainsa back weve got a little bit of an early issue for,0.0054,48.0
74,78,bit of an early issue for josh vandevleer here hes getting a bit,0.0054,48.0
76,80,for josh vandevleer here hes getting a bit of treatment,0.0054,48.0
78,82,bit of treatment chalking it over head coach took,0.0054,48.0
80,84,chalking it over head coach took the role in 2020 he,0.0054,80.0
82,86,took the role in 2020 he needs his position off of this to replace stuart,0.0054,80.0
84,88,needs his position off of this to replace stuart lancaster as leinsters head coach,0.0054,80.0
86,90,stuart lancaster as leinsters head coach andy farrell there since,0.0054,80.0
88,92,andy farrell there since 2016 as an assistant but,0.0054,80.0
90,94,since 2016 as an assistant but head coach since 2019,0.0054,80.0
92,96,but head coach since 2019 hes 33 out of 40 tests,0.0054,80.0
94,98,hes 33 out of 40 tests and that is an outstanding record,0.0054,80.0
96,100,tests and that is an outstanding record hes going very smartly indeed but,normal_play,0.0
98,102,hes going very smartly indeed but this is the biggest test of all,normal_play,0.0
100,104,but this is the biggest test of all rugby world cup,normal_play,0.0
102,106,rugby world cup this crowd,normal_play,0.0
104,108,this crowd is absolutely electric,0.0054,104.0
106,110,crowd is absolutely electric ill tell you what,0.0054,104.0
108,112,electric ill tell you what irelands warm,0.0054,104.0
110,114,irelands warm up song today was a smoke on the water by,0.0054,104.0
112,116,warm up song today was a smoke on the water by deep purple but in this stadium at the moment,lineout,0.4726
114,118,by deep purple but in this stadium at the moment it is a sea of green they were,lineout,0.4726
116,120,moment it is a sea of green they were expecting around 30 0 irish,lineout,0.4726
118,122,were expecting around 30 0 irish fans to come to start to france today,lineout,0.4726
120,124,irish fans to come to start to france today but it certainly sounds like,0.0054,112.0
122,126,but it certainly sounds like more it is absolutely incredible,0.0054,112.0
124,128,like more it is absolutely incredible the pitch side,normal_play,0.4032
126,130,incredible the pitch side hes undone stanford with olympia time mitchell,normal_play,0.4032
128,132,hes undone stanford with olympia time mitchell pinch at the line of time for south africa,normal_play,0.4032
130,134,mitchell pinch at the line of time for south africa,normal_play,0.4032
132,136,he comes away though for,0.0054,128.0
134,138,he comes away though for ireland down the right they go,0.0054,128.0
136,140,for ireland down the right they go gibson park shifts it,normal_play,0.4032
138,142,go gibson park shifts it fords looking for some work around the,normal_play,0.4032
140,144,it fords looking for some work around the fringes,normal_play,0.4032
142,146,the fringes ty burne such,normal_play,0.4032
144,148,ty burne such an experienced player puts his head down does the monster,normal_play,0.0
146,150,such an experienced player puts his head down does the monster man gibson park,normal_play,0.0
148,152,monster man gibson park yet again to the left thats our centre,normal_play,0.4032
150,154,park yet again to the left thats our centre gary ringrose cuts it nicely,normal_play,0.4032
152,156,centre gary ringrose cuts it nicely into the 22 its ireland,normal_play,0.4032
154,158,nicely into the 22 its ireland now that are building their phases,normal_play,0.4032
156,160,ireland now that are building their phases nicely early on burne again for the second,normal_play,0.0
158,162,phases nicely early on burne again for the second carry johnny sexton,normal_play,0.0
160,164,second carry johnny sexton finds his full back hugo,normal_play,0.4032
162,166,johnny sexton finds his full back hugo hugo keenan one day for the,normal_play,0.4032
164,168,hugo hugo keenan one day for the fox such a cunning player with advantage,normal_play,0.4032
166,170,the fox such a cunning player with advantage to the irish side now,normal_play,0.4032
168,172,advantage to the irish side now tadhg furlong turns it to vande bundee aki,penalty,0.6128
170,174,tadhg furlong turns it to vande bundee aki hes 50th international for his,penalty,0.6128
172,176,hes 50th international for his country ireland go to the,penalty,0.6128
174,178,his country ireland go to the right its a big pass and,penalty,0.6128
176,180,the right its a big pass and a lot of time for the copy,normal_play,0.0
178,182,and a lot of time for the copy to react hell stay,normal_play,0.0
180,184,copy to react hell stay with ireland,normal_play,0.0
182,186,stay with ireland,normal_play,0.0
184,188,ireland an early look at that ireland attack the deception at,normal_play,0.0
186,190,an early look at that ireland attack the deception at play is quite fantastic,normal_play,0.0
188,192,at play is quite fantastic already weve seen those passes fizzed,normal_play,0.4032
190,194,already weve seen those passes fizzed across the front of players,normal_play,0.4032
192,196,fizzed across the front of players as a defender it looks like theyre going to receive it,normal_play,0.4032
194,198,as a defender it looks like theyre going to receive it and then it goes to the next man,normal_play,0.4032
196,200,it and then it goes to the next man keeping on their rock speed as well,normal_play,0.1639
198,202,keeping on their rock speed as well irelands rock speed so far fastest,normal_play,0.1639
200,204,well irelands rock speed so far fastest in the tournament,normal_play,0.1639
202,206,fastest in the tournament less than three seconds,normal_play,0.1639
204,208,less than three seconds per rock,normal_play,0.0
206,210,seconds per rock and they are here to play,normal_play,0.0
208,212,and they are here to play johnny sexton will,normal_play,0.0
210,214,play johnny sexton will pop this one in the corner,normal_play,0.0
212,216,will pop this one in the corner jimmy good space,normal_play,0.0
214,218,jimmy good space good set up one of,normal_play,0.0
216,220,space good set up one of the 7 0,lineout,0.4726
218,222,of the 7 0 irish bars around the globe certainly,lineout,0.4726
220,224,irish bars around the globe certainly enjoying this endeavour from the irish,lineout,0.4726
222,226,certainly enjoying this endeavour from the irish side how many,lineout,0.4726
224,228,irish side how many 20 try in the opening,normal_play,0.4032
226,230,many 20 try in the opening two matches,normal_play,0.4032
228,232,opening two matches more passes in those two games,normal_play,0.4032
230,234,more passes in those two games than they did in the whole,normal_play,0.4032
232,236,games than they did in the whole of the last rugby world cup to the front they go,normal_play,0.4032
234,238,whole of the last rugby world cup to the front they go ty burne clon pinch and,normal_play,0.4032
236,240,go ty burne clon pinch and its hoofed downfield by colby,normal_play,0.4032
238,242,and its hoofed downfield by colby not out,normal_play,0.4032
240,244,colby not out left behind from matt,normal_play,0.4032
242,246,left behind from matt hanson,normal_play,0.4032
244,248,matt hanson and so im going to,normal_play,0.4032
246,250,and so im going to go quickly fafnuklaj spots a,normal_play,0.4032
248,252,to go quickly fafnuklaj spots a bit of space and its an awkward,normal_play,0.4032
250,254,a bit of space and its an awkward bounce but its good for south africa kirk lee,normal_play,0.4032
252,256,awkward bounce but its good for south africa kirk lee aronson has it look out,normal_play,0.4032
254,258,lee aronson has it look out creels on the inside big,normal_play,0.4032
256,260,creels on the inside big jesse creel into the 22,normal_play,0.4032
258,262,big jesse creel into the 22 and a clean up from dlendy through the legs,normal_play,0.4032
260,264,and a clean up from dlendy through the legs it goes seven style play there,normal_play,0.4032
262,266,legs it goes seven style play there from fafnuklaj,normal_play,0.4032
264,268,there from fafnuklaj game back on just bevissa,normal_play,0.0
266,270,game back on just bevissa,normal_play,0.0
268,272,bevissa south east big step damian villamse,normal_play,0.4032
270,274,south east big step damian villamse does well,normal_play,0.4032
272,276,villamse does well inside the 22 the ball is now,normal_play,0.4032
274,278,well inside the 22 the ball is now for the spring box,normal_play,0.4032
276,280,for the spring box declare works,normal_play,0.4032
278,282,declare works the short side to his captain sia,normal_play,0.4032
280,284,works the short side to his captain sia konlisi,normal_play,0.4032
282,286,sia konlisi got the,normal_play,0.4032
284,288,got the penalty blungie in the non,normal_play,0.4032
286,290,the penalty blungie in the non beats big carry,normal_play,0.4032
288,292,non beats big carry from the hooker,normal_play,0.4032
290,294,carry from the hooker vissar again for the second time,normal_play,0.4032
292,296,vissar again for the second time irelands wall holding strong,normal_play,0.4032
294,298,irelands wall holding strong here comes,normal_play,0.4032
296,300,here comes yvonne etzeved man,penalty,0.6128
298,302,comes yvonne etzeved man thats built like a bulgarian,penalty,0.6128
300,304,man thats built like a bulgarian vending machine to the right it goes again,penalty,0.6128
302,306,bulgarian vending machine to the right it goes again creel trying to skip through,penalty,0.6128
304,308,again creel trying to skip through knock back to peter,penalty,0.6128
306,310,through knock back to peter step datoit,penalty,0.6128
308,312,peter step datoit and it will be a penalty for,penalty,0.6128
310,314,and it will be a penalty for south africa what an entertaining,penalty,0.6128
312,316,for south africa what an entertaining opening for minutes,0.0054,312.0
314,318,entertaining opening for minutes,0.0054,312.0
316,320,dream straight at the,0.0054,312.0
318,322,dream straight at the top off feet to me,0.0054,312.0
320,324,the top off feet to me you know a shot there datoit we just saw hes getting,0.0054,312.0
322,326,you know a shot there datoit we just saw hes getting some treatment on the ground now he,0.0054,312.0
324,328,getting some treatment on the ground now he got hit a little bit late yeah i think,0.0054,312.0
326,330,he got hit a little bit late yeah i think james ryan went straight through him there,0.0054,312.0
328,332,james ryan went straight through him there,0.0054,320.0
330,334,there,0.0054,320.0
332,336,there,0.0054,320.0
334,338,there and the eyes up to the,0.0054,320.0
336,340,and the eyes up to the coaching box to see what kind of traffic,0.0054,336.0
338,342,coaching box to see what kind of traffic lights are flashing on,0.0054,336.0
340,344,traffic lights are flashing on shots called two meters,0.0054,336.0
342,346,shots called two meters,0.0054,336.0
344,348,meters theres the ambition from south,0.0054,336.0
346,350,theres the ambition from south africa its a pretty loose kick,0.0054,336.0
348,352,south africa its a pretty loose kick but the bounce did aronsson a bit of a favour,0.0054,336.0
350,354,but the bounce did aronsson a bit of a favour were,0.0054,336.0
352,356,were roniners he dished it back,normal_play,0.0
354,358,were roniners he dished it back inside to creel who was supporting,normal_play,0.0
356,360,back inside to creel who was supporting,normal_play,0.0
358,362,supporting ringrose with the scramble tackle,normal_play,0.0
360,364,ringrose with the scramble tackle and nearly on the pinch we didnt see,1,360.0
362,366,tackle and nearly on the pinch we didnt see anything,1,360.0
364,368,see anything he was furious wasnt it,1,360.0
366,370,he was furious wasnt it from south africa and theres a little,1,360.0
368,372,it from south africa and theres a little look at bit of afters,1,360.0
370,374,little look at bit of afters so there we go,1,360.0
372,376,afters so there we go area which theyve struggled in this rugby world cup,1,360.0
374,378,area which theyve struggled in this rugby world cup 10 out of 18 kicks,1,360.0
376,380,cup 10 out of 18 kicks theyve used it monty leboc can picture,goal_kick,0.8688
378,382,theyve used it monty leboc can picture its,goal_kick,0.8688
380,384,its a big part of,goal_kick,0.8688
382,386,its a big part of winning rugby,goal_kick,0.8688
384,388,of winning rugby world cup matches,goal_kick,0.6467
386,390,rugby world cup matches so the fly off from,goal_kick,0.6467
388,392,so the fly off from the stormers,goal_kick,0.6467
390,394,from the stormers,goal_kick,0.6467
392,396,stormers south africas first shot at goal,normal_play,0.0
394,398,south africas first shot at goal,normal_play,0.0
396,400,goal,normal_play,0.0
400,404,monty leboc turns the,normal_play,0.0
402,406,monty leboc turns the,normal_play,0.0
404,408,the ball around hes,normal_play,0.0
406,410,the ball around hes got it three nothing off the fly,normal_play,0.0
408,412,hes got it three nothing off the fly,normal_play,0.0
410,414,theres,normal_play,0.0
412,416,theres the look at the infringement,kick_off,0.2729
414,418,theres the look at the infringement nice one for monty leboc,kick_off,0.2729
416,420,infringement nice one for monty leboc to set himself in hes been backed by coach,kick_off,0.2729
418,422,leboc to set himself in hes been backed by coach and captain in terms,kick_off,0.2729
420,424,coach and captain in terms of his kicking hes only on 40 kicking,normal_play,0.0
422,426,terms of his kicking hes only on 40 kicking thats,normal_play,0.0
424,428,kicking thats a nice one to get off the,normal_play,0.3417
426,430,thats a nice one to get off the board,normal_play,0.3417
428,432,the board sexta down,normal_play,0.3417
430,434,sexta down the,normal_play,0.3417
432,436,down the middle,0.7814,432.0
434,438,the middle franco mustard is there places rugby with,0.7814,432.0
436,440,franco mustard is there places rugby with the heat in japan,normal_play,0.4032
438,442,the heat in japan cant use it,normal_play,0.4032
440,444,cant use it crack the crack 50th,normal_play,0.4032
442,446,crack the crack 50th cap against scotland during this rugby world,normal_play,0.4032
444,448,50th cap against scotland during this rugby world cup six season with the,normal_play,0.4032
446,450,world cup six season with the spring box he goes to the air,normal_play,0.4032
448,452,the spring box he goes to the air colby comes down,normal_play,0.4032
450,454,air colby comes down a bunch of green jerseys hanson does really,normal_play,0.4032
452,456,a bunch of green jerseys hanson does really well does the right wing up for ireland,normal_play,0.4032
454,458,really well does the right wing up for ireland they have it at the half way line no,normal_play,0.4032
456,460,ireland they have it at the half way line no jamison gibson,normal_play,0.4032
458,462,jamison gibson park theres scrumhoff,normal_play,0.4032
460,464,gibson park theres scrumhoff one of 11,normal_play,0.0
462,466,scrumhoff one of 11 blenstam in the,normal_play,0.0
464,468,11 blenstam in the starting side,penalty,0.6128
466,470,the starting side,penalty,0.6128
468,472,very familiar with their team at johnny sexton try to,penalty,0.6128
470,474,very familiar with their team at johnny sexton try to get it away f the crack comes flying,penalty,0.6128
472,476,to get it away f the crack comes flying in penalty ireland,normal_play,0.0
474,478,flying in penalty ireland,normal_play,0.0
476,480,ireland no,normal_play,0.2795
478,482,no attempt to catch the ball hes just hit that,normal_play,0.2795
480,484,no attempt to catch the ball hes just hit that on the short pass,normal_play,0.2795
482,486,that on the short pass apparently,normal_play,0.2795
484,488,apparently only players outside,normal_play,0.0
486,490,apparently only players outside,normal_play,0.0
488,492,outside,0.0054,488.0
492,496,its a,0.0054,488.0
494,498,its a really fascinating little tactical battle,0.0054,488.0
496,500,fascinating little tactical battle ireland playing with that,0.0054,488.0
498,502,battle ireland playing with that flat attack johnny sexton taking,0.0054,488.0
500,504,that flat attack johnny sexton taking it right close to the line and,0.0054,488.0
502,506,taking it right close to the line and against the line speed of south africa its,0.0054,488.0
504,508,and against the line speed of south africa its a real challenge see,lineout,0.4726
506,510,its a real challenge see he holds his feet stands still to,lineout,0.4726
508,512,he holds his feet stands still to try and play around the line speed,lineout,0.4726
510,514,to try and play around the line speed after the crack absolutely,lineout,0.4726
512,516,after the crack absolutely flies off the line doesnt,normal_play,0.0
514,518,absolutely flies off the line doesnt he such an,normal_play,0.0
516,520,he such an acceleration as the scrumhoff,normal_play,0.0
518,522,an acceleration as the scrumhoff and now its ronan kelleher,normal_play,0.0
520,524,scrumhoff and now its ronan kelleher again theyve had a trouble at,normal_play,0.0
522,526,again theyve had a trouble at line up time two,normal_play,0.0
524,528,at line up time two knock ons first by,normal_play,0.0
526,530,two knock ons first by ireland at the line up johnny sexton south africa,normal_play,0.0
528,532,by ireland at the line up johnny sexton south africa south africa scrum,normal_play,0.0
530,534,africa south africa scrum two loose ones thought the,normal_play,0.0
532,536,two loose ones thought the battle at scrum and line up would,normal_play,0.0
534,538,the battle at scrum and line up would be fascinating tonight i actually thought it would be an,normal_play,0.0
536,540,would be fascinating tonight i actually thought it would be an area where ireland might get a bit of change,normal_play,0.0
538,542,an area where ireland might get a bit of change james,normal_play,0.0
540,544,james ryan will be making the calls,normal_play,0.0
542,546,james ryan will be making the calls in there first scrum,normal_play,0.0
544,548,in there first scrum stability at the bind good weight,normal_play,0.0
546,550,scrum stability at the bind good weight at the sit balance lost one at the front,normal_play,0.0
548,552,weight at the sit balance lost one at the front it was dutoy getting up south africa earlier on,normal_play,0.0
550,554,it was dutoy getting up south africa earlier on great speed and that one would,normal_play,0.0
552,556,on great speed and that one would look like it was just an overthrow,scrum,0.4877
554,558,would look like it was just an overthrow when youre trying to throw it between jumpers like,scrum,0.4877
556,560,when youre trying to throw it between jumpers like etzabeth and,scrum,0.4877
558,562,like etzabeth and dutoy and the likes of them youve got to,scrum,0.4877
560,564,and dutoy and the likes of them youve got to be on your money,scrum,0.4877
562,566,be on your money many intriguing match,scrum,0.4877
564,568,many intriguing match ups we see scrum time,scrum,0.4877
566,570,match ups we see scrum time,scrum,0.4877
568,572,time there we get they won 34 scrum,0.0054,560.0
570,574,there we get they won 34 scrum this year coming into this tournament,0.0054,560.0
572,576,scrum this year coming into this tournament out of 34 but they lost one,0.0054,560.0
574,578,tournament out of 34 but they lost one of their own against romania and one against scotland,0.0054,560.0
576,580,one of their own against romania and one against scotland,normal_play,0.0
578,582,scotland ireland a quarter back,normal_play,0.0
580,584,ireland a quarter back he went early next one is a penalty wait for michael a kick to,normal_play,0.0
582,586,he went early next one is a penalty wait for michael a kick to the spring box,normal_play,0.0
584,588,to the spring box,normal_play,0.0
586,590,box,normal_play,0.0
588,592,another scrum we all came in early,normal_play,0.0
590,594,another scrum we all came in early wait for the call,normal_play,0.0
592,596,early wait for the call,normal_play,0.0
596,600,im next ones a,normal_play,0.0
598,602,im next ones a penalty waits for the timing of,normal_play,0.0
600,604,a penalty waits for the timing of the call kiczof wants to go,normal_play,0.0
602,606,of the call kiczof wants to go again id say furlough,normal_play,0.0
604,608,go again id say furlough wouldnt mind a bit of that theyll look,normal_play,0.0
606,610,furlough wouldnt mind a bit of that theyll look to right or wrong in this one take two,normal_play,0.0
608,612,look to right or wrong in this one take two,scrum,0.4588
610,614,two,scrum,0.4588
618,622,coach,scrum,0.4588
620,624,coach boyne,scrum,0.4588
622,626,boyne cid,scrum,0.4588
624,628,boyne cid keep it up now,normal_play,0.4032
626,630,cid keep it up now,normal_play,0.4032
628,632,now,normal_play,0.4032
630,634,chesman colby lurking behind faf de klaag,normal_play,0.4032
632,636,chesman colby lurking behind faf de klaag its come time visser picks up,normal_play,0.0
634,638,its come time visser picks up bashes,normal_play,0.0
636,640,up bashes his way upfield here here,normal_play,0.3502
638,642,bashes his way upfield here here here de klaag,normal_play,0.3502
640,644,here here de klaag looks for peter steffert to tweet,normal_play,0.3502
642,646,klaag looks for peter steffert to tweet stadapikas rugby player of the year three times,normal_play,0.3502
644,648,stadapikas rugby player of the year three times,normal_play,0.0
646,650,times okay use it,normal_play,0.0
648,652,okay use it bring on some dude,normal_play,0.4032
650,654,it bring on some dude box one,normal_play,0.4032
652,656,box one high again,normal_play,0.4032
654,658,one high again another excellent take,normal_play,0.4032
656,660,another excellent take and an absolutely eaten on the ground is,penalty,0.6128
658,662,take and an absolutely eaten on the ground is mack hanson,penalty,0.6128
660,664,is mack hanson violent,0.1461,648.0
662,666,violent,0.1461,648.0
664,668,youre fine youre on the wrong side youve got to roll quicker,normal_play,0.0
666,670,youre fine youre on the wrong side youve got to roll quicker if i want a reward too youre okay,normal_play,0.0
668,672,quicker if i want a reward too youre okay its just fours on the wrong side,normal_play,0.0
670,674,okay its just fours on the wrong side,normal_play,0.0
672,676,nice,normal_play,0.0
674,678,nice explain by ben o keefe the jackal,normal_play,0.0
676,680,nice explain by ben o keefe the jackal bongi on benambi on the,normal_play,0.4032
678,682,jackal bongi on benambi on the jackal which was legit i was really happy,normal_play,0.4032
680,684,the jackal which was legit i was really happy with that contest i thought he was off your arm i thought your,normal_play,0.4032
682,686,happy with that contest i thought he was off your arm i thought your elbow was up as well,normal_play,0.4032
684,688,your elbow was up as well but it was even etz tabeth just lying on,0.0054,680.0
686,690,but it was even etz tabeth just lying on the wrong side deemed,0.0054,680.0
688,692,on the wrong side deemed to be creating a hurdle,normal_play,0.0803
690,694,deemed to be creating a hurdle for the clearers were playing guys were going to keep playing,normal_play,0.0803
692,696,hurdle for the clearers were playing guys were going to keep playing what about that scrum,normal_play,0.0803
694,698,what about that scrum,normal_play,0.0803
696,700,scrum,normal_play,0.0
700,704,the irish forwards reckon that they took,normal_play,0.4032
702,706,the irish forwards reckon that they took great confidence from that win against,normal_play,0.4032
704,708,took great confidence from that win against south africa back in november,normal_play,0.4032
706,710,against south africa back in november even a couple of the backs have attended,normal_play,0.4032
708,712,november even a couple of the backs have attended the scrum sessions this week so some education,normal_play,0.0
710,714,the scrum sessions this week so some education in the dark arts of course south,normal_play,0.0
712,716,education in the dark arts of course south africa poses such a physical,normal_play,0.0
714,718,south africa poses such a physical challenge but theyre also technically smart,normal_play,0.0
716,720,physical challenge but theyre also technically smart so this is going to be a huge challenge for ireland,normal_play,0.0
718,722,smart so this is going to be a huge challenge for ireland,normal_play,0.0
724,728,yeah now there in their look on,lineout,0.4726
726,730,yeah now there in their look on some of the extras 11 players,lineout,0.4726
728,732,some of the extras 11 players from ireland 11 from south africa who played,normal_play,0.0
730,734,players from ireland 11 from south africa who played in that last game,normal_play,0.0
732,736,played in that last game well here tonight,normal_play,0.4032
734,738,well here tonight 1960 was a score there ireland winning by,normal_play,0.4032
736,740,tonight 1960 was a score there ireland winning by three traditionally been very close encounters over,normal_play,0.4032
738,742,by three traditionally been very close encounters over the top the fourth line,normal_play,0.4032
740,744,over the top the fourth line up goes to the right,normal_play,0.0
742,746,line up goes to the right for andy farrells side,normal_play,0.0
744,748,right for andy farrells side a worrying point for them so far in,normal_play,0.4032
746,750,a worrying point for them so far in this game,normal_play,0.4032
748,752,in this game franco mustard is at the back there,normal_play,0.4032
750,754,franco mustard is at the back there,normal_play,0.4032
752,756,there,normal_play,0.0
754,758,declack for the touch line,normal_play,0.0
756,760,declack for the touch line this time nice clearance from,normal_play,0.0
758,762,line this time nice clearance from the scrum off,normal_play,0.0
760,764,from the scrum off yes lovely techers,normal_play,0.0
762,766,yes lovely techers from fafter clerk there,normal_play,0.0
764,768,techers from fafter clerk there he managed to get his side up towards the,normal_play,0.0
766,770,he managed to get his side up towards the 10 from that position hes,normal_play,0.0
768,772,the 10 from that position hes admirable real concern,0.0054,768.0
770,774,hes admirable real concern for this ireland line up though,0.0054,768.0
772,776,concern for this ireland line up though and perhaps south africa wont mind pumping,normal_play,0.4032
774,778,and perhaps south africa wont mind pumping the ball at the sideline hes seen five,normal_play,0.4032
776,780,pumping the ball at the sideline hes seen five continues to put threat,normal_play,0.4032
778,782,five continues to put threat theyre going to go for a five man line out,normal_play,0.4032
780,784,theyre going to go for a five man line out see if they can,lineout,0.2811
782,786,see if they can get it right this time,lineout,0.2811
784,788,can get it right this time pressure on kelleher,0.0054,776.0
786,790,pressure on kelleher 25 year old,0.0054,776.0
788,792,25 year old hes 24th cap for ireland,normal_play,0.4032
790,794,old hes 24th cap for ireland can he find his,normal_play,0.4032
792,796,can he find his mark,normal_play,0.4032
794,798,his mark yes is the answer pidoh,normal_play,0.4032
796,800,yes is the answer pidoh mani with a great take in his 100th appearance,0.0054,768.0
798,802,pidoh mani with a great take in his 100th appearance and now flat ball in the middle from,0.0054,768.0
800,804,appearance and now flat ball in the middle from johnny sexton changes direction ringrose,normal_play,0.4032
802,806,from johnny sexton changes direction ringrose throws a dummy,normal_play,0.4032
804,808,ringrose throws a dummy,normal_play,0.4032
808,812,ireland carry with james ryan,normal_play,0.4032
810,814,ireland carry with james ryan,normal_play,0.4032
812,816,ryan players play over here for ireland in 2019,normal_play,0.4032
814,818,players play over here for ireland in 2019 khaleesi,normal_play,0.4032
816,820,khaleesi a real nuisance around the breakdown,normal_play,0.4032
818,822,khaleesi a real nuisance around the breakdown johnny sexton,normal_play,0.4032
820,824,johnny sexton nice dummy couple of,normal_play,0.4032
822,826,johnny sexton nice dummy couple of fakes and they go over the top here comes,normal_play,0.4032
824,828,of fakes and they go over the top here comes ireland now,normal_play,0.4032
826,830,comes ireland now beautiful bit of work hugo keenan,normal_play,0.4032
828,832,beautiful bit of work hugo keenan the fox gets very close,normal_play,0.4032
830,834,the fox gets very close does hugo hugo keenan akir is in there,normal_play,0.4032
832,836,does hugo hugo keenan akir is in there as well kelleher to the right,normal_play,0.4032
834,838,as well kelleher to the right here come the irish now,normal_play,0.4032
836,840,right here come the irish now kaylen doris,normal_play,0.4032
838,842,now kaylen doris,normal_play,0.4032
840,844,they get very very,normal_play,0.4032
842,846,they get very very close,normal_play,0.4032
844,848,very close,normal_play,0.4032
848,852,thats,0.0054,832.0
850,854,thats off the back of a fabulous sequence,0.0054,832.0
852,856,thats off the back of a fabulous sequence of attack,0.0054,832.0
854,858,sequence of attack they managed to get the line out right this,0.0054,832.0
856,860,they managed to get the line out right this time and then they were off and running what,0.0054,832.0
858,862,this time and then they were off and running what about the throw over the top,0.0054,832.0
860,864,what about the throw over the top and then that perfectly great ball,0.0054,832.0
862,866,and then that perfectly great ball and its hugo keenan with the fend,0.0054,832.0
864,868,and its hugo keenan with the fend the pirouette and so close,normal_play,0.0
866,870,the pirouette and so close guys times all up lets go please,normal_play,0.0
868,872,guys times all up lets go please,normal_play,0.0
870,874,please speaking to andy farrell pre match even,normal_play,0.0
872,876,speaking to andy farrell pre match even he wasnt sure if they were going to be,normal_play,0.0
874,878,even he wasnt sure if they were going to be able to play that attacking attractive,normal_play,0.0
876,880,be able to play that attacking attractive rugby that they have played in the third leg it was,normal_play,0.0
878,882,attractive rugby that they have played in the third leg it was two games given the physicality of the south,normal_play,0.0
880,884,two games given the physicality of the south african side but its pretty clear the,normal_play,0.0
882,886,south african side but its pretty clear the intent is there already as we see andre handre pollard,normal_play,0.0
884,888,the intent is there already as we see andre handre pollard there hes gone come back into,normal_play,0.0
886,890,handre pollard there hes gone come back into the south african squad officially as,normal_play,0.0
888,892,into the south african squad officially as a replacement for malcolm marks,normal_play,0.0
890,894,as a replacement for malcolm marks,normal_play,0.0
898,902,good hide the side,scrum,0.2592
900,904,good hide the side,scrum,0.2592
902,906,great audio there from the crowd as you see,scrum,0.2592
904,908,great audio there from the crowd as you see it andre handre pollard,scrum,0.2592
906,910,see it andre handre pollard,scrum,0.2592
908,912,amazing addition for cherabagasite,penalty,0.6128
910,914,amazing addition for cherabagasite kick 22 points to the rugby world,penalty,0.6128
912,916,kick 22 points to the rugby world cup final in 2019 against england,penalty,0.6128
914,918,cup final in 2019 against england recover from his past injury,penalty,0.6128
916,920,recover from his past injury,normal_play,0.0
918,922,penalty south africa at scrum time,normal_play,0.0
920,924,penalty south africa at scrum time hes gone again twice its now,0.0054,920.0
922,926,hes gone again twice its now a penalty yes wait for my call please,0.0054,920.0
924,928,now a penalty yes wait for my call please,0.0054,920.0
926,930,please,0.0054,920.0
930,934,another early engagement identification,normal_play,0.209
932,936,another early engagement identification from referee ben akeed i dont,normal_play,0.209
934,938,identification from referee ben akeed i dont think theres a problem when theyre down scrumaging at the moment,normal_play,0.209
936,940,dont think theres a problem when theyre down scrumaging at the moment its just the process obviously not,normal_play,0.0
938,942,moment its just the process obviously not quite o f a,normal_play,0.0
940,944,not quite o f a with mr o qus calls,normal_play,0.0
942,946,with mr o qus calls or something i need you to be able,normal_play,0.0
944,948,calls or something i need you to be able to adapt to the call its slow im waiting for balance,normal_play,0.0
946,950,able to adapt to the call its slow im waiting for balance and then you can go,normal_play,0.0
948,952,balance and then you can go i saw,lineout,0.3014
950,954,i saw green come first please adapt,lineout,0.3014
952,956,saw green come first please adapt thank you,lineout,0.3014
954,958,adapt thank you often its because theyre so desperate to meet the hit against,lineout,0.3014
956,960,often its because theyre so desperate to meet the hit against the strong scrumaging side they,normal_play,0.0
958,962,against the strong scrumaging side they dont want to lose that initial hit but at the moment theyre,normal_play,0.0
960,964,they dont want to lose that initial hit but at the moment theyre going early,normal_play,0.0
962,966,theyre going early,normal_play,0.0
964,968,the south african get their line with eben etzebeth,normal_play,0.0
966,970,the south african get their line with eben etzebeth in the front,normal_play,0.0
968,972,eben etzebeth in the front khaleesi now in midfield with,normal_play,0.0
970,974,khaleesi now in midfield with courageous captain tackle,normal_play,0.0
972,976,with courageous captain tackle got his knee on the ground tackle,normal_play,0.4032
974,978,got his knee on the ground tackle good,normal_play,0.4032
976,980,tackle good turnover good being pinched,normal_play,0.4032
978,982,good turnover good being pinched up the middle come ireland,normal_play,0.4032
980,984,pinched up the middle come ireland tight burn and then,1,976.0
982,986,tight burn and then ireland lose it did well to,1,976.0
984,988,then ireland lose it did well to stop the south african captain,1,976.0
986,990,to stop the south african captain knee was on the ground so tackle didnt you get a turnover,1,976.0
988,992,knee was on the ground so tackle didnt you get a turnover you get a good turnover knock on,1,976.0
990,994,turnover you get a good turnover knock on try to get my wrist,1,976.0
992,996,on try to get my wrist,1,976.0
994,998,were giving it to you girl,1,976.0
996,1000,were giving it to you girl its a crisp seed,1,976.0
998,1002,its a crisp seed from le vaux to his skipper talk to ronan,1,976.0
1000,1004,seed from le vaux to his skipper talk to ronan timing he was met pretty smartly,1,976.0
1002,1006,ronan timing he was met pretty smartly by kalan doris,1,976.0
1004,1008,smartly by kalan doris they try and do the hold up eventually it ends up being a,1,976.0
1006,1010,they try and do the hold up eventually it ends up being a ruck time,1,976.0
1008,1012,a ruck time off and then burn gets the steal,normal_play,0.0
1010,1014,time off and then burn gets the steal and its the off line i,normal_play,0.0
1012,1016,steal and its the off line i think he might have dropped one close to the line,normal_play,0.0
1014,1018,i think he might have dropped one close to the line hes shelled another its not going on,normal_play,0.0
1016,1020,hes shelled another its not going on ill keep working it was good defensive work,normal_play,0.0
1018,1022,on ill keep working it was good defensive work theyll be encouraged by that turnover first,normal_play,0.0
1020,1024,work theyll be encouraged by that turnover first phase,normal_play,0.0
1022,1026,first phase the bomb,normal_play,0.0
1024,1028,the bomb squad seven and one split on the bench,normal_play,0.0
1026,1030,bomb squad seven and one split on the bench so much chat about that of course,normal_play,0.0
1028,1032,bench so much chat about that of course since they use it against new zealand in,normal_play,0.0
1030,1034,since they use it against new zealand in the warm ups okay ireland,normal_play,0.0
1032,1036,in the warm ups okay ireland yeah seating at a premium,normal_play,0.0
1034,1038,yeah seating at a premium on that bench with,normal_play,0.0
1036,1040,premium on that bench with seven forwards taking up all the space,normal_play,0.0
1038,1042,with seven forwards taking up all the space tobias reinhardt the only,normal_play,0.0
1040,1044,space tobias reinhardt the only lucky back to make the cut,normal_play,0.0
1042,1046,only lucky back to make the cut but i love it i think it reminds,normal_play,0.0
1044,1048,but i love it i think it reminds us that rugby is about the skill set not just,normal_play,0.0
1046,1050,reminds us that rugby is about the skill set not just the number on your back i think thats a useful thing,normal_play,0.0
1048,1052,just the number on your back i think thats a useful thing to remind youngsters of,normal_play,0.0
1050,1054,thing to remind youngsters of you know dont think too much about the position,normal_play,0.0
1052,1056,you know dont think too much about the position youre playing its,normal_play,0.0
1054,1058,position youre playing its as much just what you bring to the game you bring that,normal_play,0.0
1056,1060,its as much just what you bring to the game you bring that wherever you play okay were ready to go,normal_play,0.0
1058,1062,that wherever you play okay were ready to go opposition fans,normal_play,0.0
1060,1064,opposition fans question the decision so im sad,normal_play,0.0
1062,1066,fans question the decision so im sad the but is nervous as a,normal_play,0.0
1064,1068,the but is nervous as a long tailed cat in a room filled with,0.7814,1064.0
1066,1070,a long tailed cat in a room filled with rocking chairs but it worked,0.7814,1064.0
1068,1072,with rocking chairs but it worked for them in the past,0.7814,1064.0
1070,1074,worked for them in the past ireland wait,0.7814,1064.0
1072,1076,ireland wait for the call its a good thing innovation,0.7814,1064.0
1074,1078,wait for the call its a good thing innovation its good for the game breaking the mould,0.7814,1064.0
1076,1080,its good for the game breaking the mould as weve seen the south africa team do before,0.7814,1064.0
1078,1082,as weve seen the south africa team do before its creative well,0.7814,1064.0
1080,1084,its creative well see how it goes over the course of this,normal_play,0.0
1082,1086,well see how it goes over the course of this game,normal_play,0.0
1084,1088,this game jacques nineber admit that,normal_play,0.0
1086,1090,jacques nineber admit that there was an element of risk to picking,normal_play,0.0
1088,1092,that there was an element of risk to picking a 7 1 split,scrum,0.4377
1090,1094,picking a 7 1 split on the bench but there was an element of risk,scrum,0.4377
1092,1096,split on the bench but there was an element of risk in everything in rugby you could get a red card early,scrum,0.2502
1094,1098,risk in everything in rugby you could get a red card early so it was a risk they were willing to,scrum,0.2502
1096,1100,early so it was a risk they were willing to take yeah you saw that thats true,scrum,0.2502
1098,1102,take yeah you saw that thats true nineber and,scrum,0.2502
1100,1104,true nineber and the,scrum,0.4377
1102,1106,and the brain stress of,scrum,0.4377
1104,1108,the brain stress of the springboks,1,1104.0
1106,1110,the springboks who of course won the last one,1,1104.0
1108,1112,springboks who of course won the last one played in seven of the,1,1104.0
1110,1114,played in seven of the nine rugby world cups up the clack comes to,1,1104.0
1112,1116,the nine rugby world cups up the clack comes to willemsa played,1,1104.0
1114,1118,to willemsa played fly off as well early in this tournament both,1,1104.0
1116,1120,played fly off as well early in this tournament both full backs having,1,1104.0
1118,1122,both full backs having some strong feet here comes the,1,1104.0
1120,1124,some strong feet here comes the giant frame of eben etzebeth that,1,1120.0
1122,1126,the giant frame of eben etzebeth that takes his shot as well to the ground,1,1120.0
1124,1128,takes his shot as well to the ground the clack,1,1120.0
1126,1130,the clack wanting a quicker ball,1,1120.0
1128,1132,clack wanting a quicker ball for livock to attack with,penalty,0.6128
1130,1134,for livock to attack with here comes umbenami nineber,penalty,0.6128
1132,1136,here comes umbenami nineber on the ball,penalty,0.6128
1134,1138,nineber on the ball wide ball from pfaff,penalty,0.6128
1136,1140,wide ball from pfaff finds adensep,normal_play,0.0
1138,1142,finds adensep good tackle low gets in as well,normal_play,0.0
1140,1144,good tackle low gets in as well its ireland that stopped,normal_play,0.0
1142,1146,well its ireland that stopped this attack and draw the penalty as,normal_play,0.0
1144,1148,stopped this attack and draw the penalty as well,normal_play,0.4032
1146,1150,as well,normal_play,0.4032
1150,1154,i always think back three players,normal_play,0.0
1152,1156,i always think back three players get particularly fired up when they get a turnover,normal_play,0.0
1154,1158,players get particularly fired up when they get a turnover james does really good over the ball,normal_play,0.0
1156,1160,turnover james does really good over the ball hes also got an absolutely,normal_play,0.0
1158,1162,hes also got an absolutely monster boot on him,normal_play,0.0
1160,1164,absolutely monster boot on him hes pretty smart with,normal_play,0.0
1162,1166,hes pretty smart with ball in hand as well,normal_play,0.0
1164,1168,with ball in hand as well such a weapon for this irish side,normal_play,0.1712
1166,1170,such a weapon for this irish side the defence has been good,normal_play,0.1712
1168,1172,the defence has been good,normal_play,0.1712
1170,1174,good the opening 16 or so minutes,normal_play,0.1712
1172,1176,the opening 16 or so minutes of this game,normal_play,0.0
1174,1178,minutes of this game,normal_play,0.0
1176,1180,game works,normal_play,0.0
1178,1182,works hard on the step here met you everyone at the front,normal_play,0.0
1180,1184,works hard on the step here met you everyone at the front cross over back,normal_play,0.0
1182,1186,front cross over back successful,normal_play,0.0
1184,1188,successful time tonight hes got a receiver two metres hes in,normal_play,0.0
1186,1190,successful time tonight hes got a receiver two metres hes in villain style gets his naughty feet out,normal_play,0.0
1188,1192,in villain style gets his naughty feet out theres the turnover manages to get a hand on,normal_play,0.0
1190,1194,out theres the turnover manages to get a hand on the ball supporting,normal_play,0.0
1192,1196,on the ball supporting his own weight nice and low great technique,normal_play,0.0
1194,1198,supporting his own weight nice and low great technique,normal_play,0.0
1196,1200,here we go,normal_play,0.0
1198,1202,here we go can ronan kelleher,normal_play,0.0
1200,1204,can ronan kelleher andrew come,0.7814,1200.0
1202,1206,andrew come down continue to get,0.7814,1200.0
1204,1208,come down continue to get line of possession here,0.7814,1200.0
1206,1210,get line of possession here its the irish side,0.7814,1200.0
1208,1212,its the irish side that have won 27 of 29 games in,lineout,0.4726
1210,1214,side that have won 27 of 29 games in the last two years only losing to new zealand and france,lineout,0.4726
1212,1216,in the last two years only losing to new zealand and france sit up off the mark,lineout,0.4726
1214,1218,france sit up off the mark managed to work a five man line up,lineout,0.4726
1216,1220,mark managed to work a five man line up earlier with a bit of movement and that was the key,normal_play,0.0
1218,1222,earlier with a bit of movement and that was the key,normal_play,0.0
1222,1226,again its movement this time they come right to the,penalty,0.6128
1224,1228,again its movement this time they come right to the front secure ball,penalty,0.6128
1226,1230,the front secure ball kelleher rips it away bundee aki steaming,penalty,0.6128
1228,1232,kelleher rips it away bundee aki steaming in,normal_play,0.0
1230,1234,steaming in what a bulldozer he is for,normal_play,0.0
1232,1236,what a bulldozer he is for the irish side but its south africa,normal_play,0.0
1234,1238,for the irish side but its south africa that are all over this one as,normal_play,0.0
1236,1240,that are all over this one as well both,normal_play,0.0
1238,1242,as well both sides winning breakdown penalty,normal_play,0.0
1240,1244,both sides winning breakdown penalty sevens on the good side nine,normal_play,0.0
1242,1246,penalty sevens on the good side nine careful youve got the penalty,normal_play,0.0
1244,1248,nine careful youve got the penalty here it is side,normal_play,0.0
1246,1250,it is side drop the ball a little raff,normal_play,0.0
1248,1252,drop the ball a little raff on the wrist for fafta clark for rubbing it,0.0054,1248.0
1250,1254,raff on the wrist for fafta clark for rubbing it in were having a penalty here,0.0054,1248.0
1252,1256,it in were having a penalty here expect nothing less from your nine,normal_play,0.1443
1254,1258,expect nothing less from your nine dont,normal_play,0.1443
1256,1260,dont get involved youve got the penalty,normal_play,0.1443
1258,1262,dont get involved youve got the penalty yeah i agree,normal_play,0.1443
1260,1264,yeah i agree so bandi,0.0054,1248.0
1262,1266,so bandi bundee aki coming on that hard line,0.0054,1248.0
1264,1268,bandi bundee aki coming on that hard line i mean he has been ridiculous so far theyve,normal_play,0.0
1266,1270,i mean he has been ridiculous so far theyve had two fairly comfortable games,normal_play,0.0
1268,1272,theyve had two fairly comfortable games but in those games,normal_play,0.0
1270,1274,games but in those games hes gone for about 268,normal_play,0.0
1272,1276,hes gone for about 268 metres just top of,lineout,0.3524
1274,1278,268 metres just top of the tree i think hes been,lineout,0.3524
1276,1280,of the tree i think hes been praised by anyone whos had him in their fantasy team,lineout,0.3524
1278,1282,been praised by anyone whos had him in their fantasy team because hes been scoring points,lineout,0.3524
1280,1284,team because hes been scoring points wholesale in that,normal_play,0.0
1282,1286,points wholesale in that hes,normal_play,0.0
1284,1288,hes a player you do not look past,normal_play,0.0
1286,1290,hes a player you do not look past johnny sexton also collecting,normal_play,0.0
1288,1292,johnny sexton also collecting a ton of points for the irish,normal_play,0.0
1290,1294,a ton of points for the irish side last time lebrooke finds,normal_play,0.0
1292,1296,irish side last time lebrooke finds arun sir flat ball jesse krilcum flying,normal_play,0.0
1294,1298,arun sir flat ball jesse krilcum flying in,normal_play,0.0
1296,1300,flying in the clack again nice ball,normal_play,0.4032
1298,1302,the clack again nice ball on the inside peter steff the,normal_play,0.4032
1300,1304,ball on the inside peter steff the toy and its,normal_play,0.4032
1302,1306,toy and its a spring box now they,normal_play,0.4032
1304,1308,its a spring box now they find themselves on the front foot,normal_play,0.4032
1306,1310,they find themselves on the front foot no no no and benanvi and eben etzebeth,normal_play,0.4032
1308,1312,foot no no no and benanvi and eben etzebeth in there as well between the legs,normal_play,0.4032
1310,1314,eben etzebeth in there as well between the legs lebrooke behind,normal_play,0.4032
1312,1316,legs lebrooke behind the back to dielendi,normal_play,0.0
1314,1318,behind the back to dielendi puts one to the ground,normal_play,0.0
1316,1320,dielendi puts one to the ground and the inside centre hes,normal_play,0.4032
1318,1322,and the inside centre hes a bulky frame as well,normal_play,0.4032
1320,1324,hes a bulky frame as well the hands down the chain,normal_play,0.4032
1322,1326,the hands down the chain a kick through from damian,normal_play,0.4032
1324,1328,a kick through from damian willemse and,normal_play,0.0
1326,1330,damian willemse and he has timed that to perfection,normal_play,0.0
1328,1332,and he has timed that to perfection,1,1328.0
1332,1336,no,1,1328.0
1334,1338,no it was okay real celebration,1,1328.0
1336,1340,it was okay real celebration the perfect,1,1328.0
1338,1342,celebration the perfect kick just staying the right side,1,1328.0
1340,1344,perfect kick just staying the right side of that flag in the corner,1,1328.0
1342,1346,of that flag in the corner come on down,1,1328.0
1344,1348,corner come on down,1,1328.0
1346,1350,trouble for,1,1328.0
1348,1352,trouble for gary ringrose hes,1,1328.0
1350,1354,for gary ringrose hes out of the line out hes out,1,1328.0
1352,1356,hes out of the line out hes out of the line out keep going jimmy,lineout,0.1718
1354,1358,out of the line out keep going jimmy line outs on,lineout,0.1718
1356,1360,jimmy line outs on,lineout,0.1718
1358,1362,on,lineout,0.1718
1362,1366,islands line out five out,normal_play,0.4032
1364,1368,islands line out five out again shortened numbers,normal_play,0.4032
1366,1370,again shortened numbers to secure possession,normal_play,0.4032
1368,1372,to secure possession,normal_play,0.4032
1370,1374,james ryan is accurate,normal_play,0.4032
1372,1376,james ryan is accurate gibson park moves it away here,normal_play,0.0
1374,1378,gibson park moves it away here comes cailan doris,normal_play,0.0
1376,1380,here comes cailan doris 25 year old island set,normal_play,0.4032
1378,1382,25 year old island set up the edge of strategy,normal_play,0.4032
1380,1384,set up the edge of strategy no its,normal_play,0.4032
1382,1386,strategy no its not great bearer,normal_play,0.4032
1384,1388,its not great bearer island in new zealand,normal_play,0.0
1386,1390,island in new zealand that one charged down,normal_play,0.0
1388,1392,that one charged down,normal_play,0.0
1390,1394,he was onside the whole time,normal_play,0.0
1392,1396,he was onside the whole time thank you jimmy,normal_play,0.0
1394,1398,time thank you jimmy,normal_play,0.0
1400,1404,its,lineout,0.1829
1402,1406,its a big obstacle isnt it when youre trying to box out,lineout,0.1829
1404,1408,a big obstacle isnt it when youre trying to box out of there,lineout,0.3827
1406,1410,out of there portman okay for two hes offside but just,lineout,0.3827
1408,1412,portman okay for two hes offside but just about right side of the line two minutes,normal_play,0.0
1410,1414,just about right side of the line two minutes its a real nuisance of line out time as,normal_play,0.0
1412,1416,minutes its a real nuisance of line out time as well,normal_play,0.0
1414,1418,as well,normal_play,0.0
1418,1422,inaccuracy at line out time,normal_play,0.0
1420,1424,inaccuracy at line out time for island could be very costly in this,normal_play,0.0
1422,1426,time for island could be very costly in this game,normal_play,0.0
1424,1428,this game,normal_play,0.0
1426,1430,this is the last attack for south africa,normal_play,0.0
1428,1432,this is the last attack for south africa that angle,normal_play,0.0
1430,1434,africa that angle krills coming on there its really,normal_play,0.0
1432,1436,krills coming on there its really nice the,normal_play,0.0
1434,1438,really nice the slight of hands,normal_play,0.0
1436,1440,the slight of hands from marni labot thats,normal_play,0.0
1438,1442,from marni labot thats the one that left gary,normal_play,0.0
1440,1444,thats the one that left gary ringrose feeling a little bit rusty,0.0054,1440.0
1442,1446,gary ringrose feeling a little bit rusty tried,0.0054,1440.0
1444,1448,rusty tried to put the big shot on damian d alandi,0.0054,1440.0
1446,1450,tried to put the big shot on damian d alandi,0.0054,1440.0
1448,1452,alandi not easy to do okay 13,0.0054,1440.0
1450,1454,not easy to do okay 13 green sub,0.0054,1440.0
1452,1456,13 green sub hia,0.0054,1440.0
1454,1458,hia in fact ringrose,0.0054,1440.0
1456,1460,in fact ringrose is going off for an hia,normal_play,0.0
1458,1462,is going off for an hia,normal_play,0.0
1460,1464,try to hit d alandi,normal_play,0.0
1462,1466,try to hit d alandi 106kg or so,normal_play,0.0
1464,1468,106kg or so,normal_play,0.0
1466,1470,so in,normal_play,0.0
1468,1472,in the mould of jean de villiers you,normal_play,0.0
1470,1474,in the mould of jean de villiers you might say who sat behind us here in the coventry,normal_play,0.0
1472,1476,might say who sat behind us here in the coventry box,normal_play,0.0
1474,1478,coventry box not a bad replacement in robbie henshaw,normal_play,0.0
1476,1480,not a bad replacement in robbie henshaw there as well for gary ringrose,normal_play,0.0
1478,1482,henshaw there as well for gary ringrose same message timing,normal_play,0.0
1480,1484,ringrose same message timing we also have rainer justeco,scrum,0.3786
1482,1486,timing we also have rainer justeco the great irish legend thats here as well,scrum,0.3786
1484,1488,justeco the great irish legend thats here as well didnt bring his boots he said,scrum,0.3786
1486,1490,didnt bring his boots he said still a rugby,scrum,0.3786
1488,1492,still a rugby world cup record holder with the irish side,scrum,0.3786
1490,1494,rugby world cup record holder with the irish side who have never got past the quarter finals,scrum,0.3786
1492,1496,side who have never got past the quarter finals in fact i wouldnt believe that,scrum,0.3596
1494,1498,finals in fact i wouldnt believe that team to form with this irish side,scrum,0.3596
1496,1500,that team to form with this irish side robbie henshaw coming in,scrum,0.3596
1498,1502,robbie henshaw coming in hell need all 70 caps experience,scrum,0.3596
1500,1504,hell need all 70 caps experience now 71 to,normal_play,0.0
1502,1506,experience now 71 to defend this scrum,normal_play,0.0
1504,1508,to defend this scrum,normal_play,0.0
1506,1510,the clap feeds for,normal_play,0.0
1508,1512,the clap feeds for south africa theyre up 3 0,normal_play,0.0
1510,1514,for south africa theyre up 3 0 21 minutes gone,normal_play,0.0
1512,1516,21 minutes gone d alandi goes up,0.1461,1512.0
1514,1518,d alandi goes up for the olders damian,0.1461,1512.0
1516,1520,up for the olders damian d alandi within 3 metres,0.1461,1512.0
1518,1522,damian d alandi within 3 metres south africa on the verge of scoring,0.1461,1512.0
1520,1524,south africa on the verge of scoring he just,0.1461,1512.0
1522,1526,scoring he just hit the toy stop and the balls been,0.1461,1512.0
1524,1528,just hit the toy stop and the balls been pitched as well that is excellent from,0.1461,1512.0
1526,1530,pitched as well that is excellent from ireland,0.1461,1512.0
1528,1532,from ireland,0.1461,1520.0
1534,1538,south africa scrum taking back,normal_play,0.0
1536,1540,south africa scrum taking back south africa scrum,normal_play,0.0
1538,1542,back south africa scrum no its been ripped by,normal_play,0.0
1540,1544,no its been ripped by green 11 and its gone back,normal_play,0.0
1542,1546,by green 11 and its gone back into end goal,normal_play,0.0
1544,1548,back into end goal,normal_play,0.0
1546,1550,damian d alandi is taking,normal_play,0.0
1548,1552,damian d alandi is taking out ireland players one by one,normal_play,0.0
1550,1554,taking out ireland players one by one,normal_play,0.0
1554,1558,jimmy moulin leboc pre calling im,normal_play,0.0
1556,1560,jimmy moulin leboc pre calling im pretty sure he was saying you come back against,normal_play,0.0
1558,1562,im pretty sure he was saying you come back against the angle and he almost pre called the step,normal_play,0.0
1560,1564,against the angle and he almost pre called the step running into johnny johnny sexton,normal_play,0.0
1562,1566,running into johnny johnny sexton he put a good shoulder contact,normal_play,0.0
1564,1568,johnny sexton he put a good shoulder contact but its come off second best,normal_play,0.0
1566,1570,contact but its come off second best james low in there again,normal_play,0.0
1568,1572,james low in there again doing a bit of back row work,normal_play,0.0
1570,1574,again doing a bit of back row work maybe save,normal_play,0.0
1572,1576,maybe save the score,normal_play,0.0
1574,1578,save the score you know what will happen,normal_play,0.0
1576,1580,you know what will happen thank you real worrying times for,normal_play,0.0
1578,1582,thank you real worrying times for johnny johnny sexton the captain of ireland,normal_play,0.0
1580,1584,for johnny johnny sexton the captain of ireland one of the most decorated players,normal_play,0.0
1582,1586,one of the most decorated players in the world hes,normal_play,0.0
1584,1588,players in the world hes for cranky world cup,normal_play,0.0
1586,1590,hes for cranky world cup,normal_play,0.0
1588,1592,cup,normal_play,0.0
1592,1596,okay south africa time to go back on please,normal_play,0.0
1594,1598,okay south africa time to go back on please ireland time,normal_play,0.0
1596,1600,please ireland time to go back on please,normal_play,0.0
1598,1602,time to go back on please well in the,normal_play,0.0
1600,1604,well in the balls live this game is being played at,1,1600.0
1602,1606,the balls live this game is being played at a brilliant pace a,1,1600.0
1604,1608,at a brilliant pace a great tempo the ball is gone but you see theyre,1,1600.0
1606,1610,great tempo the ball is gone but you see theyre putting their hands in the ground so were going to go,1,1600.0
1608,1612,theyre putting their hands in the ground so were going to go for second i agree but,1,1600.0
1610,1614,go for second i agree but were not going to have the ball in the back ill say use it,1,1600.0
1612,1616,but were not going to have the ball in the back ill say use it french legend,1,1600.0
1614,1618,french legend no no,1,1600.0
1616,1620,legend no no its taken back into end goal by green,1,1616.0
1618,1622,its taken back into end goal by green ive,1,1616.0
1620,1624,ive heard you ive heard you,1,1616.0
1622,1626,ive heard you ive heard you theres the marcus in the middle,1,1616.0
1624,1628,theres the marcus in the middle other legends in the house rory mcilroy from,1,1616.0
1626,1630,other legends in the house rory mcilroy from ireland michael flatley,1,1616.0
1628,1632,from ireland michael flatley the celebrated irish dancer is here as well,1,1616.0
1630,1634,flatley the celebrated irish dancer is here as well,1,1616.0
1632,1636,well,normal_play,0.0
1634,1638,hes on the back,normal_play,0.0
1636,1640,hes on the back hes on the back see the way marnie lebarc has just,normal_play,0.0
1638,1642,hes on the back see the way marnie lebarc has just got his eyes a widened,normal_play,0.0
1640,1644,just got his eyes a widened at this area of the park when he knows hes getting the,scrum,0.3046
1642,1646,widened at this area of the park when he knows hes getting the chance to create something,scrum,0.3046
1644,1648,the chance to create something just at his fast pace,scrum,0.1912
1646,1650,just at his fast pace energising presence in this south,scrum,0.1912
1648,1652,pace energising presence in this south african back line hes got,scrum,0.1912
1650,1654,south african back line hes got villams in behind him here,scrum,0.1912
1652,1656,got villams in behind him here goal,scrum,0.3046
1654,1658,goal goal,scrum,0.3046
1656,1660,goal goal goal goal,normal_play,0.0
1658,1662,goal goal goal goal goal,normal_play,0.0
1660,1664,goal,normal_play,0.0
1662,1666,goal,normal_play,0.0
1664,1668,goal,normal_play,0.0
1666,1670,goal goal,normal_play,0.0
1668,1672,goal goal,normal_play,0.4032
1670,1674,goal goal,normal_play,0.4032
1672,1676,sherwood,normal_play,0.4032
1674,1678,sherwood sherwood no,normal_play,0.4032
1676,1680,sherwood sherwood no no,normal_play,0.0
1678,1682,no no,normal_play,0.0
1680,1684,no,normal_play,0.4032
1682,1686,no van is over,normal_play,0.4032
1684,1688,no van is over,normal_play,0.4032
1686,1690,no no life big,normal_play,0.4032
1688,1692,no no life big step of his left gets rid of one,0.7814,1688.0
1690,1694,big step of his left gets rid of one does the fullback for south,0.7814,1688.0
1692,1696,one does the fullback for south africa vissar,normal_play,0.4032
1694,1698,south africa vissar skips mostad goes to,normal_play,0.4032
1696,1700,vissar skips mostad goes to steven kitschoff the one they call the,normal_play,0.4032
1698,1702,to steven kitschoff the one they call the angry plump,normal_play,0.4032
1700,1704,the angry plump khaleesi takes goes low,0.7814,1688.0
1702,1706,khaleesi takes goes low bounces out of a couple,0.7814,1688.0
1704,1708,low bounces out of a couple and a spill has come in there,0.7814,1680.0
1706,1710,couple and a spill has come in there as well,0.7814,1680.0
1708,1712,there as well,0.7814,1680.0
1714,1718,i did,normal_play,0.0
1716,1720,i did not see him move,normal_play,0.0
1718,1722,did not see him move this is the set piece its creel again,normal_play,0.0
1720,1724,this is the set piece its creel again piercing through the middle what a,normal_play,0.0
1722,1726,again piercing through the middle what a tackle from bandi bundee aki,normal_play,0.0
1724,1728,a tackle from bandi bundee aki chops him down eyes on,normal_play,0.0
1726,1730,chops him down eyes on gets low takes the legs,normal_play,0.0
1728,1732,on gets low takes the legs that is fabulous,normal_play,0.0
1730,1734,that is fabulous from both centres,normal_play,0.0
1732,1736,from both centres for all money,normal_play,0.0
1734,1738,for all money that was going to be a score heres the turnover,normal_play,0.0
1736,1740,money that was going to be a score heres the turnover knock on in there,normal_play,0.0
1738,1742,knock on in there james os fired,normal_play,0.0
1740,1744,there james os fired up and why not the ireland defence,normal_play,0.0
1742,1746,fired up and why not the ireland defence keeping them out just,normal_play,0.0
1744,1748,defence keeping them out just about at the moment,0.0054,1744.0
1746,1750,just about at the moment the timings much better ireland good,0.0054,1744.0
1748,1752,moment the timings much better ireland good patience thats the call,0.0054,1744.0
1750,1754,good patience thats the call,0.0054,1744.0
1766,1770,five,0.0054,1768.0
1768,1772,five,0.0054,1768.0
1770,1774,five,0.0054,1768.0
1772,1776,six,normal_play,0.4032
1774,1778,six,normal_play,0.4032
1776,1780,six,normal_play,0.4032
1780,1784,last side full noise,0.0054,1768.0
1782,1786,last side full noise here its dr france johnny sexton,0.0054,1768.0
1784,1788,here its dr france johnny sexton whoops and why k9 hold,normal_play,0.4032
1786,1790,whoops and why k9 hold kick downfield by hugo hugo keenan the former,normal_play,0.4032
1788,1792,kick downfield by hugo hugo keenan the former sevens international,normal_play,0.4032
1790,1794,former sevens international ireland work their,normal_play,0.4032
1792,1796,ireland work their way up the field jimmy control,0.0054,1792.0
1794,1798,their way up the field jimmy control that out,0.0054,1792.0
1796,1800,control that out,0.0054,1792.0
1798,1802,out thats nifty,0.0054,1792.0
1800,1804,thats nifty yeah it is now okay he must,0.0054,1792.0
1802,1806,yeah it is now okay he must have good space south african back throwers are starting,0.0054,1792.0
1804,1808,must have good space south african back throwers are starting back to cover the kick but as the,0.0054,1792.0
1806,1810,starting back to cover the kick but as the back is the back shift it,0.0054,1792.0
1808,1812,the back is the back shift it means the back three,lineout,0.3027
1810,1814,it means the back three of south africa have to come up which then leaves that backfield,lineout,0.3027
1812,1816,three of south africa have to come up which then leaves that backfield space i actually think hugo hugo keenan,lineout,0.3027
1814,1818,backfield space i actually think hugo hugo keenan is so skillful he probably would have wanted that to,lineout,0.3027
1816,1820,hugo keenan is so skillful he probably would have wanted that to roll into the 22 by his own,0.0054,1816.0
1818,1822,to roll into the 22 by his own standards hes been so impressive really,0.0054,1816.0
1820,1824,standards hes been so impressive really making that 15 jersey his own,0.0054,1816.0
1822,1826,really making that 15 jersey his own,0.0054,1816.0
1824,1828,south africa solid,normal_play,0.4032
1826,1830,south africa solid with khaleesi,normal_play,0.4032
1828,1832,solid with khaleesi so tackle,normal_play,0.4032
1830,1834,so tackle no your hands,normal_play,0.4032
1832,1836,tackle no your hands it no yeah thank you,normal_play,0.4032
1834,1838,hands it no yeah thank you clack monty leboc goes,normal_play,0.4032
1836,1840,clack monty leboc goes to the sky kirtley arunso,normal_play,0.4032
1838,1842,goes to the sky kirtley arunso comes down what a,normal_play,0.4032
1840,1844,arunso comes down what a contest that is arunso,normal_play,0.4032
1842,1846,a contest that is arunso wins it another international sevens,normal_play,0.4032
1844,1848,arunso wins it another international sevens player lining it up here at,normal_play,0.4032
1846,1850,sevens player lining it up here at the rugby world cup,normal_play,0.4032
1848,1852,at the rugby world cup low thought about a,normal_play,0.0
1850,1854,low thought about a ireland,normal_play,0.0
1852,1856,a ireland under pressure in their 22,normal_play,0.4032
1854,1858,ireland under pressure in their 22,normal_play,0.4032
1856,1860,22 josh vanderfleet with a,normal_play,0.4032
1858,1862,josh vanderfleet with a head chair is there as well,normal_play,0.4032
1860,1864,a head chair is there as well world rugby player of the year in 2022,0.1461,1856.0
1862,1866,well world rugby player of the year in 2022,0.1461,1856.0
1864,1868,2022 johnny sexton,normal_play,0.2487
1866,1870,johnny sexton just telling,normal_play,0.2487
1868,1872,johnny sexton just telling his forwards and back no take a step five,normal_play,0.2487
1870,1874,telling his forwards and back no take a step five five four jamison gibson,normal_play,0.2487
1872,1876,five five four jamison gibson park use it nine,normal_play,0.0
1874,1878,gibson park use it nine no youre still,normal_play,0.0
1876,1880,no youre still off take a step behind the foot thats,normal_play,0.4032
1878,1882,still off take a step behind the foot thats fine thats fine,normal_play,0.4032
1880,1884,thats fine thats fine eben etzebeth gets close,normal_play,0.4032
1882,1886,eben etzebeth gets close puts under pressure,normal_play,0.4032
1884,1888,puts under pressure,normal_play,0.0
1886,1890,pressure on the ground knocked on by south africa,normal_play,0.0
1888,1892,on the ground knocked on by south africa,normal_play,0.0
1890,1894,goes forward in the air,normal_play,0.0
1892,1896,goes forward in the air thats his 14,normal_play,0.0
1894,1898,air thats his 14 almost feel,normal_play,0.0
1896,1900,almost feel how nerve racking that must be,normal_play,0.0
1898,1902,feel how nerve racking that must be for gibson park trying to,normal_play,0.0
1900,1904,be for gibson park trying to box kick under that,normal_play,0.0
1902,1906,to box kick under that pressure eben etzebeth yes,normal_play,0.0
1904,1908,that pressure eben etzebeth yes,0.1461,1904.0
1906,1910,yes hugo keane potentially,0.1461,1904.0
1908,1912,hugo keane potentially playing,0.1461,1904.0
1910,1914,playing arunso in the air there thats pressure,0.1461,1904.0
1912,1916,playing arunso in the air there thats pressure i mean that causes,0.1461,1904.0
1914,1918,pressure i mean that causes gibson park to have to put thumbs off different,0.1461,1904.0
1916,1920,gibson park to have to put thumbs off different trajectory on his kicks hes got to almost go straight,0.1461,1904.0
1918,1922,different trajectory on his kicks hes got to almost go straight up in the air which is why the ball dropped,0.1461,1904.0
1920,1924,straight up in the air which is why the ball dropped only about 10 meters ahead of,normal_play,0.0
1922,1926,dropped only about 10 meters ahead of where the rock was,normal_play,0.0
1924,1928,of where the rock was but iris chase is able to get,normal_play,0.0
1926,1930,but iris chase is able to get up and make a mess of it,normal_play,0.0
1928,1932,get up and make a mess of it yes so electric to,normal_play,0.0
1930,1934,yes so electric to see kirtley 12 try,normal_play,0.0
1932,1936,see kirtley 12 try in 12 games,normal_play,0.0
1934,1938,try in 12 games brad,normal_play,0.0
1936,1940,brad did you mention hugo keane hes,normal_play,0.0
1938,1942,brad did you mention hugo keane hes been 10 try on the score,normal_play,0.0
1940,1944,hes been 10 try on the score for his country,normal_play,0.0
1942,1946,score for his country,normal_play,0.0
1944,1948,cross,normal_play,0.0
1946,1950,cross the olympic games coming here next,normal_play,0.0
1948,1952,cross the olympic games coming here next year to france to this very stadium sevens,normal_play,0.0
1950,1954,next year to france to this very stadium sevens will be played here inside,normal_play,0.0
1952,1956,sevens will be played here inside start de france,normal_play,0.0
1954,1958,inside start de france what an occasion absolutely,normal_play,0.0
1956,1960,what an occasion absolutely,normal_play,0.0
1958,1962,absolutely okay were going to restart with the scrum,normal_play,0.0
1960,1964,okay were going to restart with the scrum ollumbo,normal_play,0.0
1962,1966,scrum ollumbo,normal_play,0.0
1964,1968,hell be,normal_play,0.0
1966,1970,hell be here watching the sevens in the olympics next year,normal_play,0.0
1968,1972,be here watching the sevens in the olympics next year no doubt hes going to be absolutely rocking hes going,0.1461,1968.0
1970,1974,year no doubt hes going to be absolutely rocking hes going to be kicking off the olympics feet under,0.1461,1968.0
1972,1976,to be kicking off the olympics feet under his feet,0.1461,1968.0
1974,1978,under his feet need to come under your elbow needs to come up thats,0.1461,1968.0
1976,1980,feet need to come under your elbow needs to come up thats the message okay,0.1461,1968.0
1978,1982,thats the message okay willie larue is not in the 22 today,0.1461,1968.0
1980,1984,willie larue is not in the 22 today the 23 today i should say but,0.1461,1968.0
1982,1986,today the 23 today i should say but he is running the water for south africa,0.1461,1968.0
1984,1988,but he is running the water for south africa a couple of,normal_play,0.0
1986,1990,a couple of experienced water carriers out,normal_play,0.0
1988,1992,of experienced water carriers out there its keith earls i think,normal_play,0.0
1990,1994,out there its keith earls i think down there as well running water,normal_play,0.0
1992,1996,think down there as well running water for ireland so a couple of useful,0.0054,1992.0
1994,1998,water for ireland so a couple of useful wise old heads,0.0054,1992.0
1996,2000,useful wise old heads guys we need to run the water on both,0.0054,1992.0
1998,2002,heads guys we need to run the water on both teams,0.0054,1992.0
2000,2004,both teams lets go this,scrum,0.4877
2002,2006,lets go this is it please weve been waiting too long,scrum,0.4877
2004,2008,this is it please weve been waiting too long lets hit the scrum weve got the,scrum,0.4877
2006,2010,lets hit the scrum weve got the ball,scrum,0.4877
2008,2012,the ball nearly half an hour play 3 0,scrum,0.4877
2010,2014,nearly half an hour play 3 0 south african lead ireland,scrum,0.4877
2012,2016,0 south african lead ireland typically low affairs only,scrum,0.4877
2014,2018,typically low affairs only once in the 117 year history,scrum,0.4877
2016,2020,only once in the 117 year history of this fixture as the team produced,scrum,0.4877
2018,2022,history of this fixture as the team produced more than 50 points its,scrum,0.4877
2020,2024,produced more than 50 points its back in 2016,normal_play,0.4032
2022,2026,its back in 2016 may 2 26,normal_play,0.4032
2024,2028,may 2 26 south africa won that one,normal_play,0.4032
2026,2030,26 south africa won that one their last time theyve beaten,normal_play,0.4032
2028,2032,one their last time theyve beaten the irish gets in park rolls it,1,2024.0
2030,2034,beaten the irish gets in park rolls it backwards bundee aki again bursts through the line,1,2024.0
2032,2036,it backwards bundee aki again bursts through the line bundy bundee aki looking to go over halfway,normal_play,0.4032
2034,2038,line bundy bundee aki looking to go over halfway line bundee aki is a sensation,normal_play,0.4032
2036,2040,line bundee aki is a sensation in this game into the,normal_play,0.4032
2038,2042,sensation in this game into the 22 for ireland,normal_play,0.4032
2040,2044,the 22 for ireland gibson park,1,2016.0
2042,2046,gibson park saw a bunch of watchers,1,2016.0
2044,2048,park saw a bunch of watchers hes flying up on the right hand side,normal_play,0.3647
2046,2050,watchers hes flying up on the right hand side the right hand side numbers to,normal_play,0.3647
2048,2052,side the right hand side numbers to the left,normal_play,0.3647
2050,2054,to the left porter,normal_play,0.3647
2052,2056,porter for ireland can,normal_play,0.0
2054,2058,porter for ireland can they capitalise on their break by bundy bundee aki,normal_play,0.0
2056,2060,they capitalise on their break by bundy bundee aki he carries again delayed ball,normal_play,0.4032
2058,2062,bundee aki he carries again delayed ball you know manny is there,normal_play,0.4032
2060,2064,ball you know manny is there,normal_play,0.4032
2062,2066,there much better from this irish side,normal_play,0.4032
2064,2068,much better from this irish side a second carry again from andrew porter,normal_play,0.0
2066,2070,a second carry again from andrew porter debut in 2017,normal_play,0.0
2068,2072,debut in 2017,normal_play,0.4032
2070,2074,2017 johnny sexton crunched as he gives the inside,normal_play,0.4032
2072,2076,johnny sexton crunched as he gives the inside ball to james lowe,normal_play,0.4032
2074,2078,inside ball to james lowe,normal_play,0.4032
2076,2080,porter for the third time,normal_play,0.4032
2078,2082,porter for the third time the hits keep coming,normal_play,0.4032
2080,2084,time the hits keep coming gibson park,normal_play,0.3888
2082,2086,coming gibson park shifts it to the right as,normal_play,0.3888
2084,2088,park shifts it to the right as ireland try,normal_play,0.3888
2086,2090,as ireland try to make some progress here in the 22,normal_play,0.3888
2088,2092,try to make some progress here in the 22 johnny sexton just,0.7814,2088.0
2090,2094,johnny sexton just at wall of white jerseys,0.7814,2088.0
2092,2096,just at wall of white jerseys with dutoy again,normal_play,0.3642
2094,2098,jerseys with dutoy again,normal_play,0.3642
2096,2100,behind the back ball,normal_play,0.3642
2098,2102,behind the back ball trying to,normal_play,0.3642
2100,2104,ball trying to unlock josh vanderfleet,normal_play,0.4032
2102,2106,to unlock josh vanderfleet,normal_play,0.4032
2104,2108,johnny sexton,normal_play,0.4032
2106,2110,johnny sexton over the top he goes,normal_play,0.4032
2108,2112,johnny sexton over the top he goes bundy bundee aki yet again,normal_play,0.3705
2110,2114,bundy bundee aki yet again beautiful ball to lowe on the inside,normal_play,0.3705
2112,2116,beautiful ball to lowe on the inside needs help,normal_play,0.3705
2114,2118,needs help theres mustards all over,normal_play,0.3705
2116,2120,help theres mustards all over it an advantage for the irish,normal_play,0.4032
2118,2122,it an advantage for the irish side,normal_play,0.4032
2120,2124,irish side porter nice,normal_play,0.4032
2122,2126,porter nice dummy from the front row forward from leinster,normal_play,0.4032
2124,2128,nice dummy from the front row forward from leinster,normal_play,0.4032
2126,2130,leinster a free play here for the irish side,normal_play,0.4032
2128,2132,a free play here for the irish side with advantage gibson park,normal_play,0.4032
2130,2134,side with advantage gibson park across theyll go,normal_play,0.4032
2132,2136,across theyll go the cross kick from,normal_play,0.4032
2134,2138,go the cross kick from henshaw,normal_play,0.4032
2136,2140,from henshaw and ireland,penalty,0.6128
2138,2142,and ireland will come back,penalty,0.6128
2140,2144,ireland will come back youre always in,penalty,0.6128
2142,2146,youre always in contact with the tackler goes to ground,penalty,0.6128
2144,2148,in contact with the tackler goes to ground no clear release,normal_play,0.0
2146,2150,ground no clear release so even if he stays on his feet as,normal_play,0.0
2148,2152,so even if he stays on his feet as the tackle assist there hes throwing the guy,normal_play,0.0
2150,2154,as the tackle assist there hes throwing the guy to ground he has to release before he,normal_play,0.0
2152,2156,guy to ground he has to release before he can get on the ball bundy bundee aki have that for a,normal_play,0.0
2154,2158,he can get on the ball bundy bundee aki have that for a carry down the middle i thought he,normal_play,0.0
2156,2160,a carry down the middle i thought he was going to go all the way showed a clean set,normal_play,0.0
2158,2162,he was going to go all the way showed a clean set of heels the south african defence,normal_play,0.0
2160,2164,set of heels the south african defence got back in numbers and quickly so,normal_play,0.4032
2162,2166,defence got back in numbers and quickly so they could get off the line and start putting their,normal_play,0.4032
2164,2168,so they could get off the line and start putting their typical shots in there were,normal_play,0.4032
2166,2170,their typical shots in there were some brilliant tackle,normal_play,0.4032
2168,2172,were some brilliant tackle in there franz malhauver upending andrew,normal_play,0.0
2170,2174,tackle in there franz malhauver upending andrew porter amongst many,normal_play,0.0
2172,2176,andrew porter amongst many others,normal_play,0.0
2174,2178,many others,normal_play,0.0
2176,2180,we knew it was going to,normal_play,0.0
2178,2182,we knew it was going to be a tight affair weve only got three,normal_play,0.0
2180,2184,be a tight affair weve only got three points on the scoreboard so far,normal_play,0.0
2182,2186,three points on the scoreboard so far,normal_play,0.0
2184,2188,we get a look at the penalty there to,normal_play,0.0
2186,2190,we get a look at the penalty there to see he went all never released the,normal_play,0.0
2188,2192,to see he went all never released the tackle player before he then got on the ball,normal_play,0.0
2190,2194,the tackle player before he then got on the ball good spot,normal_play,0.0
2192,2196,ball good spot from ben o keefe,lineout,0.2763
2194,2198,spot from ben o keefe very quick theres some,lineout,0.2763
2196,2200,very quick theres some good news for ireland gary ringrose has passed,lineout,0.2763
2198,2202,some good news for ireland gary ringrose has passed his hia and will return to the,lineout,0.2763
2200,2204,passed his hia and will return to the field shortly,normal_play,0.0
2202,2206,the field shortly that is great news for the irish side,normal_play,0.0
2204,2208,that is great news for the irish side they crowd love that they kick for the corner,normal_play,0.4032
2206,2210,they crowd love that they kick for the corner because here comes callaghan,normal_play,0.4032
2208,2212,corner because here comes callaghan now to the front van der vleer,normal_play,0.4032
2210,2214,callaghan now to the front van der vleer peels around itzebeth hasnt,normal_play,0.4032
2212,2216,peels around itzebeth hasnt,normal_play,0.0
2214,2218,hasnt,normal_play,0.0
2216,2220,bundy bundee aki their most,normal_play,0.0
2218,2222,bundy bundee aki their most dangerous runner tonight,normal_play,0.0
2220,2224,most dangerous runner tonight still the irish wave,normal_play,0.4032
2222,2226,still the irish wave comes at south africa,normal_play,0.4032
2224,2228,wave comes at south africa,normal_play,0.4032
2226,2230,africa gibson park to the right,normal_play,0.4032
2228,2232,gibson park to the right,normal_play,0.0
2230,2234,forwards quickly,normal_play,0.0
2232,2236,forwards quickly regathering themselves for the next wave,normal_play,0.0
2234,2238,quickly regathering themselves for the next wave peter omahony,normal_play,0.0
2236,2240,wave peter omahony,normal_play,0.0
2238,2242,omahony gibson park,normal_play,0.0
2240,2244,gibson park looks both ways,normal_play,0.0
2242,2246,park looks both ways again its van der vleer,normal_play,0.0
2244,2248,again its van der vleer ireland,normal_play,0.0
2246,2250,vleer ireland inching their way closer to the,normal_play,0.0
2248,2252,ireland inching their way closer to the springbok trial line,try,1.0
2250,2254,the springbok trial line beautiful play johnny sexton throws a dummy,try,1.0
2252,2256,beautiful play johnny sexton throws a dummy he gets,try,1.0
2254,2258,dummy he gets so close to johnny johnny sexton,try,1.0
2256,2260,gets so close to johnny johnny sexton no there it is hes behind,try,1.0
2258,2262,johnny sexton no there it is hes behind,try,1.0
2260,2264,behind to the right no the numbers,try,1.0
2262,2266,to the right no the numbers there ireland will score,try,1.0
2264,2268,numbers there ireland will score and they put,normal_play,0.0
2266,2270,score and they put it down mack hanson,normal_play,0.0
2268,2272,it down mack hanson rubs one,normal_play,0.0
2270,2274,hanson rubs one in for the irish,normal_play,0.0
2272,2276,one in for the irish and the crowd erupts,normal_play,0.0
2274,2278,and the crowd erupts its got the bronze,normal_play,0.0
2276,2280,its got the bronze,normal_play,0.0
2280,2284,well,normal_play,0.0
2282,2286,well thats a beautiful bit of play,normal_play,0.0
2284,2288,well thats a beautiful bit of play johnny johnny sexton gets so close to,normal_play,0.0
2286,2290,johnny johnny sexton gets so close to scramble from south africa and it goes,normal_play,0.0
2288,2292,to scramble from south africa and it goes wide into the hands of the mustachioed,normal_play,0.0
2290,2294,wide into the hands of the mustachioed mack hanson who,normal_play,0.0
2292,2296,mustachioed mack hanson who gets over for irelands first score,normal_play,0.0
2294,2298,who gets over for irelands first score seven points,normal_play,0.0
2296,2300,score seven points if johnny sexton,normal_play,0.0
2298,2302,points if johnny sexton can pop this one over,normal_play,0.0
2300,2304,johnny sexton can pop this one over what a moment for,normal_play,0.0
2302,2306,what a moment for mack hanson born and bred in canberra,normal_play,0.0
2304,2308,for mack hanson born and bred in canberra australia he played super rugby for the,normal_play,0.0
2306,2310,canberra australia he played super rugby for the brumbies he was actually convinced to,normal_play,0.0
2308,2312,the brumbies he was actually convinced to come playing or go play in ireland by,normal_play,0.0
2310,2314,to come playing or go play in ireland by iconic coach andy friend,normal_play,0.0
2312,2316,by iconic coach andy friend he qualifies for ireland through his irish,normal_play,0.0
2314,2318,he qualifies for ireland through his irish born and he has another try on the,normal_play,0.0
2316,2320,irish born and he has another try on the big stage,normal_play,0.0
2318,2322,the big stage hes head of the head of this game,normal_play,0.0
2320,2324,hes head of the head of this game these type of games its probably everything,normal_play,0.0
2322,2326,these type of games its probably everything you dream of growing up,normal_play,0.0
2324,2328,everything you dream of growing up well he might have to,normal_play,0.0
2326,2330,well he might have to pitch himself okay thank you,normal_play,0.0
2328,2332,to pitch himself okay thank you so sit up and just keep working,goal_kick,0.8688
2330,2334,you so sit up and just keep working johnny johnny sexton from the,goal_kick,0.8688
2332,2336,johnny johnny sexton from the right hand side,goal_kick,0.8688
2334,2338,the right hand side i think weve got the right pitches at scrum,goal_kick,0.8688
2336,2340,i think weve got the right pitches at scrum,goal_kick,0.8688
2338,2342,he gave it in,goal_kick,0.8688
2340,2344,he gave it in 20 and nine in dublin for his country,goal_kick,0.8688
2342,2346,in 20 and nine in dublin for his country,goal_kick,0.8688
2344,2348,country four six nations titles,normal_play,0.0
2346,2350,four six nations titles there are too,normal_play,0.0
2348,2352,titles there are too many other titles to list right now as,normal_play,0.0
2350,2354,too many other titles to list right now as he lines up the extra two,normal_play,0.0
2352,2356,as he lines up the extra two does johnny sexton,normal_play,0.0
2354,2358,two does johnny sexton its straight through the middle its irelands,normal_play,0.0
2356,2360,its straight through the middle its irelands seventh south africa three,normal_play,0.0
2358,2362,irelands seventh south africa three and,normal_play,0.0
2360,2364,and the flags offline at,normal_play,0.0
2362,2366,and the flags offline at 35 minutes,normal_play,0.0
2364,2368,at 35 minutes its a fifth pass to james lowe,kick_off,0.5159
2366,2370,its a fifth pass to james lowe across the face of the defenders it cut,kick_off,0.5159
2368,2372,lowe across the face of the defenders it cut out about three defenders that pass james,kick_off,0.5159
2370,2374,cut out about three defenders that pass james lowe just holding his feet good hands,kick_off,0.5159
2372,2376,james lowe just holding his feet good hands the catch and pass,kick_off,0.5159
2374,2378,the catch and pass he felt like they,kick_off,0.5159
2376,2380,he felt like they earned that score some brilliant attack,kick_off,0.5159
2378,2382,they earned that score some brilliant attack really nice,kick_off,0.5159
2380,2384,attack really nice from the guys in,0.1461,2376.0
2382,2386,nice from the guys in,0.1461,2376.0
2384,2388,in the line ups as well,normal_play,0.4032
2386,2390,in the line ups as well hes paid full value for,normal_play,0.4032
2388,2392,well hes paid full value for their seven points,normal_play,0.4032
2390,2394,for their seven points khaleesi has it for south africa,normal_play,0.4032
2392,2396,points khaleesi has it for south africa and yelendi puts a,normal_play,0.0
2394,2398,africa and yelendi puts a kick over the top a one bounce,normal_play,0.0
2396,2400,a kick over the top a one bounce and just like that,normal_play,0.0
2398,2402,bounce and just like that the spring box putting,normal_play,0.0
2400,2404,the spring box putting on the pressure against ireland,normal_play,0.0
2402,2406,on the pressure against ireland,normal_play,0.0
2404,2408,okay south africa well weve seen,normal_play,0.0
2406,2410,okay south africa well weve seen some bullish touches from yelendi,normal_play,0.0
2408,2412,some bullish touches from yelendi with ball in hand that,0.0054,2408.0
2410,2414,yelendi with ball in hand that was a delicate one lovely little touch over,0.0054,2408.0
2412,2416,that was a delicate one lovely little touch over the top i dont mind that you,lineout,0.4327
2414,2418,over the top i dont mind that you know currently arun is out there,lineout,0.4327
2416,2420,you know currently arun is out there hell chase anything and,lineout,0.4327
2418,2422,there hell chase anything and hes,lineout,0.4327
2420,2424,and hes,0.0054,2408.0
2422,2426,hes quick,0.0054,2408.0
2424,2428,hes quick ronan kalaher to,penalty,0.6128
2426,2430,ronan kalaher to the middle uncontested,penalty,0.6128
2428,2432,to the middle uncontested gibson park,penalty,0.6128
2430,2434,uncontested gibson park ireland running upfield now,penalty,0.6128
2432,2436,ireland running upfield now doris,normal_play,0.0
2434,2438,doris penalty ireland this,normal_play,0.0
2436,2440,penalty ireland this will help them get down the field,normal_play,0.0
2438,2442,this will help them get down the field,normal_play,0.0
2440,2444,a,normal_play,0.0
2442,2446,a fabulous carry from doris,normal_play,0.0
2444,2448,a fabulous carry from doris it was dutoy,normal_play,0.1356
2446,2450,it was dutoy who was lying on the wrong,normal_play,0.1356
2448,2452,dutoy who was lying on the wrong side thats what can happen if you get the dominant,normal_play,0.1356
2450,2454,wrong side thats what can happen if you get the dominant carries so you get through the contact like,normal_play,0.1356
2452,2456,dominant carries so you get through the contact like that,normal_play,0.0
2454,2458,like that you can often leave tacklers,normal_play,0.0
2456,2460,you can often leave tacklers stranded on the wrong side and theyre always,0.0054,2456.0
2458,2462,stranded on the wrong side and theyre always liable to get penalty,0.0054,2456.0
2460,2464,always liable to get penalty the irish forwards on,0.0054,2456.0
2462,2466,the irish forwards on a 52,0.0054,2456.0
2464,2468,on a 52 on their gain line success so,0.0054,2456.0
2466,2470,on their gain line success so far in this tournament coming into this,0.0054,2456.0
2468,2472,so far in this tournament coming into this game talk about gain line success,0.0054,2456.0
2470,2474,this game talk about gain line success what a joy to have bandi,0.0054,2456.0
2472,2476,success what a joy to have bandi bundee aki in the centers,normal_play,0.0
2474,2478,bandi bundee aki in the centers what a joy to be watching him,normal_play,0.0
2476,2480,what a joy to be watching him lovely little change of pace on the width there,lineout,0.4726
2478,2482,him lovely little change of pace on the width there,lineout,0.4726
2480,2484,there one of the standout performers of this world,lineout,0.4726
2482,2486,one of the standout performers of this world cup so far bandi bundee aki,lineout,0.4726
2484,2488,world cup so far bandi bundee aki what,normal_play,0.0
2486,2490,what a venue for this cliffhanger,normal_play,0.0
2488,2492,what a venue for this cliffhanger ireland in the 15th match,normal_play,0.0
2490,2494,cliffhanger ireland in the 15th match windstreak currently johnny sexton,normal_play,0.0
2492,2496,windstreak currently johnny sexton theres bundee aki again flies into the,normal_play,0.4032
2494,2498,johnny sexton theres bundee aki again flies into the line,normal_play,0.4032
2496,2500,the line doris loops around gets a good ball and a,normal_play,0.4032
2498,2502,doris loops around gets a good ball and a good tackle in from khaleesi,normal_play,0.4032
2500,2504,a good tackle in from khaleesi gibson park changes direction,normal_play,0.0
2502,2506,gibson park changes direction bandi bundee aki,normal_play,0.0
2504,2508,direction bandi bundee aki again this time dierlendis there,normal_play,0.0
2506,2510,bundee aki again this time dierlendis there two of the,normal_play,0.0
2508,2512,two of the bulkier inside centers in world cup use it,normal_play,0.0
2510,2514,the bulkier inside centers in world cup use it,normal_play,0.0
2512,2516,it okay no,normal_play,0.4032
2514,2518,okay no down now javison gibson park,normal_play,0.4032
2516,2520,down now javison gibson park and replaces connor murray,normal_play,0.4032
2518,2522,park and replaces connor murray its come off the only change its a good ball,normal_play,0.4032
2520,2524,its come off the only change its a good ball thank you,normal_play,0.0
2522,2526,ball thank you ardenseur,normal_play,0.0
2524,2528,ardenseur lets,normal_play,0.4032
2526,2530,ardenseur lets go backwards,normal_play,0.4032
2528,2532,lets go backwards and david villimsa is there the fullback to tidy,normal_play,0.4032
2530,2534,and david villimsa is there the fullback to tidy up for south africa,normal_play,0.4032
2532,2536,tidy up for south africa first receiver,normal_play,0.0
2534,2538,first receiver juven eben etzebeth takes in,normal_play,0.0
2536,2540,juven eben etzebeth takes in a couple irish players,normal_play,0.4032
2538,2542,in a couple irish players,normal_play,0.4032
2540,2544,monnie leboc on the,normal_play,0.4032
2542,2546,monnie leboc on the left boot down the field trons,normal_play,0.4032
2544,2548,the left boot down the field trons for a counter here,normal_play,0.2967
2546,2550,trons for a counter here hugo keenan does really,normal_play,0.2967
2548,2552,hugo keenan does really well theres a fullback,normal_play,0.2967
2550,2554,really well theres a fullback so hes upended ringrose again,normal_play,0.2967
2552,2556,so hes upended ringrose again eben etzebeth,normal_play,0.0
2554,2558,again eben etzebeth has him such a,normal_play,0.0
2556,2560,eben etzebeth has him such a ferocious battle at the breakdown,normal_play,0.4032
2558,2562,a ferocious battle at the breakdown big ball over the top,normal_play,0.4032
2560,2564,big ball over the top,normal_play,0.4032
2562,2566,top james lowe puts a kick through,normal_play,0.4032
2564,2568,james lowe puts a kick through,normal_play,0.0
2566,2570,and this one will,normal_play,0.0
2568,2572,and this one will go out the back door,normal_play,0.0
2570,2574,go out the back door options,normal_play,0.0
2572,2576,options see ya he mentioned,normal_play,0.0
2574,2578,see ya he mentioned it during that passage down the battle of the breakdown,normal_play,0.0
2576,2580,mentioned it during that passage down the battle of the breakdown,normal_play,0.0
2578,2582,breakdown its,normal_play,0.0
2580,2584,its been so good already,normal_play,0.0
2582,2586,its been so good already so many strikes in the jackal which,normal_play,0.0
2584,2588,so many strikes in the jackal which means that everyone technically and,normal_play,0.0
2586,2590,which means that everyone technically and in terms of their urgency has got to be so good in attack,normal_play,0.0
2588,2592,and in terms of their urgency has got to be so good in attack as well,normal_play,0.0
2590,2594,attack as well such a great contest,normal_play,0.0
2592,2596,such a great contest this is what hugo keenan gives you,normal_play,0.0
2594,2598,contest this is what hugo keenan gives you the roaming runner,normal_play,0.0
2596,2600,the roaming runner,normal_play,0.0
2598,2602,runner,normal_play,0.0
2604,2608,youre watching the best players,normal_play,0.0
2606,2610,youre watching the best players in the world here tonight,normal_play,0.0
2608,2612,players in the world here tonight,scrum,0.4877
2618,2622,quarter,scrum,0.4877
2620,2624,quarter finals will take place here,scrum,0.4877
2622,2626,quarter finals will take place here october 14th and 15th,scrum,0.4877
2624,2628,here october 14th and 15th,scrum,0.4877
2626,2630,fine,scrum,0.4877
2628,2632,fine,normal_play,0.0
2634,2638,spong goes down,normal_play,0.4032
2636,2640,spong goes down the middle side still with south africa,normal_play,0.4032
2638,2642,down the middle side still with south africa here comes odense,normal_play,0.4032
2640,2644,africa here comes odense behind the back and the bock,0.0054,2632.0
2642,2646,behind the back and the bock close and wide to,0.0054,2632.0
2644,2648,bock close and wide to cheslin colby he,penalty,0.6128
2646,2650,to cheslin colby he spins out good tackle on him,penalty,0.6128
2648,2652,he spins out good tackle on him score to try in the,penalty,0.6128
2650,2654,score to try in the rugby world cup final in japan,penalty,0.6128
2652,2656,the rugby world cup final in japan last year,normal_play,0.0
2654,2658,japan last year the clock and that breakdown has been run by,normal_play,0.0
2656,2660,the clock and that breakdown has been run by ireland,0.0054,2656.0
2658,2662,by ireland and the crowd will let you know that,0.0054,2656.0
2660,2664,and the crowd will let you know that,0.0054,2656.0
2662,2666,that what a case in point,0.0054,2656.0
2664,2668,what a case in point thats jasper wieser on the carry,normal_play,0.4032
2666,2670,thats jasper wieser on the carry,normal_play,0.4032
2668,2672,carry yeah i know exactly what you mean,normal_play,0.4032
2670,2674,yeah i know exactly what you mean i saw the same picture hes at 60 cant,normal_play,0.4032
2672,2676,mean i saw the same picture hes at 60 cant believe it yeah im watching it im watching,normal_play,0.0
2674,2678,cant believe it yeah im watching it im watching it but hes not,normal_play,0.0
2676,2680,watching it but hes not an easy man to take down by any stretch,normal_play,0.0
2678,2682,not an easy man to take down by any stretch of the imagination and yet,normal_play,0.0
2680,2684,stretch of the imagination and yet he got shot there,normal_play,0.0
2682,2686,he got shot there van der vleer ended up sneaking,normal_play,0.0
2684,2688,van der vleer ended up sneaking in on the pill and robbing,normal_play,0.0
2686,2690,sneaking in on the pill and robbing it,normal_play,0.0
2688,2692,robbing it,normal_play,0.0
2690,2694,guys is it the final team,normal_play,0.0
2692,2696,guys is it the final team,normal_play,0.0
2694,2698,team timekeeper,normal_play,0.0
2696,2700,timekeeper well there he,normal_play,0.0
2698,2702,well there he is gets underneath but just before,normal_play,0.0
2700,2704,he is gets underneath but just before that was a brilliant display of tackling the,normal_play,0.0
2702,2706,before that was a brilliant display of tackling the back row just working together,normal_play,0.0
2704,2708,the back row just working together so nicely steven,lineout,0.4726
2706,2710,together so nicely steven steven its pretty,lineout,0.4726
2708,2712,steven steven its pretty similar to johnny johnny sextons reaction,lineout,0.4726
2710,2714,pretty similar to johnny johnny sextons reaction in back play you can just see exactly,lineout,0.4726
2712,2716,reaction in back play you can just see exactly what it means to irelands leaders,normal_play,0.4032
2714,2718,exactly what it means to irelands leaders peter omahony gave them a stirring,normal_play,0.4032
2716,2720,peter omahony gave them a stirring pump up before the game they,normal_play,0.4032
2718,2722,stirring pump up before the game they are here to play today they,normal_play,0.4032
2720,2724,they are here to play today they really are and so far the,normal_play,0.4032
2722,2726,they really are and so far the scoreboard shows that as well vandee aake,normal_play,0.4032
2724,2728,the scoreboard shows that as well vandee aake again goes,0.0054,2720.0
2726,2730,aake again goes in that middle channel,0.0054,2720.0
2728,2732,goes in that middle channel behind the,normal_play,0.4032
2730,2734,channel behind the backboard to van der vleer,normal_play,0.4032
2732,2736,the backboard to van der vleer ireland back,normal_play,0.4032
2734,2738,vleer ireland back to the right hand side they go,normal_play,0.4032
2736,2740,back to the right hand side they go porter is there,normal_play,0.0
2738,2742,porter is there just to skip ireland tackle just for,normal_play,0.0
2740,2744,just to skip ireland tackle just for this up gibson park,normal_play,0.4032
2742,2746,for this up gibson park johnny sexton quick hands,normal_play,0.4032
2744,2748,johnny sexton quick hands ty curlong,normal_play,0.4032
2746,2750,ty curlong the oxford bull is there,normal_play,0.4032
2748,2752,curlong the oxford bull is there james ryan,normal_play,0.0
2750,2754,james ryan catches forward,normal_play,0.0
2752,2756,ryan catches forward ryan is not gone peter stepter tour has,normal_play,0.0
2754,2758,ryan is not gone peter stepter tour has it difficult pass,normal_play,0.0
2756,2760,has it difficult pass for khaleesi to take,normal_play,0.0
2758,2762,pass for khaleesi to take almost its half time,normal_play,0.0
2760,2764,almost its half time ireland coming through here and that is,normal_play,0.2652
2762,2766,ireland coming through here and that is the first 40 minutes,normal_play,0.2652
2764,2768,is the first 40 minutes gone theyre in saint denis,normal_play,0.2652
2766,2770,gone theyre in saint denis north of paris,normal_play,0.2652
2768,2772,denis north of paris its the full b battle at the 2023,normal_play,0.0
2770,2774,its the full b battle at the 2023 rugby world cup we knew it would be,normal_play,0.0
2772,2776,2023 rugby world cup we knew it would be close and it is the half time score sees ireland,kick_off,0.5159
2774,2778,be close and it is the half time score sees ireland lead south africa 7 3 from,kick_off,0.5159
2776,2780,ireland lead south africa 7 3 from a packed start to france,kick_off,0.5159
2778,2782,from a packed start to france,kick_off,0.5159
2780,2784,last time ireland played south africa both countries,normal_play,0.4032
2782,2786,last time ireland played south africa both countries scored two try each in the second,normal_play,0.4032
2784,2788,countries scored two try each in the second half the difference being a single penalty,normal_play,0.4032
2786,2790,second half the difference being a single penalty by johnny johnny sexton tonight,normal_play,0.4032
2788,2792,penalty by johnny johnny sexton tonight its stuck to france its 7 3,normal_play,0.0
2790,2794,tonight its stuck to france its 7 3 ireland lead south africa,normal_play,0.0
2792,2796,3 ireland lead south africa mack hansen on the board for this,normal_play,0.3546
2794,2798,africa mack hansen on the board for this irish side a big second 40 awaits,normal_play,0.3546
2796,2800,this irish side a big second 40 awaits us metchie well,normal_play,0.3546
2798,2802,awaits us metchie well we knew it was going to be close previous meetings,normal_play,0.3546
2800,2804,well we knew it was going to be close previous meetings limited to a,penalty,0.6128
2802,2806,meetings limited to a gap of six at max,penalty,0.6128
2804,2808,a gap of six at max and the,1,2800.0
2806,2810,max and the crowd here stand to their feet,1,2800.0
2808,2812,the crowd here stand to their feet the balance in,1,2808.0
2810,2814,the balance in the crowds like tipped towards the irish perhaps,1,2808.0
2812,2816,in the crowds like tipped towards the irish perhaps,1,2808.0
2816,2820,theres,1,2808.0
2818,2822,theres this african legend,1,2808.0
2820,2824,theres this african legend familiar face,1,2808.0
2822,2826,familiar face we see him around the world in the 7th circuit,1,2808.0
2824,2828,we see him around the world in the 7th circuit brian havana one of,normal_play,0.4032
2826,2830,circuit brian havana one of the best to have done it out there on the,normal_play,0.4032
2828,2832,of the best to have done it out there on the ding a ling,normal_play,0.4032
2830,2834,the ding a ling record try scorer for,normal_play,0.4032
2832,2836,record try scorer for south africa he watches on,normal_play,0.0
2834,2838,for south africa he watches on bongi,normal_play,0.0
2836,2840,bongi mbenumbi gears,normal_play,0.0
2838,2842,bongi mbenumbi gears up for our second half,normal_play,0.0
2840,2844,gears up for our second half,normal_play,0.0
2842,2846,ringrose is good hes,normal_play,0.0
2844,2848,ringrose is good hes back on his feet,normal_play,0.0
2846,2850,hes back on his feet mosta,normal_play,0.0
2848,2852,mosta a big imposing south african forwards,normal_play,0.0
2850,2854,a big imposing south african forwards on this irish side,normal_play,0.0
2852,2856,on this irish side stacked with talented,lineout,0.4254
2854,2858,side stacked with talented players johnny sexton,lineout,0.4254
2856,2860,talented players johnny sexton their leader,lineout,0.4254
2858,2862,johnny sexton their leader,lineout,0.4254
2864,2868,all good see ya andy,normal_play,0.4032
2866,2870,all good see ya andy farrell looks on from ireland,normal_play,0.4032
2868,2872,andy farrell looks on from ireland youre watching the,normal_play,0.4032
2870,2874,youre watching the second half between ireland and south africa,normal_play,0.4032
2872,2876,the second half between ireland and south africa from studying start to france at,normal_play,0.0
2874,2878,africa from studying start to france at the 2023 rugby world cup,normal_play,0.0
2876,2880,at the 2023 rugby world cup ireland on the left lead 7,normal_play,0.0
2878,2882,ireland on the left lead 7 3 against south africa mandiaki with a,normal_play,0.0
2880,2884,7 3 against south africa mandiaki with a take welcome to the thrilling,normal_play,0.0
2882,2886,a take welcome to the thrilling pooleby matchup and down,normal_play,0.0
2884,2888,thrilling pooleby matchup and down the staff a pitch side natunidie is the right side,normal_play,0.0
2886,2890,down the staff a pitch side natunidie is the right side great britain olympia tom mitchell and here comes,normal_play,0.0
2888,2892,side great britain olympia tom mitchell and here comes bissa for south africa straight away so what,normal_play,0.0
2890,2894,comes bissa for south africa straight away so what pinori a quick pinch,normal_play,0.0
2892,2896,what pinori a quick pinch mosta pinori to,normal_play,0.0
2894,2898,mosta pinori to the line for the spring box,normal_play,0.0
2896,2900,to the line for the spring box and hold on,0.7814,2896.0
2898,2902,and hold on,0.7814,2896.0
2900,2904,fawes on the wrong side it kicks,0.7814,2896.0
2902,2906,fawes on the wrong side it kicks the ball coming out its a bit again in,0.7814,2896.0
2904,2908,kicks the ball coming out its a bit again in trouble fawes white yeah i saw,lineout,0.4726
2906,2910,in trouble fawes white yeah i saw that in the ruck fawes youre on the wrong side you impact the ball,lineout,0.4726
2908,2912,saw that in the ruck fawes youre on the wrong side you impact the ball coming out comes out on your side,lineout,0.4726
2910,2914,ball coming out comes out on your side we saw that penalty in the first,lineout,0.4726
2912,2916,side we saw that penalty in the first half the tackle line in the wrong side,normal_play,0.0
2914,2918,first half the tackle line in the wrong side i think he,normal_play,0.0
2916,2920,side i think he probably is a good call from the referee or,normal_play,0.0
2918,2922,he probably is a good call from the referee or from his assistant,normal_play,0.0
2920,2924,or from his assistant it did disrupt that ruckball for,normal_play,0.4032
2922,2926,it did disrupt that ruckball for ireland even,normal_play,0.4032
2924,2928,for ireland even hesterbeith came from a hell of a long way to,normal_play,0.4032
2926,2930,even hesterbeith came from a hell of a long way to make that first tackle he started on their,normal_play,0.4032
2928,2932,to make that first tackle he started on their own ten meet line so that he could hit the,normal_play,0.0
2930,2934,their own ten meet line so that he could hit the half way running just watching two people whos got a different ball,normal_play,0.0
2932,2936,the half way running just watching two people whos got a different ball just hoping theyre going to take it quick,normal_play,0.4032
2934,2938,ball just hoping theyre going to take it quick so hes running,normal_play,0.4032
2936,2940,quick so hes running at full tilt and he was the first to arrive to,normal_play,0.4032
2938,2942,running at full tilt and he was the first to arrive to make the hit on bundy bundee aki but then,normal_play,0.4032
2940,2944,to make the hit on bundy bundee aki but then slightly earlier than that,normal_play,0.0
2942,2946,then slightly earlier than that okay lets start with good spaces half there,normal_play,0.0
2944,2948,that okay lets start with good spaces half there he is lying on the wrong side see disrupting,normal_play,0.0
2946,2950,there he is lying on the wrong side see disrupting the ireland ruck,normal_play,0.0
2948,2952,disrupting the ireland ruck its a bit his ideal holiday isnt,normal_play,0.0
2950,2954,its a bit his ideal holiday isnt to the beaches of greece but to the jump,normal_play,0.0
2952,2956,isnt to the beaches of greece but to the jump heres coach jop he,normal_play,0.0
2954,2958,jump heres coach jop he number looks on,normal_play,0.0
2956,2960,he number looks on gallowhead to the back,normal_play,0.0
2958,2962,on gallowhead to the back thats a great line up from ireland,normal_play,0.0
2960,2964,thats a great line up from ireland bundee aki throws a short ball to,normal_play,0.0
2962,2966,ireland bundee aki throws a short ball to his centre partner ringrose,normal_play,0.0
2964,2968,to his centre partner ringrose and then gibson park puts one over,lineout,0.4383
2966,2970,and then gibson park puts one over the top its,lineout,0.4383
2968,2972,over the top its a very good kick from the irish,lineout,0.4383
2970,2974,its a very good kick from the irish number nine and its,lineout,0.4383
2972,2976,irish number nine and its south africa that are capped in their 22,normal_play,0.0
2974,2978,its south africa that are capped in their 22 lets go please,normal_play,0.0
2976,2980,lets go please,normal_play,0.0
2978,2982,please,normal_play,0.0
2980,2984,no changes to either side,normal_play,0.0
2982,2986,no changes to either side at half time so the south african bomb,normal_play,0.0
2984,2988,side at half time so the south african bomb sport theyre lying in wait its,0.0054,2984.0
2986,2990,bomb sport theyre lying in wait its never a ball,0.0054,2984.0
2988,2992,never a ball confirmed it it doesnt already out,0.0054,2984.0
2990,2994,confirmed it it doesnt already out,0.0054,2984.0
2992,2996,out,0.0054,2984.0
2994,2998,the suggestion was peter armani saying,0.0054,2984.0
2996,3000,the suggestion was peter armani saying that hit fast on his nose,0.0054,2984.0
2998,3002,that hit fast on his nose before it went out i think,0.0054,2984.0
3000,3004,nose before it went out i think it might have done you know looked like it did catch him,lineout,0.4726
3002,3006,think it might have done you know looked like it did catch him maybe it was just a lock of hair,lineout,0.4726
3004,3008,him maybe it was just a lock of hair thats bound to get,lineout,0.4726
3006,3010,thats bound to get in the way the fuf the clack,lineout,0.4726
3008,3012,get in the way the fuf the clack most of takes,normal_play,0.4032
3010,3014,clack most of takes is the captain siakalisi,normal_play,0.4032
3012,3016,is the captain siakalisi goes upfield,normal_play,0.4032
3014,3018,goes upfield south african player here at 20 21,normal_play,0.4032
3016,3020,south african player here at 20 21 captain south africa to a series win of the,0.0054,3008.0
3018,3022,captain south africa to a series win of the british and irish line some of these players were playing,0.0054,3008.0
3020,3024,the british and irish line some of these players were playing against south africa,normal_play,0.4032
3022,3026,playing against south africa hanson throws,normal_play,0.4032
3024,3028,hanson throws it to his full back hugo keenan,normal_play,0.4032
3026,3030,throws it to his full back hugo keenan cuts back in nicely they link well,normal_play,0.4032
3028,3032,hugo keenan cuts back in nicely they link well and then he runs it to his own player it was porter,normal_play,0.4032
3030,3034,well and then he runs it to his own player it was porter that wont count as a tackle but,normal_play,0.4032
3032,3036,that wont count as a tackle but ireland still with possession playing on,normal_play,0.4032
3034,3038,but ireland still with possession playing on peter armani johnny sexton,normal_play,0.4032
3036,3040,on peter armani johnny sexton,normal_play,0.4032
3038,3042,johnny sexton that is a nice kick yet again two,normal_play,0.4032
3040,3044,that is a nice kick yet again two in a row from the irish halfbacks,normal_play,0.0
3042,3046,two in a row from the irish halfbacks and hes saying its,normal_play,0.0
3044,3048,and hes saying its touched so he wants a piece of,normal_play,0.0
3046,3050,touched so he wants a piece of this line out,normal_play,0.0
3048,3052,of this line out whether they get it,lineout,0.4726
3050,3054,whether they get it or not thats,lineout,0.4726
3052,3056,it or not thats threaded that like a noodle down the touch line,lineout,0.4726
3054,3058,thats threaded that like a noodle down the touch line theres not really much on there look at,lineout,0.4726
3056,3060,line theres not really much on there look at the space hes aiming for there hes,maul,0.5412
3058,3062,at the space hes aiming for there hes pinned on an absolute sixpence so that bounces out,maul,0.5412
3060,3064,hes pinned on an absolute sixpence so that bounces out,maul,0.5412
3062,3066,out ok,maul,0.5412
3064,3068,ok youve got to stay out as we see they dont,normal_play,0.4032
3066,3070,ok youve got to stay out as we see they dont have one 65 caps for,normal_play,0.4032
3068,3072,dont have one 65 caps for south africa interference close by,normal_play,0.4032
3070,3074,for south africa interference close by in the line up ireland getting involved,normal_play,0.4032
3072,3076,in the line up ireland getting involved now against south africas,normal_play,0.4032
3074,3078,involved now against south africas,normal_play,0.4032
3076,3080,africas attack,normal_play,0.4032
3078,3082,africas attack hes got,normal_play,0.4032
3080,3084,hes got it off south africa through,normal_play,0.3842
3082,3086,got it off south africa through,normal_play,0.3842
3086,3090,fives the call,penalty,0.6128
3088,3092,fives the call its never a five,penalty,0.6128
3090,3094,its never a five,penalty,0.6128
3094,3098,armani getting up in front of esabet in,normal_play,0.0
3096,3100,armani getting up in front of esabet in that occasion easy task,normal_play,0.0
3098,3102,that occasion easy task fighting fire with fire line,normal_play,0.0
3100,3104,fighting fire with fire line out time a,normal_play,0.0
3102,3106,line out time a massive opportunity for the irish here,normal_play,0.0
3104,3108,massive opportunity for the irish here mossard returns the favour,normal_play,0.0
3106,3110,here mossard returns the favour peter steps it to a hazard for,normal_play,0.0
3108,3112,favour peter steps it to a hazard for south africa never on the ball just,normal_play,0.0
3110,3114,for south africa never on the ball just the body for the contest weve seen from,normal_play,0.0
3112,3116,just the body for the contest weve seen from the big men,normal_play,0.0
3114,3118,from the big men ok use it hold here,normal_play,0.0
3116,3120,ok use it hold here foster clack plays alongside jesse,normal_play,0.4032
3118,3122,foster clack plays alongside jesse creel in japan,normal_play,0.4032
3120,3124,jesse creel in japan inside glass,normal_play,0.4032
3122,3126,inside glass downtown is the kick to,normal_play,0.4032
3124,3128,downtown is the kick to the halfway line pinpoint from,normal_play,0.0
3126,3130,to the halfway line pinpoint from south africa the side of the half to me,normal_play,0.0
3128,3132,from south africa the side of the half to me,normal_play,0.0
3130,3134,me,normal_play,0.0
3134,3138,its an absolute master,goal_kick,0.8688
3136,3140,its an absolute master class in line out jump,goal_kick,0.8688
3138,3142,class in line out jump here at the moment the way the lifters are getting,goal_kick,0.8688
3140,3144,jump here at the moment the way the lifters are getting the speed with which those jumpers are getting the,goal_kick,0.8688
3142,3146,the speed with which those jumpers are getting the air the lifters are throwing them getting,goal_kick,0.8688
3144,3148,the air the lifters are throwing them getting right close together so theyre getting,goal_kick,0.8688
3146,3150,getting right close together so theyre getting the jumper to the maximum height,goal_kick,0.8688
3148,3152,getting the jumper to the maximum height look at that though six line outs lost,goal_kick,0.8688
3150,3154,look at that though six line outs lost for ireland,goal_kick,0.8688
3152,3156,lost for ireland,goal_kick,0.6723
3154,3158,ireland kelleher improves his stats,goal_kick,0.6723
3156,3160,kelleher improves his stats hes through the,goal_kick,0.6723
3158,3162,stats hes through the middle,goal_kick,0.6723
3160,3164,the middle on the flip,goal_kick,0.8688
3162,3166,on the flip bundee aki,goal_kick,0.8688
3164,3168,bundee aki comes in down to the halfway line,normal_play,0.4032
3166,3170,comes in down to the halfway line for the irish side,normal_play,0.4032
3168,3172,line for the irish side kelleher again,normal_play,0.4032
3170,3174,kelleher again takes on kicsoff,normal_play,0.4032
3172,3176,takes on kicsoff khaleesi comes,normal_play,0.3621
3174,3178,khaleesi comes in wants the pill,normal_play,0.3621
3176,3180,comes in wants the pill stays with the ball,0.0054,3176.0
3178,3182,stays with the ball lemenning green,0.0054,3176.0
3180,3184,lemenning green use it,0.0054,3176.0
3182,3186,use it sex them to the right hand side,0.0054,3176.0
3184,3188,sex them to the right hand side he lets his forwards attack a bit more,0.0054,3176.0
3186,3190,he lets his forwards attack a bit more,0.0054,3176.0
3188,3192,more penalty south africa,0.0054,3176.0
3190,3194,penalty south africa,0.0054,3176.0
3192,3196,hes well out of the way holding on,normal_play,0.0
3194,3198,hes well out of the way holding on five,normal_play,0.0
3196,3200,on five,normal_play,0.0
3198,3202,weve got some changes coming,normal_play,0.0
3200,3204,weve got some changes coming for south africa rg snimons,normal_play,0.0
3202,3206,for south africa rg snimons coming on so too is quagga smith and,normal_play,0.0
3204,3208,snimons coming on so too is quagga smith and so is jean klein,normal_play,0.0
3206,3210,and so is jean klein who has previously played at international,normal_play,0.0
3208,3212,who has previously played at international level for ireland so this is going to,normal_play,0.0
3210,3214,international level for ireland so this is going to be a very interesting experience,normal_play,0.0
3212,3216,to be a very interesting experience for him coming up against his,normal_play,0.0
3214,3218,experience for him coming up against his old nation,normal_play,0.0
3216,3220,his old nation three members of,normal_play,0.0
3218,3222,three members of the bomb squad about to,normal_play,0.0
3220,3224,of the bomb squad about to take the field here and theres khaleesi getting over,normal_play,0.0
3222,3226,to take the field here and theres khaleesi getting over it well,normal_play,0.0
3224,3228,over it well he just hesitated a little bit on that one because he wasnt sure,normal_play,0.0
3226,3230,well he just hesitated a little bit on that one because he wasnt sure if he was legal but there was nothing illegal,normal_play,0.0
3228,3232,sure if he was legal but there was nothing illegal about this,normal_play,0.0
3230,3234,illegal about this visa getting his legs nice,normal_play,0.0
3232,3236,visa getting his legs nice and wide to allow himself to get,normal_play,0.0
3234,3238,nice and wide to allow himself to get low over that rock,normal_play,0.0
3236,3240,get low over that rock theres the light you,normal_play,0.0
3238,3242,theres the light you mentioned no water,normal_play,0.0
3240,3244,you mentioned no water fafder klack will line up this penalty attempt,normal_play,0.0
3242,3246,fafder klack will line up this penalty attempt,normal_play,0.0
3244,3248,attempt third most,normal_play,0.0
3246,3250,third most capped so hes been scum off of all time,normal_play,0.0
3248,3252,most capped so hes been scum off of all time behind the lake youre still the best azen,0.0054,3248.0
3250,3254,behind the lake youre still the best azen and fareed dupriya the rugby,0.0054,3248.0
3252,3256,and fareed dupriya the rugby world cup winner,0.0054,3248.0
3254,3258,rugby world cup winner from inside,0.0054,3248.0
3256,3260,from inside hes off fafder klack,0.0054,3256.0
3258,3262,inside hes off fafder klack,0.0054,3256.0
3260,3264,its hit the upright its come bouncing,0.0054,3256.0
3262,3266,its hit the upright its come bouncing back and flying up,0.0054,3256.0
3264,3268,bouncing back and flying up there with cheslin colby force on africa,0.0054,3256.0
3266,3270,up there with cheslin colby force on africa somehow,0.0054,3256.0
3268,3272,africa somehow the spring box have it grill,0.0054,3256.0
3270,3274,somehow the spring box have it grill goes to the right umber nubbys there,0.0054,3256.0
3272,3276,grill goes to the right umber nubbys there this may work out better,scrum,0.4877
3274,3278,this may work out better for the spring box if they do score a try,scrum,0.4877
3276,3280,better for the spring box if they do score a try,scrum,0.34
3278,3282,try jasper visser crunches,scrum,0.34
3280,3284,jasper visser crunches forward the klack finds,scrum,0.34
3282,3286,crunches forward the klack finds etzibet whos picked up,scrum,0.34
3284,3288,finds etzibet whos picked up that is a pilot reel,normal_play,0.2697
3286,3290,up that is a pilot reel for social media yeah the,normal_play,0.2697
3288,3292,for social media yeah the nets of it,normal_play,0.0
3290,3294,the nets of it its been thrown out of the,normal_play,0.0
3292,3296,its been thrown out of the party,penalty,0.6128
3294,3298,the party,penalty,0.6128
3298,3302,damian,normal_play,0.0
3300,3304,damian,normal_play,0.0
3304,3308,time is a monster,normal_play,0.0
3306,3310,time is a monster boot from the klack,normal_play,0.0
3308,3312,monster boot from the klack four five and eight subs four five and,normal_play,0.0
3310,3314,klack four five and eight subs four five and eight bounce back absolute chaos,normal_play,0.0
3312,3316,and eight bounce back absolute chaos but how about this,normal_play,0.0
3314,3318,chaos but how about this the big tree uprooted,normal_play,0.0
3316,3320,this the big tree uprooted,normal_play,0.0
3318,3322,uprooted,normal_play,0.0
3320,3324,and its going to be his last play of the match,normal_play,0.0
3322,3326,and its going to be his last play of the match because hes coming off,normal_play,0.0
3324,3328,match because hes coming off hes going to be,normal_play,0.0
3326,3330,hes going to be angry hell be very angry about that,normal_play,0.0
3328,3332,be angry hell be very angry about that will he ever at etzibet,normal_play,0.0
3330,3334,will he ever at etzibet but the replacements are on,normal_play,0.0
3332,3336,but the replacements are on you mentioned that earlier,normal_play,0.0
3334,3338,you mentioned that earlier oxancher is also coming on as well,normal_play,0.0
3336,3340,oxancher is also coming on as well so thats four,normal_play,0.0
3338,3342,well so thats four replacements on the bench,normal_play,0.0
3340,3344,four replacements on the bench jean klein and gere,normal_play,0.0
3342,3346,jean klein and gere sneijmen and fafder smith as,normal_play,0.0
3344,3348,gere sneijmen and fafder smith as well there goes etzibet,scrum,0.4877
3346,3350,as well there goes etzibet the viking they call him,scrum,0.4877
3348,3352,the viking they call him and heres sneijmen plays,scrum,0.4877
3350,3354,him and heres sneijmen plays his rugby monster,scrum,0.4877
3352,3356,plays his rugby monster new prop nice and square hes,scrum,0.4877
3354,3358,new prop nice and square hes been lethal both defence but also,scrum,0.4877
3356,3360,hes been lethal both defence but also an attack hes,scrum,0.3105
3358,3362,also an attack hes offloading tight hit feet underneath,scrum,0.3105
3360,3364,hes offloading tight hit feet underneath a little injury oj sneijmen,scrum,0.3105
3362,3366,underneath a little injury oj sneijmen since 2019,scrum,0.3105
3364,3368,sneijmen since 2019 but made an impressive,normal_play,0.0
3366,3370,2019 but made an impressive impact on this world cup already and theres,normal_play,0.0
3368,3372,impressive impact on this world cup already and theres kwaka smith i,normal_play,0.0
3370,3374,theres kwaka smith i love watching him play the game an all rounder,normal_play,0.0
3372,3376,i love watching him play the game an all rounder he might seem slot in a few different positions,normal_play,0.0
3374,3378,rounder he might seem slot in a few different positions today we,normal_play,0.0
3376,3380,positions today we have the olympian kwaka smith,1,3376.0
3378,3382,we have the olympian kwaka smith and steven kitzhoff goes off the field,1,3376.0
3380,3384,smith and steven kitzhoff goes off the field so now seven months to mid,1,3376.0
3382,3386,field so now seven months to mid two first of all were going five for ireland,1,3376.0
3384,3388,mid two first of all were going five for ireland big jump,1,3384.0
3386,3390,big jump from the spring box,1,3384.0
3388,3392,jump from the spring box ireland pick it up the back,1,3384.0
3390,3394,ireland pick it up the back they hit the deck and south africa,1,3384.0
3392,3396,they hit the deck and south africa reward it,1,3384.0
3394,3398,africa reward it with a penalty five out,1,3384.0
3396,3400,with a penalty five out there it is,1,3384.0
3398,3402,there it is number 12,1,3384.0
3400,3404,is number 12 sealing hands on the ground,scrum,0.3534
3402,3406,12 sealing hands on the ground,scrum,0.3534
3404,3408,scrum,scrum,0.3534
3406,3410,scrum,scrum,0.3534
3408,3412,scrum and the,scrum,0.3534
3410,3414,scrum and the iq puts his hands up to seal it off,scrum,0.3534
3412,3416,the iq puts his hands up to seal it off were going to go again at,scrum,0.3004
3414,3418,were going to go again at scrum time,scrum,0.3004
3416,3420,at scrum time the south african engine,scrum,0.3004
3418,3422,the south african engine room fight out,scrum,0.3004
3420,3424,engine room fight out full force timing,try,1.0
3422,3426,full force timing they put the,try,1.0
3424,3428,timing they put the island pack on roller skates there,try,1.0
3426,3430,the island pack on roller skates there what a hit what a,try,1.0
3428,3432,what a hit what a shove theyve substituted,try,1.0
3430,3434,a shove theyve substituted south africa doing the business,try,1.0
3432,3436,substituted south africa doing the business,try,1.0
3446,3450,what a hit,normal_play,0.0
3448,3452,what a hit go,normal_play,0.0
3450,3454,go fine,normal_play,0.0
3452,3456,fine,normal_play,0.0
3454,3458,fine six its,normal_play,0.0
3456,3460,six its a sport that means so much to,normal_play,0.0
3458,3462,its a sport that means so much to these two countries,normal_play,0.0
3460,3464,to these two countries resit,normal_play,0.0
3462,3466,countries resit down far side,normal_play,0.0
3464,3468,resit down far side,normal_play,0.0
3466,3470,were down the far,normal_play,0.0
3468,3472,were down the far side were,normal_play,0.0
3470,3474,far side were going to move it over here very good,normal_play,0.0
3472,3476,were going to move it over here very good keep that,0.7814,3472.0
3474,3478,good keep that up,0.7814,3472.0
3476,3480,that up,0.7814,3472.0
3482,3486,same message weve got to keep the height to,0.7814,3472.0
3484,3488,same message weve got to keep the height to the side the both of you,0.7814,3472.0
3486,3490,to the side the both of you,0.7814,3472.0
3488,3492,you 100 metres to go watching the scrum,0.7814,3488.0
3490,3494,100 metres to go watching the scrum and being in them,0.7814,3488.0
3492,3496,scrum and being in them,0.7814,3488.0
3494,3498,ches,0.7814,3488.0
3496,3500,ches and colby right here in front of us on the far touchline,0.7814,3488.0
3498,3502,and colby right here in front of us on the far touchline but i think the action initially,0.7814,3488.0
3500,3504,touchline but i think the action initially at least is going to be up front,0.7814,3488.0
3502,3506,initially at least is going to be up front for the springboks,0.7814,3488.0
3504,3508,front for the springboks,normal_play,0.0
3506,3510,springboks crouch,normal_play,0.0
3508,3512,crouch fine,normal_play,0.0
3510,3514,fine sit,normal_play,0.0
3512,3516,sit elbow,normal_play,0.0
3514,3518,elbow up,normal_play,0.0
3516,3520,elbow up vantage leeson collapsing,normal_play,0.0
3518,3522,vantage leeson collapsing elbow ibonics for south africa,normal_play,0.0
3520,3524,collapsing elbow ibonics for south africa with four of their bomb squad members on the,normal_play,0.0
3522,3526,africa with four of their bomb squad members on the field the elendi beautiful ball,normal_play,0.0
3524,3528,the field the elendi beautiful ball on the outside,normal_play,0.0
3526,3530,ball on the outside south africa will,normal_play,0.0
3528,3532,south africa will power over,normal_play,0.0
3530,3534,will power over cheslin colby,normal_play,0.0
3532,3536,cheslin colby whats a try,normal_play,0.0
3534,3538,whats a try,normal_play,0.0
3536,3540,forget loadshilling,goal_kick,0.8688
3538,3542,forget loadshilling hes electric 24 7,goal_kick,0.8688
3540,3544,hes electric 24 7,goal_kick,0.8688
3552,3556,well we,goal_kick,0.8688
3554,3558,well we saw we hoped it would come,goal_kick,0.8688
3556,3560,we saw we hoped it would come to him eventually,goal_kick,0.8688
3558,3562,come to him eventually and it,goal_kick,0.8688
3560,3564,and it was marnie lebart that delivered the goods,goal_kick,0.8688
3562,3566,was marnie lebart that delivered the goods im happy with that the pass was good,goal_kick,0.8688
3564,3568,goods im happy with that the pass was good cheslin colby the olympian,goal_kick,0.8688
3566,3570,cheslin colby the olympian hes magic in open space,goal_kick,0.8688
3568,3572,hes magic in open space and there was plenty of it down,normal_play,0.0
3570,3574,space and there was plenty of it down on this touchline the only easier,normal_play,0.0
3572,3576,on this touchline the only easier one in to have please can you go back thank you,normal_play,0.0
3574,3578,easier one in to have please can you go back thank you,normal_play,0.0
3576,3580,you he,normal_play,0.0
3578,3582,he dots down its a statement score,normal_play,0.0
3580,3584,he dots down its a statement score for the springboks after those,kick_off,0.3175
3582,3586,score for the springboks after those two scrum where they absolutely,kick_off,0.3175
3584,3588,those two scrum where they absolutely pushed ireland back towards their own try line,kick_off,0.3175
3586,3590,absolutely pushed ireland back towards their own try line and you called it the wood,kick_off,0.3175
3588,3592,line and you called it the wood from colby just,normal_play,0.0
3590,3594,wood from colby just lurking on this left,normal_play,0.0
3592,3596,just lurking on this left hand touchline south africa have the lead,normal_play,0.0
3594,3598,left hand touchline south africa have the lead now 8 7,normal_play,0.0
3596,3600,now 8 7,normal_play,0.0
3598,3602,referee benno,normal_play,0.0
3600,3604,referee benno keith sorry i just lost you,normal_play,0.4032
3602,3606,benno keith sorry i just lost you just checking something,normal_play,0.4032
3604,3608,just checking something,normal_play,0.4032
3606,3610,yep yep,normal_play,0.4032
3608,3612,yep yep thank you all,normal_play,0.0
3610,3614,yep thank you all good shot clock back on please,normal_play,0.0
3612,3616,all good shot clock back on please all good heres the call for,normal_play,0.0
3614,3618,all good heres the call for benno keith,normal_play,0.0
3616,3620,for benno keith,0.7814,3616.0
3618,3622,marnie lebart,0.7814,3616.0
3620,3624,marnie lebart lines this one up,normal_play,0.4032
3622,3626,lebart lines this one up,normal_play,0.4032
3624,3628,urc record point scorer in triasis,normal_play,0.4032
3626,3630,urc record point scorer in triasis in recent times for,normal_play,0.4032
3628,3632,triasis in recent times for the stormers from cape town,0.7814,3624.0
3630,3634,for the stormers from cape town,0.7814,3624.0
3632,3636,thank you,normal_play,0.4032
3634,3638,thank you,normal_play,0.4032
3636,3640,bibi just test your confidence in me after this,normal_play,0.4032
3638,3642,bibi just test your confidence in me after this,normal_play,0.4032
3652,3656,lebart taking,normal_play,0.0
3654,3658,lebart taking his time the clock ticks,normal_play,0.0
3656,3660,taking his time the clock ticks five seconds to take the kick,normal_play,0.4032
3658,3662,five seconds to take the kick just pulls it to the,normal_play,0.4032
3660,3664,just pulls it to the left hand side,normal_play,0.4032
3662,3666,the left hand side so there we go on front 8 7 thanks,normal_play,0.4032
3664,3668,so there we go on front 8 7 thanks to this try from chesman,0.0054,3664.0
3666,3670,thanks to this try from chesman colby two and five two and five we can,0.0054,3664.0
3668,3672,chesman colby two and five two and five we can restart we just,0.0054,3664.0
3670,3674,can restart we just saw out of picture there i think it was,0.0054,3664.0
3672,3676,just saw out of picture there i think it was mack hanson probably thought he was,0.0054,3664.0
3674,3678,mack hanson probably thought he was taking out off the ball a,0.0054,3664.0
3676,3680,was taking out off the ball a little bit with the running lines,0.0054,3664.0
3678,3682,a little bit with the running lines but south africa wont mind,0.0054,3664.0
3680,3684,but south africa wont mind,normal_play,0.0
3682,3686,some really big changes for both,normal_play,0.0
3684,3688,some really big changes for both sides marco van staten has come on for the,normal_play,0.0
3686,3690,both sides marco van staten has come on for the skipper sia khaleesi while ian,normal_play,0.0
3688,3692,skipper sia khaleesi while ian henderson and dan sheehan have both come on for,lineout,0.4726
3690,3694,ian henderson and dan sheehan have both come on for ireland thanks,lineout,0.4726
3692,3696,for ireland thanks matt thats a lot of changes indeed,lineout,0.4726
3694,3698,thanks matt thats a lot of changes indeed as ireland look to run it,lineout,0.4726
3696,3700,as ireland look to run it back with their number 8,normal_play,0.0
3698,3702,it back with their number 8 kaylin doris studying,normal_play,0.0
3700,3704,kaylin doris studying psychology at university college dublin,normal_play,0.0
3702,3706,studying psychology at university college dublin sexta pulls,normal_play,0.0
3704,3708,dublin sexta pulls one up,normal_play,0.2625
3706,3710,pulls one up well fielded,normal_play,0.2625
3708,3712,well fielded in the end give him space 10 metres,normal_play,0.2625
3710,3714,fielded in the end give him space 10 metres dan in for lamsak,normal_play,0.2625
3712,3716,dan in for lamsak sia khaleesi will look from,0.0054,3712.0
3714,3718,sia khaleesi will look from the sideline now after,0.0054,3712.0
3716,3720,from the sideline now after being replaced,normal_play,0.4032
3718,3722,after being replaced inside,normal_play,0.4032
3720,3724,inside feels kind of,normal_play,0.4032
3722,3726,feels kind of early to make that change,normal_play,0.4032
3724,3728,of early to make that change,penalty,0.6128
3726,3730,change sexta again,penalty,0.6128
3728,3732,sexta again to the heavens with that kick his full back chases,0.0054,3728.0
3730,3734,again to the heavens with that kick his full back chases hugo hugo keenan is there against,0.0054,3728.0
3732,3736,chases hugo hugo keenan is there against lamsak,0.0054,3728.0
3734,3738,against lamsak and it stays with the south african side,0.0054,3728.0
3736,3740,and it stays with the south african side dr klack try,0.0054,3728.0
3738,3742,dr klack try to dig in,0.0054,3728.0
3740,3744,try to dig in finds his fly off under,0.0054,3728.0
3742,3746,finds his fly off under pressure krill has it jesse,0.0054,3728.0
3744,3748,under pressure krill has it jesse krill cuts in does the outside centre,normal_play,0.0
3746,3750,jesse krill cuts in does the outside centre to klack,normal_play,0.0
3748,3752,to klack to oxnchek behind the back,normal_play,0.1928
3750,3754,klack to oxnchek behind the back he goes labeck finds,normal_play,0.1928
3752,3756,back he goes labeck finds lamsak with a beautiful step,normal_play,0.1928
3754,3758,finds lamsak with a beautiful step damian lamsak,normal_play,0.1928
3756,3760,damian lamsak with some fancy footwork,normal_play,0.0
3758,3762,with some fancy footwork for south africa,normal_play,0.0
3760,3764,footwork for south africa,normal_play,0.0
3762,3766,africa,normal_play,0.0
3764,3768,keep watching maybe,normal_play,0.0
3766,3770,keep watching maybe great presence,normal_play,0.0
3768,3772,great presence of mind to let that one go krill on the,normal_play,0.0
3770,3774,presence of mind to let that one go krill on the charge and,normal_play,0.0
3772,3776,the charge and theres lamsak on you,normal_play,0.0
3774,3778,and theres lamsak on you fancy footwork,normal_play,0.0
3776,3780,you fancy footwork indeed,normal_play,0.0
3778,3782,footwork indeed steps out of it its,normal_play,0.0
3780,3784,steps out of it its beautiful,normal_play,0.0
3782,3786,its beautiful,normal_play,0.0
3788,3792,such poise for a big man damian,lineout,0.4726
3790,3794,such poise for a big man damian lamsak,lineout,0.4726
3792,3796,lamsak good,0.1461,3792.0
3794,3798,good take ian henderson the replacement,0.1461,3792.0
3796,3800,good take ian henderson the replacement and the player turns it,0.1461,3792.0
3798,3802,and the player turns it in beautifully dan sheenan,0.1461,3792.0
3800,3804,in beautifully dan sheenan his rugby world cup debut,0.1461,3792.0
3802,3806,his rugby world cup debut hasnt played for ireland since he cant use,0.1461,3792.0
3804,3808,hasnt played for ireland since he cant use it hes put in the warm up game against england,normal_play,0.4032
3806,3810,use it hes put in the warm up game against england but hes on the park,normal_play,0.4032
3808,3812,but hes on the park on this mammoth stage in this mammoth,normal_play,0.4032
3810,3814,on this mammoth stage in this mammoth game charge down is there,normal_play,0.4032
3812,3816,mammoth game charge down is there from anthony snamon,normal_play,0.0
3814,3818,there from anthony snamon advantage low with a kick,normal_play,0.0
3816,3820,advantage low with a kick offside play,0.0054,3816.0
3818,3822,kick offside play despite being as tall as the upper tower,0.0054,3816.0
3820,3824,despite being as tall as the upper tower,0.0054,3816.0
3822,3826,sorry i didnt see that offside guys,0.0054,3816.0
3824,3828,sorry i didnt see that offside guys,0.0054,3816.0
3826,3830,perhaps ireland have made a couple of those changes down,0.0054,3816.0
3828,3832,perhaps ireland have made a couple of those changes down to sheenan ian henderson,0.0054,3816.0
3830,3834,down to sheenan ian henderson jamison its a bolster,0.0054,3816.0
3832,3836,jamison its a bolster dont dummy,normal_play,0.0
3834,3838,bolster dont dummy because he might go the other way,normal_play,0.0
3836,3840,because he might go the other way worked,normal_play,0.0
3838,3842,way worked on that occasion they came away with it,normal_play,0.0
3840,3844,worked on that occasion they came away with it someones holding someones hand but im just seeing it,1,3840.0
3842,3846,it someones holding someones hand but im just seeing it weve got the penalty here,1,3840.0
3844,3848,it weve got the penalty here,1,3840.0
3846,3850,here,1,3840.0
3856,3860,stance now johnny sexton might just want to,scrum,0.416
3858,3862,stance now johnny sexton might just want to steer this,scrum,0.416
3860,3864,to steer this control this a little bit in irelands favour,scrum,0.2288
3862,3866,control this a little bit in irelands favour feels like as so often the,scrum,0.2288
3864,3868,feels like as so often the case with the springboks when they make those changes,scrum,0.2288
3866,3870,the case with the springboks when they make those changes it always dials the,scrum,0.2288
3868,3872,changes it always dials the momentum in their favour,penalty,0.6128
3870,3874,the momentum in their favour,penalty,0.6128
3874,3878,everyones side on that,0.75,3872.0
3876,3880,everyones side on that charge down round by the ruck,0.75,3872.0
3878,3882,charge down round by the ruck,0.75,3872.0
3880,3884,ruck did that guy make the catch hats,0.75,3872.0
3882,3886,did that guy make the catch hats off to him i think he did,0.75,3872.0
3884,3888,hats off to him i think he did brilliant skill from,0.75,3872.0
3886,3890,brilliant skill from this wonderful crowd,0.75,3872.0
3888,3892,from this wonderful crowd to the front bidai manny,0.75,3872.0
3890,3894,to the front bidai manny here come ireland,0.75,3872.0
3892,3896,here come ireland now bundee aki releases johnny sexton,0.75,3872.0
3894,3898,ireland now bundee aki releases johnny sexton an intricate move brings,0.75,3872.0
3896,3900,johnny sexton an intricate move brings in low that beats,0.75,3872.0
3898,3902,brings in low that beats one in short space,0.75,3872.0
3900,3904,beats one in short space former basketball player,0.75,3872.0
3902,3906,former basketball player now rugby star,0.75,3872.0
3904,3908,now rugby star here comes doris again the 25 year old,0.75,3904.0
3906,3910,here comes doris again the 25 year old carries well for ireland yeah good counter,0.75,3904.0
3908,3912,carries well for ireland yeah good counter counter there,0.75,3904.0
3910,3914,counter there port for smith getting heavily involved,0.75,3904.0
3912,3916,port for smith getting heavily involved south africa,0.75,3904.0
3914,3918,involved south africa hes the,0.75,3904.0
3916,3920,africa hes the macgyver of rugby can solve any,0.75,3904.0
3918,3922,the macgyver of rugby can solve any issue can pop up,0.75,3904.0
3920,3924,any issue can pop up could have been,0.75,3904.0
3922,3926,up could have been accuracy from ireland but the,0.75,3904.0
3924,3928,been accuracy from ireland but the breakdown,0.75,3904.0
3926,3930,the breakdown this was the set piece,0.75,3904.0
3928,3932,this was the set piece play with the wrap around the,0.75,3904.0
3930,3934,piece play with the wrap around the little inside ball but,0.75,3904.0
3932,3936,the little inside ball but safka pretty wise to it,0.75,3904.0
3934,3938,but safka pretty wise to it,0.75,3904.0
3936,3940,it james low making a few metres,0.75,3936.0
3938,3942,james low making a few metres theres a carry at the back of this doris with,0.75,3936.0
3940,3944,theres a carry at the back of this doris with the post contact metres,0.75,3936.0
3942,3946,with the post contact metres then they were inaccurate theyre still at,0.75,3936.0
3944,3948,then they were inaccurate theyre still at the breakdown,goal_kick,0.6755
3946,3950,at the breakdown big counter up coming in for safka,goal_kick,0.6755
3948,3952,big counter up coming in for safka you really feel now theyve got,goal_kick,0.6755
3950,3954,you really feel now theyve got the fire underneath them,goal_kick,0.6755
3952,3956,the fire underneath them one point the difference on the scoreboard,0.75,3936.0
3954,3958,one point the difference on the scoreboard plenty of time to go,0.75,3936.0
3956,3960,scoreboard plenty of time to go and thank goodness because im enjoying this alan,0.75,3936.0
3958,3962,and thank goodness because im enjoying this alan first off shot by,0.75,3936.0
3960,3964,first off shot by and the same,0.75,3936.0
3962,3966,by and the same continues here this is full beat,0.75,3936.0
3964,3968,continues here this is full beat number one,0.75,3936.0
3966,3970,number one and two side in the world,0.75,3936.0
3968,3972,one and two side in the world happens to collide here penalty,normal_play,0.0
3970,3974,happens to collide here penalty to ireland,normal_play,0.0
3972,3976,penalty to ireland what,normal_play,0.0
3974,3978,what a scrub careful careful,normal_play,0.0
3976,3980,what a scrub careful careful careful,kick_off,0.3236
3978,3982,careful careful,kick_off,0.3236
3980,3984,guys,kick_off,0.3236
3982,3986,guys tight head fully overextended,kick_off,0.3236
3984,3988,guys tight head fully overextended tight head fully overextended collapsing,1,3984.0
3986,3990,overextended tight head fully overextended collapsing,1,3984.0
3988,3992,collapsing,1,3984.0
3990,3994,you heard from referee,1,3984.0
3992,3996,you heard from referee the tight,1,3984.0
3994,3998,the tight head,1,3984.0
3996,4000,tight head overextending,normal_play,0.3033
3998,4002,overextending now herbert,normal_play,0.3033
4000,4004,now herbert,normal_play,0.3033
4002,4006,herbert looks like,normal_play,0.3033
4004,4008,looks like he did go down there,1,4000.0
4006,4010,like he did go down there,1,4000.0
4008,4012,there too long,normal_play,0.1581
4010,4014,too long his body shape,normal_play,0.1581
4012,4016,his body shape,normal_play,0.1581
4014,4018,under the pressure there from,normal_play,0.1581
4016,4020,under the pressure there from andrew porter,normal_play,0.0
4018,4022,from andrew porter,normal_play,0.0
4022,4026,crowd hushes,normal_play,0.4032
4024,4028,crowd hushes as johnny johnny sexton,normal_play,0.4032
4026,4030,hushes as johnny johnny sexton world rugby,normal_play,0.4032
4028,4032,johnny sexton world rugby player of the year a few years ago,normal_play,0.4032
4030,4034,rugby player of the year a few years ago lines up a potential,normal_play,0.4032
4032,4036,ago lines up a potential lead for his country,normal_play,0.4032
4034,4038,potential lead for his country,normal_play,0.4032
4048,4052,johnny sexton is,normal_play,0.4032
4050,4054,johnny sexton is a smooth operator,normal_play,0.4032
4052,4056,is a smooth operator and ireland go back in the lead,normal_play,0.0
4054,4058,and ireland go back in the lead ten eight,normal_play,0.0
4056,4060,lead ten eight as we approach the hour,normal_play,0.4032
4058,4062,as we approach the hour mark,normal_play,0.4032
4060,4064,hour mark johnny johnny sexton indeed no lights,normal_play,0.4032
4062,4066,johnny johnny sexton indeed no lights needed from the island coaching,normal_play,0.4032
4064,4068,lights needed from the island coaching box you might as well have a,normal_play,0.0
4066,4070,coaching box you might as well have a coach out there run around the tension the 38,normal_play,0.0
4068,4072,coach out there run around the tension the 38 year old so consistent,normal_play,0.0
4070,4074,38 year old so consistent so sharp hes used to winning,normal_play,0.0
4072,4076,consistent so sharp hes used to winning six nations championships with ireland,normal_play,0.0
4074,4078,winning six nations championships with ireland but boy hed love a world cup,normal_play,0.0
4076,4080,ireland but boy hed love a world cup you wonder is this a precursor for whats to come,normal_play,0.0
4078,4082,you wonder is this a precursor for whats to come for ireland,normal_play,0.0
4080,4084,come for ireland unbelievable stat they have never got,normal_play,0.0
4082,4086,unbelievable stat they have never got out of the quarterfinals at a rugby world cup,normal_play,0.0
4084,4088,got out of the quarterfinals at a rugby world cup nice take from the,normal_play,0.0
4086,4090,cup nice take from the irish side can this be there yet twenty,normal_play,0.0
4088,4092,the irish side can this be there yet twenty ninety in japan the lost two,normal_play,0.0
4090,4094,twenty ninety in japan the lost two years in falls out,normal_play,0.0
4092,4096,two years in falls out gipson park has to pick quickly,normal_play,0.0
4094,4098,gipson park has to pick quickly and scoot theres the,normal_play,0.0
4096,4100,quickly and scoot theres the scum off,normal_play,0.0
4098,4102,the scum off okay that battle continues,normal_play,0.0
4100,4104,okay that battle continues thats a conscious here guys youre fine use,normal_play,0.0
4102,4106,continues thats a conscious here guys youre fine use it blundee bundee aki no,normal_play,0.0
4104,4108,it blundee bundee aki no he,normal_play,0.0
4106,4110,he relieves it as ian henderson has a go,normal_play,0.0
4108,4112,he relieves it as ian henderson has a go hes third rugby world cup,normal_play,0.0
4110,4114,hes third rugby world cup what experience he brings gap number 78,normal_play,0.0
4112,4116,cup what experience he brings gap number 78 use it nine,normal_play,0.0
4114,4118,78 use it nine timing,normal_play,0.0
4116,4120,timing gipson park we just,normal_play,0.0
4118,4122,gipson park we just put everyone on,normal_play,0.0
4120,4124,put everyone on to villamsa damian villamsa,scrum,0.422
4122,4126,to villamsa damian villamsa takes well and,scrum,0.422
4124,4128,villamsa takes well and drives upfield,scrum,0.422
4126,4130,and drives upfield for the spring box buff the clock throws,scrum,0.422
4128,4132,for the spring box buff the clock throws a dummy theyve got numbers wide,scrum,0.2878
4130,4134,throws a dummy theyve got numbers wide no hand,scrum,0.2878
4132,4136,wide no hand off he just left the tweet,scrum,0.2878
4134,4138,hand off he just left the tweet turning around,scrum,0.2878
4136,4140,tweet turning around the back was john clank,normal_play,0.0
4138,4142,around the back was john clank going against his teammates,normal_play,0.0
4140,4144,going against his teammates currently,normal_play,0.0
4142,4146,teammates currently,normal_play,0.0
4144,4148,currently again he carries hard,0.0054,4144.0
4146,4150,again he carries hard what a story playing both,0.0054,4144.0
4148,4152,what a story playing both for ireland and south africa,0.0054,4144.0
4150,4154,both for ireland and south africa in his career kurt lee aronson,0.0054,4144.0
4152,4156,in his career kurt lee aronson with a lot of traffic in front of,0.0054,4144.0
4154,4158,aronson with a lot of traffic in front of him,0.0054,4144.0
4156,4160,of him monty lobach,0.0054,4144.0
4158,4162,monty lobach finds villamsa left,0.0054,4144.0
4160,4164,finds villamsa left behind by dielendi and thats frustration,0.0054,4160.0
4162,4166,left behind by dielendi and thats frustration for south africa,0.0054,4160.0
4164,4168,frustration for south africa,0.0054,4160.0
4166,4170,africa,0.0054,4160.0
4172,4176,time off well theres,0.0054,4160.0
4174,4178,time off well theres his aerial skill,0.0054,4160.0
4176,4180,theres his aerial skill and hes so,normal_play,0.0
4178,4182,and hes so good you dont expect errors,normal_play,0.0
4180,4184,so good you dont expect errors,normal_play,0.0
4182,4186,errors a little dummy a little pump,normal_play,0.0
4184,4188,a little dummy a little pump dielendi was about,normal_play,0.0
4186,4190,pump dielendi was about to come underneath i think on the cut line,normal_play,0.0
4188,4192,about to come underneath i think on the cut line i think villamsas frustrated with himself,normal_play,0.0
4190,4194,i think villamsas frustrated with himself the hesitation,normal_play,0.0
4192,4196,himself the hesitation that got the,normal_play,0.0
4194,4198,that got the irish crowd on their feet here at the,normal_play,0.0
4196,4200,the irish crowd on their feet here at the start to france new crop just,normal_play,0.0
4198,4202,the start to france new crop just timing high another change for south,normal_play,0.0
4200,4204,just timing high another change for south africa trevor inyakar and he has,normal_play,0.0
4202,4206,south africa trevor inyakar and he has come onto the field for,normal_play,0.0
4204,4208,has come onto the field for france malheurva,normal_play,0.0
4206,4210,for france malheurva another,normal_play,0.0
4208,4212,another forward taking part,normal_play,0.0
4210,4214,forward taking part third rugby world,normal_play,0.0
4212,4216,third rugby world cup with racing 92,normal_play,0.0
4214,4218,world cup with racing 92 his traffic inyakar,normal_play,0.0
4216,4220,92 his traffic inyakar,normal_play,0.0
4218,4222,thats villamsa,normal_play,0.0
4220,4224,thats villamsa coach,normal_play,0.0
4222,4226,coach,normal_play,0.0
4226,4230,finds six,scrum,0.1382
4228,4232,finds six,scrum,0.1382
4230,4234,and his possession,scrum,0.1382
4232,4236,and his possession is their crowd resets,scrum,0.1382
4234,4238,possession is their crowd resets charizondas,scrum,0.1382
4236,4240,resets charizondas were in atmosphere,penalty,0.601
4238,4242,charizondas were in atmosphere weve seen,penalty,0.601
4240,4244,weve seen its a dinner dummy guys,penalty,0.601
4242,4246,its a dinner dummy guys hold the weights its tense for everyone lads,penalty,0.601
4244,4248,hold the weights its tense for everyone lads dont worry about that,normal_play,0.0
4246,4250,dont worry about that times off for the shoot,normal_play,0.0
4248,4252,times off for the shoot ok guys,normal_play,0.0
4250,4254,ok guys hold it hold it,normal_play,0.0
4252,4256,hold it hold it,normal_play,0.0
4254,4258,it no,normal_play,0.0
4256,4260,no because they went down their time,normal_play,0.0
4258,4262,because they went down their time,normal_play,0.0
4278,4282,ok guys,normal_play,0.0
4280,4284,ok guys ok youre going to restart,normal_play,0.0
4282,4286,ok youre going to restart,normal_play,0.0
4306,4310,ok,goal_kick,0.8688
4308,4312,ok times on reset,goal_kick,0.8688
4310,4314,ok times on reset what an,goal_kick,0.8688
4312,4316,reset what an interlude listening to fields of atenrai,goal_kick,0.5916
4314,4318,an interlude listening to fields of atenrai ring out in this stadium,goal_kick,0.5916
4316,4320,atenrai ring out in this stadium,goal_kick,0.5916
4322,4326,coach,normal_play,0.0
4324,4328,coach,normal_play,0.0
4326,4330,coach,normal_play,0.0
4328,4332,finds six,normal_play,0.0
4330,4334,finds six,normal_play,0.0
4332,4336,six and half,normal_play,0.0
4334,4338,and half the hard minute rugby for forwards,normal_play,0.0
4336,4340,the hard minute rugby for forwards,1,4336.0
4338,4342,forwards and the spring blocks call one,1,4336.0
4340,4344,and the spring blocks call one back theyre staying straight,1,4336.0
4342,4346,one back theyre staying straight pushing straight,1,4336.0
4344,4348,straight pushing straight theyre not staying straight,1,4344.0
4346,4350,theyre not staying straight,1,4344.0
4350,4354,wow,1,4344.0
4352,4356,wow the combo of,1,4344.0
4354,4358,wow the combo of porter and tadhg furlong,1,4344.0
4356,4360,of porter and tadhg furlong,1,4344.0
4358,4362,the props of,1,4344.0
4360,4364,the props of the island scrum,1,4336.0
4362,4366,of the island scrum so warner just for the kicker now being,1,4336.0
4364,4368,so warner just for the kicker now being demolished on this occasion,1,4336.0
4366,4370,being demolished on this occasion you can see its,1,4336.0
4368,4372,you can see its power gets underneath,normal_play,0.0
4370,4374,its power gets underneath i think,normal_play,0.0
4372,4376,i think its oxencher getting,normal_play,0.0
4374,4378,think its oxencher getting underneath the,normal_play,0.0
4376,4380,getting underneath the chest there,normal_play,0.0
4378,4382,the chest there tadhg furlong,normal_play,0.0
4380,4384,tadhg furlong driving him up and in,normal_play,0.0
4382,4386,driving him up and in,normal_play,0.0
4384,4388,in kicks supposed to be good with,normal_play,0.1926
4386,4390,kicks supposed to be good with pepe ronnie le boc,normal_play,0.1926
4388,4392,with pepe ronnie le boc from south africa,normal_play,0.1926
4390,4394,boc from south africa with his country watching,normal_play,0.1926
4392,4396,africa with his country watching,penalty,0.6128
4394,4398,watching dressed in such brilliant,penalty,0.6128
4396,4400,dressed in such brilliant colour the,penalty,0.6128
4398,4402,brilliant colour the rainbow nation,penalty,0.6128
4400,4404,the rainbow nation,normal_play,0.0
4402,4406,this to take back the,normal_play,0.0
4404,4408,this to take back the,normal_play,0.0
4406,4410,the lead,normal_play,0.0
4408,4412,the lead staying still,normal_play,0.0
4410,4414,staying still,normal_play,0.0
4414,4418,the,0.7814,4416.0
4416,4420,the red numbers getting very low,0.7814,4416.0
4418,4422,the red numbers getting very low as marnie le boc looks on,0.7814,4416.0
4420,4424,as marnie le boc looks on,0.7814,4416.0
4422,4426,on,0.7814,4416.0
4424,4428,unsuccessful,0.7814,4424.0
4426,4430,unsuccessful subs,0.7814,4424.0
4428,4432,subs the question marks remain,0.7814,4424.0
4430,4434,the question marks remain theyre on the goal kicker south africa the,0.7814,4424.0
4432,4436,remain theyre on the goal kicker south africa the worst goal kicker record at this,goal_kick,0.8688
4434,4438,the worst goal kicker record at this world cup of any team,goal_kick,0.8688
4436,4440,this world cup of any team theyve slotted into,goal_kick,0.8688
4438,4442,theyve slotted into this just 10 out of 18 attempts,goal_kick,0.8688
4440,4444,into this just 10 out of 18 attempts,goal_kick,0.8688
4442,4446,and unfortunately marnie,goal_kick,0.8688
4444,4448,and unfortunately marnie le boc only 40 kicking,goal_kick,0.8608
4446,4450,marnie le boc only 40 kicking coming into this so,goal_kick,0.8608
4448,4452,kicking coming into this so the questions mark,goal_kick,0.8608
4450,4454,the questions mark remain have you seen the ball as,goal_kick,0.8608
4452,4456,mark remain have you seen the ball as well please,goal_kick,0.8688
4454,4458,as well please a host of changes coming from both sides finlay,goal_kick,0.8688
4456,4460,a host of changes coming from both sides finlay bealham ryan baird and,goal_kick,0.8688
4458,4462,finlay bealham ryan baird and robbie henshaw have all come onto,goal_kick,0.8688
4460,4464,and robbie henshaw have all come onto the field marnie and rick rose both,goal_kick,0.8688
4462,4466,onto the field marnie and rick rose both coming off the island while for,goal_kick,0.8688
4464,4468,both coming off the island while for south africa dionne furey has,normal_play,0.0
4466,4470,for south africa dionne furey has come onto the field horson mbongi,normal_play,0.0
4468,4472,has come onto the field horson mbongi mbongi nabi,normal_play,0.0
4470,4474,mbongi mbongi nabi,normal_play,0.0
4474,4478,so big changes at both sides,kick_off,0.5159
4476,4480,so big changes at both sides who can finish off,kick_off,0.5159
4478,4482,sides who can finish off strongly here comes kwacha smith,kick_off,0.5159
4480,4484,strongly here comes kwacha smith loves eating green millies,kick_off,0.5159
4482,4486,loves eating green millies hes not scared is smith no wait,kick_off,0.5159
4484,4488,millies hes not scared is smith no wait wait first,0.0054,4472.0
4486,4490,wait wait first touch for dionne furey,0.0054,4472.0
4488,4492,first touch for dionne furey he came the eldest test debbie tuntin,normal_play,0.0
4490,4494,he came the eldest test debbie tuntin south african history his,normal_play,0.0
4492,4496,tuntin south african history his first cap is nearly 36 years of,normal_play,0.4032
4494,4498,his first cap is nearly 36 years of age and south africa have a penalty,normal_play,0.4032
4496,4500,of age and south africa have a penalty at the halfway line,normal_play,0.4032
4498,4502,at the halfway line matthew,normal_play,0.4032
4500,4504,matthew,normal_play,0.4032
4502,4506,okay guys 16 green,normal_play,0.4032
4504,4508,okay guys 16 green was offside,normal_play,0.4032
4506,4510,green was offside 16 azir,normal_play,0.4032
4508,4512,16 azir azims barking orders right on the side,normal_play,0.4032
4510,4514,azir azims barking orders right on the side down the microphone down the walkie,normal_play,0.4032
4512,4516,down the microphone down the walkie talkie i should say to the touch line,normal_play,0.4032
4514,4518,walkie talkie i should say to the touch line and we saw the,normal_play,0.4032
4516,4520,line and we saw the traffic light again,normal_play,0.4032
4518,4522,the traffic light again,normal_play,0.4032
4520,4524,youve got to wonder,normal_play,0.4032
4522,4526,youve got to wonder a look,normal_play,0.4032
4524,4528,a look on andrew porters face,normal_play,0.4032
4526,4530,on andrew porters face going into that collision,normal_play,0.4032
4528,4532,face going into that collision with kwacha smith,normal_play,0.0
4530,4534,collision with kwacha smith the grimace,normal_play,0.0
4532,4536,the grimace the determination,normal_play,0.0
4534,4538,grimace the determination perfect kwachas,normal_play,0.0
4536,4540,perfect kwachas going to need more determination to steer this,normal_play,0.0
4538,4542,kwachas going to need more determination to steer this one between the uprights and boy,normal_play,0.0
4540,4544,this one between the uprights and boy this team could do with it now,normal_play,0.0
4542,4546,boy this team could do with it now,normal_play,0.0
4544,4548,now the 31 year old,normal_play,0.0
4546,4550,the 31 year old,normal_play,0.0
4548,4552,old bangs it downfield,normal_play,0.0
4550,4554,bangs it downfield,normal_play,0.0
4552,4556,downfield and misses,normal_play,0.0
4554,4558,and misses thats two different,normal_play,0.0
4556,4560,thats two different attempts from south,normal_play,0.0
4558,4562,different attempts from south africa keeps on in,normal_play,0.0
4560,4564,south africa keeps on in the lead 10 8,normal_play,0.0
4562,4566,in the lead 10 8 change,normal_play,0.0
4564,4568,change of substitution,normal_play,0.0
4566,4570,change of substitution for ireland,normal_play,0.0
4568,4572,substitution for ireland time back on,scrum,0.3861
4570,4574,time back on and thats a change of,scrum,0.3861
4572,4576,and thats a change of scrum halves for ireland and jamison park,scrum,0.3861
4574,4578,of scrum halves for ireland and jamison park gibson park coming off the,scrum,0.3861
4576,4580,park gibson park coming off the field conor murray the very experienced,scrum,0.218
4578,4582,the field conor murray the very experienced conor murray is coming off,scrum,0.218
4580,4584,experienced conor murray is coming off 119 total caps,scrum,0.218
4582,4586,off 119 total caps for murray hes on the field now here comes,scrum,0.218
4584,4588,caps for murray hes on the field now here comes kwacha smith yet again,0.1461,4576.0
4586,4590,comes kwacha smith yet again into the freight,0.1461,4576.0
4588,4592,into the freight nicknamed by his brother,0.1461,4576.0
4590,4594,nicknamed by his brother the extinct subspecies of,0.1461,4576.0
4592,4596,the extinct subspecies of zebra known as the kwacha to the right comes,normal_play,0.4032
4594,4598,of zebra known as the kwacha to the right comes villamse the electric damian villamse,normal_play,0.4032
4596,4600,comes villamse the electric damian villamse,normal_play,0.4032
4598,4602,villamse,normal_play,0.4032
4600,4604,always such a threat on attack,normal_play,0.0
4602,4606,always such a threat on attack jean klein carries now,normal_play,0.0
4604,4608,attack jean klein carries now born in krugerstorp near,normal_play,0.4032
4606,4610,now born in krugerstorp near johannesburg,normal_play,0.4032
4608,4612,near johannesburg dielendi cut down at the halfway line,normal_play,0.4032
4610,4614,dielendi cut down at the halfway line big rough ball for fafder,normal_play,0.4032
4612,4616,line big rough ball for fafder klagdau,0.0054,4608.0
4614,4618,fafder klagdau villamse to the sky,0.0054,4608.0
4616,4620,villamse to the sky low is there for ireland,0.0054,4608.0
4618,4622,sky low is there for ireland misses it,0.0054,4608.0
4620,4624,ireland misses it thats a large hookup will,0.0054,4608.0
4622,4626,thats a large hookup will pick up a,0.0054,4608.0
4624,4628,will pick up a bit of territory theyre in their way theyre in their,0.0054,4624.0
4626,4630,a bit of territory theyre in their way theyre in their way knock on,0.0054,4624.0
4628,4632,their way knock on,0.0054,4624.0
4632,4636,massively in the balance this game,0.0054,4624.0
4634,4638,massively in the balance this game isnt it,0.0054,4624.0
4636,4640,game isnt it villamse has had a pretty all court,0.0054,4624.0
4638,4642,villamse has had a pretty all court game today,0.0054,4624.0
4640,4644,court game today weve seen him running into contact weve,lineout,0.4022
4642,4646,weve seen him running into contact weve seen him stepping around it,lineout,0.4022
4644,4648,weve seen him stepping around it on that occasion he felt boot to ball like youre,lineout,0.4022
4646,4650,on that occasion he felt boot to ball like youre doing,lineout,0.4022
4648,4652,youre doing referee,0.0054,4624.0
4650,4654,referee gunnoke nearly taken out by cracker smith,0.0054,4624.0
4652,4656,referee gunnoke nearly taken out by cracker smith itll probably take more than a swinging arm to,0.0054,4624.0
4654,4658,itll probably take more than a swinging arm to put smith down moving forward,0.0054,4624.0
4656,4660,to put smith down moving forward,normal_play,0.4032
4658,4662,forward players like smith allow him to do the 7 1 split,normal_play,0.4032
4660,4664,players like smith allow him to do the 7 1 split on the bench hes got an outstanding,normal_play,0.4032
4662,4666,split on the bench hes got an outstanding skill set honed in the game of sevens,normal_play,0.4032
4664,4668,outstanding skill set honed in the game of sevens he can carry can pass,normal_play,0.4032
4666,4670,he can carry can pass can do high balls,normal_play,0.4032
4668,4672,pass can do high balls coach,normal_play,0.4032
4670,4674,coach five,normal_play,0.4032
4672,4676,five six,normal_play,0.4032
4674,4678,six from,normal_play,0.4032
4676,4680,from sevens to fifteens,normal_play,0.4032
4678,4682,from sevens to fifteens okay,normal_play,0.4032
4680,4684,okay so there we go three time,normal_play,0.4032
4682,4686,okay so there we go three time world cup champions,normal_play,0.4032
4684,4688,time world cup champions we trail,normal_play,0.4032
4686,4690,we trail now you have great work great work,normal_play,0.4032
4688,4692,trail now you have great work great work the only champion to lose a cool game happened in,normal_play,0.0
4690,4694,work the only champion to lose a cool game happened in 2019 against,normal_play,0.0
4692,4696,in 2019 against new zealand they lost early,normal_play,0.0
4694,4698,against new zealand they lost early in the stages carried,normal_play,0.0
4696,4700,early in the stages carried in from ox and check,normal_play,0.0
4698,4702,carried in from ox and check the plays are jumping for the sharks,normal_play,0.0
4700,4704,the plays are jumping for the sharks ireland good turn over pitch the swipe,normal_play,0.0
4702,4706,ireland good turn over pitch the swipe thats why theyre the top,normal_play,0.0
4704,4708,thats why theyre the top side in the world we,normal_play,0.0
4706,4710,top side in the world we like to do things like that,normal_play,0.0
4708,4712,we like to do things like that,normal_play,0.0
4712,4716,lets,0.1461,4712.0
4714,4718,lets go lets go lets go,0.1461,4712.0
4716,4720,lets go lets go lets go,0.1461,4712.0
4718,4722,go what a good carry,0.1461,4712.0
4720,4724,what a good carry from ox and che,0.1461,4712.0
4722,4726,carry from ox and che backed up by trevor neer karnik,0.1461,4712.0
4724,4728,backed up by trevor neer karnik times up lets go please,0.1461,4712.0
4726,4730,karnik times up lets go please were good okay,0.1461,4712.0
4728,4732,were good okay were good time back on fab lively,normal_play,0.0
4730,4734,okay were good time back on fab lively as ever isnt he fab de klaap getting in,normal_play,0.0
4732,4736,lively as ever isnt he fab de klaap getting in there trying to make the difference for his team charging,normal_play,0.0
4734,4738,in there trying to make the difference for his team charging that one down and deflecting,normal_play,0.0
4736,4740,charging that one down and deflecting it out for this line up ireland will throw,normal_play,0.0
4738,4742,it out for this line up ireland will throw in just outside their 22 an,normal_play,0.0
4740,4744,throw in just outside their 22 an error thats been problematic in this game,normal_play,0.0
4742,4746,an error thats been problematic in this game and these are important moments now,normal_play,0.0
4744,4748,and these are important moments now,normal_play,0.0
4746,4750,now down cheyenne,normal_play,0.0
4748,4752,down cheyenne he was well nominated for world rugby,normal_play,0.0
4750,4754,cheyenne he was well nominated for world rugby breakthrough player of the year in 2022,normal_play,0.0
4752,4756,rugby breakthrough player of the year in 2022 bundee akis there,normal_play,0.0
4754,4758,2022 bundee akis there okay thats good now inside their,normal_play,0.0
4756,4760,there okay thats good now inside their half taking back,normal_play,0.0
4758,4762,their half taking back holden france,normal_play,0.0
4760,4764,back holden france finds the boot of james,normal_play,0.0
4762,4766,france finds the boot of james lowe down the throat of,normal_play,0.0
4764,4768,lowe down the throat of damien villeneuve,normal_play,0.0
4766,4770,of damien villeneuve will he kick or will he,normal_play,0.0
4768,4772,will he kick or will he run throws the,normal_play,0.0
4770,4774,he run throws the big left footed step,normal_play,0.0
4772,4776,the big left footed step,normal_play,0.0
4774,4778,pass there from markovic,normal_play,0.0
4776,4780,pass there from markovic,normal_play,0.0
4778,4782,south,normal_play,0.0
4780,4784,south africa working their way upfield,normal_play,0.0
4782,4786,south africa working their way upfield playing lovock does well,normal_play,0.0
4784,4788,playing lovock does well and here comes erkje snaver on the,1,4784.0
4786,4790,well and here comes erkje snaver on the burst the viking,1,4784.0
4788,4792,the burst the viking sailing towards the 22 south,lineout,0.2227
4790,4794,sailing towards the 22 south africa with numbers on the right hand side,lineout,0.2227
4792,4796,south africa with numbers on the right hand side lovock creel,lineout,0.2227
4794,4798,lovock creel peter steff the toy,lineout,0.2227
4796,4800,creel peter steff the toy loses possession,maul,0.4599
4798,4802,toy loses possession and its a good tackle as well,maul,0.4599
4800,4804,and its a good tackle as well in from konamari,maul,0.4599
4802,4806,well in from konamari do we not have a knock on or,maul,0.4599
4804,4808,do we not have a knock on or a touch by south africa,maul,0.4785
4806,4810,or a touch by south africa,maul,0.4785
4810,4814,well it looked like he knocked that on in,1,4784.0
4812,4816,well it looked like he knocked that on in the tackle time off,1,4784.0
4814,4818,in the tackle time off guys,1,4784.0
4816,4820,guys south africa ball south africa ball,normal_play,0.0
4818,4822,south africa ball south africa ball was touched by greenfield another chance for a bit of,normal_play,0.0
4820,4824,ball was touched by greenfield another chance for a bit of crap a lot of looks and things,penalty,0.6128
4822,4826,of crap a lot of looks and things its been late bom,penalty,0.6128
4824,4828,its been late bom also getting a look over,penalty,0.6128
4826,4830,bom also getting a look over touched by greenhand in the tackle,penalty,0.6128
4828,4832,touched by greenhand in the tackle timo confirmed it,normal_play,0.0
4830,4834,timo confirmed it great hands from,normal_play,0.0
4832,4836,great hands from lovock and a great line from,normal_play,0.0
4834,4838,from lovock and a great line from snimon the,normal_play,0.0
4836,4840,from snimon the big striding second,normal_play,0.0
4838,4842,the big striding second row,normal_play,0.0
4840,4844,second row,normal_play,0.0
4842,4846,and i think de toy was just trying,normal_play,0.0
4844,4848,and i think de toy was just trying to lift it to his winger,normal_play,0.0
4846,4850,trying to lift it to his winger outside him was arensthe,normal_play,0.0
4848,4852,winger outside him was arensthe,normal_play,0.0
4852,4856,its party time at,normal_play,0.0
4854,4858,its party time at the rugby world cup okay were going,normal_play,0.0
4856,4860,at the rugby world cup okay were going to restart lets go please its party time in the,normal_play,0.0
4858,4862,to restart lets go please its party time in the stands its a little bit more tense from the pitch,normal_play,0.0
4860,4864,stands its a little bit more tense from the pitch going into the ten minutes,lineout,0.4726
4862,4866,pitch going into the ten minutes to go mark its so,lineout,0.4726
4864,4868,minutes to go mark its so important now these players,lineout,0.4726
4866,4870,important now these players coming into it was a lot made of this game,lineout,0.4726
4868,4872,coming into it was a lot made of this game i spanked the irish management beforehand and they were saying,0.7814,4864.0
4870,4874,i spanked the irish management beforehand and they were saying yes there is but the consequences are,0.7814,4864.0
4872,4876,saying yes there is but the consequences are less than they will be in the future,0.7814,4864.0
4874,4878,are less than they will be in the future in this competition so hopefully the,0.7814,4864.0
4876,4880,future in this competition so hopefully the players are allowed to feel the freedom of,0.7814,4864.0
4878,4882,the players are allowed to feel the freedom of play two points difference on the scoreboard,0.7814,4864.0
4880,4884,play two points difference on the scoreboard one versus two this,0.7814,4880.0
4882,4886,scoreboard one versus two this is going to be tense and its about their ability to,0.7814,4880.0
4884,4888,this is going to be tense and its about their ability to stay in the moment stay processed,0.7814,4880.0
4886,4890,to stay in the moment stay processed stay composed,0.7814,4880.0
4888,4892,stay composed i dont need the pool currently,0.7814,4880.0
4890,4894,i dont need the pool currently ten points to nine over sarabaget as well,0.7814,4880.0
4892,4896,ten points to nine over sarabaget as well the take,0.7814,4880.0
4894,4898,well the take for the,0.7814,4880.0
4896,4900,take for the springbok sean koy nearly 140,normal_play,0.0
4898,4902,the springbok sean koy nearly 140 matches for munster,normal_play,0.0
4900,4904,140 matches for munster going against friends,normal_play,0.0
4902,4906,going against friends in,normal_play,0.0
4904,4908,friends in this rugby world cup pool game,normal_play,0.0
4906,4910,in this rugby world cup pool game advantage the take for the springboks,normal_play,0.0
4908,4912,advantage the take for the springboks theyre inside the 22,normal_play,0.0
4910,4914,theyre inside the 22 buster,normal_play,0.0
4912,4916,22 buster clack pushing a few bodies away little advantage,normal_play,0.0
4914,4918,buster clack pushing a few bodies away little advantage under flea comes it here comes,normal_play,0.0
4916,4920,advantage under flea comes it here comes kockersma hes hit hard,normal_play,0.0
4918,4922,comes kockersma hes hit hard,normal_play,0.0
4920,4924,hard no no over here,0.0054,4920.0
4922,4926,no no over here its the ireland player ireland comes,0.0054,4920.0
4924,4928,its the ireland player ireland comes around the side changes bind,scrum,0.4877
4926,4930,comes around the side changes bind side entry,scrum,0.4877
4928,4932,side entry no it was the same all,scrum,0.4877
4930,4934,no it was the same all the whole time,scrum,0.4877
4932,4936,all the whole time i dont know if it was tyburn,0.0054,4920.0
4934,4938,i dont know if it was tyburn initially with the infringement,0.0054,4920.0
4936,4940,tyburn initially with the infringement around the side in the mall,1,4936.0
4938,4942,around the side in the mall,1,4936.0
4940,4944,mall thats one mall,1,4936.0
4942,4946,thats one mall we might see,1,4936.0
4944,4948,we might see another one rolling there he is,1,4936.0
4946,4950,see another one rolling there he is initially it looked like he came,1,4936.0
4948,4952,initially it looked like he came through the middle which would have been fine i,1,4936.0
4950,4954,came through the middle which would have been fine i actually thought he pulled out perhaps under the referees instruction,1,4936.0
4952,4956,i actually thought he pulled out perhaps under the referees instruction but penalty,1,4928.0
4954,4958,instruction but penalty,1,4928.0
4958,4962,south,normal_play,0.0
4960,4964,south africas chance would,normal_play,0.0
4962,4966,south africas chance would tend to go,normal_play,0.0
4964,4968,would tend to go theyre five metres up dionne farik,normal_play,0.0
4966,4970,theyre five metres up dionne farik,normal_play,0.0
4972,4976,not accurate,normal_play,0.0
4974,4978,not accurate,normal_play,0.0
4976,4980,well ireland line up coach paul,normal_play,0.0
4978,4982,well ireland line up coach paul o connor was asked before this whether they,normal_play,0.0
4980,4984,paul o connor was asked before this whether they thought the introduction of dionne farik would be,normal_play,0.0
4982,4986,they thought the introduction of dionne farik would be a weakness and he kind,normal_play,0.0
4984,4988,be a weakness and he kind of played it down but,normal_play,0.0
4986,4990,kind of played it down but farik,normal_play,0.0
4988,4992,but farik is it back row flow,normal_play,0.0
4990,4994,is it back row flow also plays shuka,normal_play,0.0
4992,4996,also plays shuka transferred and gives him,normal_play,0.4032
4994,4998,transferred and gives him that variety,normal_play,0.4032
4996,5000,him that variety its got plenty of life experience,normal_play,0.4032
4998,5002,its got plenty of life experience coming in at 36 but not,normal_play,0.4032
5000,5004,experience coming in at 36 but not a huge amount of game experience at this,normal_play,0.4032
5002,5006,not a huge amount of game experience at this level thats our mark keep the white come on,normal_play,0.4032
5004,5008,this level thats our mark keep the white come on for his ninth today,normal_play,0.4032
5006,5010,on for his ninth today pressure in these moments,normal_play,0.4032
5008,5012,pressure in these moments starting to boil,normal_play,0.4032
5010,5014,moments starting to boil it knew it would be an issue when malcolm marks,normal_play,0.4032
5012,5016,it knew it would be an issue when malcolm marks was injured,normal_play,0.4032
5014,5018,marks was injured hell no longer take part with,normal_play,0.4032
5016,5020,hell no longer take part with the south african,0.7814,5008.0
5018,5022,with the south african side of this world cup,0.7814,5008.0
5020,5024,african side of this world cup ireland coach,0.7814,5008.0
5022,5026,ireland coach chance for them to,0.7814,5008.0
5024,5028,chance for them to clear their lines,normal_play,0.4032
5026,5030,to clear their lines six,normal_play,0.4032
5028,5032,six,normal_play,0.4032
5032,5036,side relief perhaps,0.7814,5008.0
5034,5038,side relief perhaps,0.7814,5008.0
5036,5040,perhaps,0.7814,5008.0
5038,5042,big forward pack piling in ireland,0.7814,5008.0
5040,5044,big forward pack piling in ireland theyre able to kick towards,normal_play,0.0
5042,5046,ireland theyre able to kick towards the touchline using james lowe,normal_play,0.0
5044,5048,towards the touchline using james lowe,normal_play,0.0
5046,5050,lowe,normal_play,0.0
5050,5054,that is a stunning kick,normal_play,0.4032
5052,5056,that is a stunning kick from the irish winger,normal_play,0.4032
5054,5058,kick from the irish winger,normal_play,0.4032
5056,5060,winger,normal_play,0.4032
5060,5064,that is,normal_play,0.213
5062,5066,that is huge bigger step in for ireland now,normal_play,0.213
5064,5068,is huge bigger step in for ireland now that was absolute giant nudge,normal_play,0.213
5066,5070,that was absolute giant nudge huge change coming for ireland,normal_play,0.213
5068,5072,huge change coming for ireland here johnny johnny sexton is,normal_play,0.4032
5070,5074,ireland here johnny johnny sexton is coming off the field of course he,normal_play,0.4032
5072,5076,is coming off the field of course he is a fan favourite he is a legend,0.0054,5064.0
5074,5078,is a fan favourite he is a legend of irish rugby hes been the,0.0054,5064.0
5076,5080,of irish rugby hes been the heart and soul of this team all,0.0054,5064.0
5078,5082,the heart and soul of this team all night hes going to come off for the,0.0054,5064.0
5080,5084,all night hes going to come off for the last eight minutes of this absolute,normal_play,0.3942
5082,5086,last eight minutes of this absolute nail biter jack crowley,normal_play,0.3942
5084,5088,absolute nail biter jack crowley is going his way johnny sexton,normal_play,0.3942
5086,5090,crowley is going his way johnny sexton leaves his country with a lead,normal_play,0.3942
5088,5092,johnny sexton leaves his country with a lead can they hold on to that here comes,normal_play,0.0
5090,5094,can they hold on to that here comes south africa up the middle,normal_play,0.0
5092,5096,comes south africa up the middle van staden gets a beautiful,normal_play,0.4032
5094,5098,van staden gets a beautiful ball from,normal_play,0.4032
5096,5100,beautiful ball from kurt lee arnser who had that break for,normal_play,0.4032
5098,5102,from kurt lee arnser who had that break for the springboks,normal_play,0.4032
5100,5104,for the springboks attempts finish were in for,normal_play,0.0
5102,5106,springboks attempts finish were in for beautiful ball back to kockersmith from,normal_play,0.0
5104,5108,for beautiful ball back to kockersmith from arje sneyman and it comes to,normal_play,0.4032
5106,5110,from arje sneyman and it comes to clark lebock,normal_play,0.4032
5108,5112,clark lebock unchamp steams,normal_play,0.4032
5110,5114,unchamp steams upfield for,normal_play,0.4032
5112,5116,steams upfield for south africa,0.0054,5104.0
5114,5118,for south africa trevon yacany,0.0054,5104.0
5116,5120,trevon yacany with possession,0.0054,5104.0
5118,5122,yacany with possession back to,0.0054,5104.0
5120,5124,possession back to clark cant get it ireland pile in,1,5120.0
5122,5126,clark cant get it ireland pile in whos there,1,5120.0
5124,5128,in whos there go on,1,5120.0
5126,5130,go on and then its been left behind and hoofed downfield,1,5120.0
5128,5132,and then its been left behind and hoofed downfield from ireland,1,5120.0
5130,5134,downfield from ireland a stunning steal and they drive,1,5120.0
5132,5136,a stunning steal and they drive back to springboks,1,5120.0
5134,5138,drive back to springboks jesse creel beats,1,5120.0
5136,5140,jesse creel beats one,1,5136.0
5138,5142,beats one,1,5136.0
5140,5144,south africa,1,5136.0
5142,5146,south africa theyve got turnover at,1,5136.0
5144,5148,theyve got turnover at the last break time,1,5136.0
5146,5150,at the last break time may have lost it again ireland un,1,5136.0
5148,5152,may have lost it again ireland un attacked here they come,1,5136.0
5150,5154,un attacked here they come ball spits free to the left hand side,1,5136.0
5152,5156,ball spits free to the left hand side,normal_play,0.0
5154,5158,now they look for some magic,normal_play,0.0
5156,5160,now they look for some magic hugo keenan the,normal_play,0.0
5158,5162,hugo keenan the fullback brought down,normal_play,0.0
5160,5164,the fullback brought down inside the 22 here they,normal_play,0.0
5162,5166,inside the 22 here they go release conor,normal_play,0.0
5164,5168,they go release conor murray,normal_play,0.0
5166,5170,conor murray with this crowd urging him on,normal_play,0.0
5168,5172,with this crowd urging him on good ball again jack crowley on the field,normal_play,0.0
5170,5174,good ball again jack crowley on the field,normal_play,0.0
5172,5176,the cheers continue ian henderson,normal_play,0.0
5174,5178,the cheers continue ian henderson the oesterman,normal_play,0.0
5176,5180,henderson the oesterman behind,normal_play,0.0
5178,5182,behind the back ball just,normal_play,0.0
5180,5184,behind the back ball just held on there from hugo hugo keenan,normal_play,0.0
5182,5186,just held on there from hugo hugo keenan lebocks doing well,normal_play,0.0
5184,5188,hugo keenan lebocks doing well,normal_play,0.0
5186,5190,well porter takes,normal_play,0.0
5188,5192,porter takes a strong hit,normal_play,0.0
5190,5194,takes a strong hit theres robbie,normal_play,0.0
5192,5196,theres robbie henshaw looks to attack,normal_play,0.0
5194,5198,henshaw looks to attack,normal_play,0.0
5196,5200,ireland looking at the options,normal_play,0.0
5198,5202,ireland looking at the options here ty burne carries well again,normal_play,0.0
5200,5204,here ty burne carries well again from the urc with munster,normal_play,0.0
5202,5206,again from the urc with munster they go to the,normal_play,0.0
5204,5208,munster they go to the,normal_play,0.0
5206,5210,the pocket sakenbeck not successful attempt,normal_play,0.0
5208,5212,the pocket sakenbeck not successful attempt but they needed to have a go,normal_play,0.0
5210,5214,but they needed to have a go scrum,normal_play,0.0
5212,5216,scrum sakenbeck its going to be a five meter scrum because,normal_play,0.0
5214,5218,sakenbeck its going to be a five meter scrum because hes charged down been,normal_play,0.0
5216,5220,because hes charged down been touched in the air,0.7814,5216.0
5218,5222,been touched in the air scrum did,0.7814,5216.0
5220,5224,scrum did,0.7814,5216.0
5222,5226,yeah,0.7814,5216.0
5224,5228,yeah,0.7814,5224.0
5226,5230,yeah there it is touched in the end there,0.7814,5224.0
5228,5232,there it is touched in the end there,0.7814,5224.0
5230,5234,good work to charge it down,0.7814,5224.0
5232,5236,good work to charge it down but its actually in the back right,0.7814,5224.0
5234,5238,but its actually in the back right it really broke up,0.7814,5224.0
5236,5240,it really broke up creel got scragged,0.7814,5224.0
5238,5242,up creel got scragged and caught and,0.7814,5224.0
5240,5244,scragged and caught and invited ireland to counteract,0.7814,5216.0
5242,5246,and invited ireland to counteract,0.7814,5216.0
5244,5248,counteract,0.7814,5216.0
5258,5262,another change for ireland,normal_play,0.0
5260,5264,another change for ireland andrew porter coming off the field hes,normal_play,0.0
5262,5266,andrew porter coming off the field hes been instrumental today in,normal_play,0.0
5264,5268,hes been instrumental today in that set piece such has been the physicality,scrum,0.4877
5266,5270,in that set piece such has been the physicality of this game i think,scrum,0.4877
5268,5272,physicality of this game i think its a well deserved break for him,scrum,0.4877
5270,5274,think its a well deserved break for him yeah really has been,scrum,0.4877
5272,5276,yeah really has been a thick and heavy game give it hes on the,scrum,0.4877
5274,5278,been a thick and heavy game give it hes on the clock hes dead too,scrum,0.4877
5276,5280,the clock hes dead too kovac rynaf as well,penalty,0.6128
5278,5282,too kovac rynaf as well great shot there in the rsi were talking about out,penalty,0.6128
5280,5284,great shot there in the rsi were talking about out porn compose yourselves in these moments,penalty,0.6128
5282,5286,out porn compose yourselves in these moments were just over five to play,penalty,0.6128
5284,5288,moments were just over five to play theyre there in a huddle breathing,normal_play,0.0
5286,5290,theyre there in a huddle breathing in unison and south,normal_play,0.0
5288,5292,breathing in unison and south africa have made the final change of,normal_play,0.0
5290,5294,south africa have made the final change of their bench their lone back kovac,normal_play,0.0
5292,5296,of their bench their lone back kovac rynaf is onto the field,normal_play,0.0
5294,5298,kovac rynaf is onto the field factor clark coming off a new,normal_play,0.0
5296,5300,field factor clark coming off a new rynaf was going to get on the field and sometimes hes,1,5296.0
5298,5302,new rynaf was going to get on the field and sometimes hes said the only back fan favorite,1,5296.0
5300,5304,hes said the only back fan favorite three years at northampton,1,5296.0
5302,5306,favorite three years at northampton saints before he moved to france but,1,5296.0
5304,5308,northampton saints before he moved to france but hes actually instrumental the second quickest in rugby,1,5296.0
5306,5310,but hes actually instrumental the second quickest in rugby world cup history behind the one he set in,1,5296.0
5308,5312,rugby world cup history behind the one he set in 2019 against canada,1,5296.0
5310,5314,in 2019 against canada,1,5296.0
5314,5318,come on,1,5312.0
5316,5320,come on,1,5312.0
5326,5330,can arlo,goal_kick,0.8688
5328,5332,can arlo put this game away,goal_kick,0.8688
5330,5334,arlo put this game away,goal_kick,0.8688
5332,5336,away five minutes to play,goal_kick,0.8688
5334,5338,five minutes to play their lead south africa 10 8,goal_kick,0.8688
5336,5340,their lead south africa 10 8 come up times off,goal_kick,0.8688
5338,5342,come up times off straight down,goal_kick,0.8688
5340,5344,off straight down dont use your head on the shoulder okay its your,goal_kick,0.8688
5342,5346,down dont use your head on the shoulder okay its your ball dont use your head on the shoulder,goal_kick,0.8688
5344,5348,your ball dont use your head on the shoulder,goal_kick,0.8688
5346,5350,shoulder lets reset please time,goal_kick,0.8688
5348,5352,lets reset please time will go when were ready its tense its,goal_kick,0.8688
5350,5354,time will go when were ready its tense its head and hands time,goal_kick,0.8688
5352,5356,its head and hands time you can barely watch just keep your weight there,goal_kick,0.7202
5354,5358,you can barely watch just keep your weight there two points on the scoreboard five minutes,goal_kick,0.7202
5356,5360,there two points on the scoreboard five minutes to play ireland setting,goal_kick,0.7202
5358,5362,minutes to play ireland setting up camp at the scrum five meters off,goal_kick,0.7202
5360,5364,setting up camp at the scrum five meters off its an african line,normal_play,0.0
5362,5366,off its an african line the experience of conor murray to put into,normal_play,0.0
5364,5368,the experience of conor murray to put into this scrum,normal_play,0.0
5366,5370,into this scrum coach,normal_play,0.0
5368,5372,coach fine,normal_play,0.0
5370,5374,fine here we go as the,normal_play,0.0
5372,5376,fine here we go as the world watches,normal_play,0.0
5374,5378,the world watches,normal_play,0.0
5376,5380,tell,kick_off,0.3629
5378,5382,tell the ireland,kick_off,0.3629
5380,5384,tell the ireland,kick_off,0.3629
5382,5386,you can,kick_off,0.3629
5384,5388,you can hear the roar,normal_play,0.0
5386,5390,can hear the roar,normal_play,0.0
5394,5398,shot,normal_play,0.0
5396,5400,shot called on the line please,normal_play,0.0
5398,5402,shot called on the line please instability mac hansen just came up,normal_play,0.0
5400,5404,instability mac hansen just came up to this near side to fire the crowd up,normal_play,0.4032
5402,5406,up to this near side to fire the crowd up i dont think they need it mac theyre all,normal_play,0.4032
5404,5408,i dont think they need it mac theyre all on their feet theyre loving life,normal_play,0.4032
5406,5410,all on their feet theyre loving life,normal_play,0.4032
5418,5422,substitute,normal_play,0.4032
5420,5424,substitute front back jack crow for ireland will be very,normal_play,0.4032
5422,5426,substitute front back jack crow for ireland will be very very pleased to get one over,normal_play,0.4032
5424,5428,very very pleased to get one over on the box pack,normal_play,0.3108
5426,5430,over on the box pack a massive moment in the game,normal_play,0.3108
5428,5432,a massive moment in the game for ireland,normal_play,0.3108
5430,5434,game for ireland jack,normal_play,0.3108
5432,5436,jack crowley pivotal,normal_play,0.4032
5434,5438,jack crowley pivotal roll for the munster side winning the urc,normal_play,0.4032
5436,5440,pivotal roll for the munster side winning the urc this year,normal_play,0.4032
5438,5442,urc this year from,normal_play,0.4032
5440,5444,from close range,normal_play,0.4032
5442,5446,from close range,normal_play,0.4032
5446,5450,to make it,normal_play,0.4032
5448,5452,to make it a five point lead,normal_play,0.4032
5450,5454,a five point lead and its,normal_play,0.4032
5452,5456,and its a three point lead,normal_play,0.4032
5454,5458,its a three point lead,normal_play,0.4032
5456,5460,crowley has his name in,normal_play,0.4032
5458,5462,crowley has his name in the books its 13,normal_play,0.4032
5460,5464,in the books its 13 points to rate ireland lead south,normal_play,0.4032
5462,5466,13 points to rate ireland lead south africa,normal_play,0.4032
5464,5468,south africa with three minutes to play,normal_play,0.4032
5466,5470,with three minutes to play,normal_play,0.4032
5470,5474,colby looks to the,penalty,0.5575
5472,5476,colby looks to the sky a hint of despair in,penalty,0.5575
5474,5478,the sky a hint of despair in this african eyes now,penalty,0.5575
5476,5480,in this african eyes now,penalty,0.5575
5480,5484,down the middle goes,normal_play,0.0
5482,5486,down the middle goes south africa nice lift from ireland,normal_play,0.0
5484,5488,goes south africa nice lift from ireland can they,normal_play,0.0
5486,5490,ireland can they close out this game,normal_play,0.0
5488,5492,they close out this game okay green,normal_play,0.0
5490,5494,okay green its a big kick yet again,normal_play,0.0
5492,5496,its a big kick yet again two in a row,normal_play,0.0
5494,5498,two in a row monty leboc,normal_play,0.0
5496,5500,monty leboc launches the counter,normal_play,0.0
5498,5502,leboc launches the counter the flowers being had and theres,normal_play,0.0
5500,5504,counter the flowers being had and theres a bunch of green jerseys around there,normal_play,0.4032
5502,5506,theres a bunch of green jerseys around there,normal_play,0.4032
5504,5508,there rana retains position for south,normal_play,0.4032
5506,5510,rana retains position for south africa,normal_play,0.4032
5508,5512,south africa,normal_play,0.0
5510,5514,villains,normal_play,0.0
5512,5516,villains up magic needed,normal_play,0.0
5514,5518,villains up magic needed from some of the playmakers cheslin,normal_play,0.0
5516,5520,from some of the playmakers cheslin and colby,normal_play,0.0
5518,5522,cheslin and colby cant get free on this occasion to the halfway,normal_play,0.0
5520,5524,cant get free on this occasion to the halfway line turnover good,normal_play,0.0
5522,5526,halfway line turnover good a pinch and another steal,normal_play,0.0
5524,5528,good a pinch and another steal from ireland,normal_play,0.0
5526,5530,steal from ireland unbelievable from bundy bundee aki,normal_play,0.0
5528,5532,unbelievable from bundy bundee aki turnover good storming with,normal_play,0.0
5530,5534,bundee aki turnover good storming with ball in hand and on,normal_play,0.0
5532,5536,with ball in hand and on the other side of the ball low again chips this,lineout,0.331
5534,5538,on the other side of the ball low again chips this one whos put him on,lineout,0.331
5536,5540,this one whos put him on colby hes on there,lineout,0.331
5538,5542,colby hes on there hes opposite number,lineout,0.331
5540,5544,hes opposite number 90 seconds left,normal_play,0.0
5542,5546,90 seconds left,normal_play,0.0
5544,5548,south africas chance with ball,maul,0.5232
5546,5550,south africas chance with ball in hand,maul,0.5232
5548,5552,in hand big hit as well rana juans position,maul,0.5232
5550,5554,big hit as well rana juans position inche waits theres,maul,0.5232
5552,5556,position inche waits theres a behind the back,normal_play,0.0
5554,5558,theres a behind the back leboc by jesse,normal_play,0.0
5556,5560,leboc by jesse creel to the halfway,normal_play,0.0
5558,5562,jesse creel to the halfway line the tackle keep coming from ireland,normal_play,0.0
5560,5564,halfway line the tackle keep coming from ireland vantage second man,0.0054,5560.0
5562,5566,vantage second man hands on,0.0054,5560.0
5564,5568,man hands on pindy vantage,0.0054,5560.0
5566,5570,on pindy vantage ball side out willemse,0.0054,5560.0
5568,5572,ball side out willemse almost got the pass away,0.0054,5560.0
5570,5574,almost got the pass away in the tackle and ended eventually,0.0054,5560.0
5572,5576,in the tackle and ended eventually,0.0054,5560.0
5574,5578,eventually okay you got two pindolies,0.0054,5560.0
5576,5580,okay you got two pindolies one pindoli here for off feet,0.0054,5568.0
5578,5582,one pindoli here for off feet,0.0054,5568.0
5580,5584,feet,0.0054,5568.0
5584,5588,cheers one here and one over,0.0054,5568.0
5586,5590,cheers one here and one over there from the south african side,0.0054,5568.0
5588,5592,over there from the south african side off feet theyre not,0.0054,5568.0
5590,5594,off feet theyre not a group short of the leaf they,0.0054,5568.0
5592,5596,not a group short of the leaf they said coming into this they love the pressure cooker,0.0054,5592.0
5594,5598,they said coming into this they love the pressure cooker its,0.0054,5592.0
5596,5600,cooker its dolled right up now,0.0054,5596.0
5598,5602,dolled right up now,0.0054,5596.0
5600,5604,marnie leboc,0.0054,5596.0
5602,5606,marnie leboc so much said,0.0054,5596.0
5604,5608,so much said about his kicking in this game,0.0054,5592.0
5606,5610,said about his kicking in this game and his shots at goal have been questionable hes missed,0.0054,5592.0
5608,5612,and his shots at goal have been questionable hes missed a few well thats a nice nudge,0.0054,5608.0
5610,5614,missed a few well thats a nice nudge hes giving his back,0.0054,5608.0
5612,5616,nudge hes giving his back and inviting blackpool into play here,0.0054,5608.0
5614,5618,back and inviting blackpool into play here,0.0054,5608.0
5616,5620,here,0.0054,5616.0
5618,5622,the,0.0054,5616.0
5620,5624,the drama unfolding,0.0054,5620.0
5622,5626,the drama unfolding in front,0.0054,5620.0
5624,5628,unfolding in front of us at start to,0.0054,5620.0
5626,5630,front of us at start to france,0.0054,5620.0
5628,5632,to france final play,0.0054,5616.0
5630,5634,final play,0.0054,5616.0
5632,5636,play ireland lead,0.0054,5632.0
5634,5638,ireland lead 13 8,0.0054,5632.0
5636,5640,lead 13 8 farid,0.0054,5632.0
5638,5642,8 farid goes to peterseft to tweit,0.0054,5632.0
5640,5644,goes to peterseft to tweit south,1,5640.0
5642,5646,tweit south africa mourning towards,1,5640.0
5644,5648,south africa mourning towards the top ireland the alendi is in there as well,1,5640.0
5646,5650,towards the top ireland the alendi is in there as well tyburn,1,5640.0
5648,5652,well tyburn the irish defender,normal_play,0.0
5650,5654,tyburn the irish defender on the side,normal_play,0.0
5652,5656,defender on the side,normal_play,0.0
5654,5658,theyve defended superbly,normal_play,0.0
5656,5660,theyve defended superbly where is it theyre,normal_play,0.0
5658,5662,superbly where is it theyre going to try to dig this out its there,normal_play,0.0
5660,5664,theyre going to try to dig this out its there has it come out its over,normal_play,0.0
5662,5666,has it come out its over,normal_play,0.0
5664,5668,over ireland,normal_play,0.0
5666,5670,ireland have done,normal_play,0.0
5668,5672,have done it,normal_play,0.0
5670,5674,done it the number one team in the world,normal_play,0.0
5672,5676,the number one team in the world,normal_play,0.0
5674,5678,world,normal_play,0.0
5676,5680,irish eyes are smiling tonight,normal_play,0.0
5678,5682,irish eyes are smiling tonight theyve taken one step,normal_play,0.0
5680,5684,tonight theyve taken one step closer to their rugby world,normal_play,0.0
5682,5686,step closer to their rugby world cup dream,normal_play,0.0
5684,5688,world cup dream theyve beaten the springboks,normal_play,0.0
5686,5690,theyve beaten the springboks,normal_play,0.0
5688,5692,its been an extraordinary evening in,normal_play,0.0
5690,5694,its been an extraordinary evening in paris therell be tears,normal_play,0.0
5692,5696,in paris therell be tears therell be celebrations,normal_play,0.0
5694,5698,therell be celebrations 80 0 fans,normal_play,0.0
5696,5700,80 0 fans yeah millions around the world,normal_play,0.0
5698,5702,fans yeah millions around the world have witnessed one of,normal_play,0.0
5700,5704,have witnessed one of the great battles in rugby,normal_play,0.0
5702,5706,of the great battles in rugby world cup history,normal_play,0.0
5704,5708,rugby world cup history for more information visit w fema gov,normal_play,0.0
5706,5710,for more information visit w fema gov,normal_play,0.0
