start_time,end_time,text,event_class,highlight_score
0.0,4.0,its a warm welcome to you from the south of france,kick_off,0.2419
3.5,7.5,of france argentina v england we,kick_off,0.2419
7.0,11.0,we have begun nice deep kick for,normal_play,0.0
10.5,14.5,deep kick for england to receive on the right early,normal_play,0.4032
14.0,18.0,early touch up field goes the captain courtney laws from the northampton,normal_play,0.4032
17.5,21.5,the northampton saints 34 years of age,normal_play,0.4032
21.0,25.0,age captain of england for the second time popped over,normal_play,0.4032
24.5,28.5,popped over the top first line up,normal_play,0.4032
28.0,32.0,up alex mitchell would have won a little,normal_play,0.4032
31.5,35.5,would have won a little bit more on his first kick just to sell himself into the,normal_play,0.0
35.0,39.0,himself into the game because even though hes very calm composed characters thats a spotlight,normal_play,0.0
38.5,42.5,thats a spotlight shone on him for his only a second start,normal_play,0.0
42.0,46.0,a second start for,normal_play,0.0
45.5,49.5,england julian montozha,lineout,0.4093
49.0,53.0,montozha first line up thats their go to,lineout,0.4093
52.5,56.5,thats their go to set piece ball pops on the ground its gone backwards,normal_play,0.0
56.0,60.0,backwards so they inch forward to los pumas,normal_play,0.0
59.5,63.5,pumas gonzalo bertranot plays his,normal_play,0.0
63.0,67.0,bertranot plays his rugby in wales with the dragons go short goliwau,normal_play,0.1468
66.5,70.5,goliwau marcus cramer david in 2016 been a,normal_play,0.1468
70.0,74.0,2016 been a while on this side,normal_play,0.1468
73.5,77.5,england come flying up as argentina take their time just to resettle,normal_play,0.3398
77.0,81.0,just to resettle the forwards eventually going to left hand side lavanini turns it back,normal_play,0.2564
80.5,84.5,it back as they cut to the 10,normal_play,0.2564
84.0,88.0,just getting a feel bertranot again behind,normal_play,0.4032
87.5,91.5,again behind the back nice ball to fly up gets cut down to santiago carreras,normal_play,0.4032
91.0,95.0,santiago carreras,normal_play,0.4032
94.5,98.5,so bertranot has the time in his 53rd,normal_play,0.4032
98.0,102.0,53rd game for his country to go high putting a real tester up,normal_play,0.4032
101.5,105.5,all sorts of pressure there and alex mitchell comes,normal_play,0.4032
105.0,109.0,mitchell comes up with that one,normal_play,0.4032
108.5,112.5,one as england look to drive,normal_play,0.4032
112.0,116.0,look to drive out of their 22 powerful low carry,normal_play,0.4032
115.5,119.5,carry olly chesson the 23 year old one of the young guns in this,normal_play,0.4032
119.0,123.0,in this english outfit,normal_play,0.4032
122.5,126.5,kick and game,normal_play,0.4032
126.0,130.0,kick and game will be such an important part of,normal_play,0.4032
129.5,133.5,of this hit hard is one cruz malaya,normal_play,0.4032
133.0,137.0,cruz malaya the fullback turns 27 tomorrow,normal_play,0.0
136.5,140.5,pablo montana first carry for,normal_play,0.4032
140.0,144.0,first carry for the 30 year old 96 appearances down the,normal_play,0.4032
143.5,147.5,appearances down the short side carreras stabs it at the top theres a bit of space to operate here for argentina,normal_play,0.4032
147.0,151.0,here for argentina again good coverage from the scum half was,normal_play,0.4032
150.5,154.5,scum half was alex mitchell in the kick down field and theres nobody back there,normal_play,0.4032
154.0,158.0,back there,normal_play,0.4032
157.5,161.5,and,normal_play,0.0
161.0,165.0,and the ball to drive out of the 22 got himself on that one its all about the defence so,normal_play,0.0
164.5,168.5,the defence so far from england theyre capturing argentina behind the,normal_play,0.0
168.0,172.0,behind the game line and carreras nearly very creatively got himself out of,normal_play,0.0
171.5,175.5,himself out of trouble alex mitchell wonderfully sweeping back and offload it,normal_play,0.0
175.0,179.0,offload it to stewart put in a lovely kick just failed to,normal_play,0.0
178.5,182.5,just failed to creep inside the 22,normal_play,0.0
182.0,186.0,lovely kick nice start,normal_play,0.0
185.5,189.5,kick nice start this is a coaching start for this english site steve,normal_play,0.0
189.0,193.0,steve bothwick point to december 2022 capped 57 times for,normal_play,0.0
192.5,196.5,57 times for england pigs on the lock coach of the leicester,normal_play,0.0
196.0,200.0,coach of the leicester tigers his third rugby world cup picks early on as well,normal_play,0.0
199.5,203.5,well steve bothwick saying he felt a few people called time,normal_play,0.0
203.0,207.0,people called time too early on this england team he still backs them,normal_play,0.0
206.5,210.5,them,normal_play,0.0
213.5,217.5,an intensity to,normal_play,0.0
217.0,221.0,intensity to englands start really nice bit of line speed,normal_play,0.0
220.5,224.5,speed michael cheka,normal_play,0.0
224.0,228.0,michael cheka on the other side of things from,normal_play,0.0
227.5,231.5,from australia to head coach in march of 2022 fluent in four languages,normal_play,0.0
231.0,235.0,in four languages he owns a fashion company as well he always looks,normal_play,0.0
234.5,238.5,as well he always looks very good as he leads this side hes brought in felipe,normal_play,0.0
238.0,242.0,in felipe conte pomi one martin fernandez lobby who had been in the coaching crew before,normal_play,0.0
241.5,245.5,coaching crew before felipe conte pomi said michael,normal_play,0.0
245.0,249.0,said michael cheka that they had the best version of michael,normal_play,0.0
248.5,252.5,of michael compared him to a fine wine hes just,tmo_replay,0.85
252.0,256.0,hes just blending the passion im going to show you a hit clash,tmo_replay,0.85
255.5,259.5,clash a right tackle by england number,tmo_replay,0.85
259.0,263.0,england number seven i think it is,tmo_replay,0.85
262.5,266.5,can you put it on the screen please,tmo_replay,0.85
266.0,270.0,please this is your best angle,tmo_replay,0.85
287.0,291.0,so those are your best angles,tmo_replay,0.85
294.0,298.0,i didnt see anything on the screen we dont,tmo_replay,0.85
297.5,301.5,we dont,tmo_replay,0.85
301.0,305.0,dont,tmo_replay,0.85
304.5,308.5,dont have the time to show you,tmo_replay,0.85
318.5,322.5,just right now,normal_play,0.0
322.0,326.0,right now i was just requesting to have the footage so you can see it on the big screen here,normal_play,0.0
325.5,329.5,big screen here so,normal_play,0.0
329.0,333.0,so the player is upright for tackle the ball career,normal_play,0.0
332.5,336.5,career we have a full player here marius because the player is upright,normal_play,0.0
336.0,340.0,upright there is a net clash so he meets the yellow card threshold,normal_play,0.0
339.5,343.5,yellow card threshold so i will give a yellow card and going for a field review right,normal_play,0.0
343.0,347.0,review right yeah i agree captain please,card_event,1.0
346.5,350.5,please yeah ill,card_event,1.0
350.0,354.0,yeah ill try tackle going for a field review,card_event,1.0
353.5,357.5,so there it is a yellow,card_event,1.0
357.0,361.0,is a yellow card well wait for a,card_event,1.0
360.5,364.5,well wait for a review,normal_play,0.0
364.0,368.0,upright as explained by mattia,normal_play,0.0
367.5,371.5,explained by mattia reynaud upright head clash so yellow card,normal_play,0.0
371.0,375.0,yellow card goes to the bunker,penalty,0.6128
378.0,382.0,a huge blow,normal_play,0.0
381.5,385.5,huge blow for england obviously losing tom curry probably for the next 10,normal_play,0.0
385.0,389.0,next 10 minutes as you can see hovison creby not too happy,normal_play,0.0
388.5,392.5,too happy with the incident there but he has come back from injury this,normal_play,0.0
392.0,396.0,from injury this is first match back from injury and hes so integral to their scrum,normal_play,0.0
395.5,399.5,integral to their scrum we know how fierce the pumas are in their,normal_play,0.0
399.0,403.0,are in their scrum and so that is a huge blow for the england side early in,normal_play,0.0
402.5,406.5,side early in this match,normal_play,0.0
406.0,410.0,argentina the frown start bouncing,normal_play,0.0
409.5,413.5,frown start bouncing around in the crowd,normal_play,0.0
413.0,417.0,got the back row partners in shot there theyre going to,normal_play,0.0
416.5,420.5,shot there theyre going to have to do a bit of extra work the top of the carry and now we,normal_play,0.0
420.0,424.0,and now we restart for 60 seconds please one,normal_play,0.0
423.5,427.5,one of the best things that tom curry was bringing back to the squad was just his how busy,normal_play,0.0
427.0,431.0,his how busy he is around the park hes a nuisance at breakdown makes,normal_play,0.0
430.5,434.5,makes a shed load of tackle not,normal_play,0.0
434.0,438.0,not for the next few minutes first opportunity for points,normal_play,0.0
437.5,441.5,opportunity for points in this game emiliano buffelli who scored 25,normal_play,0.0
441.0,445.0,who scored 25 points against england in november last year when,normal_play,0.0
444.5,448.5,when they want 30 points to 29 he steps up,normal_play,0.0
448.0,452.0,steps up first,goal_kick,0.8688
465.5,469.5,buffelli has peeled,goal_kick,0.789
469.0,473.0,has peeled it in for the opening points in marseille and,goal_kick,0.8688
472.5,476.5,and its argentina they go up three zip in the opening few minutes,goal_kick,0.8688
476.0,480.0,opening few minutes,goal_kick,0.8688
479.5,483.5,wowee thats a nudge i was looking at,normal_play,0.0
483.0,487.0,i was looking at that from up on opposition thinking thats a long way out,normal_play,0.0
486.5,490.5,out but buffelli he kicks a lot of goals 273,normal_play,0.0
490.0,494.0,273 points for this lost pumas side over the years hes,normal_play,0.0
493.5,497.5,hes going to add a few more tonight from the looks of things,normal_play,0.0
497.0,501.0,that is the issue giving away penalty from any,kick_off,0.4562
500.5,504.5,penalty from any weight with buffelli around plays his rugby in edinburgh,kick_off,0.4562
504.0,508.0,his rugby in edinburgh in scotland kick off from england in,normal_play,0.0
507.5,511.5,england in the opening five minutes for argentina best finish third,normal_play,0.4032
511.0,515.0,best finish third here in france also took fourth in 2015 in,normal_play,0.4032
514.5,518.5,2015 in england four time quarter finalists,normal_play,0.4032
518.0,522.0,finalists looking to go further in this event as they go downtown,normal_play,0.4032
521.5,525.5,downtown so england down to,normal_play,0.4032
525.0,529.0,down to 14 players that you skip through billy stewart,normal_play,0.4032
528.5,532.5,billy stewart 22 year old such an attacking genius as,normal_play,0.0
532.0,536.0,genius as the forwards got to work now towards the halfway line mitchell wants,normal_play,0.4032
535.5,539.5,mitchell wants quick four as george ford bangs,normal_play,0.4032
539.0,543.0,bangs it high its a lovely take yet,normal_play,0.4032
542.5,546.5,lovely take yet again its buffelli this time for argentina,normal_play,0.4032
546.0,550.0,time for argentina their side of the half its a short line,normal_play,0.4032
549.5,553.5,line as they come steaming upfield and,normal_play,0.4032
553.0,557.0,upfield and a penalty as well this would work them,normal_play,0.0
556.5,560.5,work them down the nice nick,normal_play,0.0
563.5,567.5,so courtney law is explaining there that he tried to get on the,normal_play,0.0
567.0,571.0,tried to get on the ball which is what the referee is looking for any hands on the ground pass,normal_play,0.0
570.5,574.5,on the ground pass the ball they will penalize that,normal_play,0.0
574.0,578.0,its a good bit of attack from argentina i like that,normal_play,0.0
577.5,581.5,that came from this beautiful take from buffelli nice bit of shepherding,normal_play,0.0
581.0,585.0,shepherding from his back three partner,normal_play,0.0
584.5,588.5,partner moronis come on as the,normal_play,0.0
588.0,592.0,come on as the blood replacement there,normal_play,0.0
591.5,595.5,there you can see laws his hands just on the grass anything like that,normal_play,0.0
595.0,599.0,anything like that easy look for the referee to penalize them,normal_play,0.0
598.5,602.5,them,normal_play,0.0
602.0,606.0,well hopefully shell be smiling after,normal_play,0.0
605.5,609.5,be smiling after this kick,normal_play,0.0
612.5,616.5,buffelli again played with,goal_kick,0.8688
616.0,620.0,played with the duendes rugby club in rosario when he was a youngster theyll,goal_kick,0.8688
619.5,623.5,youngster theyll be watching there this afternoon,goal_kick,0.8688
623.0,627.0,there this afternoon,goal_kick,0.8688
630.0,634.0,again emiliano buffelli,goal_kick,0.8688
633.5,637.5,buffelli steers at this time unsuccessfully,goal_kick,0.8688
637.0,641.0,unsuccessfully with the stay throughs up that was,goal_kick,0.8688
640.5,644.5,that was huge legs on it that kick well behind the halfway,normal_play,0.0
644.0,648.0,behind the halfway it sailed high enough just not quite,normal_play,0.0
647.5,651.5,just not quite the accuracy slight relief perhaps,normal_play,0.0
651.0,655.0,relief perhaps from maratosa in england boys,normal_play,0.0
654.5,658.5,they will come into this,normal_play,0.0
658.0,662.0,come into this game very knowledgeable about buffellis ability to kick goals and,normal_play,0.0
661.5,665.5,goals and punish them in their last meeting 2022,normal_play,0.0
665.0,669.0,2022,normal_play,0.0
668.5,672.5,forward,kick_off,0.5159
672.0,676.0,forward to get us going yet again argentina,kick_off,0.5159
675.5,679.5,look for possession at the halfway line a good,normal_play,0.0
679.0,683.0,a good little step there from matera made the most carries of any play,normal_play,0.4032
682.5,686.5,of any play in the 2023 rugby championship kerema,normal_play,0.4032
686.0,690.0,kerema difficult one to handle so its hacked through and then,normal_play,0.4032
689.5,693.5,and then half lost but its gone backwards,normal_play,0.4032
693.0,697.0,watching is there on it for england the centre follows up nicely,normal_play,0.4032
696.5,700.5,follows up nicely driving lost pull was back the,normal_play,0.4032
700.0,704.0,the big frame of tomas abanini out of the indoor club his,normal_play,0.4032
703.5,707.5,club his third rugby world cup bringing that experience here thats,normal_play,0.4032
707.0,711.0,thats needed england,normal_play,0.4032
710.5,714.5,england find their fly off the sail shot player,normal_play,0.4032
714.0,718.0,shot player gets interfered with afterwards its,normal_play,0.4032
717.5,721.5,its a big high kick the crowd dont like it,normal_play,0.4032
721.0,725.0,it penalty gone,normal_play,0.4032
724.5,728.5,the english player still playing a sign that perhaps they wanted the advantage,penalty,0.4794
728.0,732.0,wanted the advantage there but it was,penalty,0.4794
731.5,735.5,was foul play so they will come back for it,normal_play,0.0
735.0,739.0,it,normal_play,0.0
738.5,742.5,it you booze ring around run the crowd and im not sure,normal_play,0.0
742.0,746.0,and im not sure who it is its booing whether its the argentinian fans that dont,normal_play,0.0
745.5,749.5,fans that dont like the decision or the england fans that dont like the action but,normal_play,0.0
749.0,753.0,but its pretty tasty in here both on the field and off,normal_play,0.0
752.5,756.5,the field and off it,tmo_replay,0.85
756.0,760.0,it,tmo_replay,0.85
759.5,763.5,it says referee ran out hes 44th test and hes third,tmo_replay,0.85
763.0,767.0,test and hes third rugby world cup as well the review incident,tmo_replay,0.85
766.5,770.5,the review incident aside this was going to be a really nice option all right,tmo_replay,0.85
770.0,774.0,all right he has steward on the chase coming up for me england need to go to,tmo_replay,0.85
773.5,777.5,england need to go to that as much as they can,tmo_replay,0.85
794.5,798.5,i agree,card_event,1.0
801.5,805.5,so were all square,card_event,1.0
805.0,809.0,were all square a yellow for england and a yellow for argentina,card_event,1.0
808.5,812.5,for argentina with a bunker of you coming up as well about,normal_play,0.0
812.0,816.0,well about eight minutes to the side if that stays yellow or becomes a red,normal_play,0.0
815.5,819.5,becomes a red yeah,penalty,0.6128
819.0,823.0,yeah pretty well explained by the referee there pretty straightforward head,penalty,0.6128
822.5,826.5,straightforward head contact hes gone to the bin,normal_play,0.0
826.0,830.0,to the bin and the bunker for review see what comes of that,normal_play,0.0
829.5,833.5,that,normal_play,0.0
833.0,837.0,that some good news for,normal_play,0.0
836.5,840.5,good news for argentina here theyre full back one cruise malaya is,normal_play,0.0
840.0,844.0,malaya is coming back onto the field some running repairs on him following that earlier,normal_play,0.0
843.5,847.5,following that earlier incident with tom curry but they will get their full back back although,normal_play,0.0
847.0,851.0,back although of course they do lose their fly half for the next 10,goal_kick,0.8688
850.5,854.5,next 10 minutes thanks nat vital,goal_kick,0.8688
854.0,858.0,vital player to be missing santiago carreras,goal_kick,0.8688
857.5,861.5,carreras meanwhile hes opposite number george,goal_kick,0.8688
861.0,865.0,george ford 86th total appearance,goal_kick,0.8688
864.5,868.5,86th total appearance in test rugby,goal_kick,0.8688
868.0,872.0,in search of the equalizing points,goal_kick,0.8688
871.5,875.5,points,goal_kick,0.8688
875.0,879.0,the flags go up the crowd like it england,goal_kick,0.8688
878.5,882.5,it england are on the board at the rugby world cup george ford puts,normal_play,0.0
882.0,886.0,ford puts up three its met by a big,normal_play,0.0
885.5,889.5,by a big cheer see of white around the stadium here in marseille,normal_play,0.0
889.0,893.0,marseille three apiece,normal_play,0.0
892.5,896.5,three apiece plenty of action already on this one only 10 minutes in,normal_play,0.0
896.0,900.0,10 minutes in,normal_play,0.0
899.5,903.5,okay so captain please,normal_play,0.0
906.5,910.5,captain please,normal_play,0.0
910.0,914.0,number number,normal_play,0.0
913.5,917.5,number number seven on a head clash have been upgraded to a red card because there is no mitigation,card_event,1.0
917.0,921.0,there is no mitigation high degree of danger so its a red against the seven,card_event,1.0
920.5,924.5,seven theyve just scored and its a massive blow,card_event,1.0
924.0,928.0,its a massive blow for england its a red card for tom curry the,card_event,1.0
927.5,931.5,curry the bunker has upgraded it,normal_play,0.0
934.5,938.5,so this was,normal_play,0.0
938.0,942.0,was the incident as theyve seen it,normal_play,0.0
941.5,945.5,it no mitigating,kick_off,0.5159
945.0,949.0,no mitigating factors thats why its been upgraded to a red card,kick_off,0.5159
948.5,952.5,card meanwhile,normal_play,0.0
952.0,956.0,meanwhile kickoff is taken to three pieces of the 10 minute mark both,normal_play,0.2921
955.5,959.5,mark both teams down to 14 but england will stay that way as,normal_play,0.2921
959.0,963.0,way as carreras is under review from the bunker both for england,normal_play,0.0
962.5,966.5,both for england here theyre 22 very serious,normal_play,0.0651
966.0,970.0,very serious front row with dan cole and ennis genge,normal_play,0.0651
973.0,977.0,mitchell only second match starting for england again,normal_play,0.0
976.5,980.5,england again goes to the skies but,normal_play,0.4032
980.0,984.0,but fairly again with a take hes second in this game hes driven backwards good,normal_play,0.4032
983.5,987.5,good england pressure indeed they try to get the pinch but,normal_play,0.0
987.0,991.0,to get the pinch but it stays with argentina,penalty,0.6128
990.5,994.5,11 and on the ground i,penalty,0.6128
994.0,998.0,i think benno was all right in that rut hes had it david hes been,penalty,0.6128
997.5,1001.5,david hes been penalty,normal_play,0.0
1001.0,1005.0,just a,normal_play,0.0
1004.5,1008.5,just a word of losing tom curry thats huge no mistake and,normal_play,0.0
1008.0,1012.0,mistake and you feel for him that decisions worked so hard to come back,normal_play,0.3795
1011.5,1015.5,so hard to come back into the squad and theres clearly no malice,normal_play,0.3795
1015.0,1019.0,no malice no intent for that doesnt matter,normal_play,0.0
1018.5,1022.5,but you feel for him hell be devastated,normal_play,0.0
1022.0,1026.0,be devastated to miss out on the rest of this game and perhaps go on he,normal_play,0.0
1025.5,1029.5,perhaps go on he was so disappointed to go down the race mitch you saw him,normal_play,0.0
1029.0,1033.0,mitch you saw him on the screen here was actually ready to just come back on and had to,normal_play,0.0
1032.5,1036.5,back on and had to be stopped by the team and now the skipper owen farrell has gone down possibly,lineout,0.4726
1036.0,1040.0,down possibly to speak to him he was sitting on the bench with the players yeah,lineout,0.4726
1039.5,1043.5,players yeah great insight there now as argentina look to get,normal_play,0.0
1043.0,1047.0,look to get them all going here at the 22 julio montosia at,maul,0.5412
1046.5,1050.5,montosia at the back one stop will cup,maul,0.5412
1050.0,1054.0,will cup as well,maul,0.5412
1053.5,1057.5,bertrand up marshaling,normal_play,0.0
1057.0,1061.0,up marshaling his forwards in the 22 now looking for space wide and throw,normal_play,0.0
1060.5,1064.5,wide and throw one dummy santiago chocobares now,normal_play,0.0
1064.0,1068.0,chocobares now across field they loop yet again,normal_play,0.0
1067.5,1071.5,labanini penalty goes the other way to england and they,penalty,0.6128
1071.0,1075.0,and they get over this one nicely smart,penalty,0.6128
1074.5,1078.5,smart work from courtney laws labanini just got,normal_play,0.0
1078.0,1082.0,just got a little bit away from his support,normal_play,0.0
1081.5,1085.5,mattiero now give me one the other way recognize,normal_play,0.0
1085.0,1089.0,recognize that laws had his hands on the ball usually theyre going to reward that,normal_play,0.4032
1088.5,1092.5,theyre going to reward that its very close that if the ruck had already formed he would have,normal_play,0.4032
1092.0,1096.0,formed he would have not been able to have hands on the,normal_play,0.0
1095.5,1099.5,the ball definitely needed that inside there 22 things looking ominous,normal_play,0.0
1099.0,1103.0,looking ominous as ford goes downfield with a nice nice penalty,normal_play,0.4032
1102.5,1106.5,nice nice penalty kick,normal_play,0.4032
1106.0,1110.0,there,normal_play,0.0
1109.5,1113.5,there as you can see supporting his own weight hes on the ball he,normal_play,0.0
1113.0,1117.0,he survived the clear as well,normal_play,0.0
1116.5,1120.5,and thats a good old kick as well downfield good launch,normal_play,0.0
1120.0,1124.0,downfield good launch position for england this wait,normal_play,0.0
1123.5,1127.5,wait england lead this rugby world cup head to head three nothing,normal_play,0.0
1127.0,1131.0,nothing maybe argentina four years ago in tokyo,lineout,0.2987
1130.5,1134.5,in tokyo 39 points to 10 expect to be a,lineout,0.2987
1134.0,1138.0,expect to be a lot tighter this affair bounce down to,lineout,0.2987
1137.5,1141.5,bounce down to mitchell the scum off who gets it away for england to attack big,normal_play,0.0
1141.0,1145.0,big tackle coming from kramer in midfield on,normal_play,0.4032
1144.5,1148.5,on the english outside center gange,normal_play,0.4032
1148.0,1152.0,gange drifts across field,normal_play,0.4032
1151.5,1155.5,so no other options here for ford so he goes to the boot again,normal_play,0.4032
1155.0,1159.0,finds the bandage fullback malia,normal_play,0.4032
1158.5,1162.5,fullback malia plays his rugby here in toulouse,normal_play,0.0
1162.0,1166.0,toulouse said its been a valuable tool helped him,normal_play,0.0
1165.5,1169.5,helped him on and off the field as well again ford goes high chases there,normal_play,0.4032
1169.0,1173.0,there stewart is trying to get underneath it,normal_play,0.4032
1172.5,1176.5,underneath it bofelli hands everywhere and in the,normal_play,0.0
1176.0,1180.0,and in the end england will take possession,normal_play,0.0
1179.5,1183.5,theres a little scrappy towards the end there,normal_play,0.0
1183.0,1187.0,towards the end there if stewart gets up in the air going forward hes,normal_play,0.0
1186.5,1190.5,forward hes most likely going to come back with the ball nearly didnt that occasion,normal_play,0.0
1190.0,1194.0,occasion here is a mark its a great line,normal_play,0.0
1193.5,1197.5,its a great line up battle laws have a knee knee,normal_play,0.0
1197.0,1201.0,a knee knee already going at it theres one man you probably dont want to run into the midfield its,normal_play,0.0
1200.5,1204.5,the midfield its that guy kramer great technical tackle,normal_play,0.0
1204.0,1208.0,yeah hes been such a bruising player for los palmas,normal_play,0.0
1207.5,1211.5,for los palmas over the years take a look at those stats,normal_play,0.0
1211.0,1215.0,those stats theres england there the dominant territory last time these two sides,normal_play,0.0
1214.5,1218.5,these two sides met now its england on this side the discipline,normal_play,0.0
1218.0,1222.0,the discipline has been an issue of course seven cards across,normal_play,0.0
1221.5,1225.5,cards across the past five tests four yellows and three reds for this english side before coming into,normal_play,0.0
1225.0,1229.0,before coming into this world cup its true and historically,normal_play,0.0
1228.5,1232.5,and historically they have managed to turn on their discipline and tighten it up a little bit,normal_play,0.0
1232.0,1236.0,it up a little bit for world cups only five yellow cards in their history,scrum,0.4006
1235.5,1239.5,cards in their history which is not many discipline,scrum,0.4006
1239.0,1243.0,discipline is key at big tournaments,scrum,0.4006
1246.0,1250.0,15 minutes gone our first scutton and it goes,scrum,0.4006
1249.5,1253.5,and it goes the way of argentina an early push from england,normal_play,0.0
1253.0,1257.0,england,normal_play,0.0
1260.0,1264.0,referee doing that that england front row,normal_play,0.0
1263.5,1267.5,row went early trying to get the jump,normal_play,0.3177
1267.0,1271.0,to say for me that was a bit of,normal_play,0.3177
1270.5,1274.5,that was a bit of a tough one were not had a lot of scrum this ones going up in the,normal_play,0.0
1274.0,1278.0,the,normal_play,0.0
1277.5,1281.5,the air mark called by the english fullback,normal_play,0.4032
1281.0,1285.0,the english fullback freddie stewart so just a bit too far there from the argentine team,normal_play,0.4032
1284.5,1288.5,argentine team yeah too comfortable,normal_play,0.0
1288.0,1292.0,yeah too comfortable thats a letoff very sure its going to whack this one downfield i,normal_play,0.0
1291.5,1295.5,downfield i suspect,normal_play,0.4032
1295.0,1299.0,yeah another excellent kick from the,normal_play,0.4032
1298.5,1302.5,kick from the fullback,normal_play,0.0
1302.0,1306.0,england at the moment just able to,normal_play,0.0
1305.5,1309.5,able to relieve the pressure to play a lot,normal_play,0.4032
1309.0,1313.0,to play a lot of the game down in the argentine in half,normal_play,0.4032
1312.5,1316.5,half theres another look there at flas san diego carreras,normal_play,0.0
1316.0,1320.0,diego carreras while hes in the made the most carries of any backline player in,normal_play,0.0
1319.5,1323.5,backline player in the rugby championship very bruising number 10,normal_play,0.0
1323.0,1327.0,bruising number 10 but hell watch on as his captain montoya throws,lineout,0.4726
1326.5,1330.5,throws debuted in 2014 for his country hes,lineout,0.4726
1330.0,1334.0,his country hes accurate at the set piece he mentioned over 90,lineout,0.4726
1333.5,1337.5,mentioned over 90 stats theyve won here at line up time and now they go to the mall,maul,0.5412
1337.0,1341.0,do michael check his side it doesnt work out,maul,0.5412
1340.5,1344.5,doesnt work out though yeah a little bit inaccurate but the,normal_play,0.0
1344.0,1348.0,but the speed of that line out into mall the,normal_play,0.0
1347.5,1351.5,mall the speed with which those argentinian players get into the seams around,normal_play,0.0
1351.0,1355.0,seams around the jumper and they just win that initial punch that,normal_play,0.0
1354.5,1358.5,that looks dangerous for england for me argentina hold on to,normal_play,0.0
1358.0,1362.0,argentina hold on to that ball that looks like its marching downfield,normal_play,0.0
1365.0,1369.0,its actually interesting there was a late switch around,normal_play,0.0
1368.5,1372.5,late switch around in the formation of the line up pretty smart from argentina,normal_play,0.0
1372.0,1376.0,argentina its a bit slow to,normal_play,0.0
1375.5,1379.5,to react,normal_play,0.0
1379.0,1383.0,been a physical,normal_play,0.0
1382.5,1386.5,been a physical battle so far and hes opening 20 minutes,normal_play,0.0
1386.0,1390.0,minutes so brilliant to see the crowd travel here and,normal_play,0.0
1389.5,1393.5,travel here and the local fans taking part its been a buzz here in marseille all week,normal_play,0.0
1393.0,1397.0,marseille all week scotland play south africa tomorrow here so,scrum,0.4877
1396.5,1400.5,tomorrow here so four different countries featuring today,scrum,0.4877
1400.0,1404.0,today and tomorrow of course the french fans celebrating that,scrum,0.4877
1403.5,1407.5,celebrating that massive win against new zealand to open things up,normal_play,0.4032
1407.0,1411.0,up all is there at the back ben oll picks and goes,normal_play,0.4032
1410.5,1414.5,and goes gets rid of one theres the big powerful number eight and now mitchell,normal_play,0.4032
1414.0,1418.0,now mitchell the northampton side flex it beautifully to ford its,normal_play,0.4032
1417.5,1421.5,ford its england looking for a chance to inspire here,normal_play,0.4032
1421.0,1425.0,here gange again the bristol bear down the middle ball,normal_play,0.4032
1424.5,1428.5,middle ball ford for potentially about a kick as,normal_play,0.4032
1428.0,1432.0,about a kick as he sets chessam upfield,normal_play,0.4032
1431.5,1435.5,can england unlock something here as,normal_play,0.4032
1435.0,1439.0,something here as ford looks to go to the wide side and ad lie was there now,normal_play,0.4032
1438.5,1442.5,was there now they come to stab through from,normal_play,0.4032
1442.0,1446.0,from ben oll popping up on the far right of the,normal_play,0.4032
1445.5,1449.5,field thats a good bit of space out there,normal_play,0.4032
1449.0,1453.0,space out there and olls quick which is lively from mitchell,normal_play,0.0
1452.5,1456.5,mitchell thats tasty yeah look at,normal_play,0.0
1456.0,1460.0,look at the space on the width here on this picture ben oll take,normal_play,0.0
1459.5,1463.5,ben oll take it perhaps not full space but id like to see him continue into that and,normal_play,0.0
1463.0,1467.0,and then link up with the man outside and stewart i think it was,normal_play,0.0
1466.5,1470.5,it was,normal_play,0.0
1470.0,1474.0,in four,normal_play,0.0
1473.5,1477.5,so just checking the numbers worth referee,normal_play,0.0
1477.0,1481.0,numbers worth referee mathieu renaud officiated england against wales last,lineout,0.4726
1480.5,1484.5,against wales last month to the front montozsa,lineout,0.4726
1484.0,1488.0,front montozsa again accurate its kremer bounces,normal_play,0.0
1487.5,1491.5,bounces down argentina without their,normal_play,0.3612
1491.0,1495.0,argentina without their fly off use it so one cruz malheur waits back,normal_play,0.3612
1494.5,1498.5,waits back gonzalo bordrano takes it on himself,normal_play,0.0
1498.0,1502.0,takes it on himself though goes over the halfway line to england,normal_play,0.0
1501.5,1505.5,england look at the launcher counter attack put strong tackle,normal_play,0.4032
1505.0,1509.0,put strong tackle coming in as well on johnny may,normal_play,0.4032
1508.5,1512.5,dan cole arrives,normal_play,0.4032
1512.0,1516.0,cole arrives second most cap prop behind the great jason leonard is,normal_play,0.4032
1515.5,1519.5,jason leonard is forward again look at the tester back three of,normal_play,0.4032
1519.0,1523.0,of argentina but they hold strong,normal_play,0.4032
1526.0,1530.0,come off yellow,normal_play,0.0
1529.5,1533.5,off yellow cards in and argentina,normal_play,0.0
1533.0,1537.0,and argentina is back to the full 15 players their,normal_play,0.4032
1536.5,1540.5,players their fullback careras has just come back onto the field it would have been very,normal_play,0.4032
1540.0,1544.0,have been very problematic for argentina if they had lost their fly half,normal_play,0.4032
1543.5,1547.5,their fly half rather of course they do have a six two split on the bench so only the two other,normal_play,0.4032
1547.0,1551.0,only the two other backs,normal_play,0.4032
1550.5,1554.5,ball not out yeah,normal_play,0.4032
1554.0,1558.0,yeah brilliant to see argentina back to 15 theyll be very happy about that england,normal_play,0.4032
1557.5,1561.5,about that england will stay with 14 though unfortunately for,normal_play,0.4032
1561.0,1565.0,for them still three three 20 minutes gone still feeling,normal_play,0.4032
1564.5,1568.5,still feeling each other out both sides argentina,normal_play,0.3517
1568.0,1572.0,keep it low just outside,normal_play,0.3517
1571.5,1575.5,just outside their 22 pablo mateta trying,normal_play,0.0
1575.0,1579.0,trying to point something out to the referee he thanks him for it provide,normal_play,0.2811
1578.5,1582.5,it provide an extra bridge there,normal_play,0.2811
1582.0,1586.0,there the height that he carries around hes come off goes high does,normal_play,0.2811
1585.5,1589.5,goes high does the 29 year old to the halfway line and,normal_play,0.4032
1589.0,1593.0,line and again excellent stuff from freddie stewart the leicester,normal_play,0.4032
1592.5,1596.5,the leicester tigers fullback england now trying to move it again,normal_play,0.4032
1596.0,1600.0,again to a lung in that far side march,normal_play,0.0
1603.0,1607.0,earl adding his presence in the last few minutes the ball pops free,normal_play,0.4032
1606.5,1610.5,pops free looking to go to work yet again is,normal_play,0.4032
1610.0,1614.0,is the outside centre,normal_play,0.4032
1613.5,1617.5,i told you i havent called his name much yet in this game,normal_play,0.2927
1617.0,1621.0,game saracen 28 years of age might be space the johnny man that far,normal_play,0.2927
1620.5,1624.5,man that far side march of the gantt,normal_play,0.4032
1624.0,1628.0,the gantt carries well such a tricky customer,normal_play,0.4032
1627.5,1631.5,gange flies upfield for england the,normal_play,0.4032
1631.0,1635.0,england the pinch is good kramer word argentina,normal_play,0.4032
1634.5,1638.5,word argentina as they smash it downfield thats,normal_play,0.4032
1638.0,1642.0,thats a clever kick as it rolls towards the touch line,normal_play,0.4032
1641.5,1645.5,line and its argentina that will attack,normal_play,0.4032
1645.0,1649.0,that will attack by that,normal_play,0.0
1652.0,1656.0,the england attack was looking promising,normal_play,0.0
1655.5,1659.5,looking promising up until this point yeah top character as,normal_play,0.0
1659.0,1663.0,character as well as julian montozia,normal_play,0.0
1662.5,1666.5,montozia looks to break the deadlock here in this game he throws a dummy does the,normal_play,0.0
1666.0,1670.0,dummy does the captain five out for argentina,normal_play,0.0
1669.5,1673.5,for argentina as they get very close over the top,normal_play,0.0
1673.0,1677.0,top backs and forwards mingling pablo matera,normal_play,0.4032
1676.5,1680.5,pablo matera looks to work around the fringes,normal_play,0.4032
1680.0,1684.0,lavanini gets close,normal_play,0.0
1683.5,1687.5,gets close gonz lez shifts it across to the left hand side,normal_play,0.0
1687.0,1691.0,hand side i think there is a knock on here,normal_play,0.0
1690.5,1694.5,knock on here for me knock on called before the ground in the number one make,normal_play,0.0
1694.0,1698.0,the number one make a knock on can you check it just come to me the knock on,normal_play,0.0
1697.5,1701.5,the knock on i go number one until this is here is no corner come back to the infringement,normal_play,0.0
1701.0,1705.0,to the infringement penalty kick against one for taking out here,normal_play,0.0
1704.5,1708.5,out here,normal_play,0.0
1708.0,1712.0,yeah just confirm the knock on of the number one,normal_play,0.0
1711.5,1715.5,number one were having a quick check whether there was a knock on from,tmo_replay,0.85
1715.0,1719.0,knock on from okay i come back here hes a hard man to stop from a couple of meters out,penalty,0.6128
1718.5,1722.5,couple of meters out from that occasion he didnt hold on to the pill take out,penalty,0.6128
1722.0,1726.0,out,penalty,0.6128
1729.0,1733.0,whatever happens,tmo_replay,0.7129
1732.5,1736.5,whatever happens is going to be a penalty against england,tmo_replay,0.7129
1736.0,1740.0,infringement earlier on in the play,tmo_replay,0.7129
1739.5,1743.5,these guys,tmo_replay,0.7129
1750.0,1754.0,dasher slithering and sliding towards the line there but,tmo_replay,0.85
1753.5,1757.5,the line there but not to be now,tmo_replay,0.85
1757.0,1761.0,be now theyre just waiting for a ball,tmo_replay,0.85
1760.5,1764.5,a ball argentina have options now for their penalty,normal_play,0.0
1764.0,1768.0,now for their penalty still three a piece santiago,normal_play,0.0
1767.5,1771.5,santiago carreras and they look to be setting up an,normal_play,0.0
1771.0,1775.0,be setting up an old school move penalty move i remember these from back,normal_play,0.0
1774.5,1778.5,these from back in the day i love this,normal_play,0.0
1778.0,1782.0,love this return to the game carreras now gets it around the short side kremmer,normal_play,0.0
1781.5,1785.5,short side kremmer comes flying in england do well to stop him,normal_play,0.4032
1785.0,1789.0,montoja he picks and,normal_play,0.4032
1788.5,1792.5,he picks and drives gomez cadella came,normal_play,0.0
1792.0,1796.0,cadella came flying in off his feet did big francisco giving away,penalty,0.6128
1795.5,1799.5,giving away a penalty as well for holding on,penalty,0.6128
1799.0,1803.0,and a huge,normal_play,0.0
1802.5,1806.5,and a huge cheer from the england fans they know thats big it,normal_play,0.0
1806.0,1810.0,big it was good strong carry,normal_play,0.0
1809.5,1813.5,strong carry but in his haste to try and support his teammate,normal_play,0.0
1813.0,1817.0,teammate gomez cadella just off his feet you have,normal_play,0.0
1816.5,1820.5,off his feet you have to stay up if youre a supporting player you have to,normal_play,0.4032
1820.0,1824.0,you have to stay supporting your own body weight you cant just fly off your feet to,normal_play,0.4032
1823.5,1827.5,feet to take out the potential jackalup,normal_play,0.0
1830.5,1834.5,nice bit of creative work from argentina look,normal_play,0.0
1834.0,1838.0,argentina look good amazing and its courtney laws,normal_play,0.0
1837.5,1841.5,its courtney laws again even sometimes being a threat in that area creates,normal_play,0.0
1841.0,1845.0,area creates haste in the support man and causes,normal_play,0.0
1844.5,1848.5,and causes the infringement very very dangerous man in that defensive,normal_play,0.0
1848.0,1852.0,that defensive unit yeah great camera work there of the coaching crew,normal_play,0.0
1851.5,1855.5,of the coaching crew and marcus smith of the bench as well for england celebrating that brilliant bit,lineout,0.3471
1855.0,1859.0,that brilliant bit of defense as they go to their captain laws,lineout,0.3471
1858.5,1862.5,captain laws jamie george,maul,0.5412
1862.0,1866.0,jamie george gave it in 2015 against france record,maul,0.5412
1865.5,1869.5,record try scorer for england theyll need him much closer to the,maul,0.5412
1869.0,1873.0,closer to the trial line as alex mitchell looks up to come,maul,0.4655
1872.5,1876.5,up to come down the blind side finds ford and,normal_play,0.4032
1876.0,1880.0,and daley not much space for daley to operate,normal_play,0.4032
1879.5,1883.5,to operate gange carries yet again,normal_play,0.0
1883.0,1887.0,yet again captain leicester tigers in their fellowship final back to bristol,normal_play,0.3483
1886.5,1890.5,back to bristol bears use it the last season mitchell,normal_play,0.3483
1890.0,1894.0,season mitchell again,normal_play,0.3483
1893.5,1897.5,chase is coming down as daley,normal_play,0.4032
1897.0,1901.0,daley perhaps its gone too far it has because its bofeli again,normal_play,0.4032
1900.5,1904.5,again with a fist in the air so,normal_play,0.4032
1904.0,1908.0,so that kick going too long and it was an easy catch and mark for bofeli but the option,normal_play,0.0
1907.5,1911.5,but the option i dont think was a bad one if you see englands attack before narrow,normal_play,0.4032
1911.0,1915.0,narrow no options to run the ball not,normal_play,0.4032
1914.5,1918.5,not out england with possession again,normal_play,0.0
1918.0,1922.0,ford again goes,normal_play,0.0
1921.5,1925.5,again goes down the same route seward is chasing down its,normal_play,0.4032
1925.0,1929.0,down its a good contest in the end just getting,normal_play,0.4032
1928.5,1932.5,in the end just getting a hand to it and going forward so i dont mind this from england,normal_play,0.0
1932.0,1936.0,dont mind this from england if youve got pretty stuart chasing it i think its,normal_play,0.0
1935.5,1939.5,i think its a good attacking option but argentina off pumas go to that far side,normal_play,0.0
1939.0,1943.0,far side very sevens from argentina and,normal_play,0.4032
1942.5,1946.5,argentina and its not the greatest kick at all from,normal_play,0.4032
1946.0,1950.0,from their win three quarter mateo carreras,normal_play,0.4032
1949.5,1953.5,well i just got very,normal_play,0.0
1953.0,1957.0,just got very excited because theres a guys going to score a try from within,normal_play,0.0
1956.5,1960.5,from within their own 22 its them los pumas leading try,normal_play,0.0
1960.0,1964.0,pumas leading try scorer this year former,normal_play,0.0
1963.5,1967.5,year former premiership try the season winner as well hes super exciting,normal_play,0.0
1967.0,1971.0,super exciting guys,normal_play,0.0
1970.5,1974.5,next time her done three kick,normal_play,0.0
1974.0,1978.0,three kick,normal_play,0.0
1981.0,1985.0,attacking,lineout,0.4726
1984.5,1988.5,attacking line i for england come on,lineout,0.4726
1988.0,1992.0,matosio does well,normal_play,0.0
1991.5,1995.5,for steve bothwick side,maul,0.4607
1995.0,1999.0,side finalists in 2019 2007 and 1991,maul,0.4607
1998.5,2002.5,and 1991 champions,normal_play,0.0
2002.0,2006.0,champions of course in 2003 theyll be celebrating their 20th anniversary this,normal_play,0.0
2005.5,2009.5,20th anniversary this november as england again take it upfield,normal_play,0.4032
2009.0,2013.0,take it upfield to ilanghi with a good carry,normal_play,0.4032
2012.5,2016.5,with a good carry gange at,normal_play,0.4032
2016.0,2020.0,gange at a standing start against cremer driven backwards thats,normal_play,0.4032
2019.5,2023.5,thats good leg drive from the number seven michael scremer very,normal_play,0.4032
2023.0,2027.0,scremer very back so george ford lines up a drop goal,goal_kick,0.8688
2026.5,2030.5,its an excellent strike from,goal_kick,0.8688
2030.0,2034.0,from the number 10 hits to johnny wilkinson,goal_kick,0.8688
2033.5,2037.5,wilkinson england had the lead six three,normal_play,0.0
2037.0,2041.0,six three should george ford well,normal_play,0.0
2040.5,2044.5,well it started off with a good carry from matosio to ilanghi but then there was nothing on,normal_play,0.0
2044.0,2048.0,then there was nothing on george ford dropping back into the pocket i,normal_play,0.0
2047.5,2051.5,the pocket i thought maybe he was going for an upper and under but that is the medicine,normal_play,0.0
2051.0,2055.0,is the medicine that england needed right now we had a conversation this week,normal_play,0.0
2054.5,2058.5,this week about why do drop goals not happen more often theyre killer in those moments,kick_off,0.3963
2058.0,2062.0,those moments a stunning strike from,kick_off,0.3963
2061.5,2065.5,strike from the number 10 for england england as,kick_off,0.3963
2065.0,2069.0,as the kickoff comes down to the 22 year again,normal_play,0.0
2068.5,2072.5,22 year again down to 14 players off that early red,normal_play,0.3871
2072.0,2076.0,that early red card nearly half an hour gone in this opening pool,normal_play,0.3871
2075.5,2079.5,opening pool z game samoa chile japan,normal_play,0.4032
2079.0,2083.0,chile japan the other three sides in,normal_play,0.4032
2082.5,2086.5,in this pool downfield to argentina bofelli leaves,normal_play,0.4032
2086.0,2090.0,leaves it behind chesin cant get so itll be,normal_play,0.4032
2089.5,2093.5,so itll be last form us with just a knock on advantage chance for them to,normal_play,0.0
2093.0,2097.0,them to move it around if they want,normal_play,0.3274
2096.5,2100.5,then a penalty goes the other way youre trapping the player on the ground,normal_play,0.3274
2100.0,2104.0,player on the ground number one argentina trapping,penalty,0.6128
2103.5,2107.5,trapping the player on the ground you cannot admit,normal_play,0.0
2107.0,2111.0,cannot admit a sneaky skullduggery picked up by matthew arana now,normal_play,0.0
2110.5,2114.5,arana now sometimes players do that dare i,normal_play,0.0
2114.0,2118.0,dare i say trapping the player on the try and just hold the tackler,normal_play,0.0
2117.5,2121.5,hold the tackler in there just so it looks bad the referee trying to buy a penalty but,normal_play,0.0
2121.0,2125.0,but theres nothing that gets past this french referee tonight,normal_play,0.0
2124.5,2128.5,referee tonight okay okay its okay,normal_play,0.0
2128.0,2132.0,okay all the referees,normal_play,0.0
2131.5,2135.5,referees the ref has had a nice meeting with all the coaches in fact the head,normal_play,0.0
2135.0,2139.0,fact the head of the strike you woke up to see things that were focused on trends and that was certainly one,normal_play,0.0
2138.5,2142.5,that was certainly one of it as england opt for the three points here and this is why it happened,normal_play,0.0
2142.0,2146.0,it happened you can see there theyre,normal_play,0.0
2145.5,2149.5,theyre holding his shirt so even if alice gange is trying to roll away there he,normal_play,0.0
2149.0,2153.0,there he cant so actually deemed,normal_play,0.0
2152.5,2156.5,deemed illegal or rightly so i think you get away with those ones its,normal_play,0.0
2156.0,2160.0,with those ones its all right its another long range attempt,normal_play,0.0
2159.5,2163.5,long range attempt this time itll be englands chance to go up nine three,goal_kick,0.8688
2163.0,2167.0,nine three if any had a couple earlier in the game hit one of them,goal_kick,0.8688
2166.5,2170.5,of them a sport in this game for a couple of long range kickers,goal_kick,0.8688
2170.0,2174.0,range kickers the fairly for argentina then elliot daly stepping up for,goal_kick,0.8688
2173.5,2177.5,daly stepping up for this one at 58 meters this would be a good nudge,goal_kick,0.8688
2177.0,2181.0,nudge,goal_kick,0.6474
2180.5,2184.5,elliot daly wastes no time to hammer this towards,goal_kick,0.6474
2184.0,2188.0,to hammer this towards the upright just,normal_play,0.4032
2187.5,2191.5,just fall in short good tackle coming in as well loose ball there for,normal_play,0.4032
2191.0,2195.0,loose ball there for argentina as a cactus one out and,normal_play,0.4032
2194.5,2198.5,and its england they now find themselves attacking in the 22,normal_play,0.4032
2198.0,2202.0,22,normal_play,0.4032
2201.5,2205.5,22 now loving that chase from england,normal_play,0.0
2205.0,2209.0,chase from england there you cannot expect those to go over 58,normal_play,0.0
2208.5,2212.5,go over 58 meters and quite rightly england did a brilliant chase on that enough,normal_play,0.0
2212.0,2216.0,on that enough pressure on argentina to force this line out,lineout,0.4726
2215.5,2219.5,george to the back bounce,lineout,0.4726
2219.0,2223.0,bounce down okay in the end laws to stabilize and,normal_play,0.0
2222.5,2226.5,stabilize and again jamie george comes in five or six nations a,normal_play,0.4032
2226.0,2230.0,six nations a couple of times lets go lets go to the right,normal_play,0.4032
2229.5,2233.5,to the right earl runs hard at the game line for england,normal_play,0.4032
2233.0,2237.0,for england dummy thrown from alex mitchell the 26 year old,normal_play,0.0
2236.5,2240.5,old with 40 try for the northampton saints in,normal_play,0.2704
2240.0,2244.0,1 appearances,normal_play,0.2704
2243.5,2247.5,england slow ball with george ford very deep not,goal_kick,0.8688
2247.0,2251.0,deep not looking to attack with ball in hand,goal_kick,0.8688
2250.5,2254.5,with ball in hand but he lines up again another drop goal,goal_kick,0.8688
2254.0,2258.0,and why not its magic,goal_kick,0.8688
2257.5,2261.5,magic in marseille from george ford two,normal_play,0.0
2261.0,2265.0,ford two drop goals in a row for england theyre up 93,normal_play,0.0
2264.5,2268.5,theyre up 93 once,normal_play,0.0
2268.0,2272.0,once again england without many attacking options,normal_play,0.0
2271.5,2275.5,when theres nothing else on just give it to george ford hell,normal_play,0.0
2275.0,2279.0,ford hell come back with the chockeys and three points,normal_play,0.0
2278.5,2282.5,an inspired start by england one,normal_play,0.0
2282.0,2286.0,by england one man down in this first half of course its been a really turbulent,normal_play,0.0
2285.5,2289.5,a really turbulent build up for them theyve been under a lot of pressure back home,kick_off,0.4157
2289.0,2293.0,back home but i think the fans will enjoy what theyre seeing so far yeah they,kick_off,0.4157
2292.5,2296.5,yeah they certainly will now does england take possession here very,normal_play,0.0
2296.0,2300.0,very impressive we knew this game would be hard to get try on the,normal_play,0.4032
2299.5,2303.5,try on the board england who is so good in 2019 just conceded two,normal_play,0.4032
2303.0,2307.0,conceded two try in the pool stages,normal_play,0.4032
2306.5,2310.5,again a high one from mitchell,normal_play,0.4032
2310.0,2314.0,from mitchell and the bandage for watt takes this one theres,normal_play,0.4032
2313.5,2317.5,takes this one theres one cruz malaya for argentina,normal_play,0.4032
2317.0,2321.0,some closure with his hands up once possession he,normal_play,0.4032
2320.5,2324.5,possession he comes up with zales to give a little half gap and then they leave it behind its knocked on,normal_play,0.4032
2324.0,2328.0,knocked on quick ball for england now they can attack george ford to the right numbers,normal_play,0.4032
2327.5,2331.5,to the right numbers are plenty as well england moving across dalys,normal_play,0.0
2331.0,2335.0,across dalys there may just puts a foot out,normal_play,0.0
2338.0,2342.0,thats a penalty for,penalty,0.6128
2341.5,2345.5,for not giving the ball away,penalty,0.6128
2345.0,2349.0,gee ben,normal_play,0.0
2348.5,2352.5,gee ben earl got so excited a little bit earlier that he was behind play and,normal_play,0.0
2352.0,2356.0,behind play and looked away as they were running towards the try line,normal_play,0.0
2355.5,2359.5,try line so a little bit of a disappointing end to that one but overall,normal_play,0.4032
2359.0,2363.0,one but overall a great play thats inaccurate from england though,normal_play,0.4032
2362.5,2366.5,england though then about a five on two for a moment george ford perhaps,normal_play,0.0
2366.0,2370.0,george ford perhaps carried a little bit too far in that either way those outside,normal_play,0.0
2369.5,2373.5,way those outside backs theyve got to do better in those situations they wont get a lot of,normal_play,0.0
2373.0,2377.0,wont get a lot of opportunities against a very good defensive argentinian team look at that,normal_play,0.0
2376.5,2380.5,look at that you dream of those opportunities,normal_play,0.0
2380.0,2384.0,yeah just drifting across field and eventually going,normal_play,0.0
2383.5,2387.5,and eventually going into touch argentina at the halfway line,normal_play,0.0
2387.0,2391.0,the halfway line,lineout,0.4726
2390.5,2394.5,may alana so accurate,lineout,0.4726
2394.0,2398.0,so accurate matias alamano with a take and now short line flying,lineout,0.4726
2397.5,2401.5,short line flying in santiago chocobares the 24l crema,normal_play,0.4032
2401.0,2405.0,24l crema ducks down low,normal_play,0.0
2404.5,2408.5,los pumas,normal_play,0.4032
2408.0,2412.0,los pumas work their way up field this is better stuff from them as their forwards,normal_play,0.4032
2411.5,2415.5,their forwards hammer it up field matera big,normal_play,0.0
2415.0,2419.0,matera big pablo matera takes on a couple towards the 22 to,normal_play,0.4032
2418.5,2422.5,to the left bertranot,normal_play,0.4032
2422.0,2426.0,cutting back towards where his forwards are,normal_play,0.4032
2425.5,2429.5,where his forwards are still there carreras whips it wide,normal_play,0.4032
2429.0,2433.0,whips it wide cinti the siano cinti,normal_play,0.4032
2432.5,2436.5,siano cinti 23l plays with saracens third of the squad play in the uk in,normal_play,0.4032
2436.0,2440.0,in the uk in the premiership thats good quick ball montozio shifts it,normal_play,0.0
2439.5,2443.5,it england come in again with some good hits its their captain,normal_play,0.4032
2443.0,2447.0,their captain courtney laws they drop all the way back so its a drop goal,normal_play,0.4032
2446.5,2450.5,its a drop goal from the other side santiago carreras pushes,goal_kick,0.8688
2450.0,2454.0,carreras pushes it to the left hand side,goal_kick,0.8688
2453.5,2457.5,he wanted to come to the party i,normal_play,0.0
2457.0,2461.0,i have to say from our position we had the benefit of seeing as you have a bit of backfield,normal_play,0.0
2460.5,2464.5,bit of backfield space england perhaps trying to put an extra man in the,normal_play,0.0
2464.0,2468.0,man in the front field defence but this was looking leaky,normal_play,0.0
2467.5,2471.5,looking leaky for a while argentina were just flowing multiple lines of attack until,normal_play,0.0
2471.0,2475.0,of attack until this point laws and tuilangi thats a defensive,normal_play,0.0
2474.5,2478.5,thats a defensive combo we play we play yeah,normal_play,0.0
2478.0,2482.0,we play yeah big matias alamano got,normal_play,0.0
2481.5,2485.5,stopped there forward,kick_off,0.5159
2485.0,2489.0,there forward with a drop out deep to argentina,kick_off,0.5159
2488.5,2492.5,to argentina just over five minutes to,kick_off,0.5159
2492.0,2496.0,five minutes to go in the first half of this opening pool d game,normal_play,0.4032
2495.5,2499.5,d game chopping up and trying to take that was england it,normal_play,0.4032
2499.0,2503.0,that was england it drops down gonzalo bertoneau then hit by,normal_play,0.0
2502.5,2506.5,hit by maratose and as gaggio,penalty,0.6128
2506.0,2510.0,and as gaggio comes in as well the penalty to england,penalty,0.6128
2516.5,2520.5,pretty sure getting incredibly high off the deck there,normal_play,0.0
2520.0,2524.0,the deck there matera i think,normal_play,0.0
2523.5,2527.5,i think also looking at the ball you cannot take,normal_play,0.0
2527.0,2531.0,you cannot take the man out in the air you want to have responsibility protecting,normal_play,0.0
2530.5,2534.5,protecting that guy whos got in the air first,normal_play,0.0
2537.5,2541.5,michael,normal_play,0.0
2541.0,2545.0,michael checa looks on argentina must be,normal_play,0.0
2544.5,2548.5,argentina must be careful there to lose a player to the bin again,normal_play,0.0
2548.0,2552.0,to the bin again pablo matera was in question there as forward puts,normal_play,0.4032
2551.5,2555.5,forward puts it up nicely for an attacking lineup well weve,normal_play,0.4032
2555.0,2559.0,well weve had a few incidents already havent we on the kick chase,normal_play,0.0
2558.5,2562.5,chase or more specifically the landing as the kicks coming down and,normal_play,0.0
2562.0,2566.0,down and could be a few more i think i love the,normal_play,0.0
2565.5,2569.5,i love the colour of the crowd full noise here,normal_play,0.0
2569.0,2573.0,here lets start them i say jamie george british,normal_play,0.0
2572.5,2576.5,george british and irish lion england,lineout,0.4726
2576.0,2580.0,strong with their mall are,lineout,0.4726
2579.5,2583.5,their mall are england their loveless form of attack george,maul,0.5412
2583.0,2587.0,attack george has it at the back told,maul,0.5412
2586.5,2590.5,told to use it as he peels away here comes jamie,normal_play,0.0
2590.0,2594.0,here comes jamie george getting the full workout as well not out of place,normal_play,0.0
2593.5,2597.5,not out of place on a dance floor as england carry on our field,normal_play,0.4032
2597.0,2601.0,its there for mitchell,normal_play,0.4032
2600.5,2604.5,mitchell toge hit by karema,goal_kick,0.8688
2604.0,2608.0,england no other options,normal_play,0.4032
2607.5,2611.5,no other options on either side so they go back to george ford its,normal_play,0.4032
2611.0,2615.0,its worked once twice make that three times,goal_kick,0.8688
2614.5,2618.5,times england lead 12 3,normal_play,0.0
2621.5,2625.5,england good line out a little bit higher,normal_play,0.0
2625.0,2629.0,a little bit higher perhaps from england on the mall they struggle to get that go,normal_play,0.0
2628.5,2632.5,get that go for momentum argentina stopped it well,normal_play,0.0
2632.0,2636.0,couple of picks i would quite like to see them perhaps,normal_play,0.0
2635.5,2639.5,to see them perhaps go again but hey why not george fords off the,normal_play,0.0
2639.0,2643.0,fords off the restart well i think so,normal_play,0.0
2642.5,2646.5,i think so too three drop goals,normal_play,0.0
2646.0,2650.0,three drop goals and a penalty from george ford argentina almost,normal_play,0.0
2649.5,2653.5,almost take this off the restart,normal_play,0.4032
2653.0,2657.0,very close for them to get back into this game in the first half,normal_play,0.4032
2656.5,2660.5,i love to see that short kickoff i think its a really,normal_play,0.0
2660.0,2664.0,think its a really underutilised tactic at the moment in world rugby,normal_play,0.0
2663.5,2667.5,in world rugby so its nice the argentine going for it but that is why they dont,normal_play,0.0
2667.0,2671.0,why they dont sometimes come up shown that the risk reward,normal_play,0.0
2670.5,2674.5,risk reward sometimes doesnt pay off it actually be taking it i think that was,normal_play,0.0
2674.0,2678.0,i think that was possession and bit of go for a ball unfortunately on that occasion,normal_play,0.0
2677.5,2681.5,on that occasion lucio sinti just couldnt gather,normal_play,0.0
2681.0,2685.0,gather it,normal_play,0.0
2684.5,2688.5,it its just not been so much space in that front line i love to see teams exploring,normal_play,0.0
2688.0,2692.0,teams exploring that,normal_play,0.0
2691.5,2695.5,well interesting on the momentum side,normal_play,0.0
2695.0,2699.0,momentum side despite being a man down england dominating,normal_play,0.0
2698.5,2702.5,dominating yeah we dont expect that down to 14 plays from,normal_play,0.0
2702.0,2706.0,plays from minute three in the game tom carry,normal_play,0.0
2705.5,2709.5,tom carry off the field with a red card for england but,normal_play,0.0
2709.0,2713.0,england but youre right hes started taking the opportunities when they need it you dont have to score try to,normal_play,0.0
2712.5,2716.5,try to win in tough games like this in beautiful marseille its,normal_play,0.0
2716.0,2720.0,marseille its a long time to play with 14 men this,normal_play,0.0
2719.5,2723.5,this guys out there doing extra effort extra work theres,normal_play,0.0
2723.0,2727.0,work theres a long time to its interesting to,normal_play,0.0
2726.5,2730.5,interesting to see how this side have come together theyve done a lot of team building,normal_play,0.0
2730.0,2734.0,team building in the lead up they all have to buy each other gifts so,normal_play,0.0
2733.5,2737.5,gifts so they have to buy 32 gifts everybody in the team gets something,normal_play,0.0
2737.0,2741.0,gets something from somebody maro atoja bought the team goggles,normal_play,0.0
2740.5,2744.5,team goggles the massage the face marcus smith actually bought everybody,normal_play,0.0
2744.0,2748.0,actually bought everybody personalised golf clubs and then ben youngs,normal_play,0.0
2747.5,2751.5,then ben youngs bought everybody is for their charges so they,normal_play,0.0
2751.0,2755.0,so they can vary in the in the importance and the,normal_play,0.0
2754.5,2758.5,and the importance of these gifts but it just shows how much they,normal_play,0.0
2758.0,2762.0,how much they have been really bonding in the lead up despite all the criticism,normal_play,0.0
2761.5,2765.5,despite all the criticism that has been going on in the outside yeah its,scrum,0.4877
2765.0,2769.0,yeah its a sign of a very close team as well some very thoughtful gifts there in two and,scrum,0.4877
2768.5,2772.5,two and just some practical ones mitch yeah theyre,scrum,0.4877
2772.0,2776.0,theyre,scrum,0.4877
2775.5,2779.5,theyre obviously,normal_play,0.0
2779.0,2783.0,theyre obviously england at the back forward again with,normal_play,0.0
2782.5,2786.5,again with his trusty right foot goes downfield into the last,normal_play,0.4032
2786.0,2790.0,into the last couple of minutes of this first half malia,normal_play,0.4032
2789.5,2793.5,malia goes down to ford calls for a mark,normal_play,0.4032
2793.0,2797.0,george ford such a smart,normal_play,0.0
2796.5,2800.5,such a smart player been in and around it for so long hes,normal_play,0.4032
2800.0,2804.0,pretty much a coach on the field who stared around very,normal_play,0.4032
2803.5,2807.5,around very calm collected pro debut ridiculously,normal_play,0.0
2807.0,2811.0,debut ridiculously young while he was still 16 he,normal_play,0.4032
2810.5,2814.5,16 he knows rugby inside out and,normal_play,0.4032
2814.0,2818.0,inside out and he knows that with only a few minutes to the half hes just going to slow it down,normal_play,0.4032
2817.5,2821.5,it down yeah in february makes,normal_play,0.0
2821.0,2825.0,yeah in february makes his cell sharks debut eight months of rehab when,normal_play,0.0
2824.5,2828.5,rehab when his achilles tendon hes sustained hes back and looking strong and powerful,normal_play,0.0
2828.0,2832.0,strong and powerful for this england side they will be very happy so far with,normal_play,0.0
2831.5,2835.5,so far with how the opening 40 minutes outside of losing tom curry to the red,lineout,0.4726
2835.0,2839.0,to the red card meanwhile,lineout,0.4726
2838.5,2842.5,meanwhile argentina can they get something for the remaining moments,normal_play,0.0
2842.0,2846.0,remaining moments of this first half one martin gonzales the man from,normal_play,0.0
2845.5,2849.5,gonzales the man from mendoza i dont understand,normal_play,0.0
2849.0,2853.0,i dont understand thats it for the south american team,normal_play,0.0
2852.5,2856.5,but you know finds his forwards again as they link,normal_play,0.4032
2856.0,2860.0,again as they link up and the speed pinched,normal_play,0.4032
2859.5,2863.5,pinched knock on advantage for the toge in england,normal_play,0.0
2863.0,2867.0,in england,normal_play,0.0
2866.5,2870.5,so that would have been a penalty for argentina the,normal_play,0.0
2870.0,2874.0,argentina the whole day on but the referees playing knock on advantage to england so,normal_play,0.0
2873.5,2877.5,so theyll get the scrum here and get the put in,normal_play,0.0
2877.0,2881.0,in it was gashow knocked it on again but he can hold on,normal_play,0.0
2880.5,2884.5,he can hold on to the ball hes super dangerous powerful fast front,normal_play,0.0
2884.0,2888.0,fast front row guys at the moment struggling,normal_play,0.0
2887.5,2891.5,struggling to keep hold of it come on boys,normal_play,0.0
2891.0,2895.0,on boys yeah,normal_play,0.0
2894.5,2898.5,yeah its been a fascinating opening weekend to rugby world cup,normal_play,0.0
2898.0,2902.0,cup 23 with france beating new zealand italy took out namibia,normal_play,0.0
2901.5,2905.5,italy took out namibia earlier 52 points to eight ireland beating romania 82,normal_play,0.0
2905.0,2909.0,romania 82 8 in australia over georgia 35 15,normal_play,0.0
2908.5,2912.5,15 feel for that man tom curry tough,normal_play,0.0
2912.0,2916.0,tough cause hes been dealt the start of this perhaps pick up,scrum,0.4877
2915.5,2919.5,perhaps pick up the incident and talk about maybe what he could have done better later on,scrum,0.4877
2919.0,2923.0,on but you feel for him yeah he definitely do,scrum,0.4877
2922.5,2926.5,do but hes side in a good position so far,scrum,0.4877
2926.0,2930.0,half time is up 12 3 the score england and,scrum,0.4877
2929.5,2933.5,england and alex mitchell puts this one out,normal_play,0.0
2933.0,2937.0,one out of bounds yes england,normal_play,0.0
2936.5,2940.5,england lead argentina 12 3 in poulti,kick_off,0.4061
2940.0,2944.0,poulti welcome to the south of france stade de,kick_off,0.4061
2943.5,2947.5,stade de marseille and referee mathieu reynau gets us going here in,normal_play,0.0
2947.0,2951.0,here in the second half as argentina looked to break out it was almost a,normal_play,0.4032
2950.5,2954.5,it was almost a wonderful ball it stays with them saquiro,normal_play,0.4032
2954.0,2958.0,them saquiro peri is on the field wearing 19 for argentina montozha,normal_play,0.4032
2957.5,2961.5,argentina montozha throws a beautiful pass upfield gonz lez gets it,normal_play,0.4032
2961.0,2965.0,gonz lez gets it away and the balls been left behind but an exciting start here,normal_play,0.4032
2964.5,2968.5,exciting start here from michael check his side,normal_play,0.4032
2968.0,2972.0,but you know just couldnt hold on to the ball there,normal_play,0.0
2971.5,2975.5,there gonz lez has lost his boot,normal_play,0.0
2975.0,2979.0,hes not surprised the quick feet so,normal_play,0.0
2978.5,2982.5,feet so quick his boots come off is this initial break mitchell,normal_play,0.0
2982.0,2986.0,initial break mitchell ended up one by one position he probably,normal_play,0.0
2985.5,2989.5,position he probably didnt want to be in okay here we go strong,normal_play,0.0
2989.0,2993.0,we go strong he did well hold on to it here is the mark guys with a great step up his,normal_play,0.0
2992.5,2996.5,great step up his right foot there and the offload was a good one bertranich couldnt drag it in,normal_play,0.4032
2996.0,3000.0,couldnt drag it in a good bit of heat and pressure on the tackle for johnny may coming in,normal_play,0.4032
2999.5,3003.5,may coming in anyway guys were good,normal_play,0.4032
3003.0,3007.0,guys were good please great to have you accompanying as we get going in the second half im dallin,normal_play,0.4032
3006.5,3010.5,half im dallin stafford alongside olympia tom mitchell heres michael checa,normal_play,0.0
3010.0,3014.0,checa coach for argentina who ranks sixth in the world from mooritaz,normal_play,0.0
3013.5,3017.5,from mooritaz and the front say he was back here a while ago took one,normal_play,0.0
3017.0,3021.0,took one of these two two world cups as well,normal_play,0.0
3020.5,3024.5,well scrum,normal_play,0.0
3024.0,3028.0,scrum for england steve borthwick side,scrum,0.4279
3027.5,3031.5,said hes third rugby world cup and worked with eddie jones as well,scrum,0.4279
3031.0,3035.0,jones as well with japan richard wigginsworth,scrum,0.4279
3034.5,3038.5,richard wigginsworth tom harrison and tony rokes the other coaches as well,scrum,0.4279
3038.0,3042.0,well they pick and go,scrum,0.4279
3041.5,3045.5,pick and go ben hall so the strong game so far has the number eight,normal_play,0.0
3045.0,3049.0,has the number eight plays his rugby with the saracens side tojay,normal_play,0.4032
3048.5,3052.5,tojay comes in with a big frame with jamie george now riding,normal_play,0.4032
3052.0,3056.0,george now riding late with ellis gange two championship titles with,normal_play,0.0
3055.5,3059.5,championship titles with hartford college for gange in his younger years no,normal_play,0.3244
3059.0,3063.0,no doubt theyll be watching in as the pack stays very tight supernara,normal_play,0.3244
3062.5,3066.5,tight supernara here again england just trying to find a bit of width but looks like its,normal_play,0.0
3066.0,3070.0,but looks like its going to the sky,normal_play,0.0
3069.5,3073.5,alex mitchell puts one,normal_play,0.4032
3073.0,3077.0,puts one up kremmer is in an awkward position catch coming in,normal_play,0.4032
3076.5,3080.5,catch coming in here from carreras has knocked it on,normal_play,0.0
3080.0,3084.0,it on came in,normal_play,0.0
3083.5,3087.5,came in at speed and i thought he dominated that really well,normal_play,0.0
3087.0,3091.0,really well in the air carreras gets up well but,normal_play,0.0
3090.5,3094.5,well but tried to take johnny mays head,normal_play,0.0
3094.0,3098.0,johnny mays head at the same time as a result didnt gather either thankfully,normal_play,0.0
3097.5,3101.5,either thankfully for johnny may,normal_play,0.0
3101.0,3105.0,its been a fascinating area hasnt it,normal_play,0.0
3104.5,3108.5,it so hard to control the ball in the air and thats why both teams are going,normal_play,0.0
3108.0,3112.0,teams are going there when both sides have managed to,normal_play,0.0
3111.5,3115.5,sides have managed to put those kicks contestable its often,normal_play,0.0
3115.0,3119.0,its often paid off for the attacking team,normal_play,0.0
3122.0,3126.0,the argentinian leaders are going to be so important,normal_play,0.0
3125.5,3129.5,so important in this second half this is where you need your senior players to stand,normal_play,0.0
3129.0,3133.0,to stand up of course weve got montozha on the field hes,normal_play,0.0
3132.5,3136.5,the field hes playing his third rugby world cup michael cecher whos been incredibly,normal_play,0.0
3136.0,3140.0,been incredibly impressed by the way he goes about not just his leadership,normal_play,0.0
3139.5,3143.5,just his leadership but also his personality says hes an absolutely fantastic guy and,normal_play,0.0
3143.0,3147.0,fantastic guy and then youve got augustin kreby sitting on the bench ready to make,normal_play,0.0
3146.5,3150.5,ready to make his debut in his fourth world cup so there is a lot of experience,normal_play,0.0
3150.0,3154.0,a lot of experience and theyre going to need all of it if theyre going to get back into this match,normal_play,0.0
3153.5,3157.5,into this match yeah great insights that you need ease for them to have you,normal_play,0.0
3157.0,3161.0,for them to have you pitch side the best seat in the house of course here at stuckton marseille,normal_play,0.0
3160.5,3164.5,at stuckton marseille will feature tomorrow as well,normal_play,0.0
3164.0,3168.0,as well scrum for england,normal_play,0.0
3167.5,3171.5,machiore now set things up yet,normal_play,0.0
3171.0,3175.0,set things up yet again debuted in 2009 as a test referee okay,normal_play,0.0
3174.5,3178.5,okay there could be a chat on this near side between courtney laws and,normal_play,0.0
3178.0,3182.0,courtney laws and kramer kramer trying to talk it up for his side courtneys,normal_play,0.0
3181.5,3185.5,courtneys courtney laws questioning whether it was actually that good its,normal_play,0.0
3185.0,3189.0,good its great front row battle though between these two not seeing a lot of scrum,normal_play,0.0
3188.5,3192.5,dan cole said that they were respecting this,normal_play,0.0
3192.0,3196.0,this argentinian pack the tradition of their game,normal_play,0.0
3195.5,3199.5,game theyve been looking forward to it of course he,normal_play,0.0
3199.0,3203.0,course he knows montozha and their leicester days together,scrum,0.4877
3202.5,3206.5,yeah i find it fascinating,scrum,0.4877
3206.0,3210.0,i find it fascinating playing in the uk together now going head to head literally,scrum,0.4877
3209.5,3213.5,head to head literally against each other,scrum,0.4877
3213.0,3217.0,beno weights at the back for england he,scrum,0.4877
3216.5,3220.5,for england he picks and goes the blind side and he puts a little kick in its okay,normal_play,0.0
3220.0,3224.0,kick in its okay laws is off to this into the 22,normal_play,0.4032
3223.5,3227.5,the 22 mitchell to left good hands coming,normal_play,0.4032
3227.0,3231.0,hands coming in from jamie george okay 19 advantage offside,normal_play,0.0
3230.5,3234.5,advantage offside play for england,penalty,0.6128
3234.0,3238.0,george ford waits and the,penalty,0.6128
3237.5,3241.5,and the penalty does come,penalty,0.6128
3241.0,3245.0,thats nice its a classic eight,normal_play,0.0
3244.5,3248.5,classic eight pick down the short side from beno he actually put the kick,normal_play,0.0
3248.0,3252.0,actually put the kick into the second time we seem to do that tonight yes you know a skillful guy and hes looking to,normal_play,0.0
3251.5,3255.5,guy and hes looking to execute this one ricochet back in field he,normal_play,0.0
3255.0,3259.0,field he actually led to a nice bit of,normal_play,0.0
3258.5,3262.5,of argentine,normal_play,0.0
3262.0,3266.0,of argentine offside and it was petty who infringed,normal_play,0.0
3265.5,3269.5,who infringed and was ahead of the back foot of the rock,normal_play,0.0
3269.0,3273.0,yeah england have managed this,normal_play,0.0
3272.5,3276.5,have managed this game well 10 of their match 23 were part of,normal_play,0.0
3276.0,3280.0,of their team that played in the rugby world cup final in 2019,normal_play,0.0
3279.5,3283.5,2019 that experience so valuable at this event,goal_kick,0.8688
3283.0,3287.0,at this event its george ford whos,goal_kick,0.8688
3286.5,3290.5,whos kicked all 12 points for england thus far,goal_kick,0.8688
3293.5,3297.5,86 games for his country sail,goal_kick,0.8688
3297.0,3301.0,country sail sharks player former mr tiger,goal_kick,0.6847
3300.5,3304.5,mr tiger bangs,goal_kick,0.6847
3304.0,3308.0,bangs this one over for the first points in the second half it is,goal_kick,0.8688
3307.5,3311.5,it is england 15 and los palmas 3,goal_kick,0.8688
3311.0,3315.0,3 but it was the speed,normal_play,0.0
3314.5,3318.5,it was the speed of play around the corner and the flowing attack that led to the penalty,normal_play,0.0
3318.0,3322.0,that led to the penalty that break and play led to a brilliant sing,normal_play,0.0
3321.5,3325.5,a brilliant sing song from the england fans here in the stadium theyre getting,normal_play,0.0
3325.0,3329.0,theyre getting excited theres a way to go yet but,normal_play,0.0
3328.5,3332.5,go yet but its a good looking scoreboard for england,kick_off,0.348
3332.0,3336.0,argentina restart towards the,kick_off,0.348
3335.5,3339.5,towards the narrow side crema has it collision,normal_play,0.0
3339.0,3343.0,collision holly cheson got,normal_play,0.0
3342.5,3346.5,cheson got in there just bubbling both ways,normal_play,0.0
3346.0,3350.0,ways sneaky little short one again,normal_play,0.0
3349.5,3353.5,again theyre going after cinti,normal_play,0.0
3353.0,3357.0,cinti who gets really high in the air great hops just,normal_play,0.0
3356.5,3360.5,just cheson that time going up for england to contest obviously the taller,normal_play,0.0
3360.0,3364.0,obviously the taller man but it was a pretty even contest in the air all right,normal_play,0.0
3363.5,3367.5,right very sevens off the restart and why,normal_play,0.0
3367.0,3371.0,and why not try something its a good way of regaining possession,normal_play,0.0
3370.5,3374.5,possession often i think kickoff has looked,normal_play,0.0
3374.0,3378.0,has looked play the territory game and thats absolutely fine but i think,normal_play,0.0
3377.5,3381.5,but i think there is the opportunity to regain not that argentina managed,normal_play,0.0
3381.0,3385.0,argentina managed to do it that efficiently but theyve got the scrum here thats,normal_play,0.0
3384.5,3388.5,thats a good look at their back line by led,scrum,0.4421
3388.0,3392.0,led by san chiego at us what have they got up their sleeve,scrum,0.4421
3391.5,3395.5,up their sleeve,scrum,0.4421
3395.0,3399.0,vertrino floats it,scrum,0.4421
3398.5,3402.5,floats it and lose it theres chocobarres the,normal_play,0.0
3402.0,3406.0,chocobarres the inside center whistle has gone unfortunate there for argentina,normal_play,0.0
3405.5,3409.5,there for argentina,normal_play,0.0
3409.0,3413.0,yeah there was a lot of anticipation it was,normal_play,0.0
3412.5,3416.5,anticipation it was a nice setup they had 10 12 13,normal_play,0.0
3416.0,3420.0,13 set up ready to go actually was going to end up,normal_play,0.0
3419.5,3423.5,going to end up with carreras out the back which is a role he does so well,normal_play,0.0
3423.0,3427.0,he does so well hes so used to playing 15 for gloster,normal_play,0.0
3426.5,3430.5,gloster i would have liked him to see his get his hands on that one to,normal_play,0.0
3430.0,3434.0,one to be honest see him run and stretch those legs his,normal_play,0.0
3433.5,3437.5,his coach at gloster george skivington talks,normal_play,0.0
3437.0,3441.0,talks so favorably love him as a brave young player big future in the game i,normal_play,0.0
3440.5,3444.5,in the game i feel like the future is now for him games like this theres the 10,normal_play,0.0
3444.0,3448.0,theres the 10 hes got to steer his side back into this and to victory,normal_play,0.0
3447.5,3451.5,and to victory we hold the,scrum,0.4877
3451.0,3455.0,we hold the pressure okay scratch,scrum,0.4877
3454.5,3458.5,bye england,scrum,0.4877
3458.0,3462.0,bye england still playing with 14 players as they were for the rest,scrum,0.4877
3461.5,3465.5,they were for the rest of this match,scrum,0.4877
3465.0,3469.0,collapse scrum and its england they tap each,normal_play,0.0
3468.5,3472.5,they tap each other on the back and celebrate with the ford gang colap last,penalty,0.6128
3472.0,3476.0,that far side,penalty,0.6128
3475.5,3479.5,far side lets hear rey now,normal_play,0.0
3479.0,3483.0,now saying that gashore had his knee on the ground up against,normal_play,0.0
3482.5,3486.5,ground up against geng which i perhaps he going up against either,normal_play,0.0
3486.0,3490.0,up against either of them good contest going on on that far side,normal_play,0.0
3489.5,3493.5,that far side,normal_play,0.4032
3493.0,3497.0,so,normal_play,0.0
3496.5,3500.5,so you see here its pretty level we cant see it from that angle perhaps it was,normal_play,0.0
3500.0,3504.0,it was here we go might sit there just see the knee start to go down,normal_play,0.0
3503.5,3507.5,to go down and touch the deck,normal_play,0.0
3507.0,3511.0,but try and get your feet back not too far back,normal_play,0.0
3510.5,3514.5,too far back so that youre too long but youve got to get your feet back in set so,normal_play,0.0
3514.0,3518.0,set so that you can hold the weight hes a very young front,normal_play,0.0
3517.5,3521.5,a very young front row for 24 years of age thomas gajot george,lineout,0.4726
3521.0,3525.0,george for england to the back its left out alex,lineout,0.4726
3524.5,3528.5,alex mitchell comes in around the fringes so its a lovely debbie does mitchell almost,normal_play,0.0
3528.0,3532.0,mitchell almost getting free a live wire around,normal_play,0.0
3531.5,3535.5,live wire around the fringes is mitchell,normal_play,0.0
3535.0,3539.0,mitchell thats why hes in the team he,normal_play,0.0
3538.5,3542.5,he was brought in to the injured jack portlet substitution,normal_play,0.0
3542.0,3546.0,portlet substitution and he spoke earlier this week,normal_play,0.0
3545.5,3549.5,earlier this week in press conference about the tempo he could bring to the game okay its,normal_play,0.0
3549.0,3553.0,okay its messy ball perhaps this is where he thrives best,normal_play,0.0
3552.5,3556.5,thrives best shoots back down the short side throws the dummy keeps the little lift inside,normal_play,0.0
3556.0,3560.0,the little lift inside that was on wasnt it courtly laws was sniffing,normal_play,0.0
3559.5,3563.5,sniffing,normal_play,0.0
3563.0,3567.0,sniffing change in the front row dan cole,normal_play,0.0
3566.5,3570.5,dan cole coming off replaced by will stewart,normal_play,0.0
3570.0,3574.0,27 year old,normal_play,0.0
3573.5,3577.5,year old bring his 130 odd kilos,normal_play,0.0
3577.0,3581.0,odd kilos to the party here,normal_play,0.0
3580.5,3584.5,will stewarts an interesting character brilliant,normal_play,0.0
3584.0,3588.0,character brilliant rugby player likes to collect,normal_play,0.0
3587.5,3591.5,to collect historical items in his spare time muskets and swords,normal_play,0.0
3591.0,3595.0,muskets and swords and the like hes a lot of take those back unless hes,normal_play,0.0
3594.5,3598.5,unless hes taking up the train hell be okay no flying for him replacements also,lineout,0.4726
3598.0,3602.0,replacements also for argentina pedro cabrillo and,lineout,0.4726
3601.5,3605.5,and joe slavy comes onto the field petty hes,lineout,0.4726
3605.0,3609.0,petty hes the replacement as well hed have petty wearing 19 for,normal_play,0.0
3608.5,3612.5,for los pumas 12 by 12 points around,normal_play,0.4032
3612.0,3616.0,points around about the 15 minute mark in this game one,normal_play,0.4032
3615.5,3619.5,game one of four pool matches use it,normal_play,0.4032
3619.0,3623.0,it as both sides will be eager to,normal_play,0.4032
3622.5,3626.5,be eager to advance pablo matera out of the alumni rugby club,normal_play,0.4032
3626.0,3630.0,alumni rugby club born in mendoza,normal_play,0.4032
3629.5,3633.5,mendoza the wine region of argentina,normal_play,0.4032
3633.0,3637.0,argentina they scum off gonzalo bocchano goes,normal_play,0.4032
3636.5,3640.5,goes downfield england thats a slippery one,normal_play,0.4032
3640.0,3644.0,a slippery one theres backwards is the call we,normal_play,0.0
3643.5,3647.5,call we need to put it up argentina look to regatta they,normal_play,0.4032
3647.0,3651.0,they leave that behind its england bouncing on those looking for their opportunity again,normal_play,0.4032
3650.5,3654.5,again mitchell has it downfield to gavardis is there,normal_play,0.0
3654.0,3658.0,is there great catch from the center that,normal_play,0.0
3657.5,3661.5,that was a huge kick up into the marseille night,normal_play,0.0
3661.0,3665.0,marseille night sky from freddy stewart lovin innie,normal_play,0.0
3664.5,3668.5,innie having a rest on the sideline does his team carry on here kicking,normal_play,0.4032
3668.0,3672.0,carry on here kicking deep into england territory carreros with a boot,normal_play,0.4032
3671.5,3675.5,boot england respond,normal_play,0.4032
3678.5,3682.5,forward doing the sensible thing must be a bit,normal_play,0.0
3682.0,3686.0,must be a bit slippery down there thats the sweat as it is warm,normal_play,0.0
3685.5,3689.5,as it is warm its a bit of dew,normal_play,0.0
3689.0,3693.0,moving a lot of handling errors pretty,normal_play,0.0
3692.5,3696.5,errors pretty straightforward looking ones as well theres a man im ready,normal_play,0.0
3696.0,3700.0,a man im ready for some rugby the crowd want to see him come on,lineout,0.4726
3699.5,3703.5,come on argentina,lineout,0.4726
3703.0,3707.0,argentina meanwhile lana at the halfway line in midfield,normal_play,0.4032
3706.5,3710.5,midfield a massive collision comes in,normal_play,0.4032
3710.0,3714.0,takes a shot at satiego chocobades,normal_play,0.4032
3713.5,3717.5,still with los,normal_play,0.4032
3717.0,3721.0,with los pumas though as they fight to regain the,normal_play,0.4032
3720.5,3724.5,regain the territory they just lost off that massive hit gajo,normal_play,0.4032
3724.0,3728.0,gajo shifts it to his right hand side crema comes in,normal_play,0.4032
3727.5,3731.5,birch or no england really flying up,normal_play,0.0
3731.0,3735.0,really flying up here on d stopping this los pumas attack,normal_play,0.4032
3734.5,3738.5,los pumas attack around the fringes goes their half back,normal_play,0.4032
3738.0,3742.0,their half back i lost 10 meters,normal_play,0.4032
3741.5,3745.5,10 meters or so have argentina again they keep it with their forwards,normal_play,0.0
3745.0,3749.0,with their forwards as they continue to meet some,normal_play,0.1667
3748.5,3752.5,to meet some heavy defensive players out of england and,normal_play,0.1667
3752.0,3756.0,england and maritoje getting over this one for england the,penalty,0.6128
3755.5,3759.5,england the crowd on their feet,normal_play,0.0
3759.0,3763.0,feet,normal_play,0.0
3762.5,3766.5,its a brilliant bit,normal_play,0.0
3766.0,3770.0,its a brilliant bit of defense manitou langi getting some,normal_play,0.0
3769.5,3773.5,getting some high fives on his way his teammates recognizing his,normal_play,0.0
3773.0,3777.0,recognizing his contribution to that defensive set brilliant time tattle on his opposite man,normal_play,0.0
3776.5,3780.5,on his opposite man earlier on in that defensive piece,normal_play,0.0
3783.5,3787.5,just again a bit of isolation,normal_play,0.0
3787.0,3791.0,isolation the toje getting all the way over he beat the ruck,normal_play,0.0
3790.5,3794.5,he beat the ruck referee seeing that he had rights to that ball theres the,normal_play,0.0
3794.0,3798.0,theres the collision in the midfield to alang getting his,normal_play,0.0
3797.5,3801.5,alang getting his foot close and getting a very powerful,normal_play,0.0
3801.0,3805.0,very powerful shoulder contact nice,normal_play,0.0
3804.5,3808.5,nice and low underneath the ball excellent,normal_play,0.0
3808.0,3812.0,excellent technique from the center,goal_kick,0.8688
3811.5,3815.5,another opportunity for george,goal_kick,0.8688
3815.0,3819.0,for george ford two penalty three drop goals,goal_kick,0.8688
3818.5,3822.5,goals for the fly off this evening in marsay,goal_kick,0.8688
3822.0,3826.0,the 30 year old,goal_kick,0.8688
3825.5,3829.5,old from england under 20 captain on,goal_kick,0.6408
3829.0,3833.0,on the biggest stage has the biggest,goal_kick,0.6408
3832.5,3836.5,has the biggest boot and its england up 18,goal_kick,0.8688
3836.0,3840.0,up 18 points to three,goal_kick,0.8688
3839.5,3843.5,is this the turnaround for,normal_play,0.0
3843.0,3847.0,turnaround for steve waltherts men okay,normal_play,0.0
3846.5,3850.5,theres plenty of noise in this stadium but are they starting,normal_play,0.0
3850.0,3854.0,but are they starting to silence some doubters here,normal_play,0.0
3853.5,3857.5,and some big changes for england as well joe marlas gone onto the,normal_play,0.0
3857.0,3861.0,gone onto the field and so too has george martin yeah,kick_off,0.4595
3860.5,3864.5,yeah thanks now george joe,kick_off,0.4595
3864.0,3868.0,joe marla cant miss him with that beautiful hair of his he started,normal_play,0.0
3867.5,3871.5,he started the manners for that great tackle the center takes it up field sales,normal_play,0.4032
3871.0,3875.0,field sales shot born in samoa barbies brothers also,normal_play,0.4032
3874.5,3878.5,barbies brothers also played in the english premiership possession in their 22,normal_play,0.0
3878.0,3882.0,in their 22 55 mitchell goes downtown,normal_play,0.0
3881.5,3885.5,mitchell goes downtown very,normal_play,0.4032
3885.0,3889.0,very good kick from the scrimmage,normal_play,0.4032
3888.5,3892.5,could wonder whether they might try and turn the tempo,normal_play,0.0
3892.0,3896.0,and turn the tempo up there argentina as you see to alang,normal_play,0.0
3895.5,3899.5,see to alang getting it done on the other side of the ball this time mars loves,normal_play,0.0
3899.0,3903.0,loves that part of the game doesnt he,normal_play,0.0
3902.5,3906.5,in gange kicking back sucking in the,normal_play,0.0
3906.0,3910.0,sucking in the big ones put in a good shift in this first 55 minutes,normal_play,0.0
3909.5,3913.5,55 minutes,normal_play,0.0
3913.0,3917.0,and what was the,normal_play,0.0
3916.5,3920.5,what was the line up to argentina turn into a free kick for england,normal_play,0.0
3920.0,3924.0,england,normal_play,0.0
3923.5,3927.5,so given the free kick in the block to take the scrum which is,normal_play,0.0
3927.0,3931.0,the scrum which is an option is always open to you as the side thats been awarded,normal_play,0.0
3930.5,3934.5,thats been awarded the free kick,normal_play,0.0
3934.0,3938.0,often things do that to draw in some defenders set a platform that theyre,normal_play,0.0
3937.5,3941.5,platform that theyre comfortable with the backs having a little meeting we can see discussing,normal_play,0.0
3941.0,3945.0,discussing what they fancy i tell you what youre always got a little bit more adrenaline,normal_play,0.0
3944.5,3948.5,a little bit more adrenaline as a back in these moments great position for a scrum,normal_play,0.0
3948.0,3952.0,position for a scrum two sides to attack threats all over the park for england theres,normal_play,0.0
3951.5,3955.5,for england theres one of them hes smiling ready to go,normal_play,0.0
3955.0,3959.0,go so much jermola up,normal_play,0.0
3958.5,3962.5,jermola up front came under retirement to join england at the rugby world cup in 2019 hes,scrum,0.3568
3962.0,3966.0,2019 hes still going strong 82 caps,scrum,0.3568
3965.5,3969.5,caps will steward up front as well you mentioned the first rugby player,scrum,0.3568
3969.0,3973.0,player,scrum,0.3568
3972.5,3976.5,set piece yes,scrum,0.3568
3976.0,3980.0,piece yes from england is excellent,normal_play,0.0
3979.5,3983.5,england is excellent forward to the air straight down the,normal_play,0.0
3983.0,3987.0,straight down the middle malia,normal_play,0.4032
3986.5,3990.5,malia with a clean catch so too far on that,normal_play,0.4032
3990.0,3994.0,too far on that one from george ford to pull back from argentina,normal_play,0.4032
3993.5,3997.5,argentina drives him back for the narrow angle so not a lot of room to,normal_play,0.4032
3997.0,4001.0,lot of room to work with just put that out on the foot,normal_play,0.4032
4000.5,4004.5,hes not done much wrong tonight,normal_play,0.4032
4004.0,4008.0,tonight hell be frustrated himself is a quality kick with the ball he didnt,normal_play,0.0
4007.5,4011.5,ball he didnt have much room to work with on the touchline there so he was just looking to stab it down,normal_play,0.0
4011.0,4015.0,it down but this was a hell of a scrum what a battle,normal_play,0.0
4014.5,4018.5,battle and actually i can see the argentinian,normal_play,0.0
4018.0,4022.0,can see the argentinian front row i think it should be popping up there on the far,normal_play,0.0
4021.5,4025.5,on the far side perhaps england unlucky malo weve got the better,lineout,0.3793
4025.0,4029.0,malo weve got the better of him there lucky not to get a penalty the target of throw has been pinched,lineout,0.3793
4028.5,4032.5,has been pinched in the end the toga has it for england,normal_play,0.0
4032.0,4036.0,england things are working out for this english side so far up 18 3,normal_play,0.2865
4035.5,4039.5,18 3 and plenty of possession to speak of,normal_play,0.2865
4039.0,4043.0,of again its the english scum off that works his way downfield,normal_play,0.0
4042.5,4046.5,his way downfield through the boots the ball bounces around prior,penalty,0.6128
4046.0,4050.0,prior is diving on this one its a penalty against argentina,penalty,0.6128
4049.5,4053.5,against argentina,penalty,0.6128
4053.0,4057.0,well as you said down and it just feels like,normal_play,0.0
4056.5,4060.5,just feels like things are working out for this england team at the moment but,normal_play,0.0
4060.0,4064.0,but you make your own luck,normal_play,0.0
4063.5,4067.5,your own luck and that kick albeit look like a pretty,normal_play,0.0
4067.0,4071.0,like a pretty straightforward one up in the air johnny may put no real chase on that he,normal_play,0.0
4070.5,4074.5,on that he put the pressure on to disrupt and that has been,normal_play,0.0
4074.0,4078.0,and that has been key when theyve put contestable kicks up and,normal_play,0.0
4077.5,4081.5,and theyve got up in the air theyve made it work for them there he is just getting,normal_play,0.0
4081.0,4085.0,is just getting in amongst it sometimes thats all youve got to do the argentinians have,normal_play,0.0
4084.5,4088.5,argentinians have to retreat there back on side before they can play the ball,normal_play,0.0
4088.0,4092.0,young man getting,normal_play,0.0
4091.5,4095.5,man getting up and asserting himself in the line up,normal_play,0.0
4095.0,4099.0,might be a bit early to start milking it gents,goal_kick,0.8688
4098.5,4102.5,gents theyre having a bit of fun in the crowd very,goal_kick,0.8688
4102.0,4106.0,crowd very vocal argentine group earlier but,goal_kick,0.8688
4105.5,4109.5,earlier but this english side have been silenced theyve silenced him through,goal_kick,0.8688
4109.0,4113.0,him through the boot of george ford he scored 18 points tonight,goal_kick,0.8688
4112.5,4116.5,18 points tonight so far,goal_kick,0.8688
4116.0,4120.0,this is his,goal_kick,0.8688
4119.5,4123.5,is his fourth penalty,goal_kick,0.8688
4123.0,4127.0,george ford,goal_kick,0.8688
4126.5,4130.5,ford he drives this one over as well,normal_play,0.0
4130.0,4134.0,well its 21 to four and england,normal_play,0.0
4133.5,4137.5,england argentina just three very good,normal_play,0.0
4137.0,4141.0,good,normal_play,0.0
4140.5,4144.5,freddy stewart trying to,normal_play,0.0
4144.0,4148.0,stewart trying to get his team going theres one man that doesnt need any jing up its george,normal_play,0.0
4147.5,4151.5,jing up its george ford hes the most composed man on the park right now,normal_play,0.0
4151.0,4155.0,now one of the other great stories that this england side has been george,normal_play,0.0
4154.5,4158.5,been george greg martin george martin you can see there but also danny,kick_off,0.5159
4158.0,4162.0,also danny care whos just come onto the field its been 80 years between,kick_off,0.5159
4161.5,4165.5,years between drinks for him at world miss selections for the 2019 world,kick_off,0.5159
4165.0,4169.0,2019 world cup wasnt expected to come here was going to come as a commentator and,normal_play,0.4032
4168.5,4172.5,commentator and now hes out there on the field he ends argentina yeah he needs,normal_play,0.4032
4172.0,4176.0,yeah he needs to stay on the field id like to keep my job danny care on the,normal_play,0.0
4175.5,4179.5,on the park great to see 36 year old 19 one,normal_play,0.2936
4179.0,4183.0,19 one caps now england with possession,normal_play,0.2936
4182.5,4186.5,england with possession okay,normal_play,0.4032
4186.0,4190.0,okay goes high his first touch,normal_play,0.4032
4189.5,4193.5,jump not able to get initially down to the argentina side,normal_play,0.4032
4193.0,4197.0,argentina side not a lot of position to speak of in the,normal_play,0.4032
4196.5,4200.5,in the second half crema comes,normal_play,0.4032
4200.0,4204.0,crema comes in balls on the ground its available for gonzalo,normal_play,0.4032
4203.5,4207.5,for gonzalo botrano now looking to weapon why here comes,normal_play,0.4032
4207.0,4211.0,here comes the hot feet of carreras,normal_play,0.4032
4210.5,4214.5,caritas scored in the last,normal_play,0.4032
4214.0,4218.0,scored in the last three games hasnt had a lot of opportunities tonight theres marcus,normal_play,0.4032
4217.5,4221.5,theres marcus crema again looks at work hes second rugby world,normal_play,0.4032
4221.0,4225.0,second rugby world cup carrera strips across field the flat one towards,normal_play,0.4032
4224.5,4228.5,one towards the halfway line for argentina and its england yet again,normal_play,0.4032
4228.0,4232.0,england yet again and its their number eight benoil that gets the,penalty,0.6128
4231.5,4235.5,that gets the,normal_play,0.0
4235.0,4239.0,the applause argentina flowing there,normal_play,0.0
4238.5,4242.5,flowing there in their attack for a moment looking to roll around,normal_play,0.0
4242.0,4246.0,roll around playing out the back here getting isolated,normal_play,0.0
4245.5,4249.5,isolated england have been good at the breakdown a lot of,normal_play,0.4032
4249.0,4253.0,a lot of opportunities they got hands on ball and this time it was ben o erles,normal_play,0.4032
4252.5,4256.5,was ben o erles,normal_play,0.0
4256.0,4260.0,erles go eliot daly taking,normal_play,0.0
4259.5,4263.5,taking on a kick giving george ford to boot the rest i,normal_play,0.0
4263.0,4267.0,rest i was desperate to see carreras in some space its not a,normal_play,0.0
4266.5,4270.5,its not a lot of opportunities tonight but hes devastating when he,normal_play,0.0
4270.0,4274.0,when he gets going crema has been working so hard,normal_play,0.0
4273.5,4277.5,working so hard for this argentinian side but the technicals,normal_play,0.0
4277.0,4281.0,but the technicals there often if you do carry and you fall on your back as a ball carrier you,normal_play,0.0
4280.5,4284.5,carrier you are opening up the opportunities for the defender to get on,normal_play,0.0
4284.0,4288.0,defender to get on the ball youve got to try and move your positioning so,normal_play,0.0
4287.5,4291.5,positioning so you dont fall in that turtle position its,goal_kick,0.8688
4291.0,4295.0,its often again,goal_kick,0.8688
4294.5,4298.5,its often again another opportunity for england for more points this time its eliot daly the left wing,goal_kick,0.689
4298.0,4302.0,daly the left wing former cricketer as a youngster,goal_kick,0.689
4301.5,4305.5,he pushes this,goal_kick,0.689
4305.0,4309.0,he pushes this one to the left hand side so score remains at 21 points to,goal_kick,0.8688
4308.5,4312.5,21 points to three into the last 20 minutes of this game in,goal_kick,0.8688
4312.0,4316.0,in pool d england looking to silence their,goal_kick,0.8688
4315.5,4319.5,silence their critics after,kick_off,0.4807
4319.0,4323.0,after some below average performances leading up into this tournament here they,kick_off,0.4807
4322.5,4326.5,tournament here they are at a world cup where it all counts four years in,normal_play,0.0
4326.0,4330.0,four years in the making ford again goes high,normal_play,0.0
4329.5,4333.5,argentina not,normal_play,0.0
4333.0,4337.0,argentina not able to get that so it stays with england through the big frame mario,normal_play,0.4032
4336.5,4340.5,big frame mario toge one more time for the european player of the year,normal_play,0.4032
4340.0,4344.0,year these leadership skills so,normal_play,0.4032
4343.5,4347.5,so vital for this english side germana just looks ahead,normal_play,0.4032
4347.0,4351.0,looks ahead of the play a bit of a cross field kick,normal_play,0.4032
4350.5,4354.5,kick argentina,normal_play,0.0
4354.0,4358.0,argentina knocked that one on england controlling everything so far,normal_play,0.0
4357.5,4361.5,everything so far danny kip,normal_play,0.0
4361.0,4365.0,kip behind the back ball huge shot coming in as,normal_play,0.4032
4364.5,4368.5,in as daly smashes the left foot downfield will go too,normal_play,0.4032
4368.0,4372.0,will go too far,normal_play,0.0
4371.5,4375.5,thats why,normal_play,0.4032
4375.0,4379.0,thats why eliot daly is pretty useful man to have as part of,normal_play,0.4032
4378.5,4382.5,part of your back division your back three because as she fills into that,normal_play,0.0
4382.0,4386.0,into that second line of attack really nicely as a distributor or as a kick with,normal_play,0.0
4385.5,4389.5,or as a kick with the ball good at rolling that occasion i think he saw at the corner of,normal_play,0.0
4389.0,4393.0,at the corner of his eye that actually argentina had backfield coverage great angle for us now,normal_play,0.0
4392.5,4396.5,angle for us now on the camera thats the direction he was looking in he saw argentinian,normal_play,0.0
4396.0,4400.0,argentinian players there as we tried to hit grass didnt quite get it right,normal_play,0.0
4399.5,4403.5,newcastle falcons play against some of his,normal_play,0.0
4403.0,4407.0,of his old mates from england four of his teammates,normal_play,0.0
4406.5,4410.5,his teammates at that club so can that injection off,scrum,0.4877
4410.0,4414.0,off the bench help michael check aside they have it,scrum,0.4877
4413.5,4417.5,they have it,scrum,0.4877
4417.0,4421.0,it,scrum,0.4877
4434.5,4438.5,its the,normal_play,0.0
4438.0,4442.0,the second penalty against gold,normal_play,0.0
4441.5,4445.5,against gold slabby whos that sits coming onto the park,normal_play,0.0
4445.0,4449.0,the park even though it looked like the argentinian scrum was moving forward there matthew,normal_play,0.0
4448.5,4452.5,forward there matthew reynau clearly explaining slabbys head,normal_play,0.0
4452.0,4456.0,head popping outside penalty him,normal_play,0.4032
4455.5,4459.5,penalty him once again just going right for england,normal_play,0.4032
4459.0,4463.0,england and that is super from george ford,normal_play,0.0
4462.5,4466.5,george ford stop it,normal_play,0.0
4469.5,4473.5,its about as close to the try line as your,normal_play,0.0
4473.0,4477.0,line as your forwards could hope for a remarkable kick,normal_play,0.0
4476.5,4480.5,remarkable kick from george ford and all set up here,normal_play,0.0
4480.0,4484.0,here illegal scrumaging from argentina has,lineout,0.4726
4483.5,4487.5,has them on the ropes in this pool d jimmy george,lineout,0.4726
4487.0,4491.0,jimmy george to throw at oj now,normal_play,0.0
4490.5,4494.5,now is in there as well as george comes to the back the forwards,maul,0.5412
4494.0,4498.0,back the forwards are in there also to elangi in,maul,0.5412
4497.5,4501.5,in there with the rest of his backs,maul,0.5412
4501.0,4505.0,can he care use it,maul,0.46
4504.5,4508.5,care use it now now finds big,normal_play,0.0
4508.0,4512.0,big monitor in the line the fridge,normal_play,0.4032
4511.5,4515.5,fridge goes forward argentina need keep their feet,normal_play,0.4032
4515.0,4519.0,their feet and they dont roll away either,penalty,0.6128
4522.0,4526.0,well,normal_play,0.0
4525.5,4529.5,well its well talked about amongst the teams that,normal_play,0.0
4529.0,4533.0,discipline serves you well in world cups at,normal_play,0.0
4532.5,4536.5,at the moment argentina just on the wrong side of these,normal_play,0.0
4536.0,4540.0,these pens,normal_play,0.0
4539.5,4543.5,one now,normal_play,0.0
4550.0,4554.0,its great work for the,normal_play,0.0
4553.5,4557.5,for the lineup i think theyll tell them more when theyre setting up at the moment the,normal_play,0.0
4557.0,4561.0,the moment the first guys in so the jumper bring at the moment,normal_play,0.0
4560.5,4564.5,bring at the moment again pretty high the body height argentina actually stopping up more pretty,normal_play,0.0
4564.0,4568.0,up more pretty comfortably defending the corners,normal_play,0.0
4574.5,4578.5,dankar id say he wouldnt want to be sitting on the sideline when theres a scrum going on,normal_play,0.0
4578.0,4582.0,scrum going on either hes probably looking at these scrum think i fancy a bit more of that,normal_play,0.0
4581.5,4585.5,more of that i also heard joe myler chatting to,normal_play,0.0
4585.0,4589.0,chatting to referee rey now as we theres some attention to an injured player from argentina,normal_play,0.0
4588.5,4592.5,player from argentina and putney laws strong,normal_play,0.0
4592.0,4596.0,laws strong performance from the captain tonight takes,normal_play,0.0
4595.5,4599.5,tonight takes the side of course from his fans hes been awesome,normal_play,0.0
4599.0,4603.0,been awesome really led as he always does in the way hes,normal_play,0.0
4602.5,4606.5,in the way hes gone about his work been over the ball defensively hes been awesome,normal_play,0.0
4606.0,4610.0,been awesome i just,normal_play,0.0
4609.5,4613.5,i just love the way he comes on like an absolute wrecking ball off the bench,normal_play,0.0
4613.0,4617.0,off the bench at the moment really is big impact,normal_play,0.0
4616.5,4620.5,big impact,normal_play,0.0
4623.5,4627.5,familiar sight in,normal_play,0.0
4627.0,4631.0,sight in this pool d game against the england at number 10,normal_play,0.0
4630.5,4634.5,england at number 10 george ford to line this one,normal_play,0.0
4634.0,4638.0,up grabby world cup top points scorer of all,normal_play,0.0
4637.5,4641.5,scorer of all time for england is johnny wilkinson famously kicked winning drop goal in 2003,normal_play,0.0
4641.0,4645.0,drop goal in 2003 to win it george ford has,goal_kick,0.8688
4644.5,4648.5,ford has followed his success and now he is the man of,goal_kick,0.8688
4648.0,4652.0,of the hour for england,goal_kick,0.8688
4658.5,4662.5,ford turns,goal_kick,0.7798
4662.0,4666.0,ford turns with ease it is england 24 points to,goal_kick,0.7798
4665.5,4669.5,points to three elite argentina,goal_kick,0.8688
4679.5,4683.5,is,normal_play,0.0
4690.0,4694.0,yes an interesting change is needed therefore argentina,kick_off,0.5159
4693.5,4697.5,therefore argentina what have they got left in the tank in final 15 minutes to,kick_off,0.5159
4697.0,4701.0,minutes to catch there from louis ladlam northampton saint,normal_play,0.0
4700.5,4704.5,saint number 100 games to the club care,normal_play,0.4032
4704.0,4708.0,the club care finds the personality himself,normal_play,0.4032
4707.5,4711.5,himself joe marla 260 matches for,normal_play,0.4032
4711.0,4715.0,matches for harlequins one of the few plays to look the,normal_play,0.3314
4714.5,4718.5,the title 2012 and 2021 in the premiership,normal_play,0.3314
4718.0,4722.0,premiership as argentina tried to attack the breakdown use it,normal_play,0.3314
4721.5,4725.5,use it problema terra try to get in there danny care releases,normal_play,0.0
4725.0,4729.0,danny care releases towards the touch line,normal_play,0.4032
4732.0,4736.0,brilliant seeing danny care out there,normal_play,0.0
4735.5,4739.5,there he said he cant wait to get stuck in,normal_play,0.0
4739.0,4743.0,hes actually labeled this the biggest week of his career,normal_play,0.0
4742.5,4746.5,of his career its brilliant to see him out there so a few players out,normal_play,0.0
4746.0,4750.0,few players out there who thought this wasnt going to happen for them and theyve been,normal_play,0.0
4749.5,4753.5,and theyve been talked down and talked down and so far theyre,lineout,0.4726
4753.0,4757.0,theyre delivering yeah wonderful moments for the english side but can argentina,lineout,0.4726
4756.5,4760.5,can argentina come back into this game theyre fighting to stay,normal_play,0.0
4760.0,4764.0,to stay alive here vertraner gets it away quickly theres,normal_play,0.4032
4763.5,4767.5,theres a forward loop around the fringes matias moroni wants position,normal_play,0.4032
4767.0,4771.0,moroni wants position on that right hand side so turn it back in field beshel,normal_play,0.0
4770.5,4774.5,beshel is there as well gashore behind his back,normal_play,0.4032
4774.0,4778.0,behind his back it goes argentina really havent been able to practicing,normal_play,0.4032
4777.5,4781.5,able to practicing defense big,normal_play,0.4032
4781.0,4785.0,big left foot a step thats more like it the offload is there as,normal_play,0.3343
4784.5,4788.5,offload is there as well for los pulmas into the 22 they go,normal_play,0.0
4788.0,4792.0,22 they go the replacements eduardo besho again heavily involved,normal_play,0.4032
4791.5,4795.5,heavily involved bethran takes him on himself,normal_play,0.4032
4795.0,4799.0,him on himself its argentina,normal_play,0.0
4798.5,4802.5,argentina montoja now malia ripped it to the right,normal_play,0.4032
4802.0,4806.0,ripped it to the right hand side cutting back against the grain brilliant,normal_play,0.4032
4805.5,4809.5,brilliant work so close as,normal_play,0.4032
4809.0,4813.0,as the forwards barrel in just a few meters out public,normal_play,0.4032
4812.5,4816.5,public matera right there he picks and goes to the right hand side,normal_play,0.0
4816.0,4820.0,the right hand side the terror is,normal_play,0.0
4819.5,4823.5,the terror is over the line but has been held up,normal_play,0.0
4823.0,4827.0,thats great defense,normal_play,0.0
4826.5,4830.5,great defense yes i owen farrell love,normal_play,0.0
4830.0,4834.0,owen farrell love to be out there be hopefully enjoying this performance from his team thats,normal_play,0.0
4833.5,4837.5,performance from his team thats great on the line for all money argentina,normal_play,0.0
4837.0,4841.0,argentina theyre gonna back themselves from that range tell you what gashos come back on,normal_play,0.0
4840.5,4844.5,come back on hes been pretty useful,normal_play,0.0
4854.5,4858.5,on the field fourth,normal_play,0.0
4858.0,4862.0,field fourth rugby world cup only joins myron is the desma elipe,normal_play,0.0
4861.5,4865.5,desma elipe contrapolmian mart n celso for the most all,normal_play,0.0
4865.0,4869.0,the most all time by an argentine player hes also on,normal_play,0.0
4868.5,4872.5,hes also on his ollie lawrence the 23 old for england,normal_play,0.0
4875.5,4879.5,applause for money to your lungi,normal_play,0.0
4879.0,4883.0,money to your lungi 32 real,normal_play,0.0
4882.5,4886.5,forward goal line,kick_off,0.5159
4886.0,4890.0,goal line dropout to argentina over 10 minutes,kick_off,0.5159
4889.5,4893.5,over 10 minutes to go they trail by 24 points to three,kick_off,0.5159
4893.0,4897.0,three public matera flies upfield,normal_play,0.0
4896.5,4900.5,now replacement on the,normal_play,0.0
4900.0,4904.0,replacement on the field lataro basan vales as well the olympian,normal_play,0.0
4903.5,4907.5,olympian and the last pull my sevens santi,normal_play,0.0
4907.0,4911.0,sevens santi gavikora side can he spot some magic they certainly need it,normal_play,0.0
4910.5,4914.5,certainly need it right there possession given away,normal_play,0.0
4914.0,4918.0,theres been too many of those for argentina,normal_play,0.0
4917.5,4921.5,for argentina,normal_play,0.0
4921.0,4925.0,around the contact area,normal_play,0.0
4924.5,4928.5,partly down to some brilliant defense from,normal_play,0.0
4928.0,4932.0,defense from the singleton team really working well in the contact area very skillful,normal_play,0.0
4931.5,4935.5,area very skillful think it might have been will struetts getting a little hand,normal_play,0.0
4935.0,4939.0,struetts getting a little hand in there gasha looks fresh,normal_play,0.0
4938.5,4942.5,gasha looks fresh after a little break coming back on,normal_play,0.0
4942.0,4946.0,yeah becky thomas gasha a great couple of runs from,normal_play,0.0
4945.5,4949.5,couple of runs from him certainly inspiring his side but then just a couple,normal_play,0.0
4949.0,4953.0,but then just a couple of unforced errors as well giving possession away they got very close just,normal_play,0.0
4952.5,4956.5,close just held up there was pablo matera,normal_play,0.0
4956.0,4960.0,okay,normal_play,0.0
4959.5,4963.5,theyre looking bruised and bloody than that but hes been,normal_play,0.0
4963.0,4967.0,that but hes been all over the park as he so often is would have been,normal_play,0.0
4966.5,4970.5,would have been nervy for those boys looking on perhaps not now 23,normal_play,0.0
4970.0,4974.0,now 23 24 points to three perhaps its time to have a bit of a,normal_play,0.0
4973.5,4977.5,to have a bit of a laugh with one another good to see some smiles on faces theyve not,normal_play,0.0
4977.0,4981.0,faces theyve not had much chance to enjoy their rugby of late certainly,normal_play,0.0
4980.5,4984.5,late certainly not had the results only after,normal_play,0.0
4987.5,4991.5,the so right without,normal_play,0.0
4991.0,4995.0,right without japan is next september 17th in nice and then chile in,normal_play,0.0
4994.5,4998.5,chile in lilland september 23 and samoa the same venue october,normal_play,0.0
4998.0,5002.0,venue october 7th right now will face samoa next then,normal_play,0.0
5001.5,5005.5,next then chile and japan of course we see these,normal_play,0.0
5005.0,5009.0,these two sides if they those remaining games will,normal_play,0.0
5008.5,5012.5,games will go through from this pool theyll cross over the pool seat,normal_play,0.0
5012.0,5016.0,pool seat wales australia fugio georgia portugal await its,normal_play,0.0
5015.5,5019.5,await its very comfortable scoreline right now but i think theres still things in youll want,scrum,0.3571
5019.0,5023.0,in youll want to execute and improve i dont think theyve played the best argentinian,scrum,0.3571
5022.5,5026.5,argentinian side tonight so theyll want to finish this last 10 minutes,scrum,0.3571
5026.0,5030.0,last 10 minutes strong perhaps get themselves into some scoring positions,scrum,0.3571
5029.5,5033.5,positions convert with a try its certainly given an added boost moving,scrum,0.3571
5033.0,5037.0,an added boost moving forward through this tournament its all about growing and building,normal_play,0.0
5036.5,5040.5,and building up,normal_play,0.0
5043.5,5047.5,free,normal_play,0.0
5047.0,5051.0,free kick there for england so joe marla,normal_play,0.0
5050.5,5054.5,joe marla pulling tomaskaja towards him its the,normal_play,0.0
5054.0,5058.0,its the aerial battle once more in this game argentina win it,normal_play,0.0
5057.5,5061.5,it they go down to the deck the,normal_play,0.4032
5061.0,5065.0,the last 10 minutes of this game the,normal_play,0.4032
5064.5,5068.5,the replacements now looking for some with a good switch there from malia,normal_play,0.4032
5068.0,5072.0,there from malia,normal_play,0.4032
5071.5,5075.5,lasang belez gets,normal_play,0.0
5075.0,5079.0,lasang belez gets slow ball does the replacement halfback debuted in 2022,normal_play,0.4032
5078.5,5082.5,in 2022 for the 15th side its wide ball i havent seen a lot of it,normal_play,0.4032
5082.0,5086.0,seen a lot of it start a step there from buffelli,normal_play,0.4032
5085.5,5089.5,buffelli started up with that three nothing lead for argentina crema,normal_play,0.4032
5089.0,5093.0,argentina crema short ball handing letting down this argentine side,normal_play,0.4032
5092.5,5096.5,argentine side,normal_play,0.0
5096.0,5100.0,its good defensive pressure,normal_play,0.4032
5099.5,5103.5,defensive pressure again though from england argentina got to,normal_play,0.4032
5103.0,5107.0,argentina got to execute better theres a few experienced heads looking on,normal_play,0.0
5106.5,5110.5,heads looking on asking a few questions perhaps,normal_play,0.0
5110.0,5114.0,questions perhaps if their teammates out there,normal_play,0.0
5113.5,5117.5,there had such high expectations coming into this they will,normal_play,0.0
5117.0,5121.0,they will have respected england as an opposition they will have known that,normal_play,0.0
5120.5,5124.5,known that theyd had it in them to take this game,normal_play,0.0
5124.0,5128.0,game,normal_play,0.0
5127.5,5131.5,yeah argentina ranked sixth in the world rapid,normal_play,0.0
5131.0,5135.0,rapid championship they beat new zealand massive results,normal_play,0.0
5134.5,5138.5,results nice little moment there jamie george,normal_play,0.0
5138.0,5142.0,there jamie george coming off after a decent shift and just a little exchange between,normal_play,0.0
5141.5,5145.5,exchange between him and theodan george,normal_play,0.0
5145.0,5149.0,george mentored dan a little bit over the years at saris,normal_play,0.0
5148.5,5152.5,years at saris yeah dan a young man,normal_play,0.0
5152.0,5156.0,young man especially when it comes to front row forwards hes,normal_play,0.0
5155.5,5159.5,hes a switched on guy got a bright future hes,normal_play,0.0
5159.0,5163.0,future hes getting a run what is probably the biggest game of his career so far,normal_play,0.0
5162.5,5166.5,so far yeah he qualified for romania as well by his parents and he credits his,normal_play,0.0
5166.0,5170.0,credits his late grandfather eon professor of engineering former tight air prop,normal_play,0.0
5169.5,5173.5,tight air prop for instilling the love of the sport and here he is at,scrum,0.4445
5173.0,5177.0,he is at a rugby world cup 22 years of age,scrum,0.4445
5176.5,5180.5,age a beautiful moment indeed as in the lead,scrum,0.4445
5180.0,5184.0,lead,penalty,0.6128
5183.5,5187.5,argentina penalty for them tartaro bazan vales flies in hes,penalty,0.6128
5187.0,5191.0,in hes eager to get going here,normal_play,0.0
5190.5,5194.5,that one went against will stuart didnt get,normal_play,0.0
5194.0,5198.0,stuart didnt get his binder called by this official,normal_play,0.0
5197.5,5201.5,this official on the near side,normal_play,0.0
5201.0,5205.0,well we expect it to be a tasty battle at,normal_play,0.0
5204.5,5208.5,tasty battle at scrum time at the south england had done a fantastic job,normal_play,0.0
5208.0,5212.0,fantastic job there over the course of the 70 or so minutes so,normal_play,0.0
5211.5,5215.5,minutes so far marla,normal_play,0.0
5215.0,5219.0,marla copping a bit of banter and pointing out it was the other side of the scrum that,normal_play,0.0
5218.5,5222.5,the scrum that was penalty not mine hes such a,normal_play,0.0
5222.0,5226.0,such a brilliant player to follow so funny,normal_play,0.0
5225.5,5229.5,so funny running off the field particularly on it see,lineout,0.271
5229.0,5233.0,it see the penalty considered theyre really stacking up against argentina another giveaway,lineout,0.271
5232.5,5236.5,another giveaway free kick again the line out second time that line outside,normal_play,0.0
5236.0,5240.0,line outside the puzzle looking crazy so,normal_play,0.0
5239.5,5243.5,so im pretty sure thats what theyre doing in the first half,normal_play,0.0
5243.0,5247.0,first half i dont know whether someones been in matthew reynolds here just pointed that out to,normal_play,0.0
5246.5,5250.5,that out to me but its the switching of the argentinian,normal_play,0.0
5250.0,5254.0,argentinian setup in the line out which i think is penalty them for them penalty,normal_play,0.0
5253.5,5257.5,them penalty them for leaving leaving the line out,normal_play,0.0
5257.0,5261.0,listen to this applause,normal_play,0.0
5260.5,5264.5,applause,normal_play,0.0
5264.0,5268.0,perhaps not as george ford thinks hes going,normal_play,0.0
5267.5,5271.5,thinks hes going on and then hes sent back on hes told to make more kick before,normal_play,0.0
5271.0,5275.0,kick before marcus smith can come on george ford whos,normal_play,0.0
5274.5,5278.5,george ford whos kicked all 24 points tonight had a stellar performance,normal_play,0.4032
5278.0,5282.0,stellar performance he hammers this one downfield cinti,normal_play,0.4032
5281.5,5285.5,downfield cinti to take he returns the favor,normal_play,0.4032
5285.0,5289.0,returns the favor with his left boot ford is there again,normal_play,0.0
5288.5,5292.5,again goes to the sky chases,normal_play,0.4032
5292.0,5296.0,chases there for england bounces back,normal_play,0.4032
5295.5,5299.5,bounces back towards their side earl is there marla takes this one he,normal_play,0.4032
5299.0,5303.0,one he rumbles forward,normal_play,0.4032
5302.5,5306.5,hello and a handle does well,normal_play,0.4032
5306.0,5310.0,well george ford yet again well,normal_play,0.4032
5309.5,5313.5,yet again well positioned backwards drops this one backwards,normal_play,0.4032
5313.0,5317.0,more,normal_play,0.0
5316.5,5320.5,more kicking from both sides england wait for,normal_play,0.4032
5320.0,5324.0,wait for the spiral kick comes to them now,normal_play,0.4032
5327.0,5331.0,some licking this time it goes,normal_play,0.4032
5330.5,5334.5,this time it goes down to bassem bales he dives on it under pressure,normal_play,0.4032
5334.0,5338.0,it under pressure for argentina at their 22,normal_play,0.4032
5337.5,5341.5,22 and the penalty keep racking up against las,penalty,0.6128
5341.0,5345.0,against las palmas,penalty,0.6128
5344.5,5348.5,and once again england making their own,normal_play,0.0
5348.0,5352.0,making their own good fortune this time it was danny care herring,normal_play,0.0
5351.5,5355.5,care herring through putting pressure on the substitute,normal_play,0.0
5355.0,5359.0,on the substitute nine bassem bales,normal_play,0.0
5358.5,5362.5,it lets the turnover the argentinian support,normal_play,0.0
5362.0,5366.0,argentinian support had to rush back there and they sealed off,normal_play,0.0
5365.5,5369.5,the party is well and truly on for the england fans here,normal_play,0.0
5369.0,5373.0,fans here in marseille once again its that combination ford,normal_play,0.0
5372.5,5376.5,combination ford putting it up steward chasing and making a mess of things,normal_play,0.0
5376.0,5380.0,things and it just seems to keep working out for england,normal_play,0.0
5379.5,5383.5,out for england it really does you mentioned the fans they started a long,normal_play,0.0
5383.0,5387.0,a long time ago its nearly 11 p m here in marseille,normal_play,0.0
5386.5,5390.5,here in marseille,normal_play,0.0
5390.0,5394.0,patron s vingham rugby,normal_play,0.0
5393.5,5397.5,rugby gets,goal_kick,0.8688
5397.0,5401.0,gets a warm cheer from the crowd here in france,goal_kick,0.8688
5400.5,5404.5,in france suddenly,goal_kick,0.8688
5404.0,5408.0,suddenly everything feels all right about english rugby well we saw david,goal_kick,0.8688
5407.5,5411.5,well we saw david beckham spotted at the,goal_kick,0.8688
5411.0,5415.0,the george ford do his thing,goal_kick,0.7514
5414.5,5418.5,ford do his thing he is,goal_kick,0.7514
5418.0,5422.0,is all england in this game so,goal_kick,0.7514
5421.5,5425.5,this game so far 27 points to three they lead argentina,goal_kick,0.8688
5425.0,5429.0,lead argentina with five minutes to go in this game,normal_play,0.0
5428.5,5432.5,game,normal_play,0.0
5439.0,5443.0,its applause for george ford as he,kick_off,0.5159
5442.5,5446.5,george ford as he leaves the field marcus smith,kick_off,0.5159
5446.0,5450.0,marcus smith on the field the 24 year old in his first ever,kick_off,0.5159
5449.5,5453.5,his first ever rugby world cup what,normal_play,0.0
5453.0,5457.0,what a creative attacker he has been since bursting onto the,normal_play,0.1703
5456.5,5460.5,bursting onto the scene joe marlow,normal_play,0.1703
5460.0,5464.0,of the match in the 2021 friendship final,normal_play,0.4032
5463.5,5467.5,friendship final,normal_play,0.3942
5467.0,5471.0,danny kare to the sky,normal_play,0.3942
5470.5,5474.5,the sky argentina with satyoga caderas,normal_play,0.0
5474.0,5478.0,caderas hasnt had a lot of opportunities,normal_play,0.0
5477.5,5481.5,a lot of opportunities in this game pedaling out of one tackle,normal_play,0.3678
5481.0,5485.0,out of one tackle as they look to go forward to better carry from,normal_play,0.3678
5484.5,5488.5,from the los fuemas side so,penalty,0.6128
5488.0,5492.0,so some belairs wants to go quickly again,penalty,0.6128
5491.5,5495.5,and these are nine,normal_play,0.0
5495.0,5499.0,probably would have been too little,normal_play,0.0
5498.5,5502.5,have been too little to be late for argentina now,normal_play,0.4032
5502.0,5506.0,argentina now i want to salvage something its a good kick down,normal_play,0.4032
5505.5,5509.5,down into englands 22 well argentina have not spent a lot of time,normal_play,0.4032
5509.0,5513.0,lot of time in this second half,normal_play,0.0
5512.5,5516.5,and farrell will just miss,normal_play,0.0
5516.0,5520.0,farrell will just miss one more game will be the game against japan,normal_play,0.0
5519.5,5523.5,japan pakechek looks on for argentina disappointing evening,normal_play,0.0
5523.0,5527.0,disappointing evening for them theyll need to rebuild and reload as,lineout,0.4726
5526.5,5530.5,as they take on samoa next in st eddie and,lineout,0.4726
5530.0,5534.0,and set piece continues to trouble,lineout,0.4726
5533.5,5537.5,to trouble them as well im so stellar on the lineup coming,normal_play,0.0
5537.0,5541.0,lineup coming into this tournament okay again,normal_play,0.0
5540.5,5544.5,okay again looking to close out this match goes down to,normal_play,0.0
5544.0,5548.0,down to moroni look,normal_play,0.4032
5547.5,5551.5,look at his box some magic on that far side basa,normal_play,0.4032
5551.0,5555.0,basa belays is there with him former kadoba athletic player,normal_play,0.4032
5554.5,5558.5,one more team,normal_play,0.4032
5558.0,5562.0,one more team vizales cracks into some hard contact,normal_play,0.4032
5561.5,5565.5,contact still there for argentina though step back,normal_play,0.4032
5565.0,5569.0,back step back by england tato basa belays,normal_play,0.0
5568.5,5572.5,belays and these runners as they peel,normal_play,0.4032
5572.0,5576.0,runners as they peel around the right hand side,normal_play,0.4032
5575.5,5579.5,a little jump step to cover a stress to get them and,normal_play,0.4032
5579.0,5583.0,to get them and goes but yes moroni gets dumped to the ground,normal_play,0.4032
5582.5,5586.5,england their defense has been outstanding,normal_play,0.4032
5586.0,5590.0,been outstanding in this game crema behind the back pass there are numbers if they could,normal_play,0.4032
5589.5,5593.5,they could exploit their gap here come buffetti,normal_play,0.4032
5593.0,5597.0,buffetti argentina try to step on that far side moronis in,normal_play,0.4032
5596.5,5600.5,moronis in as well lataro basa belays finds his fly off cadet,normal_play,0.4032
5600.0,5604.0,his fly off cadet us at a standing start tomas gusho,normal_play,0.0
5603.5,5607.5,tomas gusho the pick number one,normal_play,0.4032
5607.0,5611.0,long,normal_play,0.4032
5610.5,5614.5,long passage of play up into the ninth phase,normal_play,0.0
5614.0,5618.0,ninth phase for cashew theres a good short angle,normal_play,0.0
5617.5,5621.5,theres a good short angle argentina do well to recycle,normal_play,0.4032
5621.0,5625.0,to recycle again carreras looking for the bounce ball,normal_play,0.4032
5624.5,5628.5,bounce ball ameliano buffetti cuts back in,normal_play,0.0
5628.0,5632.0,in the longest passage of play theyve had in this game,normal_play,0.4032
5631.5,5635.5,game gajo again such a great,normal_play,0.4032
5635.0,5639.0,great front row player its batted backwards,normal_play,0.4032
5638.5,5642.5,stumbling down on the ground with,normal_play,0.4032
5642.0,5646.0,with a high short advantage diving on the play on the ground with,normal_play,0.4032
5645.5,5649.5,with into the 22 still for argentina with more,normal_play,0.4032
5649.0,5653.0,argentina with more advantage tomas gusho,normal_play,0.0
5652.5,5656.5,again carries well basa belays down the short side,normal_play,0.4032
5656.0,5660.0,down the short side england hold on heres,normal_play,0.4032
5659.5,5663.5,heres crema flying in big marcus crema,normal_play,0.0
5663.0,5667.0,crema england looking to celebrate a pinch there but it stays with,try,1.0
5666.5,5670.5,but it stays with the men from south america get over the first try,try,1.0
5670.0,5674.0,the first try in this game argentina on,try,1.0
5673.5,5677.5,on the board with their first five in this tournament,normal_play,0.0
5677.0,5681.0,this tournament rodrigo bruni gets it done,normal_play,0.0
5680.5,5684.5,yeah roddy bruni finishing,normal_play,0.0
5684.0,5688.0,roddy bruni finishing off some really good graph from,normal_play,0.0
5687.5,5691.5,graph from argentina i said at the outset theyre a passionate tough,normal_play,0.0
5691.0,5695.0,passionate tough side theyll be disappointed with the performance but,normal_play,0.0
5694.5,5698.5,but that is characteristic of los,normal_play,0.0
5698.0,5702.0,of los pumas and dont forget this,normal_play,0.0
5701.5,5705.5,this result aside tonight theyll salvage things,normal_play,0.0
5705.0,5709.0,theyll salvage things theyll learn from this and theyll look to take some positives,normal_play,0.0
5708.5,5712.5,some positives forward in terms of the character thats,normal_play,0.0
5712.0,5716.0,thats something they could certainly put a box tick there,normal_play,0.0
5715.5,5719.5,rodrigo bruni gets over turn 30,normal_play,0.0
5719.0,5723.0,30 years old while here in france on september 3,normal_play,0.0
5722.5,5726.5,september 3 he gets their first try at the rugby,normal_play,0.0
5726.0,5730.0,try at the rugby world cup in 2023 for argentina and the only try of,normal_play,0.0
5729.5,5733.5,and the only try of the game so far clock goes past the 80,kick_off,0.5159
5733.0,5737.0,past the 80 its england 27 argentina 10,kick_off,0.5159
5736.5,5740.5,10 open up for us here,normal_play,0.0
5740.0,5744.0,and and england,normal_play,0.3115
5743.5,5747.5,england will,normal_play,0.3115
5747.0,5751.0,england will have silent some of their critics as they win the opening pool d match,normal_play,0.0
5750.5,5754.5,pool d match of the 2023 rugby world cup against higher ranked,normal_play,0.0
5754.0,5758.0,higher ranked argentina the finalists of 2019 do enough in this contest,normal_play,0.0
5757.5,5761.5,enough in this contest to outlast the los pumas outfit,normal_play,0.0
