start_time,end_time,text,event_class,highlight_score
0.0,4.0,off the,kick_off,0.1931
3.5,7.5,off the boot of ben donaldson we are underway in pool seat australia,kick_off,0.1931
7.0,11.0,seat australia and fiji thats a first touch for,normal_play,0.0054
10.5,14.5,touch for william mata hull house,normal_play,0.0054
14.0,18.0,hull house number 8 for fiji,normal_play,0.0054
21.0,25.0,a new halfback from avorle sends it into the air replacing frank lemani,normal_play,0.0054
24.5,28.5,frank lemani its nicely taken down by carter gordon on half way but hammering,normal_play,0.0
28.0,32.0,but hammering defence comes in australia well get a chance to play though and play early,normal_play,0.0054
31.5,35.5,and play early the veteran hooker james slipper,normal_play,0.0054
35.0,39.0,slipper a little high,normal_play,0.0054
38.5,42.5,a little high up around the neck of jordan pizaya and he landed awkwardly,normal_play,0.0054
42.0,46.0,awkwardly playing under advantage here australia pizaya he gets to get up hes getting,normal_play,0.0054
45.5,49.5,up hes getting his boot back on i think the issue but just creeping up early,penalty,0.3546
49.0,53.0,nothing too dangerous but did slip up definitely a penalty slipped up,normal_play,0.0
52.5,56.5,slipped up high good little bit of intent here from australia coming through,normal_play,0.0
56.0,60.0,australia coming through the middle the kick off was a good high hanging one,normal_play,0.0
59.5,63.5,and you can see just the arm around the neck there,normal_play,0.0054
66.5,70.5,well going for the corner ben,normal_play,0.0
70.0,74.0,ben donaldson man of the match in the opening game australias opening game,normal_play,0.0
73.5,77.5,australias opening game kick superbly and that,normal_play,0.0054
77.0,81.0,and that too is a pretty decent start for eddie jones,normal_play,0.0054
80.5,84.5,eddie jones and his coaching team two and two at the front,normal_play,0.0
84.0,88.0,and two at the front post,normal_play,0.0
87.5,91.5,the crowd loves to hate eddie jones dont they,lineout,0.121
91.0,95.0,jones dont they not the most popular bloke in san de tien as australia from velocini bring,lineout,0.121
94.5,98.5,velocini bring down an ice line out ball and theyll peel away here with angus bell,normal_play,0.0054
98.0,102.0,bell driving hard early pressure coming on fijis,normal_play,0.0054
101.5,105.5,on fijis defensive line as australia who made a fast start against georgia look to do,normal_play,0.0054
105.0,109.0,georgia look to do the same here regathered what a regain control as,normal_play,0.0054
108.5,112.5,control as velocini peels away,normal_play,0.0054
112.0,116.0,restored eventually to the ground another advantage,normal_play,0.0054
115.5,119.5,another advantage for australia,penalty,0.3546
119.0,123.0,australia second highest shot early discipline going,normal_play,0.0
122.5,126.5,discipline going against fiji well sometimes youve,normal_play,0.0
126.0,130.0,sometimes youve got to take a team on at their strength and fijis strength against wales,normal_play,0.0
129.5,133.5,against wales was certainly their forward the top five in particular control,normal_play,0.0
133.0,137.0,control the ball control possession control field position as,normal_play,0.0
136.5,140.5,position as a result of that so far australia picked and gone,normal_play,0.0
140.0,144.0,picked and gone theyve carried up the middle theyve committed those big vgn forwards into the breakdown,normal_play,0.0
143.5,147.5,into the breakdown theyve forced a couple of high tackle now just that,normal_play,0.0
147.0,151.0,just that left arm wrapping around the head there thats the problem the first hit was pretty,normal_play,0.0
150.5,154.5,hit was pretty decent actually from josuo triosova,normal_play,0.0
154.0,158.0,triosova shot at goal good chance for australia to get ahead right,normal_play,0.0
157.5,161.5,to get ahead right at the start and deservedly so as i said,normal_play,0.0
161.0,165.0,as i said ben donaldson 25 points in the opening match against georgia,normal_play,0.0
164.5,168.5,georgia six from seven kicking scored a couple of try heck of a,normal_play,0.0
168.0,172.0,heck of a world cup debut,normal_play,0.0
171.5,175.5,this just his fifth test and a chance to put australia on the board,normal_play,0.0
175.0,179.0,australia on the board early,normal_play,0.0
192.5,196.5,an easy action and,goal_kick,0.7814
196.0,200.0,easy action and an easy strike for ben donaldson kicks an early penalty to,goal_kick,0.7814
199.5,203.5,early penalty to put australia up three points to middle in the opening three minutes,normal_play,0.0
203.0,207.0,minutes,normal_play,0.0
210.0,214.0,experience rugby player,normal_play,0.0
213.5,217.5,fiji 43 caps played in another of world,normal_play,0.0
217.0,221.0,another of world cups he knows the game he wont be too concerned about that first,normal_play,0.0
220.5,224.5,about that first three that goes against them,kick_off,0.1931
224.0,228.0,titele,kick_off,0.1931
227.5,231.5,titele for fiji sends this one deep down to valentini,normal_play,0.0
231.0,235.0,to valentini whos had a prominent start hes so strong with goal in hand,normal_play,0.0054
234.5,238.5,in hand valentini and,normal_play,0.0054
238.0,242.0,valentini and carter gordon the young fly half will send this away,normal_play,0.0054
241.5,245.5,well its a good start for australia doing the,normal_play,0.0
245.0,249.0,doing the basics well keeping it simple just the catch one carry,normal_play,0.0054
248.5,252.5,one carry strike back to the kicker decent clearance probably,normal_play,0.0054
252.0,256.0,clearance probably have wanted a little bit more on it but its good enough to get them out of the red,lineout,0.121
255.5,259.5,out of the red zone,lineout,0.121
262.5,266.5,fiji able to peel away through,normal_play,0.0054
266.0,270.0,away through books here starting in number seven jersey,normal_play,0.0054
269.5,273.5,jersey the versatile veteran gordon shot up out of the line its there for siriki davita,normal_play,0.0054
273.0,277.0,siriki davita siriki davita with his first carry,normal_play,0.0054
276.5,280.5,carry fiji already crashing in australia putting some,normal_play,0.0054
280.0,284.0,putting some shots on early karevi that time it was,normal_play,0.0054
283.5,287.5,fiji in forwards lining up one after the other,normal_play,0.0054
287.0,291.0,other now they go through the hands and out the bat to try and create some,normal_play,0.0054
290.5,294.5,and create some space wide bounces kind the bump is,normal_play,0.0054
294.0,298.0,the bump is massive,normal_play,0.0054
297.5,301.5,what a walling,normal_play,0.0054
301.0,305.0,now silla silla again,normal_play,0.0054
304.5,308.5,again tala again a go wide,normal_play,0.0
308.0,312.0,a go wide early standing out here by himself semit rundradja,normal_play,0.0054
311.5,315.5,rundradja glicks the ball back in for reyes alevu whos claiming he was,normal_play,0.0054
315.0,319.0,claiming he was tackle off the ball by carter gordon he might have an argument fijis,normal_play,0.0054
318.5,322.5,fijis captain the balls gone into touch weve,normal_play,0.0054
322.0,326.0,weve got timings good weve got timing good mate,normal_play,0.0054
325.5,329.5,mate very well thanks mate,normal_play,0.0054
329.0,333.0,well masa physical,normal_play,0.0
332.5,336.5,masa physical already thats quite high as well isnt it babatini,normal_play,0.0
336.0,340.0,it babatini,normal_play,0.0
339.5,343.5,its always a brutal game when,normal_play,0.0
343.0,347.0,when fiji are involved,normal_play,0.0
346.5,350.5,involved just trying to smash it up just,normal_play,0.0
350.0,354.0,just get a little bit of physical dominance maybe need to stop those,normal_play,0.0
353.5,357.5,need to stop those big long skip passes to start,lineout,0.121
357.0,361.0,filiyami mata just had a little bit of treatment hes back in the line,lineout,0.121
360.5,364.5,in the line and away come fiji and heres,normal_play,0.0054
364.0,368.0,and heres noyatha alevu the captain with her first rampaging up over the halfway,normal_play,0.0054
367.5,371.5,over the halfway line theres a good of volley just to have a little dart hes,normal_play,0.0054
371.0,375.0,dart hes manhandled to the ground off of their seat noyatha alevu,normal_play,0.0054
374.5,378.5,noyatha alevu captain,normal_play,0.0054
378.0,382.0,australia tried to shoot up quickly again,normal_play,0.0054
381.5,385.5,quickly again they go wide for mata who stayed out roaming on this left hand,normal_play,0.0054
385.0,389.0,this left hand side looked to get the arm free instead just pumps the legs and peels off another few,normal_play,0.0054
388.5,392.5,off another few metres for kurovoli to clear away spinning out,normal_play,0.0054
392.0,396.0,spinning out of one is we saw it into the line up,normal_play,0.0054
395.5,399.5,this weekend for fiji tipped on quickly tangitangivalu,normal_play,0.0054
399.0,403.0,tangitangivalu steps out of one but its gone forward but australia,normal_play,0.0054
402.5,406.5,but australia fiji rather giving it some air early and doing it,normal_play,0.0054
406.0,410.0,and doing it really well just that final little pass going forward,normal_play,0.0054
409.5,413.5,thats two long skip passes just allowed the,normal_play,0.0054
413.0,417.0,just allowed the defence to shift and since then theyve just tried to keep the ball in the channels,normal_play,0.0054
416.5,420.5,channels beautiful ball there was a man on the outside as well,normal_play,0.0054
420.0,424.0,outside as well they created the space well just couldnt get that final pass in,normal_play,0.0054
423.5,427.5,yeah,normal_play,0.0
427.0,431.0,yeah we could just see that lekima tangitangivalu was just,normal_play,0.0
430.5,434.5,tangitangivalu was just out wide he had lots of space it was a difficult pass to get outside to him,scrum,0.1461
434.0,438.0,outside to him and if he would have taken that and if he would have got the ball in his hands it would have been a different,scrum,0.1461
437.5,441.5,a different scenario and finally it became defused by,scrum,0.1461
441.0,445.0,defused by the australians but weve got a scrum but good attacking prowess from,scrum,0.1461
444.5,448.5,prowess from the fijians first scrum of the match both teams excellent,scrum,0.1461
448.0,452.0,both teams excellent in this area in their opening matches and that,scrum,0.1461
451.5,455.5,and that is rock solid as well for nick white to clear away samu kurevi,scrum,0.1461
455.0,459.0,samu kurevi will batter it up and run over the first fijian defender its nice,normal_play,0.0054
458.5,462.5,defender its nice and quick for white again theres pritchiano,normal_play,0.0054
462.0,466.0,theres pritchiano late replacement into this match no captain will skelton for,normal_play,0.0054
465.5,469.5,skelton for australia today this one coming down for rundaraja nawanganitawasi,normal_play,0.0054
469.0,473.0,nawanganitawasi though hes so good in the air couldnt quite handle it,normal_play,0.0054
472.5,476.5,handle it and it will be fiji ball the knock on from,normal_play,0.0
476.0,480.0,knock on from nawanganitawasi but first signs of that aerial prowess of this exciting,normal_play,0.0
479.5,483.5,of this exciting young winger its a great kick isnt it nick white what a great,normal_play,0.0
483.0,487.0,white what a great kick that is into the traffic,normal_play,0.0
486.5,490.5,perfectly weighted and almost regathered,normal_play,0.0
490.0,494.0,regathered its going to,normal_play,0.0
493.5,497.5,its going to be brutal this isnt it i said before kurevi is a big man he carries,normal_play,0.0
497.0,501.0,man he carries it up strongly hes dominant ball in hand its a real battle,normal_play,0.0
500.5,504.5,its a real battle of the physical midfielders today same,normal_play,0.0
504.0,508.0,same on their ball seconds cross,normal_play,0.0
507.5,511.5,cross first scrum was a thing,normal_play,0.0
511.0,515.0,scrum was a thing of beauty wasnt it and thats coming from a back line player,normal_play,0.0
514.5,518.5,okay lets go again quick reset it was immovable,normal_play,0.0
518.0,522.0,was immovable quickly fellas lets go thank you,normal_play,0.0
521.5,525.5,you daniela tupul for australia either,normal_play,0.0
525.0,529.0,australia either james slippert starting on the tight head side a rare,normal_play,0.0
528.5,532.5,a rare thing for him to do despite his vast experience,scrum,0.1461
532.0,536.0,his vast experience,scrum,0.1461
535.5,539.5,point,scrum,0.1461
539.0,543.0,set,scrum,0.1461
546.0,550.0,use it,normal_play,0.0
549.5,553.5,kudawali needs to get it out of there as it starts to wheel around,normal_play,0.0
553.0,557.0,wheel around and theyll get it reset and continue with the seed,normal_play,0.0
556.5,560.5,with the seed well they had a go didnt they the fijians they got told to use it try to just get,normal_play,0.0
560.0,564.0,try to just get that little shove on and earn the penalty yeah yeah mate yeah,normal_play,0.0
563.5,567.5,mate yeah andrew brace decided rather a reset okay lets,normal_play,0.0
567.0,571.0,reset okay lets go quickly its a great contest,normal_play,0.0
570.5,574.5,its a great contest in the scrum isnt it the first one was rock solid the second one almost,normal_play,0.0
574.0,578.0,one almost rock solid australia,normal_play,0.0
577.5,581.5,australia will be happy quickly fellas please i spoke with eddie jones earlier,normal_play,0.0
581.0,585.0,jones earlier sorry joel he just underlined the importance of the set pieces out there,normal_play,0.0
584.5,588.5,pieces out there today got to be really really stringent very very strict and disciplined,normal_play,0.0
588.0,592.0,and disciplined because thats where theyre going to win the ball bear in mind james slippert,normal_play,0.0
591.5,595.5,in mind james slippert playing tight head for the third time in his career,scrum,0.1461
595.0,599.0,his career set,scrum,0.1461
598.5,602.5,say hi and use,scrum,0.1461
602.0,606.0,use it kudawali has to use it and he does so,scrum,0.1461
605.5,609.5,does so for tella nyata levu andrade has,scrum,0.1461
609.0,613.0,andrade has come flying in off his one heres wainogolo looking to get around the outside of the,normal_play,0.0054
612.5,616.5,outside of the edge chop back and feel just about keeps his feet theres fiji,normal_play,0.0054
616.0,620.0,theres fiji poor forward big hard run and the,normal_play,0.0
619.5,623.5,and the ball and the retention is quick as well good spot tackle made though,normal_play,0.0
623.0,627.0,tackle made though this time by australia,penalty,0.3546
626.5,630.5,fijie this time though getting a penalty as kudawali takes it,penalty,0.3546
630.0,634.0,it hes got it on himself hes called back as the penalty is played as it,penalty,0.3546
633.5,637.5,as it opens up for the halfback well theres,normal_play,0.0
637.0,641.0,well theres a part of me that thinks theres a bit of justice there because he did try and milk the,normal_play,0.0
640.5,644.5,did try and milk the penalty but throwing the pass into ritchie arnold who was lying on,normal_play,0.0
644.0,648.0,was lying on the floor dont pass the ball into him on the floor okay yeah,normal_play,0.0
647.5,651.5,yeah thats just trying to milk it i think the whistle is probably a fair,normal_play,0.0
651.0,655.0,probably a fair call to be honest fall on the side,normal_play,0.0
654.5,658.5,side effective quick ball good go,normal_play,0.0
658.0,662.0,good bit of a tack play though from fiji moved it wide nicely,normal_play,0.0
661.5,665.5,nicely just got their runners on the outside coming back in field coming out,normal_play,0.0
665.0,669.0,coming out base over the game line real game line success,normal_play,0.0
672.0,676.0,its interesting that kudawali,normal_play,0.0
675.5,679.5,interesting that kudawali is going to be doing the kidney out goal,normal_play,0.0
679.0,683.0,tietetela kicked one,normal_play,0.0
682.5,686.5,tietetela kicked one from three against wales and frank lamani another halfback,normal_play,0.0
686.0,690.0,halfback added a couple so yes kudawali give,normal_play,0.0
689.5,693.5,give him the responsibility this one right in front 40 odd,goal_kick,0.7814
693.0,697.0,front 40 odd metres out,goal_kick,0.7814
710.5,714.5,strikes it really well distance is good,goal_kick,0.7814
714.0,718.0,distance is good direction is excellent and fiji are on the board with their first,goal_kick,0.7814
717.5,721.5,with their first penalty and were all squared 3 points each in centre 10,goal_kick,0.7814
721.0,725.0,in centre 10,normal_play,0.0
724.5,728.5,well they certainly had some kicking issues against wales thats a pretty,normal_play,0.0
728.0,732.0,thats a pretty decent start though from the scrimmage from lamani kudawali,normal_play,0.0
731.5,735.5,kudawali decent strike as he kicked it he had a slight hesitation it curled in nicely,kick_off,0.1931
735.0,739.0,curled in nicely,kick_off,0.1931
738.5,742.5,rear piece australia send the restart deep,normal_play,0.0
742.0,746.0,restart deep down into fiji territory fielded by tietetela,normal_play,0.0
745.5,749.5,by tietetela returns favour,normal_play,0.0054
749.0,753.0,good chance for australia to build again,normal_play,0.0054
752.5,756.5,to build again on the 10 metre line,normal_play,0.0
756.0,760.0,carbon copy of the australian exit wasnt it,lineout,0.121
759.5,763.5,it more,lineout,0.121
763.0,767.0,more australia got,maul,0.2353
766.5,770.5,australia got it well controlled in the back through the captain porikki,maul,0.2353
770.0,774.0,porikki what did the captain see today in just his 17th test,maul,0.2353
773.5,777.5,17th test just having a little peek its nice and organised and theyve peeled off,maul,0.2353
777.0,781.0,and theyve peeled off some great metres now for white to be able to clear off and try,normal_play,0.0
780.5,784.5,off and try and get his back line going but no way through the defence of tuisova,normal_play,0.0054
784.0,788.0,defence of tuisova white just scampering down that blindside just wrapped up by,normal_play,0.0054
787.5,791.5,up by propp forward mourning mawik as,normal_play,0.0
791.0,795.0,as australia hit the 22 and gurumbeti plays half back heres,normal_play,0.0054
794.5,798.5,back heres tom hooper again trying,normal_play,0.0054
798.0,802.0,again trying to find a little seam in that fiji defence as carter gordon has,normal_play,0.0054
801.5,805.5,gordon has absolutely bent in half the ball goes forward,normal_play,0.0
805.0,809.0,ball goes forward into touch and fijis defence stands rather,normal_play,0.0054
808.5,812.5,stands rather firm he has just smudged on that blindside,normal_play,0.0054
812.0,816.0,on that blindside australia hitting around the fringes and then going blind again that,normal_play,0.0
815.5,819.5,again that ball had gone there may well have been a bit of space on the outside but it,normal_play,0.0
819.0,823.0,but it needed to go thats got to hurt,normal_play,0.0
822.5,826.5,to hurt wowzer yeah,normal_play,0.0
826.0,830.0,yeah you could,normal_play,0.0
829.5,833.5,you could feel that up here in the stadium both of,normal_play,0.0
833.0,837.0,both of you no just both of you higher bind i did talk about plate,normal_play,0.0
836.5,840.5,talk about plate tectonics earlier the fact that that hit going look at his body,normal_play,0.0
840.0,844.0,look at his body position when hes going in for that tackle hes basically at 45,normal_play,0.0
843.5,847.5,at 45 degrees so hes already in a perfect position to actually go in there was another,normal_play,0.0
847.0,851.0,there was another player just outside but that hit just to bring down the fly half for,normal_play,0.0
850.5,854.5,the fly half for australia carter gordon absolutely perfect,normal_play,0.0
854.0,858.0,perfect well australia will be really worried about,normal_play,0.0
857.5,861.5,really worried about this wont they problems in the front row already,normal_play,0.0
861.0,865.0,already slipper now with a bit of fall in one of his ankles getting it,normal_play,0.0
864.5,868.5,getting it strapped up hes had a,normal_play,0.0
868.0,872.0,hes had a foot tendon issue james slipper in the build,normal_play,0.0
871.5,875.5,in the build up to the tournament one that he sort of thought might a couple of weeks back,normal_play,0.0
875.0,879.0,of weeks back really stop him from playing it was a good contest he just cannot afford,normal_play,0.0
878.5,882.5,cannot afford to lose another front row i thought it was a good contest,normal_play,0.0
882.0,886.0,okay happy fellas,normal_play,0.0
885.5,889.5,happy,normal_play,0.0
889.0,893.0,come on,normal_play,0.0
892.5,896.5,come on,normal_play,0.0
896.0,900.0,on it,normal_play,0.0
899.5,903.5,it is a beautiful occasion isnt it the crowd are just getting involved,normal_play,0.0
903.0,907.0,getting involved now it is just so special,scrum,0.1461
906.5,910.5,boys,scrum,0.1461
910.0,914.0,13 minutes gone three points,scrum,0.1461
913.5,917.5,three points apiece a penalty by the side for fiji and australia,scrum,0.1461
917.0,921.0,fiji and australia its a good one,scrum,0.1461
920.5,924.5,were going to reset the scrum the first one was a thing of beauty,normal_play,0.0
924.0,928.0,was a thing of beauty you said joel strachan the proceeding havent been quite so good,normal_play,0.0
927.5,931.5,quite so good the second one was pretty tough and pretty close and then the next two,normal_play,0.0
931.0,935.0,then the next two have just been a little bit messy,normal_play,0.0
934.5,938.5,and henry brace has been quite patient to be honest,normal_play,0.0
938.0,942.0,patient to be honest some reps may well have put the arm up there against one or,normal_play,0.0
941.5,945.5,there against one or the other you dont want your head on head alignment,normal_play,0.0
945.0,949.0,strapping going on the,normal_play,0.0
948.5,952.5,going on the knee it looks like a little bit of a matter as well guys last few,normal_play,0.0
952.0,956.0,guys last few scrum have been messy okay come on i think sirius was really quick looked more,normal_play,0.0
955.5,959.5,looked more like a line out lifting strapping than actual problem,normal_play,0.0
959.0,963.0,problem with his leg straight good heights,scrum,0.1461
962.5,966.5,heights crowds,scrum,0.1461
966.0,970.0,crowds points,scrum,0.1461
969.5,973.5,sable,scrum,0.1461
976.5,980.5,this time kuravoli does get it away and fiji,normal_play,0.0
980.0,984.0,and fiji looked to spread and spread quickly and theyve created space here for simi,normal_play,0.0054
983.5,987.5,here for simi rundraja to power up over half way massive shot,normal_play,0.0054
987.0,991.0,massive shot coming across samu kuravoli put the shoulder in and did it,normal_play,0.0
990.5,994.5,and did it kuravoli up to the 10 metre line,penalty,0.3546
994.0,998.0,line fiji on attack reconceding the penalty theres excellent work,penalty,0.3546
997.5,1001.5,excellent work in there ben donaldson,penalty,0.3546
1001.0,1005.0,ben donaldson coming up with it beautiful little move,normal_play,0.0
1004.5,1008.5,little move there trying to free rundraja up on the outside clearly got back on,normal_play,0.0
1008.0,1012.0,clearly got back on side came inside and took the hit just a little bit of,normal_play,0.0
1011.5,1015.5,a little bit of a protection of the ball look at this ball in one hand the flying winger,normal_play,0.0
1015.0,1019.0,flying winger smashed,normal_play,0.0054
1018.5,1022.5,yeah wonderful reaction from,normal_play,0.0054
1022.0,1026.0,reaction from the bench the australian bench of course just getting behind that little,normal_play,0.0054
1025.5,1029.5,that little jackal very important for australia of course theyve got to prove that they can,normal_play,0.0
1029.0,1033.0,prove that they can work at the breakdown rip that ball pierre henri boncart,normal_play,0.0
1032.5,1036.5,pierre henri boncart the french mall and coach has been working,normal_play,0.0
1036.0,1040.0,coach has been working really hard on getting in there the speed of getting in and trying to jackal,lineout,0.121
1039.5,1043.5,trying to jackal the ball make the turnover perikis been good from the line,lineout,0.121
1043.0,1047.0,good from the line out he continues to be so carter gordon now up to the line little switch of play for,normal_play,0.0
1046.5,1050.5,switch of play for valentini trying to punch a hole instead hes lost the ball,normal_play,0.0054
1050.0,1054.0,lost the ball forward and its hacked away awkwardly by the lock forward narsila,normal_play,0.0054
1053.5,1057.5,lock forward narsila silla hell go back and play the knock on fortunately because,normal_play,0.0054
1057.0,1061.0,fortunately because then it landed straight in the arms of corobizzi hell be really happy,normal_play,0.0
1060.5,1064.5,really happy to have heard the whistle blow that time around great steal,normal_play,0.0
1064.0,1068.0,great steal again contact brutal head down,normal_play,0.0
1067.5,1071.5,head down valentini carrying it up strongly but doesnt hang,normal_play,0.0
1071.0,1075.0,but doesnt hang on,normal_play,0.0
1074.5,1078.5,hes a cool calm and collected man he reminds,normal_play,0.0
1078.0,1082.0,man he reminds me a little of siya ghalisi in some ways,normal_play,0.0
1081.5,1085.5,just has the same charisma the same demeanour,normal_play,0.0
1085.0,1089.0,demeanour just always looks in control always calm always leading,normal_play,0.0
1088.5,1092.5,leading,normal_play,0.0
1092.0,1096.0,same again please,normal_play,0.0
1095.5,1099.5,crowds,scrum,0.1461
1099.0,1103.0,midfield scrum for the fijians just slightly off centre,scrum,0.1461
1102.5,1106.5,slightly off centre 25 metres out from their own posts and theyve shown,scrum,0.1461
1106.0,1110.0,theyve shown the willingness to run from deep early on expect more,scrum,0.1461
1109.5,1113.5,expect more of the same exactly trying to get wide early,scrum,0.1461
1113.0,1117.0,wide early again to wainegola with his elusive running start the offload,normal_play,0.0054
1116.5,1120.5,start the offload only found his opposite though his opponent nick white,normal_play,0.0054
1120.0,1124.0,white heres naungane kowasi he puts booth to ball its bounced back,normal_play,0.0
1123.5,1127.5,its bounced back in the hands of the australians hes bouncing around all over the,normal_play,0.0054
1127.0,1131.0,around all over the place it was tom hooper who scooped it up so australia look,normal_play,0.0054
1130.5,1134.5,so australia look to countering again through mcwright,normal_play,0.0
1134.0,1138.0,thats a good charge,normal_play,0.0
1137.5,1141.5,most promising australian forward trying to work down,normal_play,0.0054
1141.0,1145.0,trying to work down a short side karemi almost got rid of tella,normal_play,0.0054
1144.5,1148.5,tella still there for australia though and nick frost this time,normal_play,0.0054
1148.0,1152.0,frost this time making good metres with each carry and now white will,normal_play,0.0054
1151.5,1155.5,and now white will turn around and try and find some open territory at the back and,normal_play,0.0
1155.0,1159.0,back and the kicks going to dribble dead,normal_play,0.0054
1162.0,1166.0,kowasi fans,normal_play,0.0
1165.5,1169.5,fans chin in their palm of their hands not understanding,normal_play,0.0
1169.0,1173.0,understanding the decision,normal_play,0.0
1172.5,1176.5,there was a bit of space to kick in there to be fair but im not sure karebetta,normal_play,0.0
1176.0,1180.0,sure karebetta was ready to make the chase either which is important,normal_play,0.0
1179.5,1183.5,last play down the bounce side karemi,normal_play,0.0
1183.0,1187.0,karemi almost away hes big strong and powerful,normal_play,0.0
1186.5,1190.5,and powerful seemed a little bit of space but theres no real chase,normal_play,0.0
1190.0,1194.0,no real chase from karebetta and didnt get the bounce he needed little unlucky,normal_play,0.0
1193.5,1197.5,needed little unlucky with the bounce really,normal_play,0.0
1200.5,1204.5,he does have,scrum,0.1461
1204.0,1208.0,he does have quite possibly the worst moustache in world rugby,scrum,0.1461
1207.5,1211.5,the worst or the best or the best quite possibly i did enjoy,scrum,0.1461
1211.0,1215.0,i did enjoy seeing him toil it in the little mans,scrum,0.1461
1214.5,1218.5,never has a moustache suited a person quite as much hes,normal_play,0.0
1218.0,1222.0,as much hes got a volley now as its a good scrum for vj again once more,normal_play,0.0
1221.5,1225.5,once more hes still there this time just so hard to put,normal_play,0.0054
1225.0,1229.0,so hard to put down ross sesse this,normal_play,0.0054
1228.5,1232.5,sesse this time will bang it down the middle of the field donaldsons back there in plenty,normal_play,0.0054
1232.0,1236.0,back there in plenty of time sweeping across patrolling the backfield,normal_play,0.0054
1235.5,1239.5,the backfield hes been very assured in all,normal_play,0.0054
1239.0,1243.0,in all hes done so far in this entire world cup and thats a great exit as,normal_play,0.0054
1242.5,1246.5,great exit as well theres,normal_play,0.0054
1246.0,1250.0,theres probably not been too much stress on the territorial game just yet but,normal_play,0.0054
1249.5,1253.5,just yet but its parity in terms of the physicality the set piece,normal_play,0.0
1253.0,1257.0,the set piece australia playing a little bit more at the middle vj playing a little bit wider,normal_play,0.0
1256.5,1260.5,little bit wider can understand them all of a sudden a little bit of kicking,normal_play,0.0
1260.0,1264.0,little bit of kicking and looking at territory,lineout,0.121
1263.5,1267.5,the team has given a quarter in this opening,lineout,0.121
1267.0,1271.0,in this opening 20 minutes parity across the board very few errors as,lineout,0.121
1270.5,1274.5,errors as buzia peels away good tackle made on him by,normal_play,0.0054
1274.0,1278.0,on him by porreki but mataweisi is there to bring vj up,normal_play,0.0054
1277.5,1281.5,bring vj up over halfway and get a penalty as well going against fraser,normal_play,0.0054
1281.0,1285.0,against fraser mcwright losing his feet fijik is on the wrong side number 8 taking the space,penalty,0.3546
1284.5,1288.5,taking the space just shows you if you play quickly from the line out theres that 10,normal_play,0.0
1288.0,1292.0,theres that 10 meter space to run into the camera on the corner very quickly did fiji,normal_play,0.0
1291.5,1295.5,fiji some good quick easy space made,normal_play,0.0
1295.0,1299.0,and its going to be another shot at goal for simeone,normal_play,0.0
1298.5,1302.5,for simeone kourouvalou number 8 taking the space,normal_play,0.0
1302.0,1306.0,space,normal_play,0.0
1305.5,1309.5,im very impressed by the discipline of fiji coming,normal_play,0.0
1309.0,1313.0,fiji coming out of the wales game they just showed that they,normal_play,0.0
1312.5,1316.5,showed that they really work hard to try not to commit that and give away penalty,normal_play,0.0
1316.0,1320.0,away penalty foolish penalty working really hard and on that occasion just getting one,normal_play,0.0
1319.5,1323.5,just getting one for themselves its good work that they do and good collective,normal_play,0.0
1323.0,1327.0,good collective work from the forwards also the backs getting involved great work,normal_play,0.0
1326.5,1330.5,great work at the breakdown and working their socks off,goal_kick,0.7814
1330.0,1334.0,hold still please australia,goal_kick,0.7814
1337.0,1341.0,this one now 45 on the angle joel yeah the,goal_kick,0.7814
1340.5,1344.5,yeah the shot clock worries me it does take its time,goal_kick,0.7814
1351.0,1355.0,intense focus again the distance is no problem nor,goal_kick,0.7814
1354.5,1358.5,problem nor is the direction its superb kicking from simeone kourouvalou,goal_kick,0.7814
1358.0,1362.0,kourouvalou to put fiji in front of the second penalty six points to three,goal_kick,0.7814
1361.5,1365.5,to three,normal_play,0.0
1365.0,1369.0,well,normal_play,0.0
1368.5,1372.5,well thats a great strike under enormous pressure his team back against,normal_play,0.0
1372.0,1376.0,team back against the walls pressure of the first penalty well thats a great strike from this young scrammage its,normal_play,0.0
1375.5,1379.5,its a superb kick,kick_off,0.1931
1382.5,1386.5,fiji having now nudged just in front,normal_play,0.0
1386.0,1390.0,just in front its brought down by williami matta,normal_play,0.0
1389.5,1393.5,and use it,normal_play,0.0054
1393.0,1397.0,fiji fans singing here going around,normal_play,0.0054
1396.5,1400.5,around carter gordon will stand firm underneath,normal_play,0.0054
1400.0,1404.0,stand firm underneath this one brings it down just the right side but again its just ragdolled,normal_play,0.0054
1403.5,1407.5,its just ragdolled into the sideline well theres,normal_play,0.0054
1407.0,1411.0,well theres a couple of issues around a kick for possession if you,normal_play,0.0054
1410.5,1414.5,if you place it near the touch line and its well weighted you can get the man,normal_play,0.0054
1414.0,1418.0,can get the man to detach and win the line out perfect kick again its,normal_play,0.0054
1417.5,1421.5,its had a good start to this game simeone kourouvalou good start,normal_play,0.0054
1421.0,1425.0,stab please on the,normal_play,0.0054
1424.5,1428.5,stab please on the line on the line come in fiji,normal_play,0.0
1428.0,1432.0,shortened line out,lineout,0.121
1431.5,1435.5,shortened line out for fiji its there for nassila silla,lineout,0.121
1435.0,1439.0,silla kourouvalou flicks it clever little ball back in field for tangitangivalou,normal_play,0.0
1438.5,1442.5,field for tangitangivalou,normal_play,0.0054
1442.0,1446.0,runners just ready to,normal_play,0.0054
1445.5,1449.5,just ready to peel around the corner good contest,normal_play,0.0054
1449.0,1453.0,good contest someone off the referee is a good contest but fiji maintaining,normal_play,0.0054
1452.5,1456.5,but fiji maintaining possession kouisouver again,normal_play,0.0054
1456.0,1460.0,puncturing this australian line,normal_play,0.0054
1459.5,1463.5,tangitangivalou once more his second carry in the movement hes driven back,normal_play,0.0054
1463.0,1467.0,hes driven back in another good hit australias defence has been very well,normal_play,0.0054
1466.5,1470.5,very well organised so far even though it might bend every so,normal_play,0.0054
1470.0,1474.0,every so often mataveci,normal_play,0.0054
1473.5,1477.5,mataveci tips it on for tangitangivalou,normal_play,0.0054
1477.0,1481.0,stolen away australian hands play on as the court,normal_play,0.0054
1480.5,1484.5,as the court what a hackless away down field its a huge,normal_play,0.0054
1484.0,1488.0,its a huge trace for rondradra the bounces perfect for,normal_play,0.0054
1487.5,1491.5,perfect for australia its a 50 22,try,1.0
1491.0,1495.0,gone quickly had australia here sabu kourouvi ball back in,try,1.0
1494.5,1498.5,back in field for noang nituwasi they caught fiji napping,try,1.0
1498.0,1502.0,fiji napping and mark noang nituwasi has struck for,try,1.0
1501.5,1505.5,has struck for australia well they have a reputation,try,1.0
1505.0,1509.0,they have a reputation for being the thinkers in world rugby australia they always come up with,normal_play,0.0
1508.5,1512.5,always come up with a way they make a plan boy have they made a plan this time around,normal_play,0.0
1512.0,1516.0,this time around great kick from nick white got the 50 22,normal_play,0.0
1515.5,1519.5,50 22 and then take it this is where the turnover came,normal_play,0.0
1519.0,1523.0,came thats why you,normal_play,0.0
1522.5,1526.5,thats why you can get away with playing the ball on the ground like that,normal_play,0.0
1526.0,1530.0,the kick was a great one though,normal_play,0.0
1529.5,1533.5,though to be fair rondradra was trying to get back there the bounce is too,normal_play,0.0
1533.0,1537.0,bounce is too good noang nituwasi knocked on,normal_play,0.0
1536.5,1540.5,on,normal_play,0.0
1540.0,1544.0,its well taken and,normal_play,0.0
1543.5,1547.5,and brilliantly thought out just not sure the foundation,normal_play,0.0
1547.0,1551.0,the foundation on which it was built was right,normal_play,0.0
1550.5,1554.5,and that last ball is going up there mayath elever is still having words with,goal_kick,0.7814
1554.0,1558.0,words with the referee andrew brace but it was,goal_kick,0.7814
1557.5,1561.5,but it was heads up play from kourouvi and that man noang nituwasi,goal_kick,0.7814
1561.0,1565.0,nituwasi the rising star of world rugby putting australia,goal_kick,0.7814
1564.5,1568.5,putting australia in front use,goal_kick,0.7814
1568.0,1572.0,use your hands its not fun thank you,goal_kick,0.7814
1571.5,1575.5,you,goal_kick,0.7814
1582.0,1586.0,donaldson from wide and it will stay wide so,goal_kick,0.7814
1585.5,1589.5,wide so the margin will be two australia with the first try in the match eight points,normal_play,0.0
1589.0,1593.0,the match eight points to six,normal_play,0.0
1596.0,1600.0,the sound,normal_play,0.0
1599.5,1603.5,the sound of the crowd i think is enough said,normal_play,0.0
1603.0,1607.0,said,normal_play,0.0
1613.5,1617.5,the crowd too seeing it on the big screen,kick_off,0.1931
1617.0,1621.0,screen the points are on the board and australia have,normal_play,0.0
1620.5,1624.5,have brought this one down well as they move forward,maul,0.2353
1624.0,1628.0,forward just get it rolling nicely very close to that sideline though,maul,0.2353
1627.5,1631.5,sideline though very close and the ball is built on fijis side here goes kura holy streaking,normal_play,0.0054
1631.0,1635.0,streaking away to the roar of the crowd again up towards the 22 a near,normal_play,0.0054
1634.5,1638.5,22 a near loss by tungi down low,normal_play,0.0054
1638.0,1642.0,low the fight here prop and a little,normal_play,0.0054
1641.5,1645.5,and a little rash of blood clearly over hes running from there,normal_play,0.0054
1645.0,1649.0,hes running from there guys turnover ball so much space to run into maybe,normal_play,0.0054
1648.5,1652.5,into maybe a little bit of excitement there for the big fella,normal_play,0.0054
1652.0,1656.0,okay left of the mark guys lets go great steal great turnover,normal_play,0.0054
1655.5,1659.5,great turnover harder comes quick to australia advantage is,normal_play,0.0
1659.0,1663.0,advantage is over hes clearly running from there fast feet stepping and,normal_play,0.0
1662.5,1666.5,stepping and going couldnt go and make the off load thats,normal_play,0.0
1666.0,1670.0,thats a hard you can tell that the crowd is,normal_play,0.0
1669.5,1673.5,that the crowd is supporting i think every frenchman in the stadium is wearing a white top today,normal_play,0.0
1673.0,1677.0,today,normal_play,0.0
1680.0,1684.0,well the roar you may have heard is from the crowd,normal_play,0.0
1683.5,1687.5,from the crowd and i think the tmo has come in to have another look at something,normal_play,0.0
1687.0,1691.0,look at something thats the hit on kura holy as he went to ground,normal_play,0.0
1690.5,1694.5,ground,normal_play,0.0
1715.0,1719.0,i think theres,tmo_replay,0.75
1718.5,1722.5,think theres too much wrong with that we were on the first look,tmo_replay,0.75
1722.0,1726.0,maybe a little bit around there maybe,tmo_replay,0.75
1725.5,1729.5,there maybe a little bit behind four,tmo_replay,0.75
1729.0,1733.0,four arms in the head from that angle you,tmo_replay,0.75
1732.5,1736.5,you can also see that kura holy dipping down into,tmo_replay,0.75
1736.0,1740.0,down into the nick white challenge and the tackle so you can obviously understand,tmo_replay,0.75
1739.5,1743.5,obviously understand and theyre just giving a penalty which i think is the right decision,normal_play,0.0054
1743.0,1747.0,yeah i did right certainly no,normal_play,0.0054
1746.5,1750.5,certainly no more than a penalty i did right,normal_play,0.0
1750.0,1754.0,its on the 15 net hes such,normal_play,0.0
1753.5,1757.5,hes such a wily contender isnt he the number nine for fiji ducking and,normal_play,0.0
1757.0,1761.0,ducking and diving such a difficult player to tackle where to tackle where to,normal_play,0.0054
1760.5,1764.5,tackle where to put your body because hes just slithering around in between defenders,normal_play,0.0054
1764.0,1768.0,defenders and then all of a sudden he dips and thats hence the reason why its just,normal_play,0.0
1767.5,1771.5,why its just a penalty makes sense,normal_play,0.0
1771.0,1775.0,i think the other element to this fijian side is they just see a bit of space,normal_play,0.0
1774.5,1778.5,a bit of space and they just want to get into the space they just want to attack the game line get over,goal_kick,0.7814
1778.0,1782.0,line get over get going forward did it brilliantly on that time,goal_kick,0.7814
1781.5,1785.5,that time yeah nice little touch from nick white,goal_kick,0.7814
1785.0,1789.0,i wont criticize his moustache again thats a real gentlemanly touch,goal_kick,0.7814
1788.5,1792.5,touch kura holy,goal_kick,0.7814
1792.0,1796.0,kura holy having won the penalty for his side with that,goal_kick,0.7814
1795.5,1799.5,side with that darting run chance to,goal_kick,0.7814
1799.0,1803.0,chance to put his team back in front,goal_kick,0.7814
1809.5,1813.5,absolutely superb off the tee once more samyone,normal_play,0.0
1813.0,1817.0,more samyone kura wally does just that and fiji,normal_play,0.0
1816.5,1820.5,and fiji nacchi head as we head towards the half hour mark,normal_play,0.0
1820.0,1824.0,hour mark its fiji nine australia eight,normal_play,0.0
1837.5,1841.5,and use,normal_play,0.0054
1841.0,1845.0,and use it kura wally coming into,normal_play,0.0054
1844.5,1848.5,coming into the starting side for frank lomani whos on the bench,normal_play,0.0054
1848.0,1852.0,bench sends this one down gordon is back there hes got good distance,normal_play,0.0054
1851.5,1855.5,got good distance again though very good touch finder once more from the half back at,normal_play,0.0054
1855.0,1859.0,from the half back at the base its sensational what a great kick that is theyve made a lot of running meters,normal_play,0.0
1858.5,1862.5,lot of running meters as you can see but that is a superb kick the line please,normal_play,0.0054
1862.0,1866.0,please under pressure from the kickoff wanting to,normal_play,0.0054
1865.5,1869.5,wanting to play downtown its a great result,normal_play,0.0054
1872.5,1876.5,pereky nice quick ball off the top foot for os,normal_play,0.0
1876.0,1880.0,foot for os gordon through the hands they go valentini has,normal_play,0.0054
1879.5,1883.5,valentini has stopped in his tracks on halfway,normal_play,0.0054
1883.0,1887.0,the ball is there for the wallabies to clear and its the veteran front rower james,normal_play,0.0
1886.5,1890.5,rower james slipper who crashes it up gordon,normal_play,0.0054
1890.0,1894.0,gordon has got good footwork likes to take the ball to,normal_play,0.0054
1893.5,1897.5,take the ball to the line the fly half,normal_play,0.0054
1897.0,1901.0,shot down this time again white seats sends it up into the air,normal_play,0.0
1900.5,1904.5,into the air coming forward to bring it theres a collision fiji embodies and it lands,normal_play,0.0054
1904.0,1908.0,embodies and it lands for fraser mcbride just a miscommunication by,normal_play,0.0054
1907.5,1911.5,by fiji and the kick dribbling dribbling,normal_play,0.0054
1911.0,1915.0,dribbling dribbling randradra there to cover it,normal_play,0.0054
1914.5,1918.5,it will he be forced to take the goal line drop out of australia putting,normal_play,0.0054
1918.0,1922.0,of australia putting some pressure on he wont mind that its done well to,normal_play,0.0054
1921.5,1925.5,its done well to get back there the kick was a little clever one as well trying to find a bit,normal_play,0.0
1925.0,1929.0,trying to find a bit of space there down the blindside again australia,normal_play,0.0
1928.5,1932.5,thought he might have a little dart infield but covered,normal_play,0.0
1932.0,1936.0,covered all behind fiji fiji ends up not,normal_play,0.0
1935.5,1939.5,not enough talk i guess in the back three mcbride,normal_play,0.0
1939.0,1943.0,mcbride is the man who capitalised,kick_off,0.1931
1942.5,1946.5,the drop,kick_off,0.1931
1946.0,1950.0,the drop out goes 50 odd metres on the fly fraser mcbride,kick_off,0.1931
1949.5,1953.5,mcbride winds up rather its tom hooper winding up,normal_play,0.0
1953.0,1957.0,winding up for australia hes,normal_play,0.0054
1956.5,1960.5,hes been asking questions of the fiji defence down here,normal_play,0.0054
1960.0,1964.0,now it is with mcbride up to the 22 fijis defence,normal_play,0.0054
1963.5,1967.5,fijis defence solid will see it told to get out of there so play on for valentini,normal_play,0.0054
1967.0,1971.0,valentini there hasnt been,normal_play,0.0054
1970.5,1974.5,there hasnt been a lot of room for rob valentini just yet,normal_play,0.0054
1974.0,1978.0,gordon from a standing start,normal_play,0.0054
1977.5,1981.5,standing start does really well angus bell is good with ball and hand,normal_play,0.0054
1981.0,1985.0,with ball and hand the loose head prop maintaining position,normal_play,0.0054
1984.5,1988.5,maintaining position nicely as noang anitowasi comes in for some close quarter,normal_play,0.0054
1988.0,1992.0,some close quarter work with his great footwork thats stolen by fiji speaking of,normal_play,0.0054
1991.5,1995.5,speaking of great brilliant work over the ball,penalty,0.3546
1998.5,2002.5,hes a handful isnt he mark noangitowasi,normal_play,0.0
2002.0,2006.0,noangitowasi strong over the ball just such fast feet,normal_play,0.0
2005.5,2009.5,fast feet steps gets away defenders find him so hard to bring,normal_play,0.0
2009.0,2013.0,so hard to bring to the ground when he did get to the ground there was,normal_play,0.0
2012.5,2016.5,there was a quick release superb steal from mbotiya,normal_play,0.0
2016.0,2020.0,mbotiya lovani mbotiya of course playing,normal_play,0.0
2019.5,2023.5,of course playing for larochelle very familiar with french soil he does that,normal_play,0.0054
2023.0,2027.0,he does that all the time at larochelle two time european champions,normal_play,0.0054
2026.5,2030.5,european champions of course under run in ogarra but what he does best he plays as,normal_play,0.0
2030.0,2034.0,best he plays as a centre but he can also play in the back row,normal_play,0.0
2033.5,2037.5,back row and here he is doing what he does best ripping the ball getting down and,normal_play,0.0
2037.0,2041.0,down and making the turn over it is unbelievable that he plays both centre,normal_play,0.0
2040.5,2044.5,centre and flanker that is waselli serevi what a legend he is i had,lineout,0.121
2044.0,2048.0,legend he is i had the privilege of playing with him at the leicester tigers what a champion,lineout,0.121
2047.5,2051.5,what a champion of a human being more and a great player,maul,0.2353
2051.0,2055.0,what a player he was there were some shots in him riding the rollercoaster the,maul,0.2353
2054.5,2058.5,rollercoaster the game against wales the other day he will be happy with this though as they rumble,maul,0.2353
2058.0,2062.0,they rumble forward and earn an advantage here good work from the line out for,maul,0.2353
2061.5,2065.5,the line out for fiji and here is the penalty could have only wanted to go,penalty,0.3546
2065.0,2069.0,wanted to go instead the option just to slow it down,penalty,0.3546
2068.5,2072.5,down,normal_play,0.0
2075.5,2079.5,he is going to have a shot and accumulate points,normal_play,0.0054
2079.0,2083.0,accumulate points i hope to accumulate points we should say,normal_play,0.0054
2082.5,2086.5,it is a strong defensive,normal_play,0.0
2086.0,2090.0,is a strong defensive effort from australia you have got to say this kiwiside as much as,normal_play,0.0
2089.5,2093.5,kiwiside as much as they struggle to convert opportunities to points against wales on the weekend,normal_play,0.0
2093.0,2097.0,wales on the weekend they have had a fair bit of go forward this afternoon,normal_play,0.0
2096.5,2100.5,afternoon once again australias defence has stood firm their forwards have been,normal_play,0.0054
2100.0,2104.0,their forwards have been impressive defending the maul they have had the ball they have played,normal_play,0.0054
2103.5,2107.5,the ball they have played tight around the fringes they have had a bit of go forward it has been mainly the forwards,normal_play,0.0054
2107.0,2111.0,mainly the forwards carrying it up kerevi once or twice that,normal_play,0.0054
2110.5,2114.5,that is really about what he is doing it is about what it is being at it,goal_kick,0.7814
2114.0,2118.0,it this pragmatic approach,goal_kick,0.7814
2117.5,2121.5,pragmatic approach to try and take the points on offer when you have got a guy who has,goal_kick,0.7814
2121.0,2125.0,who has banged them over from over the place here 52 metres,goal_kick,0.7814
2124.5,2128.5,52 metres at the angle,goal_kick,0.7814
2152.5,2156.5,they kept scoring,normal_play,0.0
2156.0,2160.0,kept scoring try theyre kicking their goals and theyre out to the lead,normal_play,0.0
2159.5,2163.5,12 points to 8 fiji lead,kick_off,0.1931
2163.0,2167.0,fiji lead,kick_off,0.1931
2166.5,2170.5,nicely taken down by uwe nogolo,normal_play,0.0
2170.0,2174.0,by uwe nogolo on that right wing side the olympic gold,normal_play,0.0
2173.5,2177.5,side the olympic gold medal is coming into the team today as well,normal_play,0.0054
2177.0,2181.0,use it,normal_play,0.0054
2180.5,2184.5,no in the foot,normal_play,0.0
2184.0,2188.0,both teams have been very good exiting their own territory,normal_play,0.0054
2187.5,2191.5,own territory gordon again as they come flying down on him itll have a crack back at,normal_play,0.0054
2191.0,2195.0,a crack back at them this time gordon has spied some space before he gets cut in half,normal_play,0.0054
2194.5,2198.5,cut in half the ball spills free its picked,normal_play,0.0054
2198.0,2202.0,its picked up by tarekita wetter and now its a volley turn to try and,normal_play,0.0054
2201.5,2205.5,and turn the australians around hes sending it deep,normal_play,0.0054
2205.0,2209.0,deep pithaya gets a nice clearance away,normal_play,0.0054
2208.5,2212.5,away jordan pithaya well a nice clearance its an outstanding clearance,normal_play,0.0054
2212.0,2216.0,outstanding clearance hell be happy with that one good,normal_play,0.0054
2215.5,2219.5,good idea from kuruvalli but the kick may be not as,normal_play,0.0054
2219.0,2223.0,not as good as it needed to be,normal_play,0.0054
2222.5,2226.5,theres probably a reason to smile after that kick neil,normal_play,0.0054
2226.0,2230.0,neil hattley that forward scratch hes worked a bit with england worked,normal_play,0.0054
2229.5,2233.5,england worked with bath good job with the australian forward so,normal_play,0.0054
2233.0,2237.0,forward so far another great of the game there rugby,normal_play,0.0
2236.5,2240.5,rugby womens player of the decade jesse tremouliat,lineout,0.121
2240.0,2244.0,outstanding french player looked thoroughly,lineout,0.121
2243.5,2247.5,looked thoroughly engrossed too didnt she,normal_play,0.0
2247.0,2251.0,hold on this one just a little bobble,normal_play,0.0054
2250.5,2254.5,just a little bobble from kurobete donaldson,normal_play,0.0054
2254.0,2258.0,donaldson with him for the betty slices this one slightly,normal_play,0.0054
2257.5,2261.5,one slightly off the side of the boot and its easily brought in by drosessi who,normal_play,0.0054
2261.0,2265.0,drosessi who gets around the oncoming kurobete,normal_play,0.0054
2264.5,2268.5,makes his way up to half way before hes ridden back by valentini,normal_play,0.0054
2268.0,2272.0,back by valentini theres no less heat in these,normal_play,0.0054
2271.5,2275.5,less heat in these tackle 35 minutes into the half quick ball out the back from tangitangivalu,normal_play,0.0
2275.0,2279.0,tangitangivalu good hands down low from matavesi,normal_play,0.0054
2278.5,2282.5,matavesi theyre keeping the ball alive,normal_play,0.0054
2282.0,2286.0,ball alive now what was that,normal_play,0.0054
2285.5,2289.5,that,normal_play,0.0
2289.0,2293.0,eg again naya talevu this time though from a standing start,normal_play,0.0054
2292.5,2296.5,a standing start for siriky davita but playing advantage,normal_play,0.0054
2296.0,2300.0,advantage is referee andrew brace so kelle can have a little crack at the,normal_play,0.0054
2299.5,2303.5,little crack at the line here and find some space up the middle,normal_play,0.0054
2303.0,2307.0,advantage offside new advantage so,normal_play,0.0054
2306.5,2310.5,new advantage so australia just creeping up offside as,normal_play,0.0054
2310.0,2314.0,offside as luke pangifal is a wild ball and they will play the penalty,normal_play,0.0054
2313.5,2317.5,penalty high tackle 8,normal_play,0.0054
2317.0,2321.0,8,normal_play,0.0054
2320.5,2324.5,8 and offside here high tackle,normal_play,0.0
2324.0,2328.0,high tackle 8 offside choice of penalty,normal_play,0.0
2327.5,2331.5,might just,normal_play,0.0054
2331.0,2335.0,might just be within range of the kicker but,normal_play,0.0054
2334.5,2338.5,but not,normal_play,0.0
2338.0,2342.0,theres trouble for australia as well richie wong has,normal_play,0.0
2341.5,2345.5,richie wong has sat down hes offside playing advantage for high tackle,normal_play,0.0054
2345.0,2349.0,high tackle,normal_play,0.0054
2348.5,2352.5,couple of minutes there of fiji trying to keep the ball in hand again we saw,normal_play,0.0
2352.0,2356.0,hand again we saw a little stage where both teams looked to just play it down look for,normal_play,0.0
2355.5,2359.5,down look for a bit of territorial advantage fiji wanting to get it down there kick the goals because the,normal_play,0.0
2359.0,2363.0,goals because the kickers kicking brilliantly,normal_play,0.0054
2362.5,2366.5,its a bit of a grind strain by the look of things the way theyre stretching him out,normal_play,0.0054
2366.0,2370.0,him out his injury was just if,normal_play,0.0054
2369.5,2373.5,just if hed had any air it would have fallen out with all the injuries australia had,normal_play,0.0
2373.0,2377.0,it,normal_play,0.0
2376.5,2380.5,it was quite a cagey 30 odd minutes theres so,normal_play,0.0
2380.0,2384.0,minutes theres so much at stake for these teams both teams that desire to,normal_play,0.0
2383.5,2387.5,desire to attack but also the importance of the match overall to accumulate,normal_play,0.0
2387.0,2391.0,overall to accumulate those points and of course you cant help but think,normal_play,0.0
2390.5,2394.5,cant help but think that if fiji do win today and australia go on,normal_play,0.0
2394.0,2398.0,australia go on and beat wales its going to come down to bonus points and points difference,normal_play,0.0
2397.5,2401.5,points difference its going to be one of the pools where theres so much at stake,normal_play,0.0
2401.0,2405.0,much at stake in the last game with two to win five try and scorelines,normal_play,0.0
2404.5,2408.5,scorelines its going to go to the wire now,normal_play,0.0
2408.0,2412.0,now richie arnold back in two position,normal_play,0.0
2411.5,2415.5,two position as a wallaby world cup winner joe roth watches on all,normal_play,0.0
2415.0,2419.0,watches on all the greats in the house today hes looking a little concerned is roth,lineout,0.121
2418.5,2422.5,is roth hell be loving the back play though wont he,lineout,0.121
2422.0,2426.0,though wont he theres some real upstanding wingers out there today first line out,lineout,0.121
2425.5,2429.5,first line out goes astray from fiji australia pinchas are going to,normal_play,0.0
2429.0,2433.0,pinchas are going to get it back are they getting locked in over that ball,penalty,0.3546
2432.5,2436.5,brilliant work to win it back,penalty,0.3546
2443.0,2447.0,i was wondering about the decision here the secret steal gets,normal_play,0.0
2446.5,2450.5,steal gets up brilliantly does the man who came in as a late replacement across,normal_play,0.0
2450.0,2454.0,across well he didnt actually come in as a late replacement he came,normal_play,0.0
2453.5,2457.5,replacement he came in late didnt he good steal,normal_play,0.0
2457.0,2461.0,yeah of course its levani bottier again he is just,normal_play,0.0
2460.5,2464.5,he is just unstoppable cant knock him off his,normal_play,0.0
2464.0,2468.0,cant knock him off his feet the moment he goes down hes got those duck feet in that position,normal_play,0.0
2467.5,2471.5,that position i mean you know theyre pillars and he is digging and hell win the pool every,normal_play,0.0
2471.0,2475.0,win the pool every time its a brave call now,normal_play,0.0
2474.5,2478.5,leading by four just trying to twist the dagger a little,normal_play,0.0
2478.0,2482.0,the dagger a little bit leading by three three or four minutes to the halftime break,normal_play,0.0
2481.5,2485.5,havent really had a ball down here in the real red zone,lineout,0.121
2485.0,2489.0,red zone last line out with,lineout,0.121
2488.5,2492.5,out with stolen and so is this one and it just stuck on the fingertips,normal_play,0.0054
2492.0,2496.0,on the fingertips of hengis bell coming back through it was nick frost again,normal_play,0.0054
2495.5,2499.5,again a couple of great interventions from the big lock forward,normal_play,0.0054
2499.0,2503.0,lock forward and that allows carter gordon to send it away danger not over,normal_play,0.0054
2502.5,2506.5,not over well if your second rise,normal_play,0.0054
2506.0,2510.0,second rise is stealing at line up time you can kick it out second one,normal_play,0.0054
2509.5,2513.5,second one in a row thats just gone a little awry jumped in the,normal_play,0.0054
2513.0,2517.0,in the front there frost up high its,normal_play,0.0
2516.5,2520.5,its a super steal at line up time its brave to send guys up that close to the line,normal_play,0.0
2520.0,2524.0,to the line and not stay on the ground and defend them all but,normal_play,0.0
2523.5,2527.5,but sometimes you reap the dividends,normal_play,0.0
2527.0,2531.0,toys all gone into the,normal_play,0.0054
2530.5,2534.5,gone into the front of this line out and again they go down the back for williami mata,normal_play,0.0054
2534.0,2538.0,williami mata it works this time and no it doesnt,normal_play,0.0054
2537.5,2541.5,there was a knock on here just a little loss of control,normal_play,0.0054
2541.0,2545.0,a couple of options for fiji butsiya,normal_play,0.0054
2544.5,2548.5,devastated,normal_play,0.0054
2548.0,2552.0,lets go fellas lets,normal_play,0.0
2551.5,2555.5,go fellas lets go with a thousand words every now and then,normal_play,0.0
2555.0,2559.0,just lost it as he went for the grab,normal_play,0.0
2558.5,2562.5,grab okay fiji let off for,normal_play,0.0
2562.0,2566.0,let off for australia good pressure in the line out again though,normal_play,0.0
2565.5,2569.5,again though if theres one thing that australia,normal_play,0.0
2569.0,2573.0,thing that australia have actually got with frost and richie arnold two really good line,normal_play,0.0
2572.5,2576.5,really good line out jumpers will skelton obviously missing him,normal_play,0.0
2576.0,2580.0,missing him in the mobile movement department the bull dozing right through the,normal_play,0.0
2579.5,2583.5,right through the middle and the bull carrying but in terms of the line outs richie arnold and,normal_play,0.0
2583.0,2587.0,richie arnold and frost absolutely clinical get really high in the air and they work,scrum,0.1461
2586.5,2590.5,air and they work really well to try and steal their opponents line outs,scrum,0.1461
2590.0,2594.0,and both really tall 2m 08 richie arnold 2m 06,scrum,0.1461
2593.5,2597.5,2m 06 nick frost,scrum,0.1461
2597.0,2601.0,so opportunity lost for fiji as jordan,scrum,0.1461
2600.5,2604.5,as jordan pitaya sends us away to touch its come off the side of the boot,normal_play,0.0
2604.0,2608.0,side of the boot though and theres a very knowledgeable crowd,normal_play,0.0
2607.5,2611.5,were aware not quite what jordan pitaya would have wanted,normal_play,0.0
2611.0,2615.0,pitaya would have wanted i was looking,normal_play,0.0
2614.5,2618.5,i was looking at the line out stats of fiji earlier this morning about,normal_play,0.0
2618.0,2622.0,about 30 to the front about 30 to the middle and about 40,normal_play,0.0
2621.5,2625.5,40 of their line outs go to the back the last one was to the back and it was successful,normal_play,0.0
2625.0,2629.0,and it was successful except for the knock on,lineout,0.121
2628.5,2632.5,the front is successful and they go quick ball off the top this time,lineout,0.121
2632.0,2636.0,top this time the ball is dribbling along the ground but dui sorva hits and spins out,normal_play,0.0054
2635.5,2639.5,and spins out of one and then drags mcrite with him another half a,normal_play,0.0054
2639.0,2643.0,another half a metre or so ball back in field for landrada up to the 22,normal_play,0.0054
2642.5,2646.5,22 fiji pressing play on,normal_play,0.0054
2646.0,2650.0,again drossessi puts a clever little quick kick across,normal_play,0.0054
2649.5,2653.5,across marklein wanganitawasi had it covered as wainagolo bared,normal_play,0.0054
2653.0,2657.0,wainagolo bared down on him,normal_play,0.0054
2656.5,2660.5,just the odd ball going to ground now,normal_play,0.0
2660.0,2664.0,just as a result losing a little bit of momentum every,normal_play,0.0
2663.5,2667.5,momentum every time rondra gets his hands on the ball the crowd get,normal_play,0.0
2667.0,2671.0,marklein excited,normal_play,0.0
2670.5,2674.5,marklein excited,normal_play,0.0
2674.0,2678.0,its a new ball going to be,normal_play,0.0
2677.5,2681.5,going to be set time to go quickly it was a different ball play,normal_play,0.0
2681.0,2685.0,play on well they werent allowed to play on,normal_play,0.0
2684.5,2688.5,on some australias fans take a breath,normal_play,0.0
2688.0,2692.0,take a breath two,normal_play,0.0
2691.5,2695.5,two metres to the ball is in the net,lineout,0.121
2695.0,2699.0,is in the net poreki hits his man in the,lineout,0.121
2698.5,2702.5,man in the white second half,kick_off,0.1931
2702.0,2706.0,second half underway in this paul c match,kick_off,0.1931
2705.5,2709.5,match a potentially decisive encounter of fiji when well blow the group wide,kick_off,0.1931
2709.0,2713.0,the group wide open,normal_play,0.0054
2712.5,2716.5,40 minutes to decide that is a,normal_play,0.0054
2716.0,2720.0,is a calming presence of ben donaldson at the back for australia clears away,normal_play,0.0
2719.5,2723.5,clears away calm start to the second off after everything in the first,normal_play,0.0054
2723.0,2727.0,the first half it was pretty calm,normal_play,0.0054
2726.5,2730.5,decent clearance,normal_play,0.0
2730.0,2734.0,keeping it simple australia making sure they get away from that,normal_play,0.0
2733.5,2737.5,from that danger zone,lineout,0.121
2737.0,2741.0,fijis line out had some troubles late in the half no such issue there,lineout,0.121
2740.5,2744.5,such issue there though as poreki appeals off here and runs straight into and,normal_play,0.0054
2744.0,2748.0,straight into and then driven back by valazzini its there though,normal_play,0.0054
2747.5,2751.5,its there though as fiji,normal_play,0.0
2751.0,2755.0,as fiji play forward and play early wainegolo coming in and tried,normal_play,0.0054
2754.5,2758.5,coming in and tried to slip the ball to rorcesium traffic it comes,normal_play,0.0054
2758.0,2762.0,it comes free and the mistake is made sometimes you,normal_play,0.0054
2761.5,2765.5,sometimes you just got to be a little more patient than that dont you hes had very little chance so,normal_play,0.0
2765.0,2769.0,chance so far today wainegolo ran into,normal_play,0.0
2768.5,2772.5,ran into the space on the back of a really strong carry this is a brilliant,normal_play,0.0
2772.0,2776.0,carry this is a brilliant tackle as well from rob balatini he pulls him up,normal_play,0.0
2775.5,2779.5,he pulls him up drags him back no quick ball coming from there,normal_play,0.0
2779.0,2783.0,coming from there into the space he just tried a little impatient off load there,normal_play,0.0
2782.5,2786.5,load there might have been better off just hanging on,normal_play,0.0
2786.0,2790.0,on can understand the thinking though its a game of few opportunities,normal_play,0.0
2789.5,2793.5,opportunities right now hes paying the price as well,normal_play,0.0054
2793.0,2797.0,jutta wainegolo who,normal_play,0.0054
2796.5,2800.5,who made that run he didnt play in this first game,normal_play,0.0
2800.0,2804.0,first game came into the side well just wait on your 14 babu,normal_play,0.0054
2803.5,2807.5,babu taumanda some concern for him,normal_play,0.0054
2807.0,2811.0,for him,normal_play,0.0
2810.5,2814.5,guys were,normal_play,0.0
2814.0,2818.0,guys were waiting on your 14 anyway,normal_play,0.0
2817.5,2821.5,another handful of olympic,normal_play,0.0
2821.0,2825.0,handful of olympic gold medalists in this fiji side,normal_play,0.0
2824.5,2828.5,side those performing,normal_play,0.0
2828.0,2832.0,performing under pressure on big occasion,normal_play,0.0
2831.5,2835.5,and you can understand the attention being paid,normal_play,0.0
2835.0,2839.0,being paid to him as a winger you cant run unless your ankle is 100 you cant,normal_play,0.0
2838.5,2842.5,100 you cant step you cant do whats asked of you in terms of the,normal_play,0.0
2842.0,2846.0,in terms of the basic role of an outside back is he,normal_play,0.0
2845.5,2849.5,back is he good is he staying,normal_play,0.0054
2849.0,2853.0,and if jutta wainegolo cant actually do that then its not worth,normal_play,0.0054
2852.5,2856.5,its not worth him being on the pitch because hes electric isnt he hes such a wonderful,normal_play,0.0
2856.0,2860.0,hes such a wonderful player hes limping and it looks like hes going,normal_play,0.0
2859.5,2863.5,looks like hes going off which is a big blow for fiji of course an extraordinary,normal_play,0.0
2863.0,2867.0,an extraordinary athlete of course you talked about an olympic gold but what he does down at,normal_play,0.0
2866.5,2870.5,he does down at toulon for rugby club toulon in the top 14 is,normal_play,0.0054
2870.0,2874.0,14 is sensational wonderful player its a big shame,normal_play,0.0054
2873.5,2877.5,shame you can just see his foot getting trapped under the tacklers body,normal_play,0.0054
2877.0,2881.0,the tacklers body as he went to ground thats whats done the damage hes making his,normal_play,0.0
2880.5,2884.5,hes making his way off jutta wainegolo,normal_play,0.0
2884.0,2888.0,wainegolo how else he makes his way on played,normal_play,0.0
2887.5,2891.5,played in the game against wales come on,normal_play,0.0
2891.0,2895.0,on theres the jersey 23 yeah moorstein,lineout,0.121
2894.5,2898.5,yeah moorstein who wainegolo replaced in the starting side so its going to get more,lineout,0.121
2898.0,2902.0,to get more good minutes here as australia that frost has been,lineout,0.121
2901.5,2905.5,has been a real pillar in the middle fiji have got it,maul,0.2353
2905.0,2909.0,have got it and its sending this australian driving more backwards at the moment,maul,0.2353
2908.5,2912.5,backwards at the moment now its controlled in the back though,maul,0.2353
2912.0,2916.0,hes trying to add a couple more bodies in as australia,normal_play,0.0
2915.5,2919.5,in as australia are told to use it and frost will send this up with that educated right box,normal_play,0.0
2919.0,2923.0,educated right box kick its coming down for ramdraja just,normal_play,0.0054
2922.5,2926.5,ramdraja just on his own side a half way nowangani toasi is there to wrap,normal_play,0.0054
2926.0,2930.0,there to wrap him up all laid back for fiji,normal_play,0.0054
2929.5,2933.5,for fiji sarikita,normal_play,0.0054
2933.0,2937.0,sarikita vita and use it,normal_play,0.0054
2936.5,2940.5,kata gordon sets to return favour,normal_play,0.0054
2940.0,2944.0,return favour kata gordon coming forward for australia,try,1.0
2943.5,2947.5,australia they dont get near it though now to bouton hes,try,1.0
2947.0,2951.0,hes got a clear run to the corner toisola flies,try,1.0
2950.5,2954.5,toisola flies over the line,try,1.0
2961.0,2965.0,well every now and then you need a little bit,normal_play,0.0
2964.5,2968.5,you need a little bit of luck you need the bounce of the ball you can send it,normal_play,0.0
2968.0,2972.0,can send it right to a selle sarimi isnt that a wonderful,normal_play,0.0
2971.5,2975.5,that a wonderful picture well the kick was a good one,normal_play,0.0
2975.0,2979.0,one australia didnt get any hands on it it bounced between,normal_play,0.0
2978.5,2982.5,bounced between the two jumpers they were both dummy jumped,normal_play,0.0
2982.0,2986.0,toisola big and strong and powerful enough pace to get to the corner,normal_play,0.0
2985.5,2989.5,to the corner try number one for fiji today and how important is that going,normal_play,0.0
2989.0,2993.0,important is that going to be you cant shoulder to shoulder is it sorry to carry,normal_play,0.0
2992.5,2996.5,sorry to carry on i was going to say both jumpers were almost,normal_play,0.0
2996.0,3000.0,were almost doing dummy jumps they almost dummied themselves,normal_play,0.0
2999.5,3003.5,you just cant leave the man can you its,normal_play,0.0
3003.0,3007.0,its over hes already made eight ball carries,normal_play,0.0
3006.5,3010.5,76 metres made tackle breaks five when hes,goal_kick,0.7814
3010.0,3014.0,when hes on his own like that he will not stop him hes an absolute,goal_kick,0.7814
3013.5,3017.5,absolute locomotive fiji locomotive,goal_kick,0.7814
3017.0,3021.0,locomotive unstoppable take the ball and hes got a clear run to the line,goal_kick,0.7814
3020.5,3024.5,to the line no one is going to get near him what a try against wales,goal_kick,0.7814
3024.0,3028.0,against wales off the bench was a real spark and now hes extended,goal_kick,0.7814
3027.5,3031.5,fijis lead heres kurovoli from the sideline,goal_kick,0.7814
3031.0,3035.0,sideline,goal_kick,0.7814
3034.5,3038.5,sideline,goal_kick,0.7814
3038.0,3042.0,he cannot miss and he only had,goal_kick,0.7814
3041.5,3045.5,he only had two more and fiji break,normal_play,0.0
3045.0,3049.0,fiji break out early in the first half 17 8 he was more,normal_play,0.0
3048.5,3052.5,he was more surprised than anyone was terry sova robbie all bumped,normal_play,0.0
3052.0,3056.0,all bumped into his hands and he was gone its just too easy isnt it fiji,normal_play,0.0
3055.5,3059.5,it fiji is a player like that whos exactly had a score of points score try,normal_play,0.0
3059.0,3063.0,points score try you give him a free run hes going to take it every time,normal_play,0.0
3062.5,3066.5,every time and,kick_off,0.1931
3066.0,3070.0,and importantly kurovoli just cant miss,kick_off,0.1931
3069.5,3073.5,theres something to mention about,kick_off,0.1931
3073.0,3077.0,mention about sumioni kurovoli hes probably the third choice,normal_play,0.0054
3076.5,3080.5,the third choice number nine for fiji of course with caleb muntz who of course,normal_play,0.0054
3080.0,3084.0,muntz who of course picked up that injury just going into the first game and then of course,normal_play,0.0054
3083.5,3087.5,game and then of course we have frank lomani on the bench,normal_play,0.0054
3087.0,3091.0,bench a charge,normal_play,0.0054
3090.5,3094.5,a charge down by richie arnold the big frame that can seize a penalty,normal_play,0.0054
3094.0,3098.0,can seize a penalty australia offside at that breakdown and,normal_play,0.0054
3097.5,3101.5,breakdown and for real for the luck for fiji ariel,normal_play,0.0
3101.0,3105.0,fiji ariel ledov hes a tall man richie arnold not behind the last mans,normal_play,0.0
3104.5,3108.5,behind the last mans feet hes whats been ruled by andrew brace,normal_play,0.0
3108.0,3112.0,andrew brace tall and making two,normal_play,0.0
3111.5,3115.5,and making two meters in the way hes got a few if he gets half a yard,normal_play,0.0
3115.0,3119.0,yard you know thats an interesting point that is joel because richie arnold doesnt,normal_play,0.0054
3118.5,3122.5,because richie arnold doesnt just charge down but he also you know with the driving balls hell,normal_play,0.0054
3122.0,3126.0,balls hell get his hands in there well you know swim as they call it,normal_play,0.0054
3125.5,3129.5,they call it and just get his hands on the ball on the player with the ball and bring them down,normal_play,0.0
3129.0,3133.0,them down he is an absolute annoyance for every team that he comes up,normal_play,0.0
3132.5,3136.5,that he comes up against line out charge downs and in the,normal_play,0.0
3136.0,3140.0,the defensive ball and this is a little worry,normal_play,0.0
3139.5,3143.5,worry the kicker the man whos been on fire listen to me on it kuruval has got cramp to,normal_play,0.0
3143.0,3147.0,got cramp to be cramping with 35 to garys a little bit of an issue,normal_play,0.0
3146.5,3150.5,issue okay are we good,normal_play,0.0
3150.0,3154.0,its a good one two punch with lomani on the bench the reason lomani not starting,normal_play,0.0
3153.5,3157.5,not starting this one is that he just pulled up a little bit sore but fiji here,normal_play,0.0
3157.0,3161.0,fiji here eventually i dont think hes going to throw this,normal_play,0.0
3160.5,3164.5,going to throw this but they are lining up an all new front row to come on shortly,lineout,0.121
3164.0,3168.0,stolen again by nick frost he has been a,lineout,0.121
3167.5,3171.5,has been a menace in the line out,normal_play,0.0054
3171.0,3175.0,chance for australia to strike right back,normal_play,0.0054
3174.5,3178.5,right back yeah away now,normal_play,0.0054
3178.0,3182.0,gordon just a little jink and a weave and then stopped by that,normal_play,0.0054
3181.5,3185.5,stopped by that man kuruvali cant keep the scrum half out of it at the moment,normal_play,0.0054
3185.0,3189.0,at the moment petaiya stads a low hard kick down its twisting an,normal_play,0.0054
3188.5,3192.5,its twisting an awkward foot but its going to go too long,normal_play,0.0054
3192.0,3196.0,long,normal_play,0.0054
3195.5,3199.5,simian kuruvali is stretching out those calves again hes probably,normal_play,0.0054
3199.0,3203.0,hes probably short on a bit of game time as well particularly in this humidity and this,normal_play,0.0
3202.5,3206.5,humidity and this heat that weve experienced here in sant etienne,normal_play,0.0
3206.0,3210.0,great steal at the line out again frost up,normal_play,0.0
3209.5,3213.5,frost up at the front pops it down beautifully australia with a little,normal_play,0.0
3213.0,3217.0,little free ball gordon,normal_play,0.0
3216.5,3220.5,gordon with a little step inside and then came the little grabber,normal_play,0.0
3220.0,3224.0,came the little grabber foot just too much on it,normal_play,0.0
3223.5,3227.5,comes a change at nine,normal_play,0.0
3227.0,3231.0,such disappointment for simian kuruvali,normal_play,0.0
3230.5,3234.5,for simian kuruvali as frank lomani comes on to replace,normal_play,0.0
3234.0,3238.0,on to replace this outstanding halfback what a first,normal_play,0.0
3237.5,3241.5,a first 46 minutes he had 14,normal_play,0.0
3241.0,3245.0,14 points in and you just cant underestimate how important those 14,normal_play,0.0
3244.5,3248.5,important those 14 points are real confidence booster to fiji theyve,normal_play,0.0
3248.0,3252.0,to fiji theyve struggled to get over the white line but he has put them in the game got,normal_play,0.0
3251.5,3255.5,the game got them in front and hes controlled it for a fair chunk,normal_play,0.0
3255.0,3259.0,for a fair chunk of this massive massive pull to saada,normal_play,0.0
3258.5,3262.5,time on,normal_play,0.0
3262.0,3266.0,on lets go,normal_play,0.0
3265.5,3269.5,shoulder out and nice and straight everybody,normal_play,0.0
3272.5,3276.5,folks frank lomani,scrum,0.1461
3276.0,3280.0,frank lomani vastly experienced now his 28th cap hes just pulled,scrum,0.1461
3279.5,3283.5,hes just pulled up a little sore after that match against wales,scrum,0.1461
3283.0,3287.0,wales hes going to get a good 35 minutes here hes just a little bit away from his cribbing,scrum,0.1461
3286.5,3290.5,his cribbing sideways a little bit lomani is going to,penalty,0.3546
3290.0,3294.0,lomani is going to get a penalty at the back fiji have been trying to do,penalty,0.3546
3293.5,3297.5,fiji have been trying to do this for the last three or four scrims just put the pressure on,penalty,0.3546
3297.0,3301.0,the pressure on to that aussie front row particularly on the slipper side whos playing outside he,normal_play,0.0
3300.5,3304.5,outside he had an unfamiliar position to him,normal_play,0.0
3304.0,3308.0,and in fact they got the wheel on the loose head side which was quite impressive,normal_play,0.0
3307.5,3311.5,quite impressive forced the penalty,normal_play,0.0
3311.0,3315.0,number one stay square please,normal_play,0.0
3314.5,3318.5,square please youve got to stay square i think weve got to look at the start,normal_play,0.0054
3318.0,3322.0,to look at the start of this second half and the amount of possession that the australians havent had,normal_play,0.0054
3321.5,3325.5,havent had as we see the penalty conceded nine to three which is,normal_play,0.0054
3325.0,3329.0,three which is very high for australia they just havent managed to get the ball,normal_play,0.0
3328.5,3332.5,to get the ball in their hand and its all been about fiji in the first seven minutes,lineout,0.121
3332.0,3336.0,minutes this areas been,lineout,0.121
3335.5,3339.5,areas been an issue for fiji its nicely brought down by your sword narsila,normal_play,0.0
3339.0,3343.0,by your sword narsila silla and what the vesey peels away the ball just,normal_play,0.0054
3342.5,3346.5,the ball just bounced hard into the chest of omani but theyre playing under it banda drepery,normal_play,0.0054
3346.0,3350.0,banda drepery had australia up offside theyve got a penalty here,normal_play,0.0054
3349.5,3353.5,here heres fiji and theyre all pointing all of them pointing to the post,penalty,0.3546
3353.0,3357.0,to the post penalty number ten against australia number eight,normal_play,0.0
3356.5,3360.5,eight advancing offside number eight called,normal_play,0.0
3360.0,3364.0,eight called they have to hold the top they,normal_play,0.0
3363.5,3367.5,they were so disciplined against georgia australia,normal_play,0.0
3367.0,3371.0,australia and it will be a shot at goal,normal_play,0.0
3370.5,3374.5,this is the game this,normal_play,0.0
3374.0,3378.0,game this rugby world cup needed isnt it fiji came unstuck a little,normal_play,0.0
3377.5,3381.5,unstuck a little against wales lost a game they probably could have,normal_play,0.0
3381.0,3385.0,probably could have won they probably think they should have won,normal_play,0.0
3384.5,3388.5,backs against the wall theyve come out here and theyve been really good so,normal_play,0.0
3388.0,3392.0,really good so far this afternoon theyve got a long way to go but if they just,normal_play,0.0
3391.5,3395.5,but if they just keep that scoreboard ticking over theyre certainly on the right track,goal_kick,0.7814
3395.0,3399.0,on the right track the french crowd wearing white shirts supporting the,goal_kick,0.7814
3398.5,3402.5,shirts supporting the underdog wonderful atmosphere its,goal_kick,0.7814
3402.0,3406.0,its just brilliant frank lomani just onto,goal_kick,0.7814
3405.5,3409.5,just onto the field will take over the goal kicking judis,goal_kick,0.7814
3409.0,3413.0,judis from cote d avoli too from two against wales last week,goal_kick,0.7814
3412.5,3416.5,week,goal_kick,0.7814
3419.5,3423.5,lomani this one,goal_kick,0.7814
3423.0,3427.0,this one just pushed away to the left,normal_play,0.0
3426.5,3430.5,just leaned back a little bit on it,normal_play,0.0
3430.0,3434.0,little bit on it got a bit of a hook,normal_play,0.0
3433.5,3437.5,right here comes another change,normal_play,0.0
3437.0,3441.0,change swilly bunibalu the fijian rugby,normal_play,0.0054
3440.5,3444.5,the fijian rugby league test player makes his way on and its going,normal_play,0.0054
3444.0,3448.0,on and its going to get the expensive car to gordon which might,normal_play,0.0054
3447.5,3451.5,might be a little surprising it might need a reshuffle,normal_play,0.0
3451.0,3455.0,very interesting change for eddie jones,normal_play,0.0
3454.5,3458.5,for eddie jones fly half coming off,normal_play,0.0
3458.0,3462.0,will reshuffle ben donaldson will go up into,normal_play,0.0
3461.5,3465.5,go up into first five mark nowangani tawasi will slot back to full back and,normal_play,0.0
3465.0,3469.0,full back and bunibalu on the wing,kick_off,0.1931
3472.0,3476.0,bunibalu another handful of,normal_play,0.0054
3475.5,3479.5,handful of australian players with fijian descenders,normal_play,0.0054
3479.0,3483.0,nowangani tawasi underneath it,normal_play,0.0054
3482.5,3486.5,tawasi underneath it quite hard nowangani tawasi got his timing perfect as the,normal_play,0.0054
3486.0,3490.0,perfect as the two 15s come together,normal_play,0.0054
3489.5,3493.5,five outs balazzini,normal_play,0.0054
3493.0,3497.0,balazzini just caught behind the game line filipe davieta did really well to get out,normal_play,0.0054
3496.5,3500.5,really well to get out of there and again might shake with,normal_play,0.0054
3500.0,3504.0,shake with the box kick and send it for bunibalu to chase van,normal_play,0.0054
3503.5,3507.5,chase van radder underneath it bunibalu up in the air and its going to forefoot,normal_play,0.0054
3507.0,3511.0,going to forefoot mayeth elevo and fiji,normal_play,0.0054
3510.5,3514.5,van radder did just enough,normal_play,0.0054
3514.0,3518.0,hes put it here barrels himself into,normal_play,0.0054
3517.5,3521.5,himself into the australian defence once more,normal_play,0.0054
3528.0,3532.0,no,normal_play,0.0054
3531.5,3535.5,no more and again hes got to smash this way downfield,normal_play,0.0054
3535.0,3539.0,downfield keller eventually receiving it,normal_play,0.0054
3538.5,3542.5,receiving it on the five metre line fiji looking to open things up a little here,normal_play,0.0054
3542.0,3546.0,what a bad,normal_play,0.0054
3545.5,3549.5,what a bad clearance again from deep smart smart play,normal_play,0.0054
3549.0,3553.0,smart smart play realise the space was out on the right hand side one long pass,normal_play,0.0054
3552.5,3556.5,one long pass and then a good kick changes in the front row its the front row that,normal_play,0.0054
3556.0,3560.0,the front row that have wiped their socks off the softner in really hot conditions mawi,normal_play,0.0054
3559.5,3563.5,mawi matavesi and tongi make way and,normal_play,0.0054
3563.0,3567.0,and on come tabitha kenevara penny,normal_play,0.0054
3566.5,3570.5,kenevara penny rabai and misaki dongu,normal_play,0.0
3570.0,3574.0,what a shift these three have put in,normal_play,0.0
3573.5,3577.5,in,lineout,0.121
3577.0,3581.0,line out ball goes deep and down,lineout,0.121
3580.5,3584.5,goes deep and down the back once more its frost kurevi try to,normal_play,0.0054
3584.0,3588.0,kurevi try to get through his opposite stolen away by bortija he tears off,normal_play,0.0054
3587.5,3591.5,tears off and theres one of the new members misaki dongu straight into the,normal_play,0.0054
3591.0,3595.0,straight into the action lomani for nyatalevu,normal_play,0.0054
3594.5,3598.5,you can see nyatalevu the long leaved,normal_play,0.0
3598.0,3602.0,leaved centre for fiji as they swing on to,normal_play,0.0
3601.5,3605.5,swing on to attack and other of the fresh legs carries hard and now,normal_play,0.0054
3605.0,3609.0,and now straight up the middle lekema tangitangivalu up over halfway,normal_play,0.0054
3608.5,3612.5,over halfway fiji pouring forward trying,normal_play,0.0054
3612.0,3616.0,forward trying to find the seam and then throwing that ball wide and over the sideline,normal_play,0.0054
3615.5,3619.5,over the sideline again just as it looks to open up for them,normal_play,0.0054
3619.0,3623.0,them just keep it simple hands all it needed was simple hands,normal_play,0.0054
3622.5,3626.5,hands such a good opportunity creates,normal_play,0.0054
3626.0,3630.0,creates it brilliantly theres the little steal what,normal_play,0.0054
3629.5,3633.5,little steal what a turnover that is,normal_play,0.0054
3633.0,3637.0,and he makes the little offload well bad news,normal_play,0.0
3636.5,3640.5,well bad news again james slipper getting a bit more attention look at the numbers,normal_play,0.0
3640.0,3644.0,look at the numbers out wide theyre so well executed first wave of dummy runners,normal_play,0.0
3643.5,3647.5,dummy runners ball in behind second wave on fire four against,normal_play,0.0
3647.0,3651.0,four against one just needed simple hands,normal_play,0.0
3650.5,3654.5,hands straighten,normal_play,0.0
3654.0,3658.0,straighten and hands opportunity spurned,normal_play,0.0
3657.5,3661.5,spurned you know sometimes youve just got to be a little bit,normal_play,0.0
3661.0,3665.0,to be a little bit more patient just attack that line but just,normal_play,0.0
3664.5,3668.5,line but just make sure that the defender comes as close as possible you can and then get it,normal_play,0.0
3668.0,3672.0,then get it out you know they do it on their,normal_play,0.0
3671.5,3675.5,on their days off they do it all the time it is just a simple pass,normal_play,0.0
3675.0,3679.0,a simple pass thats all they needed to do i think that when we see ranrado and what,normal_play,0.0
3678.5,3682.5,ranrado and what he did with that final pass against wales,normal_play,0.0
3682.0,3686.0,its so disappointing theyve just got to be a little bit more patient,normal_play,0.0
3685.5,3689.5,bit more patient at times because thats when theyll make the difference,normal_play,0.0
3699.5,3703.5,pariky to frost its been like a metronome that line out,normal_play,0.0
3703.0,3707.0,that line out ball as valenzini will crash it up to try and relieve some,normal_play,0.0054
3706.5,3710.5,and relieve some of this pressure thats been building on the wallabies and theres a nice open space,normal_play,0.0054
3710.0,3714.0,open space nice hole for angus belt look to get the arms free,normal_play,0.0054
3713.5,3717.5,free now australia trying to stretch and its a good ball for gounivalu,normal_play,0.0054
3717.0,3721.0,ball for gounivalu up over halfway a senduring kick for himself to chase,normal_play,0.0054
3720.5,3724.5,himself to chase its going to be far too heavy though,normal_play,0.0054
3724.0,3728.0,its a great breakout,normal_play,0.0054
3727.5,3731.5,it may not have been the result australia wanted but theyll take great,normal_play,0.0054
3731.0,3735.0,theyll take great height from this brilliant breakout space there,normal_play,0.0
3734.5,3738.5,space there was in behind a little chip over the top the good hands were good just,normal_play,0.0
3738.0,3742.0,just simple skills cover defence was coming,normal_play,0.0
3741.5,3745.5,was coming and take that,normal_play,0.0
3745.0,3749.0,take that welcome to the game thats,normal_play,0.0
3748.5,3752.5,thats strong,normal_play,0.0
3752.0,3756.0,enough said,normal_play,0.0
3755.5,3759.5,said,normal_play,0.0
3759.0,3763.0,just the first glimpse though of,normal_play,0.0
3762.5,3766.5,of suliasi gounivalu such an,normal_play,0.0
3766.0,3770.0,such an electric ball player carry out runner,normal_play,0.0
3769.5,3773.5,still bound on coming up to the front row there wasnt too much space,normal_play,0.0
3773.0,3777.0,too much space for him to run into there but it would have been nice to see him have a little go,normal_play,0.0
3776.5,3780.5,go robbie was talking about patience you know just maybe,normal_play,0.0
3780.0,3784.0,you know just maybe step inside try and beat a man or two set it up go,normal_play,0.0
3783.5,3787.5,up go through the phases again full continuity,normal_play,0.0
3790.5,3794.5,new front row for fiji,normal_play,0.0
3794.0,3798.0,for fiji ravai and dongue the two,normal_play,0.0
3797.5,3801.5,dongue the two cropped forwards and ikinaviri the hooker,normal_play,0.0
3801.0,3805.0,the hooker,normal_play,0.0
3804.5,3808.5,bound to be a reset and theres a new front row new personnel,normal_play,0.0
3808.0,3812.0,personnel okay hes down well hes down well to survive,normal_play,0.0
3811.5,3815.5,to survive ankle problem early on in the game james slipper,normal_play,0.0
3815.0,3819.0,we talk about war horses in the game 134th cap,normal_play,0.0
3818.5,3822.5,134th cap playing on the side of the scrum where he is not as familiar with carrying,normal_play,0.0
3822.0,3826.0,with carrying an injury by the sounds still going hard,normal_play,0.0
3825.5,3829.5,going hard 54 minutes in james slipper,scrum,0.1461
3836.0,3840.0,good shove this time from fiji,scrum,0.1461
3839.5,3843.5,from fiji its gotten great front football from which to spread through the hands of nayatalevu,normal_play,0.0
3843.0,3847.0,the hands of nayatalevu stands a kick low and hard into the ground for morsi,normal_play,0.0054
3846.5,3850.5,ground for morsi to chase vullivalu is back,normal_play,0.0054
3850.0,3854.0,vullivalu is back there not a lot of room to move vullivalu and hes huddled,normal_play,0.0054
3853.5,3857.5,hes huddled into the sideline theyll play on it nine never,normal_play,0.0054
3857.0,3861.0,nine never held youre in front of the kicker advancing in fact got the advantage,normal_play,0.0054
3860.5,3864.5,got the advantage australia always advancing in front,normal_play,0.0
3864.0,3868.0,player offside from the kicker number nine,normal_play,0.0
3867.5,3871.5,kicker number nine in front of the kicker come on,normal_play,0.0
3871.0,3875.0,on,normal_play,0.0
3874.5,3878.5,you never held,normal_play,0.0054
3878.0,3882.0,hes impressively impassive simon rawalui,normal_play,0.0054
3881.5,3885.5,yes hes one of the calmer coaches,normal_play,0.0054
3885.0,3889.0,of the calmer coaches weve seen sitting there,normal_play,0.0
3888.5,3892.5,hes not given away too many penalty this afternoon only three that would have been,normal_play,0.0
3892.0,3896.0,that would have been the fourth number nine two and,normal_play,0.0
3895.5,3899.5,nine two and zero at the front frank lemani wearing the 21 shirt,normal_play,0.0
3899.0,3903.0,the 21 shirt he was in front of the kicker and carried on chasing,normal_play,0.0
3902.5,3906.5,scrumhoffs do tend to run that inside line but if youre in front youre in front,lineout,0.121
3906.0,3910.0,youre in front,lineout,0.121
3909.5,3913.5,finding good important moment here for australia six,lineout,0.121
3913.0,3917.0,australia six dolce richie arnold they set the drive on,maul,0.2353
3916.5,3920.5,on the big lock forward coming into the side late in the piece,maul,0.2353
3920.0,3924.0,the piece through the middle there poriki the captain plays the floor,maul,0.2353
3923.5,3927.5,the floor,normal_play,0.0
3927.0,3931.0,australia all in tight at the moment kharibi cant get through,normal_play,0.0054
3930.5,3934.5,bortija not many do frost just getting,normal_play,0.0054
3934.0,3938.0,just getting a little lateral and thatll out one at the level,normal_play,0.0054
3937.5,3941.5,and hagi sagiwalu to come through and now fiji are blowing through,normal_play,0.0
3941.0,3945.0,blowing through and theyve stolen it but then lost it on the ground,normal_play,0.0054
3944.5,3948.5,it on the ground he tried to pick it up inside the ruck didnt he,normal_play,0.0054
3948.0,3952.0,should have just maybe stepped over and left it for the scrumhoff,normal_play,0.0
3951.5,3955.5,scrumhoff driven back by,normal_play,0.0
3955.0,3959.0,by a little bit heavier than him i think frost is that,normal_play,0.0
3958.5,3962.5,is that a good game coming as a replacement during,normal_play,0.0
3962.0,3966.0,replacement during the week for richie arnold,normal_play,0.0
3965.5,3969.5,this counter ruck just needed to step over and leave it for the,normal_play,0.0
3969.0,3973.0,it for the scrumhoff changes the law here robbie,normal_play,0.0
3972.5,3976.5,law here robbie yeah no absolutely its going to be important because isaac,normal_play,0.0
3976.0,3980.0,because isaac finds lalehwasa is going to come on weve also,normal_play,0.0
3979.5,3983.5,also got zayn nungor is going to come on of course,normal_play,0.0
3983.0,3987.0,of course big back row of course from queensland couple of,normal_play,0.0
3986.5,3990.5,couple of big changes here nick white will just,normal_play,0.0
3990.0,3994.0,just pass on a little bit of advice and,normal_play,0.0
3993.5,3997.5,and then make his way to the bench just next to me he needs to inject,normal_play,0.0
3997.0,4001.0,needs to inject a little bit of speed into the back line make that,normal_play,0.0
4000.5,4004.5,back line make that connection i think thats really important and look at this man coming off,normal_play,0.0
4004.0,4008.0,coming off hes served hes done his job hasnt he,normal_play,0.0
4007.5,4011.5,thats yes carriage gillaw an old warhorse,normal_play,0.0
4011.0,4015.0,old warhorse i think you called him ricky summed him up pretty well what a,normal_play,0.0
4014.5,4018.5,well what a servant over 130 test matches only three starts,normal_play,0.0
4018.0,4022.0,three starts outside ted big ask of him today hes,normal_play,0.0
4021.5,4025.5,hes been wonderful in tough conditions in a,normal_play,0.0
4025.0,4029.0,conditions in a pack of forwards against a pack of forwards that have been really,normal_play,0.0
4028.5,4032.5,have been really solid really good big,normal_play,0.0
4032.0,4036.0,good big moment for isaac finds lalehwasa just his second cap,normal_play,0.0
4035.5,4039.5,second cap made his debut against france a month,normal_play,0.0
4039.0,4043.0,a month or so ago was uncapped at the time of his squad selection no take,normal_play,0.0
4042.5,4046.5,selection no take mcdermott for australia today,normal_play,0.0
4046.0,4050.0,big ask of the 27 year old halfback,normal_play,0.0
4049.5,4053.5,27 year old halfback bit of a late bloomer a huge opportunity as well for this man,normal_play,0.0
4053.0,4057.0,well for this man there in 21,normal_play,0.0
4056.5,4060.5,thats a very good platform this is for,scrum,0.1461
4060.0,4064.0,platform this is for australia you know inside of the fijian half lets see exactly,scrum,0.1461
4063.5,4067.5,lets see exactly what they can produce from here theyve got fast backs of course they need,scrum,0.1461
4067.0,4071.0,of course they need to get quick ball or just give the fijian,scrum,0.1461
4070.5,4074.5,give the fijian scrum a little bit of a hassle here,normal_play,0.0
4074.0,4078.0,australia flood out to the left putting numbers,normal_play,0.0
4077.5,4081.5,putting numbers in for donaldson moanganet owasi playing up at,normal_play,0.0
4081.0,4085.0,playing up at full back now donaldson to run the show,normal_play,0.0054
4084.5,4088.5,run the show its a good carry up over the,normal_play,0.0054
4088.0,4092.0,over the 22 heres nongor with his first touch,normal_play,0.0054
4091.5,4095.5,lalehwasa some good momentum,normal_play,0.0054
4095.0,4099.0,some good momentum here tipped on janssus grobetsi sits down on moasi,normal_play,0.0054
4098.5,4102.5,on moasi still there for,normal_play,0.0054
4102.0,4106.0,there for australia its awkward the hands are outstanding down low,normal_play,0.0054
4105.5,4109.5,low brilliant work from arnold,normal_play,0.0054
4109.0,4113.0,grobetsi australia its a rare foray for them,normal_play,0.0054
4112.5,4116.5,foray for them this close to the fiji line 10 metres,normal_play,0.0054
4116.0,4120.0,10 metres short now as they line up again,normal_play,0.0054
4119.5,4123.5,the distribution,normal_play,0.0054
4123.0,4127.0,distribution is quick from fijians lalehwasa 5 metres short of the,penalty,0.3546
4126.5,4130.5,metres short of the line pounding away keltie,penalty,0.3546
4130.0,4134.0,well theyve,penalty,0.3546
4133.5,4137.5,well theyve been so happy with the ball up eddie jones and so disappointed in the,normal_play,0.0
4137.0,4141.0,disappointed in the scale,normal_play,0.0
4140.5,4144.5,theres a little bit of,normal_play,0.0
4144.0,4148.0,a little bit of a problem,normal_play,0.0
4147.5,4151.5,of a problem here for masaaki nongor,normal_play,0.0
4151.0,4155.0,masaaki nongor he took a bit of a bang on the head i wouldnt be surprised if he just called off for,normal_play,0.0
4154.5,4158.5,off for a hia test thats definitely going,normal_play,0.0
4158.0,4162.0,thats definitely going to happen i think he was wobbly he got up even bumped into,normal_play,0.0
4161.5,4165.5,even bumped into a player as he tried to stack her back into position not in a good place,normal_play,0.0
4165.0,4169.0,in a good place and bottia yeah just suffering there on the,normal_play,0.0
4168.5,4172.5,suffering there on the ground well,normal_play,0.0054
4172.0,4176.0,well hes been really good bottia today,normal_play,0.0054
4175.5,4179.5,today made 14 tackle,normal_play,0.0
4179.0,4183.0,we saw some unbelievable tackle statistics from the welsh against fiji,normal_play,0.0
4182.5,4186.5,against fiji welsh bottia turning it around today though,normal_play,0.0
4186.0,4190.0,though there comes the hia it is going to be donga,normal_play,0.0
4189.5,4193.5,be donga just goes off to get checked,normal_play,0.0
4193.0,4197.0,checked so that brings luke,normal_play,0.0
4196.5,4200.5,brings luke tange back on for masaaki donga bottia still down australia,normal_play,0.0
4200.0,4204.0,australia of mates of changes rob liotta out there in jersey 20 hes,normal_play,0.0
4203.5,4207.5,hes replaced fraser mcride looks like he,normal_play,0.0
4207.0,4211.0,looks like he got a bang in the jaw there more than anything else its the left cheek the upper,normal_play,0.0
4210.5,4214.5,cheek the upper left cheek but hes as hard as nails hes made of titanium,normal_play,0.0
4214.0,4218.0,of titanium for crying out loud hes back on the pitch of course hes going to deal with this,normal_play,0.0
4217.5,4221.5,deal with this and did you see the size of that bicep while he was on his orchards yes,normal_play,0.0
4221.0,4225.0,orchards yes its about the same size as joshua tuasovas,normal_play,0.0
4224.5,4228.5,tuasovas calf muscles youre right about that,normal_play,0.0
4228.0,4232.0,skittles i think they are jordan,normal_play,0.0
4231.5,4235.5,jordan olesi also out there in jersey 16 for australia replacement,normal_play,0.0
4235.0,4239.0,replacement hooker thanks ricky youre calling the subs,normal_play,0.0
4238.5,4242.5,calling the subs i appreciate it,normal_play,0.0
4242.0,4246.0,it,normal_play,0.0
4245.5,4249.5,albert tuasova,normal_play,0.0
4249.0,4253.0,albert tuasova coming on,normal_play,0.0
4252.5,4256.5,two and two its,normal_play,0.0
4256.0,4260.0,its a fairly handy replacement isnt it yes it is,lineout,0.121
4259.5,4263.5,heres fiji heading towards,lineout,0.121
4263.0,4267.0,heading towards the final quarter of this match with a 19 8 advantage over,normal_play,0.0054
4266.5,4270.5,advantage over australia this one hanging in the air and bouncing kurobezi,normal_play,0.0054
4270.0,4274.0,bouncing kurobezi got nowhere near it its come off the hands of tange tangevalu,normal_play,0.0054
4273.5,4277.5,of tange tangevalu and it will in fact have been knocked on well thats at the,normal_play,0.0
4277.0,4281.0,thats at the skycams cable very carefully it,normal_play,0.0
4280.5,4284.5,very carefully it happened right in front of us hit the cable and deviated and went the,normal_play,0.0
4284.0,4288.0,deviated and went the other way and i think thats got to be a fiji scrum,normal_play,0.0
4291.0,4295.0,its a bit of a debate going on,normal_play,0.0
4294.5,4298.5,debate going on down there now well theyre just obviously understanding,normal_play,0.0
4298.0,4302.0,understanding who had possession from that but logically it should be,normal_play,0.0
4301.5,4305.5,logically it should be fiji okay lets go well,normal_play,0.0
4305.0,4309.0,go well they did knock it on when it did come down fiji so australia look like,normal_play,0.0
4308.5,4312.5,australia look like theyre going to get the put in,normal_play,0.0
4329.5,4333.5,thats scrum wheeling away,normal_play,0.0
4333.0,4337.0,wheeling away in australia get the scrum penalty this time,normal_play,0.0
4336.5,4340.5,number 17 on the outside,normal_play,0.0
4340.0,4344.0,outside just trying to work around the outside there the fijians,normal_play,0.0
4343.5,4347.5,same as the one over there number 17 right on,normal_play,0.0
4347.0,4351.0,17 right on the corner obviously going to go and kick for,normal_play,0.0
4350.5,4354.5,kick for the corner here just behind the halfway line,normal_play,0.0054
4354.0,4358.0,the halfway line and work that line out just like they did before theyve still got,normal_play,0.0054
4357.5,4361.5,theyve still got some very good jumpers in that line over richie arnold there,normal_play,0.0054
4361.0,4365.0,richie arnold there of course and nick frost still in position its,normal_play,0.0
4364.5,4368.5,its working well just the mall theyve got to get some,normal_play,0.0
4368.0,4372.0,theyve got to get some go forward on now the line outs not a problem fiji have defended the mall pretty,normal_play,0.0
4371.5,4375.5,the mall pretty well though,normal_play,0.0
4375.0,4379.0,dave pericchi the captains left the field so first throw for jordan ulesi,lineout,0.121
4378.5,4382.5,there it is for,lineout,0.121
4382.0,4386.0,is for richie arnold,lineout,0.121
4385.5,4389.5,once again fiji held again in the disrupt so ulesi has to,normal_play,0.0
4389.0,4393.0,ulesi has to come away with it over there to saraki daveta tiahewari,penalty,0.3546
4392.5,4396.5,tiahewari saraki daveta with a huge play for fiji,penalty,0.3546
4396.0,4400.0,fiji well the mall was coming backwards and,normal_play,0.0
4399.5,4403.5,coming backwards and there was a little peel to the left completely isolated,normal_play,0.0
4403.0,4407.0,isolated but what a little jackal that is,normal_play,0.0
4406.5,4410.5,game of i say it every week game of little mini battles look at this ulesi,normal_play,0.0
4410.0,4414.0,this ulesi around the corner and then hands on the,normal_play,0.0
4413.5,4417.5,hands on the ball brilliant still,normal_play,0.0
4417.0,4421.0,brilliant still the man born and raised in te araroa on the east coast of,normal_play,0.0
4420.5,4424.5,east coast of new zealand the community there did a fundraiser a big raffle,normal_play,0.0
4424.0,4428.0,a big raffle to get his mum vicky here so vicky is in the crowd just watching,normal_play,0.0054
4427.5,4431.5,just watching her boy steal that one away for fiji,normal_play,0.0054
4431.0,4435.0,fiji well the kick goes out,normal_play,0.0
4434.5,4438.5,goes out you can imagine what its like back in fiji with all of the people watching,normal_play,0.0
4438.0,4442.0,the people watching this encounter they must be on the edges of their seats,normal_play,0.0
4441.5,4445.5,of their seats all the fijians around the world this is such a great position for,normal_play,0.0
4445.0,4449.0,position for them to be in up against australia a little bit of a knuckle to,lineout,0.121
4448.5,4452.5,a little bit of a knuckle to them all as we head into the final 20 minutes and that one,lineout,0.121
4452.0,4456.0,and that one is a wobbly old line out its getting tight and tense now mistakes,normal_play,0.0054
4455.5,4459.5,tense now mistakes coming into the game as its tied in up,normal_play,0.0054
4459.0,4463.0,its tied in up by ulesi a chance for australia through their on field captain,normal_play,0.0
4462.5,4466.5,their on field captain now caribbean now pekaiya thats gone up over the shoulder,penalty,0.3546
4466.0,4470.0,the shoulder advantage being played for the high tackle ill take that,penalty,0.3546
4469.5,4473.5,that,penalty,0.3546
4473.0,4477.0,time off,normal_play,0.0
4476.5,4480.5,just a captain please,normal_play,0.0
4480.0,4484.0,captain whats,normal_play,0.0
4483.5,4487.5,whats that one one,normal_play,0.0
4487.0,4491.0,set belt tackle definitely a,normal_play,0.0
4490.5,4494.5,definitely a penalty its on the shoulder it is a penalty its set belt high thats,normal_play,0.0
4494.0,4498.0,thats the third one i spoke to you in the first half and its the second one by him okay we need,normal_play,0.0
4497.5,4501.5,okay we need more tackle please first half penalty,normal_play,0.0
4501.0,4505.0,half penalty early on theyd only conceded a couple fijian that was four very,normal_play,0.0
4504.5,4508.5,four very similar incidents so just a little warning well i said it,normal_play,0.0
4508.0,4512.0,well i said it earlier didnt i they do tackle quite hard they do make a point of tackling the,normal_play,0.0054
4511.5,4515.5,of tackling the ball the fijians it is a little risky at,normal_play,0.0054
4515.0,4519.0,risky at times every now and then it slides up every now and then you end up with a seat belt like that and,normal_play,0.0
4518.5,4522.5,belt like that and thats a penalty against them hold it up,normal_play,0.0
4522.0,4526.0,up,normal_play,0.0
4525.5,4529.5,looks like theyve been to war the australian fords that was,lineout,0.121
4529.0,4533.0,fords that was good here he is again nick frost in australia,lineout,0.121
4532.5,4536.5,in australia will drive towards fijis line,maul,0.2353
4536.0,4540.0,fijis line its stopped and stopped early,maul,0.2353
4539.5,4543.5,and now cribbs sideways again wellessi has,maul,0.2353
4543.0,4547.0,wellessi has it in the back for the wallabies and use,maul,0.2353
4546.5,4550.5,and use it going to have to use it now finds lely awassa,normal_play,0.0
4550.0,4554.0,awassa will spread for kurevi,normal_play,0.0
4553.5,4557.5,kurevi fiji getting it over this one again though another,penalty,0.3546
4557.0,4561.0,another steal at the breakdown well the momentum,penalty,0.3546
4560.5,4564.5,well the momentum has been with australia for the last seven or eight minutes and you can just sense the,normal_play,0.0
4564.0,4568.0,just sense the crowd is under worry for this fijian team every time,normal_play,0.0
4567.5,4571.5,every time theres a steal made theyre up there on their feet the fijian fans the french fans,normal_play,0.0
4571.0,4575.0,french fans shouting for the underdog and all of a sudden hands,normal_play,0.0
4574.5,4578.5,sudden hands on the ball steal again and a chance for relief 11,normal_play,0.0
4578.0,4582.0,11 point game still 17 minutes its,normal_play,0.0
4581.5,4585.5,minutes its just everything to play for sorry,normal_play,0.0
4585.0,4589.0,sorry robbie you can just sense the crowd starting to get,normal_play,0.0054
4588.5,4592.5,to get concerned no joel i was just saying joshua turaso but what cant he do,normal_play,0.0054
4592.0,4596.0,cant he do today i mean you know hes been absolutely everywhere the carries the,normal_play,0.0
4595.5,4599.5,carries the tackle scored a try hes been absolutely everywhere,lineout,0.121
4599.0,4603.0,everywhere such an important part of this fijian performance today,lineout,0.121
4602.5,4606.5,today nassila silla in the middle this time for fiji,normal_play,0.0054
4606.0,4610.0,for fiji okay stay,normal_play,0.0054
4609.5,4613.5,stay go and hold,normal_play,0.0054
4613.0,4617.0,slow this time for lomani and thats going to,penalty,0.3546
4616.5,4620.5,thats going to be a penalty on arnauds going to protest his case,penalty,0.3546
4620.0,4624.0,his case he cant do that to the halfback,normal_play,0.0
4627.0,4631.0,its a free exit isnt it its a marginal game,normal_play,0.0054
4630.5,4634.5,marginal game it didnt sound like he was called for offside it sounded,normal_play,0.0054
4634.0,4638.0,offside it sounded like he was called for attacking the man without the ball,normal_play,0.0054
4637.5,4641.5,ball and gianno,normal_play,0.0
4641.0,4645.0,and gianno came around just a little too quickly yeah,normal_play,0.0
4644.5,4648.5,yeah hes not got his hands on the ball so fiji,normal_play,0.0
4648.0,4652.0,so fiji who have been camped on their line for a good seven or eight minutes,normal_play,0.0
4651.5,4655.5,eight minutes camped inside there 22 are out,normal_play,0.0
4655.0,4659.0,are out theyre out of danger for now theyve piggybacked,lineout,0.121
4658.5,4662.5,theyve piggybacked them downfield has australia with penalty,lineout,0.121
4662.0,4666.0,now fiji go quick again a chance to,lineout,0.121
4665.5,4669.5,a chance to really turn the screws here raja clatters into the line,normal_play,0.0
4669.0,4673.0,into the line now an all night delivery ball down,normal_play,0.0054
4672.5,4676.5,ball down low his players knocked out everywhere were going to stop play here just an awkward collision,normal_play,0.0054
4676.0,4680.0,awkward collision of bodies no,normal_play,0.0
4679.5,4683.5,no its all a penalty its all a penalty its,normal_play,0.0
4683.0,4687.0,a penalty its all a penalty,normal_play,0.0
4686.5,4690.5,yeah theyre taking him straight out into,normal_play,0.0
4690.0,4694.0,into you know to see the doctors back out into the,normal_play,0.0
4693.5,4697.5,into the medical room it looks like for jordan walezi,normal_play,0.0
4697.0,4701.0,frank lemani just pulled,normal_play,0.0
4700.5,4704.5,just pulled that last kick of his a little just leant back ever so slightly and got a bit,normal_play,0.0
4704.0,4708.0,slightly and got a bit of a hook on it,goal_kick,0.7814
4721.5,4725.5,lemani,goal_kick,0.7814
4725.0,4729.0,lemani makes no mistake this time and now fiji,goal_kick,0.7814
4728.5,4732.5,now fiji starting to think its possible is that a,goal_kick,0.7814
4732.0,4736.0,is that a lead has extended out 22 points to eight they lead australia,goal_kick,0.7814
4735.5,4739.5,they lead australia 15 minutes to play thats 14 points,normal_play,0.0
4739.0,4743.0,thats 14 points how important is 14 points two,normal_play,0.0
4742.5,4746.5,two point murder try would give you a draw,normal_play,0.0
4746.0,4750.0,you a draw malachi foketti makes his way,normal_play,0.0
4749.5,4753.5,makes his way on does it karevius come off,normal_play,0.0
4753.0,4757.0,come off karevius has been just outstanding as he makes his way off surprised,normal_play,0.0
4756.5,4760.5,off surprised to see him go hes been one of the shining lights,normal_play,0.0
4760.0,4764.0,lights lemani foketti foketti,normal_play,0.0
4763.5,4767.5,foketti brings down the kickoff for,normal_play,0.0054
4767.0,4771.0,kickoff for fiji last feet,normal_play,0.0054
4770.5,4774.5,feet timuq mayanavanua is out there and using 19 as well for fiji as,normal_play,0.0054
4774.0,4778.0,for fiji as well on the way now,normal_play,0.0054
4777.5,4781.5,onside onside use,normal_play,0.0054
4781.0,4785.0,use it lemani lemani,normal_play,0.0054
4784.5,4788.5,lemani,normal_play,0.0054
4788.0,4792.0,lemani as nwanganetawasi comes forward and takes this,normal_play,0.0054
4791.5,4795.5,and takes this one easily he hasnt had a lot of open,normal_play,0.0054
4795.0,4799.0,lot of open spaces but hes so dangerous the ball spills into the hands of,normal_play,0.0054
4798.5,4802.5,into the hands of angus ballant again this voracious defense of,normal_play,0.0054
4802.0,4806.0,defense of fiji comes forward at them frost still,normal_play,0.0054
4805.5,4809.5,frost still going hes had a whale of a,normal_play,0.0054
4809.0,4813.0,a whale of a game the australian number four going to chance their arm now they kind,normal_play,0.0054
4812.5,4816.5,arm now they kind of have to australia but thaya stepping and jinking and,normal_play,0.0054
4816.0,4820.0,jinking and has stopped again yeah no foul play carry,normal_play,0.0
4819.5,4823.5,carry on no foul play said the referee like it crept up a little high again,normal_play,0.0054
4823.0,4827.0,high again play on drowas sisi safe,normal_play,0.0054
4826.5,4830.5,sisi safe as houses under that high ball a little isolated and stolen,penalty,0.3546
4830.0,4834.0,isolated and stolen though australias turn for a,penalty,0.3546
4833.5,4837.5,australias turn for a big defensive play malachi foketti just onto the field,penalty,0.3546
4840.5,4844.5,foketti foketti foketti,normal_play,0.0054
4858.0,4862.0,huge play from foketti to,normal_play,0.0
4861.5,4865.5,foketti to come onto the field and earn that penalty yeah,normal_play,0.0
4865.0,4869.0,good timing as well chasing the game twelve,normal_play,0.0
4868.5,4872.5,twelve twelve and theres not a seat free here,normal_play,0.0
4872.0,4876.0,seat free here today at joffroy kichard here in saint tienne 41,normal_play,0.0
4875.5,4879.5,41 294 fans here in this,normal_play,0.0054
4879.0,4883.0,here in this wonderful stadium that they call the chaudron the cauldron,normal_play,0.0054
4882.5,4886.5,the cauldron well a little change there,normal_play,0.0
4886.0,4890.0,change there also been in the wars josio tuosova who has been just outstanding this,normal_play,0.0
4889.5,4893.5,outstanding this afternoon replaced by villamani bochitou,normal_play,0.0
4893.0,4897.0,bochitou getting the applause,normal_play,0.0
4896.5,4900.5,getting the applause he thoroughly deserves,try,1.0
4903.5,4907.5,come,lineout,0.121
4907.0,4911.0,come on huge chance here for australia times,maul,0.2353
4910.5,4914.5,times starting to tick against them its a good line up ball from fetvilla,maul,0.2353
4914.0,4918.0,from fetvilla and now all the backs pile into this mall its,maul,0.2353
4917.5,4921.5,its tucked in the back under the right wing of borreki theyve got advantage,maul,0.2353
4921.0,4925.0,advantage australia organized up towards the line borreki another,try,1.0
4924.5,4928.5,borreki another advantage for them good save,try,1.0
4928.0,4932.0,quick pitch and that same screen,try,1.0
4931.5,4935.5,same screen and suliasi vunivalu 17 parts,normal_play,0.0
4935.0,4939.0,parts scores the,normal_play,0.0
4938.5,4942.5,scores the try australia desperately needed,normal_play,0.0
4942.0,4946.0,and the timing couldnt be better,normal_play,0.0
4945.5,4949.5,still got ten or twelve minutes to go hes got some,normal_play,0.0
4949.0,4953.0,hes got some electrifying feet there to dart through the maul,normal_play,0.0
4952.5,4956.5,the maul right in the french players amongst the forwards mixing,normal_play,0.0
4956.0,4960.0,forwards mixing it up stretches,normal_play,0.0
4959.5,4963.5,certainly scores fiji,normal_play,0.0
4963.0,4967.0,fiji battling to defend the mall this time round and penalty advantage,normal_play,0.0
4966.5,4970.5,penalty advantage was against them already the grounding was fine,normal_play,0.0
4970.0,4974.0,fine,normal_play,0.0
4973.5,4977.5,they had to strike australia,normal_play,0.0
4977.0,4981.0,that was good this is an important kick as well,goal_kick,0.7814
4998.0,5002.0,ben donaldson to close the gap for,goal_kick,0.7814
5001.5,5005.5,the gap for australia expertly done another two to the total,goal_kick,0.7814
5005.0,5009.0,total australia fighting back its fiji 22,goal_kick,0.7814
5008.5,5012.5,22 australia 15 with ten to play,normal_play,0.0
5015.5,5019.5,great try from vunivalu the fact is,normal_play,0.0
5019.0,5023.0,the fact is that it all comes down now to the final ten minutes and every,normal_play,0.0
5022.5,5026.5,minutes and every detail counts the small details will win this match,normal_play,0.0
5026.0,5030.0,win this match discipline making sure that you keep hold of the,normal_play,0.0
5029.5,5033.5,hold of the ball not giving away penalty free kicks or anything got to be,kick_off,0.1931
5033.0,5037.0,got to be meticulous now,kick_off,0.1931
5036.5,5040.5,restart lands on the hands,normal_play,0.0
5040.0,5044.0,lands on the hands of donovan donaldson who pumps it back downfield,normal_play,0.0054
5043.5,5047.5,it back downfield again fiji look to go quickly no,normal_play,0.0054
5047.0,5051.0,no quick kick from donaldson,normal_play,0.0
5050.5,5054.5,onto the fijian ten metre line,normal_play,0.0
5054.0,5058.0,good job australia should we say those dreaded,normal_play,0.0
5057.5,5061.5,say those dreaded words what does a draw do to this pool,normal_play,0.0
5061.0,5065.0,australia certainly have the,normal_play,0.0
5064.5,5068.5,certainly have the momentum right now fiji the two best players,normal_play,0.0
5068.0,5072.0,two best players have gone off in the last five or six minutes,normal_play,0.0
5075.0,5079.0,canaveri cant find his,lineout,0.121
5078.5,5082.5,cant find his target its come off an australian hand theyll get a redo,normal_play,0.0
5082.0,5086.0,redo matt phillips,normal_play,0.0
5085.5,5089.5,boy that line out has been good today in australia in particular contesting,normal_play,0.0
5089.0,5093.0,particular contesting opposition ball,normal_play,0.0
5103.0,5107.0,do over from canaveri this time its frost again with,lineout,0.121
5106.5,5110.5,frost again with another steal nick frost whos been in absolutely everything,normal_play,0.0
5110.0,5114.0,absolutely everything scooped up by tom hooper,normal_play,0.0
5113.5,5117.5,australia almost the,normal_play,0.0054
5117.0,5121.0,almost the reverse of what we saw between fiji and wales fiji flying,normal_play,0.0054
5120.5,5124.5,fiji flying home australia but,normal_play,0.0054
5124.0,5128.0,but theyre still chasing the game sent,normal_play,0.0054
5127.5,5131.5,sent high again well see doesnt get to this one though,normal_play,0.0054
5131.0,5135.0,one though knock on advantage for australia aizeli awasa,normal_play,0.0054
5134.5,5138.5,aizeli awasa will recenter everything for valentini up the middle,normal_play,0.0
5138.0,5142.0,gets through one cant quite but still going pumping those,normal_play,0.0
5141.5,5145.5,pumping those legs almost through a second heres frost he skips out of a tackle up,normal_play,0.0054
5145.0,5149.0,of a tackle up over the 22 australia piling forward,normal_play,0.0054
5148.5,5152.5,forward the gold jerseys attacking the fiji,normal_play,0.0054
5152.0,5156.0,the fiji line nongor,normal_play,0.0054
5155.5,5159.5,hes taken down in a good hit fiji have got reorganised again,normal_play,0.0054
5159.0,5163.0,reorganised again flat ball for valentini on the angle well read,normal_play,0.0
5162.5,5166.5,read and keep pressing away to the right where bunivalu,normal_play,0.0054
5166.0,5170.0,where bunivalu is stationed no way through this time fiji hands,normal_play,0.0054
5169.5,5173.5,fiji hands on ball another breakdown steal sevi runs raja this,normal_play,0.0054
5173.0,5177.0,raja this time first nines,normal_play,0.0
5176.5,5180.5,first nines fair left on the ball eleven,normal_play,0.0
5180.0,5184.0,eleven the timing of the steals its one thing,normal_play,0.0
5183.5,5187.5,steals its one thing to make the steals the timing is so up and whats so important,normal_play,0.0
5187.0,5191.0,important so much momentum coming forward,normal_play,0.0
5190.5,5194.5,forward theres been some huge performances valentini has been massive in,normal_play,0.0
5194.0,5198.0,been massive in carrying the ball frost has been brilliant in the line outs and in his work rate,normal_play,0.0
5197.5,5201.5,his work rate and semir and andr with their,normal_play,0.0
5201.0,5205.0,with their timely hands on the ball a brilliant little bit of jackaling,normal_play,0.0054
5204.5,5208.5,jackaling winning the penalty and some relief with seven and a half minutes to go,normal_play,0.0054
5208.0,5212.0,minutes to go fiji hanging on by the fingertips at,normal_play,0.0
5211.5,5215.5,fingertips at the moment really thought that australia would just,normal_play,0.0
5215.0,5219.0,just continue to go through the phases because they played a lot of phases against,normal_play,0.0
5218.5,5222.5,phases against georgia seven plus on average and still managed to score the points,normal_play,0.0
5222.0,5226.0,to score the points of course just losing the ball at a critical time there,normal_play,0.0
5229.0,5233.0,big throw this one goes over the top and its scooped up,lineout,0.121
5232.5,5236.5,its scooped up by hooper the line out all sorts of,normal_play,0.0
5236.0,5240.0,sorts of shakes and wobbles from fiji australia spread hes,normal_play,0.0054
5239.5,5243.5,hes got nwanganetowasi with him doesnt use him,normal_play,0.0054
5243.0,5247.0,him probably running out of room another,normal_play,0.0
5246.5,5250.5,another meter and you cant roll like that on the ground australians off their feet,normal_play,0.0
5250.0,5254.0,off their feet as well,normal_play,0.0
5253.5,5257.5,moments little moments should,normal_play,0.0
5257.0,5261.0,should have let this go maybe straighten and make the pass he was a player,normal_play,0.0
5260.5,5264.5,was a player coming on the inside,normal_play,0.0
5264.0,5268.0,trosses he could have shifted if he hadnt made the pass so he carried it up,normal_play,0.0
5267.5,5271.5,carried it up is that a shoulder charge,normal_play,0.0
5271.0,5275.0,australian fans are thinking so,normal_play,0.0054
5274.5,5278.5,toreki is definitely asking the question,normal_play,0.0054
5278.0,5282.0,asking the question as well,normal_play,0.0054
5281.5,5285.5,impressive glenn jackson next who are not,normal_play,0.0
5285.0,5289.0,next who are not doing quite so well well try and throw that,normal_play,0.0
5288.5,5292.5,try and throw that in as quickly as possible get the attention away from the shoulder charge,normal_play,0.0
5292.0,5296.0,the shoulder charge,normal_play,0.0
5295.5,5299.5,luke tange and jersey three left the field,lineout,0.121
5299.0,5303.0,the field had to come back out its a massive shift from the tight head,lineout,0.121
5302.5,5306.5,six minutes to go that line out much better from fiji,maul,0.2353
5306.0,5310.0,fiji and the ball is quick to set and rolling up over halfway,maul,0.2353
5309.5,5313.5,halfway peeling off meters,maul,0.2353
5313.0,5317.0,peeling off meters up the fijians now at stop for lamani and,maul,0.2353
5316.5,5320.5,for lamani and hes going to clear,normal_play,0.0
5320.0,5324.0,nervy ball out the back tela has to go and scoop it up and hes,normal_play,0.0054
5323.5,5327.5,up and hes swarmed upon by wallabys jerseys,normal_play,0.0054
5330.5,5334.5,lamani looking for some protection,normal_play,0.0054
5334.0,5338.0,looking for some protection lamani is going to send this down kurobete 25 meters,normal_play,0.0054
5337.5,5341.5,25 meters out from his own line brings it down safely returns,normal_play,0.0054
5341.0,5345.0,returns favour three fijian players back there and theyre all going to run into,normal_play,0.0054
5344.5,5348.5,to run into each other lamani and drossessi,normal_play,0.0054
5348.0,5352.0,no problem for lamani in the game now nwanganitowase,normal_play,0.0054
5351.5,5355.5,nwanganitowase trying to find some open spaces,normal_play,0.0054
5355.0,5359.0,spaces looking for the 50 22 he only finds tela,normal_play,0.0054
5358.5,5362.5,tela fiji,normal_play,0.0054
5362.0,5366.0,now its a good clearance for fiji australia will go quickly donaldson,normal_play,0.0054
5365.5,5369.5,quickly donaldson for petaiya jordan petaiya looking for some,normal_play,0.0054
5369.0,5373.0,looking for some spaces again its straight down the throat of ranrajah who,normal_play,0.0054
5372.5,5376.5,ranrajah who picks himself up off the floor and the game of force back,normal_play,0.0054
5376.0,5380.0,of force back continues all,normal_play,0.0054
5379.5,5383.5,all eating up the clock though as australia chase this game,normal_play,0.0054
5383.0,5387.0,game who blinks first,normal_play,0.0054
5386.5,5390.5,first as fiji wind up again trying,normal_play,0.0054
5390.0,5394.0,again trying to get this in behind that australian back three but once more kurobete is,normal_play,0.0054
5393.5,5397.5,kurobete is there sun side,normal_play,0.0054
5397.0,5401.0,this one with a little more length but no,normal_play,0.0054
5400.5,5404.5,but no problems once more finally,normal_play,0.0054
5404.0,5408.0,finally fiji go for the safety of the touch lionel is bounced back in,normal_play,0.0054
5407.5,5411.5,bounced back in field in fact the flags gone up the flags gone up for,normal_play,0.0054
5411.0,5415.0,flags gone up for a 50 22 hows australia playing on the,normal_play,0.0054
5414.5,5418.5,the assistant referee yoko piper has his flag up on the side,normal_play,0.0054
5418.0,5422.0,on the side thank you doctor,normal_play,0.0054
5421.5,5425.5,well was it 50 22 or,normal_play,0.0054
5425.0,5429.0,22 or did it go out this side of the flag,normal_play,0.0054
5428.5,5432.5,flag i think it may have gone out before,normal_play,0.0
5432.0,5436.0,yeah its out on the floor its out on the floor which,normal_play,0.0
5435.5,5439.5,the floor which means so,normal_play,0.0
5439.0,5443.0,so its not a 50 22 as much as the coaching staff think,normal_play,0.0
5442.5,5446.5,coaching staff think it may well have been piper on the side,lineout,0.121
5446.0,5450.0,on the side had his flag out and down its walking on but we,lineout,0.121
5449.5,5453.5,but we carry on as its still there for fiji knock on advantage,lineout,0.121
5453.0,5457.0,knock on advantage its on the ball,normal_play,0.0054
5456.5,5460.5,ekenavere still stolen away playing a knock on advantage,normal_play,0.0054
5460.0,5464.0,playing a knock on advantage youd imagine fiji are going to move very,normal_play,0.0
5463.5,5467.5,to move very slowly to the scrum yeah,normal_play,0.0
5467.0,5471.0,yeah contest for last time,normal_play,0.0
5470.5,5474.5,time,normal_play,0.0
5474.0,5478.0,go,normal_play,0.0
5477.5,5481.5,okay lets go,normal_play,0.0
5481.0,5485.0,time off,normal_play,0.0
5484.5,5488.5,time off lets go lets go of course,normal_play,0.0
5488.0,5492.0,of course less than three minutes to play australia,normal_play,0.0
5491.5,5495.5,australia need a conversion tritus to tie us up,normal_play,0.0
5495.0,5499.0,fiji get their first win of this rugby world cup and their,normal_play,0.0
5498.5,5502.5,and their first over australia since 1954,normal_play,0.0
5502.0,5506.0,points,normal_play,0.0
5505.5,5509.5,point,normal_play,0.0
5509.0,5513.0,set,normal_play,0.0
5512.5,5516.5,the,normal_play,0.0
5516.0,5520.0,the scrum stands firm and then it screws and theyre going to,normal_play,0.0
5519.5,5523.5,theyre going to reset which all eats up time fiji wont mind,normal_play,0.0
5523.0,5527.0,fiji wont mind that theyll want that clock to wind down,normal_play,0.0
5526.5,5530.5,little movement on that fiji and lucet,normal_play,0.0
5530.0,5534.0,fiji and lucet side again coming around time off,normal_play,0.0
5533.5,5537.5,time off,normal_play,0.0
5537.0,5541.0,must stay down everybody stay down everybody,normal_play,0.0
5540.5,5544.5,stay down everybody time back on time off sold,normal_play,0.0
5544.0,5548.0,sold out,normal_play,0.0
5547.5,5551.5,out,normal_play,0.0
5551.0,5555.0,its not doom and gloom for australia they still got to play wales if they beat wales theyre,scrum,0.1461
5554.5,5558.5,wales theyre right back in the mix if it stays like,scrum,0.1461
5558.0,5562.0,it stays like this this group gets blown wide open stay,scrum,0.1461
5561.5,5565.5,stay ball senator for the game points difference bonus points,scrum,0.1461
5565.0,5569.0,points how will it be decided,scrum,0.1461
5568.5,5572.5,fiji looking to put the final nail in,normal_play,0.0
5572.0,5576.0,final nail in nayet delevu busting through the line finally got mossi on,normal_play,0.0054
5575.5,5579.5,got mossi on the outside just dragged down ball back in field four,normal_play,0.0054
5579.0,5583.0,in field four fiji is not quite there they were soaring,normal_play,0.0
5582.5,5586.5,were soaring towards the line its a great chase back by marika,normal_play,0.0
5586.0,5590.0,marika koriwetti real pace because the,normal_play,0.0
5589.5,5593.5,because the break was sensational from the captain number one naitha,normal_play,0.0
5593.0,5597.0,one naitha kaluver the timing of the pass was good from the outside,normal_play,0.0
5596.5,5600.5,the outside with mossi trying to get those legs going koriwetti got in,normal_play,0.0
5600.0,5604.0,koriwetti got in from behind bonus points saving,normal_play,0.0
5603.5,5607.5,saving quite possibly match saving if they can go and score from here,lineout,0.121
5607.0,5611.0,from here 2 2 lets shoot,lineout,0.121
5610.5,5614.5,lets shoot frost drags,normal_play,0.0
5614.0,5618.0,frost drags another one down australia need to go 80 meters,normal_play,0.0
5617.5,5621.5,for a converter try to,normal_play,0.0
5621.0,5625.0,try to square the match 2 2 donaldson sends,normal_play,0.0054
5624.5,5628.5,donaldson sends it into touch one more throw there have been some brilliant performances,normal_play,0.0054
5628.0,5632.0,some brilliant performances today having that for australia rob valetini,normal_play,0.0
5631.5,5635.5,rob valetini was superb nick frost was outstanding but that man,normal_play,0.0
5635.0,5639.0,that man there made nine tackle two turnover carried for,normal_play,0.0
5638.5,5642.5,carried for 133 meters in 10 carries he has been absolutely,normal_play,0.0
5642.0,5646.0,he has been absolutely sensational josuha tuasova is our master,normal_play,0.0
5645.5,5649.5,our master card player in the match good job australia,normal_play,0.0
5649.0,5653.0,9 the final player,lineout,0.121
5652.5,5656.5,player its team fiji,lineout,0.121
5656.0,5660.0,josuha tuasova fijis line out has found its,normal_play,0.0
5659.5,5663.5,out has found its form at just the right moment and now they,maul,0.2353
5663.0,5667.0,now they are 30 seconds away from a famous win and that gets their campaign,maul,0.2353
5666.5,5670.5,gets their campaign rolling in france,normal_play,0.0054
5670.0,5674.0,motsito always lost control of that knock,normal_play,0.0054
5673.5,5677.5,knock on on the floor one more roll of the dice for australia perhaps,normal_play,0.0054
5677.0,5681.0,perhaps down to the wire we called,normal_play,0.0
5680.5,5684.5,we called for a close game an exciting game doesnt get much closer,normal_play,0.0
5684.0,5688.0,get much closer than this australia will have one last throw of the dice here,normal_play,0.0
5687.5,5691.5,here of 60 meters out scrum,normal_play,0.0
5691.0,5695.0,scrum time under a little bit of pressure whole lot of,normal_play,0.0
5694.5,5698.5,lot of new players on the field some fresh legs,normal_play,0.0
5698.0,5702.0,some fresh legs,normal_play,0.0
5701.5,5705.5,edge of the,scrum,0.1461
5705.0,5709.0,edge of the seats for us for the crowd for the viewers,scrum,0.1461
5708.5,5712.5,sensational game of rugby here at rugby world cup 2023,scrum,0.1461
5712.0,5716.0,2023 dosso fiji dosso ekos around go fiji,scrum,0.1461
5715.5,5719.5,around go fiji go those passionate fans but australia,scrum,0.1461
5719.0,5723.0,australia one more chance the,penalty,0.3546
5722.5,5726.5,the scrum disintegrates all over the place penalty fiji,penalty,0.3546
5726.0,5730.0,fiji what a moment for a big scrum,penalty,0.3546
5729.5,5733.5,for a big scrum look what it means to these fijian players,normal_play,0.0
5733.0,5737.0,fijian players its the first time since 1954,normal_play,0.0
5736.5,5740.5,1954 they have beaten australia,normal_play,0.0
