start_time,end_time,text,event_class,highlight_score
0,5,a referee is ben okeefe from new zealand touch judges matthew rannell james dolman,kick_off,0.71
4.5,9.5,a referee is ben okeefe from new zealand touch judges matthew rannell james dolman brendan pickwell is a tv match official number one in the world ireland take on the defending,kick_off,0.71
9.0,14.0,brendan pickwell is a tv match official number one in the world ireland take on the defending,kick_off,0.71
13.5,18.5,brendan pickwell is a tv match official number one in the world ireland take on the defending champion south africa its a poobee match which could easily be as tight as a facelift,normal_play,0.07
18.0,23.0,champion south africa its a poobee match which could easily be as tight as a facelift welcome to start the france straight away its damian villainsa into the fray hes,normal_play,0.07
22.5,27.5,welcome to start the france straight away its damian villainsa into the fray hes upended south africa in their white jersey their third strip at this rugby will come,normal_play,0.07
27.0,32.0,upended south africa in their white jersey their third strip at this rugby will come bafta clark looking to go wide early on and its been spilt on that far side by ches and,normal_play,0.0
31.5,36.5,bafta clark looking to go wide early on and its been spilt on that far side by ches and colby ambitious from south africa straight off the start the kick from milan coming straight,normal_play,0.0
36.0,41.0,ambitious from south africa straight off the start the kick from milan coming straight,normal_play,0.0
40.5,45.5,ambitious from south africa straight off the start the kick from milan coming straight down the middle i think bafta clark just a little bit of extra nervous energy in that,normal_play,0.0
45.0,50.0,down the middle i think bafta clark just a little bit of extra nervous energy in that pass probably overcooked a little bit normally so efficient getting out of this part of the,tmo_replay,0.22
49.5,54.5,pass probably overcooked a little bit normally so efficient getting out of this part of the field south africa look at this for a statement off the opening chase thumbs off its kelleher,tmo_replay,0.22
54.0,59.0,pass probably overcooked a little bit normally so efficient getting out of this part of the field south africa look at this for a statement off the opening chase thumbs off its kelleher,tmo_replay,0.22
58.5,63.5,field south africa look at this for a statement off the opening chase thumbs off its kelleher,tmo_replay,0.22
63.0,68.0,field south africa look at this for a statement off the opening chase thumbs off its kelleher,tmo_replay,0.22
67.5,72.5,field south africa look at this for a statement off the opening chase thumbs off its kelleher gets what a technique in the tackle drives villainsa back weve got a little bit of,normal_play,0.0
72.0,77.0,gets what a technique in the tackle drives villainsa back weve got a little bit of an early issue for josh vandevleur here hes getting a bit of treatment,normal_play,0.0
76.5,81.5,an early issue for josh vandevleur here hes getting a bit of treatment chakiya haba head coach took the role in 2020 needs his position after this world,normal_play,0.0
81.0,86.0,chakiya haba head coach took the role in 2020 needs his position after this world cup to replace stuart lancaster as leinsters head coach andy farrell there since 2016,normal_play,0.0
85.5,90.5,cup to replace stuart lancaster as leinsters head coach andy farrell there since 2016,normal_play,0.0
90.0,95.0,cup to replace stuart lancaster as leinsters head coach andy farrell there since 2016 as an assistant but head coach since 2019 and hes 33 out of 40 tests him and that is an outstanding record hes going very smartly,normal_play,0.0
94.5,99.5,and hes 33 out of 40 tests him and that is an outstanding record hes going very smartly indeed but this the biggest test of all rugby world cup,normal_play,0.0
99.0,104.0,and hes 33 out of 40 tests him and that is an outstanding record hes going very smartly indeed but this the biggest test of all rugby world cup,normal_play,0.0
103.5,108.5,this crowd is absolutely electric ill tell you what irelands warm up song today was,lineout,0.39
108.0,113.0,this crowd is absolutely electric ill tell you what irelands warm up song today was,lineout,0.39
112.5,117.5,this crowd is absolutely electric ill tell you what irelands warm up song today was smoke on the water by deep purple but in this stadium at the moment it is a sea of green they were expecting around 30 0 irish fans to come to start to france today but,lineout,0.39
117.0,122.0,smoke on the water by deep purple but in this stadium at the moment it is a sea of green they were expecting around 30 0 irish fans to come to start to france today but,lineout,0.39
121.5,126.5,green they were expecting around 30 0 irish fans to come to start to france today but it certainly sounds like more it is absolutely incredible the pitch side necky nidhis undone stanford road olympia time mitchell pinch at the,normal_play,0.04
126.0,131.0,it certainly sounds like more it is absolutely incredible the pitch side necky nidhis undone stanford road olympia time mitchell pinch at the line of time for south africa he comes away though for ireland down the right they go,normal_play,0.04
130.5,135.5,line of time for south africa he comes away though for ireland down the right they go,normal_play,0.04
135.0,140.0,line of time for south africa he comes away though for ireland down the right they go gibson park shifts it fords looking for some work around the fringes ty burr such an,normal_play,0.03
139.5,144.5,gibson park shifts it fords looking for some work around the fringes ty burr such an,normal_play,0.04
144.0,149.0,gibson park shifts it fords looking for some work around the fringes ty burr such an experienced player puts his head down does the monster man gibson park yet again to,normal_play,0.04
148.5,153.5,experienced player puts his head down does the monster man gibson park yet again to the left thats a gary ringrose cuts in nicely into the 22 its ireland now that,normal_play,0.04
153.0,158.0,the left thats a gary ringrose cuts in nicely into the 22 its ireland now that are building their phases nicely early on burn again for the second carry johnny sexton finds,normal_play,0.04
157.5,162.5,are building their phases nicely early on burn again for the second carry johnny sexton finds his full back hugo hugo keenan such a cunning player with advantage to the irish side now,normal_play,0.04
162.0,167.0,are building their phases nicely early on burn again for the second carry johnny sexton finds his full back hugo hugo keenan such a cunning player with advantage to the irish side now,normal_play,0.39
166.5,171.5,his full back hugo hugo keenan such a cunning player with advantage to the irish side now burlong turns it to vande bundee aki hes 50th international for his country ireland go to the right,normal_play,0.39
171.0,176.0,burlong turns it to vande bundee aki hes 50th international for his country ireland go to the right,normal_play,0.39
175.5,180.5,burlong turns it to vande bundee aki hes 50th international for his country ireland go to the right thats a big pass a lot of time number one he just came on the wrong side and rolled,normal_play,0.39
180.0,185.0,thats a big pass a lot of time number one he just came on the wrong side and rolled into number nine will stay with ireland an early look at that ireland attack the,normal_play,0.0
184.5,189.5,into number nine will stay with ireland an early look at that ireland attack the deception at play is quite fantastic already weve seen those passes fizzed across the,normal_play,0.0
189.0,194.0,deception at play is quite fantastic already weve seen those passes fizzed across the front of players as a defender it looks like theyre going to receive it and then it goes,normal_play,0.0
193.5,198.5,front of players as a defender it looks like theyre going to receive it and then it goes to the next man keeping on their rock speed as well irelands rock speed so far fastest,normal_play,0.16
198.0,203.0,to the next man keeping on their rock speed as well irelands rock speed so far fastest in the tournament less than three seconds per rock and they are here to play johnny sexton,normal_play,0.16
202.5,207.5,in the tournament less than three seconds per rock and they are here to play johnny sexton,normal_play,0.15
207.0,212.0,in the tournament less than three seconds per rock and they are here to play johnny sexton will pop this one in the corner jimmy good space good sit up make sure weve got the,lineout,0.31
211.5,216.5,will pop this one in the corner jimmy good space good sit up make sure weve got the two by two for the nine one of the 7 0 irish bars around the globe certainly enjoying,lineout,0.31
216.0,221.0,will pop this one in the corner jimmy good space good sit up make sure weve got the two by two for the nine one of the 7 0 irish bars around the globe certainly enjoying,lineout,0.31
220.5,225.5,two by two for the nine one of the 7 0 irish bars around the globe certainly enjoying this endeavour from the irish side how many 20 try in the opening two matches four,lineout,0.31
225.0,230.0,this endeavour from the irish side how many 20 try in the opening two matches four middle more passes in those two games than they did in the whole of the last rugby world,normal_play,0.0
229.5,234.5,middle more passes in those two games than they did in the whole of the last rugby world cup to the front they go ty burne cant pinch and its hoofed downfield by colby,normal_play,0.14
234.0,239.0,middle more passes in those two games than they did in the whole of the last rugby world cup to the front they go ty burne cant pinch and its hoofed downfield by colby,normal_play,0.14
238.5,243.5,cup to the front they go ty burne cant pinch and its hoofed downfield by colby not out left behind from matt hanson always going backwards in the touch happy to see,normal_play,0.14
243.0,248.0,not out left behind from matt hanson always going backwards in the touch happy to see jimmy and so ireland go quickly f the clock spots a bit of space and its an awkward,normal_play,0.0
247.5,252.5,jimmy and so ireland go quickly f the clock spots a bit of space and its an awkward bounce but its good for south africa courtney aronson has it look out creels on the,normal_play,0.01
252.0,257.0,bounce but its good for south africa courtney aronson has it look out creels on the inside big jesse creel into the 22 and the clean up from dlndi through the legs it,normal_play,0.01
256.5,261.5,inside big jesse creel into the 22 and the clean up from dlndi through the legs it,normal_play,0.03
261.0,266.0,inside big jesse creel into the 22 and the clean up from dlndi through the legs it goes seven style play there from f the clock game back on jasper visser south africa,normal_play,0.03
265.5,270.5,goes seven style play there from f the clock game back on jasper visser south africa now their chance to attack big step daniel villamse does well inside the 22 the ball,normal_play,0.03
270.0,275.0,now their chance to attack big step daniel villamse does well inside the 22 the ball,normal_play,0.03
274.5,279.5,now their chance to attack big step daniel villamse does well inside the 22 the ball is now for the spring box the clock works the short side to his captain see how colisey,normal_play,0.0
279.0,284.0,is now for the spring box the clock works the short side to his captain see how colisey got the penalty blungie in the nandis big carry from the hooker visser again for the,normal_play,0.0
283.5,288.5,got the penalty blungie in the nandis big carry from the hooker visser again for the,normal_play,0.0
288.0,293.0,got the penalty blungie in the nandis big carry from the hooker visser again for the,normal_play,0.0
292.5,297.5,got the penalty blungie in the nandis big carry from the hooker visser again for the second time irelands wall holding strong here comes yvonne eben etzebeth man thats built,normal_play,0.0
297.0,302.0,second time irelands wall holding strong here comes yvonne eben etzebeth man thats built like a bulgarian vending machine to the right it goes again creel trying to skip through,normal_play,0.0
301.5,306.5,like a bulgarian vending machine to the right it goes again creel trying to skip through not back to peter step detoi and it will be a penalty for south africa what an entertaining,normal_play,0.32
306.0,311.0,not back to peter step detoi and it will be a penalty for south africa what an entertaining,normal_play,0.32
310.5,315.5,not back to peter step detoi and it will be a penalty for south africa what an entertaining opening four minutes dream straight over the top off feet to me you know a shot there,normal_play,0.32
315.0,320.0,opening four minutes dream straight over the top off feet to me you know a shot there,normal_play,0.0
319.5,324.5,opening four minutes dream straight over the top off feet to me you know a shot there detoi we just saw hes getting some treatment on the ground now he got hit a little bit,normal_play,0.0
324.0,329.0,detoi we just saw hes getting some treatment on the ground now he got hit a little bit late yeah i think james ryan went straight through him there and the eyes up to the,tmo_replay,0.16
328.5,333.5,late yeah i think james ryan went straight through him there and the eyes up to the,tmo_replay,0.16
333.0,338.0,late yeah i think james ryan went straight through him there and the eyes up to the coaching box to see what kind of traffic lights are flashing on shots called two metres,tmo_replay,0.16
337.5,342.5,coaching box to see what kind of traffic lights are flashing on shots called two metres,tmo_replay,0.16
342.0,347.0,coaching box to see what kind of traffic lights are flashing on shots called two metres theres the ambition from south africa its a pretty loose kick but the bounce did aronson,tmo_replay,0.18
346.5,351.5,theres the ambition from south africa its a pretty loose kick but the bounce did aronson a favour were ronaners he dished it back inside to creel who was supporting ringrose,tmo_replay,0.18
351.0,356.0,theres the ambition from south africa its a pretty loose kick but the bounce did aronson a favour were ronaners he dished it back inside to creel who was supporting ringrose,tmo_replay,0.18
355.5,360.5,a favour were ronaners he dished it back inside to creel who was supporting ringrose with the scramble tackle and nearly on the pinch we didnt see anything he was furious,tmo_replay,0.18
360.0,365.0,a favour were ronaners he dished it back inside to creel who was supporting ringrose with the scramble tackle and nearly on the pinch we didnt see anything he was furious,normal_play,0.0
364.5,369.5,with the scramble tackle and nearly on the pinch we didnt see anything he was furious wasnt it from south africa and theres a little look at bit of afters so there we,goal_kick,0.59
369.0,374.0,wasnt it from south africa and theres a little look at bit of afters so there we go area which theyve struggled in this rugby world cup ten out of eighteen kicks theyve,goal_kick,0.59
373.5,378.5,go area which theyve struggled in this rugby world cup ten out of eighteen kicks theyve got the ball its a big part of winning rugby world cup matches so the fly off from the,goal_kick,0.59
378.0,383.0,go area which theyve struggled in this rugby world cup ten out of eighteen kicks theyve got the ball its a big part of winning rugby world cup matches so the fly off from the,goal_kick,0.59
382.5,387.5,got the ball its a big part of winning rugby world cup matches so the fly off from the,goal_kick,0.59
387.0,392.0,got the ball its a big part of winning rugby world cup matches so the fly off from the players south africas first shot at goal maniloboc turns the flags go up south africa,goal_kick,0.59
391.5,396.5,players south africas first shot at goal maniloboc turns the flags go up south africa,goal_kick,0.59
396.0,401.0,players south africas first shot at goal maniloboc turns the flags go up south africa,tmo_replay,0.11
400.5,405.5,players south africas first shot at goal maniloboc turns the flags go up south africa have the opening points in this game they lead on and three nothing off the five theres,tmo_replay,0.11
405.0,410.0,players south africas first shot at goal maniloboc turns the flags go up south africa have the opening points in this game they lead on and three nothing off the five theres,tmo_replay,0.11
409.5,414.5,have the opening points in this game they lead on and three nothing off the five theres,kick_off,0.6
414.0,419.0,have the opening points in this game they lead on and three nothing off the five theres the infringement nice one for maniloboc to settle himself in hes been backed by both coach,kick_off,0.6
418.5,423.5,infringement nice one for maniloboc to settle himself in hes been backed by both coach and captain in terms of his kicking hes only on forty percent kicking thats a nice one,kick_off,0.6
423.0,428.0,and captain in terms of his kicking hes only on forty percent kicking thats a nice one to get off the board johnny sexton down the middle franco mustard is there places rugby with,normal_play,0.11
427.5,432.5,to get off the board johnny sexton down the middle franco mustard is there places rugby with,normal_play,0.15
432.0,437.0,to get off the board johnny sexton down the middle franco mustard is there places rugby with,normal_play,0.15
436.5,441.5,to get off the board johnny sexton down the middle franco mustard is there places rugby with the heat in japan cant use it fifth gift cap against scotland during this rugby world,normal_play,0.15
441.0,446.0,the heat in japan cant use it fifth gift cap against scotland during this rugby world cup six season with the spring box he goes to the air colby comes down a bunch of green,normal_play,0.12
445.5,450.5,cup six season with the spring box he goes to the air colby comes down a bunch of green,normal_play,0.12
450.0,455.0,cup six season with the spring box he goes to the air colby comes down a bunch of green jerseys hanson does really well does the right wing up for ireland they have it at,normal_play,0.14
454.5,459.5,jerseys hanson does really well does the right wing up for ireland they have it at the halfway line jamison gibson park theres scrum off one of eleven the starting side,normal_play,0.14
459.0,464.0,the halfway line jamison gibson park theres scrum off one of eleven the starting side,normal_play,0.0
463.5,468.5,the halfway line jamison gibson park theres scrum off one of eleven the starting side very familiar with their teammate johnny sexton try to get it away flies in penalty on,normal_play,0.31
468.0,473.0,very familiar with their teammate johnny sexton try to get it away flies in penalty on,normal_play,0.31
472.5,477.5,very familiar with their teammate johnny sexton try to get it away flies in penalty on it no attempt to catch the ball hes just hit that on the short pass apparently only,normal_play,0.31
477.0,482.0,it no attempt to catch the ball hes just hit that on the short pass apparently only,normal_play,0.0
481.5,486.5,it no attempt to catch the ball hes just hit that on the short pass apparently only players outside its a really fascinating little tactical battle ireland playing with,normal_play,0.13
486.0,491.0,it no attempt to catch the ball hes just hit that on the short pass apparently only players outside its a really fascinating little tactical battle ireland playing with,normal_play,0.13
490.5,495.5,players outside its a really fascinating little tactical battle ireland playing with,tmo_replay,0.11
495.0,500.0,players outside its a really fascinating little tactical battle ireland playing with that flat attack johnny sexton taking it right close to the line and against the line speed of,tmo_replay,0.11
499.5,504.5,that flat attack johnny sexton taking it right close to the line and against the line speed of south africa its a real challenge see he just holds his feet stands still to try and,tmo_replay,0.11
504.0,509.0,that flat attack johnny sexton taking it right close to the line and against the line speed of south africa its a real challenge see he just holds his feet stands still to try and,lineout,0.31
508.5,513.5,south africa its a real challenge see he just holds his feet stands still to try and play around the line speed after clark absolutely flies off the line doesnt he such an,lineout,0.31
513.0,518.0,play around the line speed after clark absolutely flies off the line doesnt he such an acceleration as they scum off and now its ronan kelleher again theyve had a trouble,lineout,0.31
517.5,522.5,acceleration as they scum off and now its ronan kelleher again theyve had a trouble,lineout,0.31
522.0,527.0,acceleration as they scum off and now its ronan kelleher again theyve had a trouble at line up time two knock ons first ball and let the line out johnny sexton south africa,tmo_replay,0.11
526.5,531.5,at line up time two knock ons first ball and let the line out johnny sexton south africa south africa scrum two loose ones thought the battle at scrum and line up would be,tmo_replay,0.11
531.0,536.0,south africa scrum two loose ones thought the battle at scrum and line up would be fascinating tonight i actually thought it would be an area where ireland might get a bit of,tmo_replay,0.11
535.5,540.5,fascinating tonight i actually thought it would be an area where ireland might get a bit of change james ryan will be making the calls in there first scrum stability at the bind,tmo_replay,0.11
540.0,545.0,change james ryan will be making the calls in there first scrum stability at the bind,scrum,0.43
544.5,549.5,change james ryan will be making the calls in there first scrum stability at the bind good weight at the sit balance lost one at the front it was dutoy getting up for south,scrum,0.43
549.0,554.0,good weight at the sit balance lost one at the front it was dutoy getting up for south africa earlier on great speed and that one looked like it was just an overthrow when youre,scrum,0.43
553.5,558.5,africa earlier on great speed and that one looked like it was just an overthrow when youre trying to throw it between jumpers like etzabeth and dutoy and the likes of them youve got to,scrum,0.43
558.0,563.0,trying to throw it between jumpers like etzabeth and dutoy and the likes of them youve got to be on your money many intriguing match ups weve seen scrum time 34 scrum this year,scrum,0.43
562.5,567.5,be on your money many intriguing match ups weve seen scrum time 34 scrum this year,scrum,0.43
567.0,572.0,be on your money many intriguing match ups weve seen scrum time 34 scrum this year coming into this tournament battle 34 but they lost one of their own against romania and one,scrum,0.43
571.5,576.5,coming into this tournament battle 34 but they lost one of their own against romania and one against scotland arlen you pulled it back you went early next ones a penalty wait for,scrum,0.43
576.0,581.0,coming into this tournament battle 34 but they lost one of their own against romania and one against scotland arlen you pulled it back you went early next ones a penalty wait for,normal_play,0.0
580.5,585.5,against scotland arlen you pulled it back you went early next ones a penalty wait for my call three kick to the spring blocks another scrum we all came in early ok wait for the,normal_play,0.0
585.0,590.0,my call three kick to the spring blocks another scrum we all came in early ok wait for the,normal_play,0.0
589.5,594.5,my call three kick to the spring blocks another scrum we all came in early ok wait for the call im waiting for stability then ill call set ill be louder i will next ones a penalty,scrum,0.45
594.0,599.0,call im waiting for stability then ill call set ill be louder i will next ones a penalty,scrum,0.45
598.5,603.5,call im waiting for stability then ill call set ill be louder i will next ones a penalty wait for the timing of the call kitsuff wants to go again id say furlough wouldnt mind a bit,scrum,0.45
603.0,608.0,wait for the timing of the call kitsuff wants to go again id say furlough wouldnt mind a bit of that theyll look to right or wrong in this one take two coach boins set keep it up now,scrum,0.45
607.5,612.5,of that theyll look to right or wrong in this one take two coach boins set keep it up now,scrum,0.45
612.0,617.0,of that theyll look to right or wrong in this one take two coach boins set keep it up now,scrum,0.45
616.5,621.5,of that theyll look to right or wrong in this one take two coach boins set keep it up now,scrum,0.45
621.0,626.0,of that theyll look to right or wrong in this one take two coach boins set keep it up now,scrum,0.45
625.5,630.5,of that theyll look to right or wrong in this one take two coach boins set keep it up now chesman colby lurking behind faf de klaag at scrum time visser picks up blashes his way upfield,normal_play,0.02
630.0,635.0,chesman colby lurking behind faf de klaag at scrum time visser picks up blashes his way upfield,normal_play,0.02
634.5,639.5,chesman colby lurking behind faf de klaag at scrum time visser picks up blashes his way upfield here here here de klaag looks for peter steph dutoy st abagas rugby player of the year three times,normal_play,0.02
639.0,644.0,here here here de klaag looks for peter steph dutoy st abagas rugby player of the year three times,normal_play,0.02
643.5,648.5,here here here de klaag looks for peter steph dutoy st abagas rugby player of the year three times ok use it box one high again another excellent take of an absolutely eaten on the ground is mack hanson,normal_play,0.02
648.0,653.0,ok use it box one high again another excellent take of an absolutely eaten on the ground is mack hanson,normal_play,0.02
652.5,657.5,ok use it box one high again another excellent take of an absolutely eaten on the ground is mack hanson,normal_play,0.02
657.0,662.0,ok use it box one high again another excellent take of an absolutely eaten on the ground is mack hanson arlen youre fine youre on the wrong side youve got to roll quicker if i want a reward too youre ok,normal_play,0.32
661.5,666.5,arlen youre fine youre on the wrong side youve got to roll quicker if i want a reward too youre ok,normal_play,0.32
666.0,671.0,arlen youre fine youre on the wrong side youve got to roll quicker if i want a reward too youre ok its just fours on the wrong side nice explain by van okeef the jackal is a bongi on benambi on the,normal_play,0.32
670.5,675.5,its just fours on the wrong side nice explain by van okeef the jackal is a bongi on benambi on the,normal_play,0.0
675.0,680.0,its just fours on the wrong side nice explain by van okeef the jackal is a bongi on benambi on the jackal which was legit i was really happy with that contest i thought he was off your arm i thought your,normal_play,0.0
679.5,684.5,jackal which was legit i was really happy with that contest i thought he was off your arm i thought your elbow was up as well but it was even at stibeth just lying on the wrong side deemed to be creating a,normal_play,0.13
684.0,689.0,elbow was up as well but it was even at stibeth just lying on the wrong side deemed to be creating a,normal_play,0.13
688.5,693.5,elbow was up as well but it was even at stibeth just lying on the wrong side deemed to be creating a hurdle for the clearers what about that scrum the irish forwards reckon that they took great confidence from,normal_play,0.13
693.0,698.0,hurdle for the clearers what about that scrum the irish forwards reckon that they took great confidence from,normal_play,0.13
697.5,702.5,hurdle for the clearers what about that scrum the irish forwards reckon that they took great confidence from,tmo_replay,0.12
702.0,707.0,hurdle for the clearers what about that scrum the irish forwards reckon that they took great confidence from that win against south africa back in november even a couple of the backs have attended the scrum sessions this week,tmo_replay,0.12
706.5,711.5,that win against south africa back in november even a couple of the backs have attended the scrum sessions this week so some education in the dark arts of course south africa poses such a physical challenge but theyre also,tmo_replay,0.12
711.0,716.0,that win against south africa back in november even a couple of the backs have attended the scrum sessions this week so some education in the dark arts of course south africa poses such a physical challenge but theyre also,lineout,0.37
715.5,720.5,so some education in the dark arts of course south africa poses such a physical challenge but theyre also technically smart so this is going to be a huge challenge for ireland,lineout,0.37
720.0,725.0,technically smart so this is going to be a huge challenge for ireland,lineout,0.37
724.5,729.5,yeah now theyre in their look on some of the extras eleven players from ireland eleven from south africa who played in that,lineout,0.37
729.0,734.0,yeah now theyre in their look on some of the extras eleven players from ireland eleven from south africa who played in that last game well here tonight 1960 was a score there ireland winning by three traditionally been very close,normal_play,0.0
733.5,738.5,last game well here tonight 1960 was a score there ireland winning by three traditionally been very close encounters over the top the fourth line up goes the right for andy farrell side a worrying point for them so far in this game,normal_play,0.0
738.0,743.0,last game well here tonight 1960 was a score there ireland winning by three traditionally been very close encounters over the top the fourth line up goes the right for andy farrell side a worrying point for them so far in this game,normal_play,0.13
742.5,747.5,encounters over the top the fourth line up goes the right for andy farrell side a worrying point for them so far in this game franco mustard is at the back there de klaak for the touch line this time nice clearance from the scrum off,normal_play,0.13
747.0,752.0,encounters over the top the fourth line up goes the right for andy farrell side a worrying point for them so far in this game franco mustard is at the back there de klaak for the touch line this time nice clearance from the scrum off,normal_play,0.13
751.5,756.5,franco mustard is at the back there de klaak for the touch line this time nice clearance from the scrum off,normal_play,0.0
756.0,761.0,franco mustard is at the back there de klaak for the touch line this time nice clearance from the scrum off yes lovely techers from fafter klaak there he managed to get his side up towards the 10 from that position hes admirable,normal_play,0.0
760.5,765.5,yes lovely techers from fafter klaak there he managed to get his side up towards the 10 from that position hes admirable,normal_play,0.0
765.0,770.0,yes lovely techers from fafter klaak there he managed to get his side up towards the 10 from that position hes admirable,lineout,0.32
769.5,774.5,yes lovely techers from fafter klaak there he managed to get his side up towards the 10 from that position hes admirable real concern for this ireland line up though and perhaps south africa wont mind pumping the ball at the sideline,lineout,0.32
774.0,779.0,real concern for this ireland line up though and perhaps south africa wont mind pumping the ball at the sideline hes seen five continue to put threat theyre going to go for a five man line out see if they can get it right this time,lineout,0.32
778.5,783.5,hes seen five continue to put threat theyre going to go for a five man line out see if they can get it right this time,lineout,0.32
783.0,788.0,hes seen five continue to put threat theyre going to go for a five man line out see if they can get it right this time pressure on kelleher 25 year old hes 24th cap for ireland can he find his mark yes is the answer pidoh mani with a great take in his 100th,lineout,0.32
787.5,792.5,pressure on kelleher 25 year old hes 24th cap for ireland can he find his mark yes is the answer pidoh mani with a great take in his 100th,normal_play,0.02
792.0,797.0,pressure on kelleher 25 year old hes 24th cap for ireland can he find his mark yes is the answer pidoh mani with a great take in his 100th,normal_play,0.02
796.5,801.5,pressure on kelleher 25 year old hes 24th cap for ireland can he find his mark yes is the answer pidoh mani with a great take in his 100th appearance and now flat ball in the middle from johnny sexton changes direction ringrose throws a dummy,normal_play,0.02
801.0,806.0,appearance and now flat ball in the middle from johnny sexton changes direction ringrose throws a dummy the carry with james ryan players play out of the air for ireland in 2019 khaleesi a real nuisance around the breakdown,normal_play,0.02
805.5,810.5,the carry with james ryan players play out of the air for ireland in 2019 khaleesi a real nuisance around the breakdown,normal_play,0.7
810.0,815.0,the carry with james ryan players play out of the air for ireland in 2019 khaleesi a real nuisance around the breakdown,normal_play,0.7
814.5,819.5,the carry with james ryan players play out of the air for ireland in 2019 khaleesi a real nuisance around the breakdown,normal_play,0.7
819.0,824.0,the carry with james ryan players play out of the air for ireland in 2019 khaleesi a real nuisance around the breakdown johnny sexton nice dummy couple of fakes and they go over the top here comes ireland now beautiful bit of work hugo keenan the fox gets very close,normal_play,0.7
823.5,828.5,johnny sexton nice dummy couple of fakes and they go over the top here comes ireland now beautiful bit of work hugo keenan the fox gets very close,normal_play,0.7
828.0,833.0,johnny sexton nice dummy couple of fakes and they go over the top here comes ireland now beautiful bit of work hugo keenan the fox gets very close does hugo hugo keenan akira is in there as well kelleher to the right here come the irish now cailan doris they get very very close,normal_play,0.7
832.5,837.5,does hugo hugo keenan akira is in there as well kelleher to the right here come the irish now cailan doris they get very very close,tmo_replay,0.27
837.0,842.0,does hugo hugo keenan akira is in there as well kelleher to the right here come the irish now cailan doris they get very very close,tmo_replay,0.27
841.5,846.5,does hugo hugo keenan akira is in there as well kelleher to the right here come the irish now cailan doris they get very very close thats off the back of a fabulous sequence of attack they managed to get the line out right this time and then they were off and running,tmo_replay,0.27
846.0,851.0,thats off the back of a fabulous sequence of attack they managed to get the line out right this time and then they were off and running,tmo_replay,0.27
850.5,855.5,thats off the back of a fabulous sequence of attack they managed to get the line out right this time and then they were off and running,tmo_replay,0.27
855.0,860.0,thats off the back of a fabulous sequence of attack they managed to get the line out right this time and then they were off and running what about the throw over the top the pump and then that perfectly played ball its hugo keenan would defend the pirouette and so close,tmo_replay,0.27
859.5,864.5,what about the throw over the top the pump and then that perfectly played ball its hugo keenan would defend the pirouette and so close,tmo_replay,0.27
864.0,869.0,what about the throw over the top the pump and then that perfectly played ball its hugo keenan would defend the pirouette and so close guys times a lot lets go please speaking to andy farrell pre match even he wasnt sure if they were going to be able to play that attacking attractive rugby that they have played in the first two games,normal_play,0.0
868.5,873.5,guys times a lot lets go please speaking to andy farrell pre match even he wasnt sure if they were going to be able to play that attacking attractive rugby that they have played in the first two games,normal_play,0.0
873.0,878.0,guys times a lot lets go please speaking to andy farrell pre match even he wasnt sure if they were going to be able to play that attacking attractive rugby that they have played in the first two games,normal_play,0.0
877.5,882.5,guys times a lot lets go please speaking to andy farrell pre match even he wasnt sure if they were going to be able to play that attacking attractive rugby that they have played in the first two games given the physicality of south african side but its pretty clear the intent is there already as we see andre pallard there,scrum,0.37
882.0,887.0,given the physicality of south african side but its pretty clear the intent is there already as we see andre pallard there hes going to come back into the south african squad officially as a replacement for malcolm marks,scrum,0.37
886.5,891.5,hes going to come back into the south african squad officially as a replacement for malcolm marks,scrum,0.37
891.0,896.0,hes going to come back into the south african squad officially as a replacement for malcolm marks,scrum,0.37
895.5,900.5,hes going to come back into the south african squad officially as a replacement for malcolm marks good hide this side great audio there from the crowd as you said andre pallard amazing addition for the africa side,scrum,0.37
900.0,905.0,hes going to come back into the south african squad officially as a replacement for malcolm marks good hide this side great audio there from the crowd as you said andre pallard amazing addition for the africa side,scrum,0.37
904.5,909.5,good hide this side great audio there from the crowd as you said andre pallard amazing addition for the africa side,scrum,0.37
909.0,914.0,good hide this side great audio there from the crowd as you said andre pallard amazing addition for the africa side kick 22 points to the rugby world cup final in 2019 against england,normal_play,0.32
913.5,918.5,kick 22 points to the rugby world cup final in 2019 against england well cover from his car penalty south africa its scrum time,normal_play,0.32
918.0,923.0,well cover from his car penalty south africa its scrum time its gone again twice its now a penalty wait for my call please,normal_play,0.0
922.5,927.5,its gone again twice its now a penalty wait for my call please,normal_play,0.23
927.0,932.0,its gone again twice its now a penalty wait for my call please thanks boys another early engagement identification from referee ben akeed i dont think theres a problem when theyre down scrumaging at the moment its just the process,normal_play,0.23
931.5,936.5,another early engagement identification from referee ben akeed i dont think theres a problem when theyre down scrumaging at the moment its just the process,normal_play,0.23
936.0,941.0,another early engagement identification from referee ben akeed i dont think theres a problem when theyre down scrumaging at the moment its just the process obviously not quite o f a with mr okeefes calls or something but i need you to be able to adapt to the call its slow im waiting for balance and then you can go,normal_play,0.0
940.5,945.5,obviously not quite o f a with mr okeefes calls or something but i need you to be able to adapt to the call its slow im waiting for balance and then you can go,lineout,0.45
945.0,950.0,obviously not quite o f a with mr okeefes calls or something but i need you to be able to adapt to the call its slow im waiting for balance and then you can go,lineout,0.45
949.5,954.5,obviously not quite o f a with mr okeefes calls or something but i need you to be able to adapt to the call its slow im waiting for balance and then you can go i saw green come first please adapt thank you,lineout,0.45
954.0,959.0,i saw green come first please adapt thank you often its because theyre so desperate to meet the hit against the strong scrumaging side they dont want to lose that initial hit but at the moment theyre going early,lineout,0.45
958.5,963.5,often its because theyre so desperate to meet the hit against the strong scrumaging side they dont want to lose that initial hit but at the moment theyre going early,lineout,0.45
963.0,968.0,often its because theyre so desperate to meet the hit against the strong scrumaging side they dont want to lose that initial hit but at the moment theyre going early south africa get their line with eben etzebeth in the front khaleesi now in midfield with courageous captain tackle got his knee on the ground tackle,normal_play,0.0
967.5,972.5,south africa get their line with eben etzebeth in the front khaleesi now in midfield with courageous captain tackle got his knee on the ground tackle,normal_play,0.12
972.0,977.0,south africa get their line with eben etzebeth in the front khaleesi now in midfield with courageous captain tackle got his knee on the ground tackle,normal_play,0.12
976.5,981.5,south africa get their line with eben etzebeth in the front khaleesi now in midfield with courageous captain tackle got his knee on the ground tackle good turnover good being pinched up the middle come ireland tight burn and then ireland lose it did well to stop south african captain,normal_play,0.12
981.0,986.0,good turnover good being pinched up the middle come ireland tight burn and then ireland lose it did well to stop south african captain,normal_play,0.12
985.5,990.5,good turnover good being pinched up the middle come ireland tight burn and then ireland lose it did well to stop south african captain good turnover good tackle got his knee on the ground tackle did you get a turnover did you get a good turnover knock on,normal_play,0.0
990.0,995.0,good turnover good tackle got his knee on the ground tackle did you get a turnover did you get a good turnover knock on,normal_play,0.0
994.5,999.5,good turnover good tackle got his knee on the ground tackle did you get a turnover did you get a good turnover knock on well give it to you its a crisp seed from levoq to his skipper talk to ronan timing he was met pretty smartly by kalan doris they try and do the hold up eventually it ends up being a ruck,normal_play,0.0
999.0,1004.0,well give it to you its a crisp seed from levoq to his skipper talk to ronan timing he was met pretty smartly by kalan doris they try and do the hold up eventually it ends up being a ruck,normal_play,0.0
1003.5,1008.5,well give it to you its a crisp seed from levoq to his skipper talk to ronan timing he was met pretty smartly by kalan doris they try and do the hold up eventually it ends up being a ruck,normal_play,0.0
1008.0,1013.0,well give it to you its a crisp seed from levoq to his skipper talk to ronan timing he was met pretty smartly by kalan doris they try and do the hold up eventually it ends up being a ruck he gets the steal and its the offload from doris i think he might have dropped one close to the line hes shelled another it was good defensive work theyll be encouraged by that turnover first phase,normal_play,0.0
1012.5,1017.5,he gets the steal and its the offload from doris i think he might have dropped one close to the line hes shelled another it was good defensive work theyll be encouraged by that turnover first phase,normal_play,0.0
1017.0,1022.0,he gets the steal and its the offload from doris i think he might have dropped one close to the line hes shelled another it was good defensive work theyll be encouraged by that turnover first phase,normal_play,0.0
1021.5,1026.5,he gets the steal and its the offload from doris i think he might have dropped one close to the line hes shelled another it was good defensive work theyll be encouraged by that turnover first phase the bomb squad seven and one split on the bench so much chat about that of course since they use it against new zealand in the warm ups,normal_play,0.0
1026.0,1031.0,the bomb squad seven and one split on the bench so much chat about that of course since they use it against new zealand in the warm ups,normal_play,0.0
1030.5,1035.5,the bomb squad seven and one split on the bench so much chat about that of course since they use it against new zealand in the warm ups hes eating at a premium on that bench with seven forwards taking up all the space kovac rynapp the only lucky back to make the cut but i love it dalton because i think it reminds us that rugby is about the skill set,normal_play,0.0
1035.0,1040.0,the bomb squad seven and one split on the bench so much chat about that of course since they use it against new zealand in the warm ups hes eating at a premium on that bench with seven forwards taking up all the space kovac rynapp the only lucky back to make the cut but i love it dalton because i think it reminds us that rugby is about the skill set,normal_play,0.0
1039.5,1044.5,hes eating at a premium on that bench with seven forwards taking up all the space kovac rynapp the only lucky back to make the cut but i love it dalton because i think it reminds us that rugby is about the skill set,normal_play,0.0
1044.0,1049.0,hes eating at a premium on that bench with seven forwards taking up all the space kovac rynapp the only lucky back to make the cut but i love it dalton because i think it reminds us that rugby is about the skill set its not just the number on your back i think thats a useful thing to remind youngsters of you know dont think too much about the position youre playing its as much just what you bring to the game you bring that wherever you play,normal_play,0.0
1048.5,1053.5,its not just the number on your back i think thats a useful thing to remind youngsters of you know dont think too much about the position youre playing its as much just what you bring to the game you bring that wherever you play,normal_play,0.0
1053.0,1058.0,its not just the number on your back i think thats a useful thing to remind youngsters of you know dont think too much about the position youre playing its as much just what you bring to the game you bring that wherever you play,normal_play,0.0
1057.5,1062.5,its not just the number on your back i think thats a useful thing to remind youngsters of you know dont think too much about the position youre playing its as much just what you bring to the game you bring that wherever you play yeah youre right some opposition fans question the decision some say i could support us all but as nervous as a long tailed cat in a room filled with rocking chairs but it worked for them in the past,normal_play,0.0
1062.0,1067.0,yeah youre right some opposition fans question the decision some say i could support us all but as nervous as a long tailed cat in a room filled with rocking chairs but it worked for them in the past,normal_play,0.0
1066.5,1071.5,yeah youre right some opposition fans question the decision some say i could support us all but as nervous as a long tailed cat in a room filled with rocking chairs but it worked for them in the past innovation its good for the game breaking the mould as weve seen the south africa team do before its creative well see how it goes over the course of this game,normal_play,0.0
1071.0,1076.0,innovation its good for the game breaking the mould as weve seen the south africa team do before its creative well see how it goes over the course of this game,scrum,0.41
1075.5,1080.5,innovation its good for the game breaking the mould as weve seen the south africa team do before its creative well see how it goes over the course of this game,scrum,0.41
1080.0,1085.0,innovation its good for the game breaking the mould as weve seen the south africa team do before its creative well see how it goes over the course of this game jacques nineber admit that there was an element of risk to picking a 7 1 split on the bench but there was an element of risk in everything in rugby you could get a red card early so it was a risk they were willing to take,scrum,0.41
1084.5,1089.5,jacques nineber admit that there was an element of risk to picking a 7 1 split on the bench but there was an element of risk in everything in rugby you could get a red card early so it was a risk they were willing to take,scrum,0.41
1089.0,1094.0,jacques nineber admit that there was an element of risk to picking a 7 1 split on the bench but there was an element of risk in everything in rugby you could get a red card early so it was a risk they were willing to take,scrum,0.41
1093.5,1098.5,jacques nineber admit that there was an element of risk to picking a 7 1 split on the bench but there was an element of risk in everything in rugby you could get a red card early so it was a risk they were willing to take yeah youre so right thats true nineber and the brain stress of this spring box who of course won the last one in 2019 played in seven of the nine rugby world cups,scrum,0.41
1098.0,1103.0,yeah youre so right thats true nineber and the brain stress of this spring box who of course won the last one in 2019 played in seven of the nine rugby world cups,scrum,0.41
1102.5,1107.5,yeah youre so right thats true nineber and the brain stress of this spring box who of course won the last one in 2019 played in seven of the nine rugby world cups,normal_play,0.02
1107.0,1112.0,yeah youre so right thats true nineber and the brain stress of this spring box who of course won the last one in 2019 played in seven of the nine rugby world cups up the clack comes to willemsep played fly off as well early in this tournament damien willemsep does really well both full backs having some strong feet here comes the giant frame of etzabeth that takes his shot as well to the ground,normal_play,0.02
1111.5,1116.5,up the clack comes to willemsep played fly off as well early in this tournament damien willemsep does really well both full backs having some strong feet here comes the giant frame of etzabeth that takes his shot as well to the ground,normal_play,0.02
1116.0,1121.0,up the clack comes to willemsep played fly off as well early in this tournament damien willemsep does really well both full backs having some strong feet here comes the giant frame of etzabeth that takes his shot as well to the ground,normal_play,0.02
1120.5,1125.5,up the clack comes to willemsep played fly off as well early in this tournament damien willemsep does really well both full backs having some strong feet here comes the giant frame of etzabeth that takes his shot as well to the ground the clack want a quicker ball for livock to attack with here comes umbanami wide ball from pfaff finds adesap good tackle low gets in as well its ireland thats stopped this attack and draw the penalty as well,normal_play,0.02
1125.0,1130.0,up the clack comes to willemsep played fly off as well early in this tournament damien willemsep does really well both full backs having some strong feet here comes the giant frame of etzabeth that takes his shot as well to the ground the clack want a quicker ball for livock to attack with here comes umbanami wide ball from pfaff finds adesap good tackle low gets in as well its ireland thats stopped this attack and draw the penalty as well,normal_play,0.02
1129.5,1134.5,the clack want a quicker ball for livock to attack with here comes umbanami wide ball from pfaff finds adesap good tackle low gets in as well its ireland thats stopped this attack and draw the penalty as well,normal_play,0.13
1134.0,1139.0,the clack want a quicker ball for livock to attack with here comes umbanami wide ball from pfaff finds adesap good tackle low gets in as well its ireland thats stopped this attack and draw the penalty as well,normal_play,0.13
1138.5,1143.5,the clack want a quicker ball for livock to attack with here comes umbanami wide ball from pfaff finds adesap good tackle low gets in as well its ireland thats stopped this attack and draw the penalty as well,normal_play,0.0
1143.0,1148.0,the clack want a quicker ball for livock to attack with here comes umbanami wide ball from pfaff finds adesap good tackle low gets in as well its ireland thats stopped this attack and draw the penalty as well what a ball,normal_play,0.0
1147.5,1152.5,what a ball,normal_play,0.0
1152.0,1157.0,what a ball i always think back three players get particularly fired up when they get turnover james does really good over the ball hes also got an absolutely monster boot on him,normal_play,0.0
1156.5,1161.5,i always think back three players get particularly fired up when they get turnover james does really good over the ball hes also got an absolutely monster boot on him,normal_play,0.15
1161.0,1166.0,i always think back three players get particularly fired up when they get turnover james does really good over the ball hes also got an absolutely monster boot on him hes pretty smart with ball in hand as well,normal_play,0.15
1165.5,1170.5,hes pretty smart with ball in hand as well such a weapon for this irish side the defence has been good,normal_play,0.15
1170.0,1175.0,the defence has been good the opening 16 or so minutes of this game,normal_play,0.15
1174.5,1179.5,the opening 16 or so minutes of this game,tmo_replay,0.16
1179.0,1184.0,the opening 16 or so minutes of this game lets work hard on the step here met you everyone at the front,tmo_replay,0.16
1183.5,1188.5,lets work hard on the step here met you everyone at the front okay sam youve got a receiver two metres willemsep will get his naughty feet out theres the turnover manages to get a hand on the ball look at that,tmo_replay,0.16
1188.0,1193.0,okay sam youve got a receiver two metres willemsep will get his naughty feet out theres the turnover manages to get a hand on the ball look at that,normal_play,0.02
1192.5,1197.5,willemsep will get his naughty feet out theres the turnover manages to get a hand on the ball look at that supporting his own weight nice and low great technique so here we go,normal_play,0.02
1197.0,1202.0,so here we go can ronan kelleher,lineout,0.31
1201.5,1206.5,can ronan kelleher andrew come down continue to get line of possession here,lineout,0.31
1206.0,1211.0,continue to get line of possession here okay whats that met you its an irish side that have won 27 of 29 games in the last two years only losing to new zealand and france,lineout,0.31
1210.5,1215.5,its an irish side that have won 27 of 29 games in the last two years only losing to new zealand and france sit up off the mark off the mark,lineout,0.31
1215.0,1220.0,sit up off the mark off the mark managed to work a five man line up earlier with a bit of movement and that was the key thats good now,normal_play,0.02
1219.5,1224.5,thats good now again its moving this time they come right to the front,normal_play,0.03
1224.0,1229.0,again its moving this time they come right to the front secure ball kelleher rips it away,normal_play,0.31
1228.5,1233.5,secure ball kelleher rips it away bundee aki steaming in what a bulldozer he is for the irish side but its south africa,normal_play,0.31
1233.0,1238.0,what a bulldozer he is for the irish side but its south africa that are all over this one as well,normal_play,0.0
1237.5,1242.5,that are all over this one as well both sides winning breakdown penalty sevens on the good side nine careful youve got the penalty,normal_play,0.14
1242.0,1247.0,both sides winning breakdown penalty sevens on the good side nine careful youve got the penalty here it is,normal_play,0.14
1246.5,1251.5,here it is side drop the ball the little raff on the wrist for fafta clark for rubbing it in,normal_play,0.14
1251.0,1256.0,the little raff on the wrist for fafta clark for rubbing it in expect nothing less from the nine im definitely watching,normal_play,0.14
1255.5,1260.5,im definitely watching dont get involved youve got the penalty yeah i agree,normal_play,0.14
1260.0,1265.0,dont get involved youve got the penalty yeah i agree so bandi bundee aki coming on that hard line,lineout,0.33
1264.5,1269.5,so bandi bundee aki coming on that hard line i mean he has been ridiculous so far theyve had two fairly comfortable games,lineout,0.33
1269.0,1274.0,i mean he has been ridiculous so far theyve had two fairly comfortable games but in those games hes gone for about 268 metres,lineout,0.33
1273.5,1278.5,but in those games hes gone for about 268 metres marked the line on and off i think hes been praised by anyone whos had him in their fantasy team,lineout,0.33
1278.0,1283.0,i think hes been praised by anyone whos had him in their fantasy team because hes been scoring points wholesale in that,normal_play,0.06
1282.5,1287.5,because hes been scoring points wholesale in that hes a player you do not look past johnny sexton also collecting a ton of points for the irish side last time,normal_play,0.06
1287.0,1292.0,hes a player you do not look past johnny sexton also collecting a ton of points for the irish side last time,normal_play,0.06
1291.5,1296.5,johnny sexton also collecting a ton of points for the irish side last time le book finds aronson flat ball jesse krill comes flying in,normal_play,0.05
1296.0,1301.0,le book finds aronson flat ball jesse krill comes flying in the clark again nice ball on the inside peter steff the toy,normal_play,0.05
1300.5,1305.5,the clark again nice ball on the inside peter steff the toy and its the spring box now they find themselves on the front foot,normal_play,0.05
1305.0,1310.0,and its the spring box now they find themselves on the front foot no no no and benavi and exibeth in there as well,normal_play,0.05
1309.5,1314.5,and benavi and exibeth in there as well between the legs le book behind the bat to diolendi puts one to the ground,normal_play,0.07
1314.0,1319.0,behind the bat to diolendi puts one to the ground and the inside set up hes a bulky frame as well,normal_play,0.07
1318.5,1323.5,and the inside set up hes a bulky frame as well the hands down the chain,normal_play,0.02
1323.0,1328.0,the hands down the chain a kick through from damian villamse and he has timed that to perfection,normal_play,0.02
1327.5,1332.5,and he has timed that to perfection,normal_play,0.02
1332.0,1337.0,no it was ok real celebration,normal_play,0.02
1336.5,1341.5,real celebration the perfect kick just staying the right side of that flag in the corner,normal_play,0.02
1341.0,1346.0,the perfect kick just staying the right side of that flag in the corner come on down carry him over the shoulder,normal_play,0.05
1345.5,1350.5,come on down carry him over the shoulder theres he trouble for gary ringrose hes out of the line out stop hes out of the line out,lineout,0.32
1350.0,1355.0,trouble for gary ringrose hes out of the line out stop hes out of the line out keep going jimmy line outs on,lineout,0.32
1354.5,1359.5,keep going jimmy line outs on,lineout,0.32
1363.5,1368.5,islands line out five out again shortened numbers to secure possession,normal_play,0.07
1368.0,1373.0,again shortened numbers to secure possession james ryan is accurate gibson park moves it away,normal_play,0.07
1372.5,1377.5,james ryan is accurate gibson park moves it away here comes cailan dorris 25 year old,normal_play,0.03
1377.0,1382.0,here comes cailan dorris 25 year old island set up again use it now,normal_play,0.03
1381.5,1386.5,again use it now no its not its not great barrier island in new zealand,tmo_replay,0.18
1386.0,1391.0,great barrier island in new zealand and that one charged down,tmo_replay,0.18
1390.5,1395.5,he was onside the whole time thank you jimmy,tmo_replay,0.18
1395.0,1400.0,he was onside the whole time thank you jimmy,normal_play,0.0
1399.5,1404.5,its a big obstacle isnt it when youre trying to box out of there,lineout,0.34
1404.0,1409.0,its a big obstacle isnt it when youre trying to box out of there portman ok for two hes offside but just about right side of the line,lineout,0.34
1408.5,1413.5,portman ok for two hes offside but just about right side of the line two minutes hes a real nuisance at the line up time as well hes giving it a bit,lineout,0.34
1413.0,1418.0,two minutes hes a real nuisance at the line up time as well hes giving it a bit,tmo_replay,0.11
1417.5,1422.5,inaccuracy headline out time for island could be very costly in this game,tmo_replay,0.17
1422.0,1427.0,inaccuracy headline out time for island could be very costly in this game,tmo_replay,0.17
1426.5,1431.5,this is the last attack for south africa that angle krills coming on there its really nice,tmo_replay,0.17
1431.0,1436.0,that angle krills coming on there its really nice go please,tmo_replay,0.19
1435.5,1440.5,go please and the slight of hands from marnie le boc thats the one that left gary ringrose feeling a little bit rusty,tmo_replay,0.19
1440.0,1445.0,thats the one that left gary ringrose feeling a little bit rusty,normal_play,0.02
1444.5,1449.5,tried to put the big shot on damian di alendi,normal_play,0.02
1449.0,1454.0,tried to put the big shot on damian di alendi not easy to do ok 13 green sub hia,normal_play,0.02
1453.5,1458.5,sub hia in fact ringrose is going off for an hia,normal_play,0.01
1458.0,1463.0,in fact ringrose is going off for an hia tried to hit di alendi whos 106kg or so,normal_play,0.01
1462.5,1467.5,tried to hit di alendi whos 106kg or so in the mould of jean de villiers you might say whos sat behind us here in the coventry box,normal_play,0.01
1467.0,1472.0,in the mould of jean de villiers you might say whos sat behind us here in the coventry box,normal_play,0.01
1471.5,1476.5,in the mould of jean de villiers you might say whos sat behind us here in the coventry box not a bad replacement from robbie henshaw there as well for gary ringrose,normal_play,0.01
1476.0,1481.0,not a bad replacement from robbie henshaw there as well for gary ringrose same message timing,scrum,0.41
1480.5,1485.5,same message timing we also have bryna disco the great irish legend thats here as well didnt bring his boots he said,scrum,0.41
1485.0,1490.0,we also have bryna disco the great irish legend thats here as well didnt bring his boots he said still a rugby world cup record holder with the irish side,scrum,0.41
1489.5,1494.5,still a rugby world cup record holder with the irish side weve never got past the quarter finals in fact,scrum,0.41
1494.0,1499.0,weve never got past the quarter finals in fact i wouldnt believe that team to fall with the irish side robbie henshaw coming in and hell need all 70 caps experience,scrum,0.41
1498.5,1503.5,robbie henshaw coming in and hell need all 70 caps experience now 71 to defend this scrum,scrum,0.41
1503.0,1508.0,now 71 to defend this scrum,normal_play,0.65
1507.5,1512.5,to clap feeds for south africa theyre up 3 0 21 minutes gone,normal_play,0.65
1512.0,1517.0,to clap feeds for south africa theyre up 3 0 21 minutes gone di alendi goes upfield,normal_play,0.65
1516.5,1521.5,daniel di alendi within 3 metres south africa on the verge of scoring,normal_play,0.09
1521.0,1526.0,daniel di alendi within 3 metres south africa on the verge of scoring he just stepped the toy stump and the balls been pitched as well that is excellent from ireland,normal_play,0.06
1525.5,1530.5,he just stepped the toy stump and the balls been pitched as well that is excellent from ireland,normal_play,0.06
1534.5,1539.5,south africa scrum taken back south africa scrum,normal_play,0.06
1539.0,1544.0,south africa scrum taken back south africa scrum no its been ripped by green 11 and its gone back into end goal,normal_play,0.06
1543.5,1548.5,no its been ripped by green 11 and its gone back into end goal at the moment daniel di alendi is taking out ireland players one by one,normal_play,0.06
1548.0,1553.0,at the moment daniel di alendi is taking out ireland players one by one,tmo_replay,0.13
1552.5,1557.5,honeylebock pre calling that im pretty sure he was saying you come back against the angle,tmo_replay,0.13
1557.0,1562.0,honeylebock pre calling that im pretty sure he was saying you come back against the angle he almost pre called the step running into johnny sex and he put a good shoulder contact,tmo_replay,0.13
1561.5,1566.5,he almost pre called the step running into johnny sex and he put a good shoulder contact but its come off second best,tmo_replay,0.13
1566.0,1571.0,he almost pre called the step running into johnny sex and he put a good shoulder contact but its come off second best james lowe in there again doing a bit of back row work,normal_play,0.01
1570.5,1575.5,james lowe in there again doing a bit of back row work maybe save the score you know what will happen,normal_play,0.02
1575.0,1580.0,maybe save the score you know what will happen real worrying times for johnny sex and the captain of ireland,normal_play,0.02
1579.5,1584.5,real worrying times for johnny sex and the captain of ireland one of the most decorated players in the world,normal_play,0.02
1584.0,1589.0,one of the most decorated players in the world hes for frankie world cup,normal_play,0.02
1588.5,1593.5,okay south africa time to go back on please ireland time to go back on please,normal_play,0.02
1593.0,1598.0,okay south africa time to go back on please ireland time to go back on please,normal_play,0.02
1597.5,1602.5,okay south africa time to go back on please ireland time to go back on please well from the balls line this game is being played at a brilliant pace,normal_play,0.01
1602.0,1607.0,well from the balls line this game is being played at a brilliant pace a great tempo,normal_play,0.01
1606.5,1611.5,a great tempo a bit of a loose,normal_play,0.01
1611.0,1616.0,a bit of a loose ill say use it french legend,normal_play,0.01
1615.5,1620.5,french legend no no its taken back and then gone by green,scrum,0.49
1620.0,1625.0,no no its taken back and then gone by green ive heard you ive heard you bongi lets go theres the marcus in the middle,scrum,0.49
1624.5,1629.5,lets go theres the marcus in the middle other legends in the house gough rory mcilroy from ireland michael flatley the celebrated irish dancer is here as well,scrum,0.49
1629.0,1634.0,other legends in the house gough rory mcilroy from ireland michael flatley the celebrated irish dancer is here as well lets get back lets get back,scrum,0.49
1633.5,1638.5,lets get back lets get back see the way marnie labarque has just got his eyes widened at this area of the park,scrum,0.49
1638.0,1643.0,see the way marnie labarque has just got his eyes widened at this area of the park,scrum,0.49
1642.5,1647.5,see the way marnie labarque has just got his eyes widened at this area of the park when he knows hes getting the chance to create something just at his fast pace energising presence in this south african back line,scrum,0.49
1647.0,1652.0,just at his fast pace energising presence in this south african back line and hes got villamse behind him here,normal_play,0.62
1651.5,1656.5,and hes got villamse behind him here goal fine,normal_play,0.62
1656.0,1661.0,fine six,normal_play,0.62
1665.0,1670.0,the scrim box options both sides,normal_play,0.59
1669.5,1674.5,the clack short ball jesse kille very close,normal_play,0.59
1674.0,1679.0,jesse kille very close khaleesi loses it ireland have it theyre celebrating,normal_play,0.59
1678.5,1683.5,theyre celebrating no the ball is over the way theyve repelled the spring box but its not out,normal_play,0.05
1683.0,1688.0,the way theyve repelled the spring box but its not out villamse big step off his left gets rid of one,normal_play,0.05
1687.5,1692.5,big step off his left gets rid of one does the full back for south africa visa,normal_play,0.05
1692.0,1697.0,does the full back for south africa visa skips mostad goes to steven kitzhoff the one they call the angry plum,normal_play,0.05
1696.5,1701.5,the one they call the angry plum khaleesi takes goes low,normal_play,0.05
1701.0,1706.0,khaleesi takes goes low bounces out of a couple and a spill has come in there as well please dont run into him,normal_play,0.05
1705.5,1710.5,please dont run into him i did not see him move this is the set piece kille again,normal_play,0.05
1710.0,1715.0,this is the set piece kille again piercing through the middle what a tackle from bandi bundee aki,tmo_replay,0.19
1714.5,1719.5,chops him down eyes on gets low takes the legs that is fabulous,tmo_replay,0.16
1719.0,1724.0,that is fabulous from both centres,tmo_replay,0.16
1723.5,1728.5,the ball is in the ball is in the ball is in,tmo_replay,0.16
1728.0,1733.0,the ball is in the ball is in the ball is in,tmo_replay,0.16
1732.5,1737.5,the ball is in for all money that was going to be a score heres the turnover just a little knock on in there,tmo_replay,0.16
1737.0,1742.0,heres the turnover just a little knock on in there james ospire up and why not,tmo_replay,0.16
1741.5,1746.5,james ospire up and why not the ireland defence keeping them out just about at the moment,normal_play,0.03
1746.0,1751.0,just about at the moment the timing is much better ireland good patience thats the call,scrum,0.38
1750.5,1755.5,thats the call,scrum,0.38
1759.5,1764.5,one two three,scrum,0.38
1764.0,1769.0,one two three,scrum,0.38
1768.5,1773.5,coach fine,scrum,0.38
1773.0,1778.0,fine six,normal_play,0.06
1777.5,1782.5,last side full noise,normal_play,0.05
1782.0,1787.0,last side full noise here its dr france johnny sexton whoops and wide k9 hold,normal_play,0.02
1786.5,1791.5,k9 hold kicked downfield by hugo hugo keenan the former 7th international ireland work their way up the field,normal_play,0.05
1791.0,1796.0,ireland work their way up the field jimmy control that mark we need to have good depth of this line out,normal_play,0.02
1795.5,1800.5,we need to have good depth of this line out thats nifty yeah it is now,tmo_replay,0.16
1800.0,1805.0,yeah it is now we must have good space the south african back thrusters starting back to cover the kick but as the ireland attackers in the back shift it,tmo_replay,0.16
1804.5,1809.5,but as the ireland attackers in the back shift it ireland the back three of south africa have to come up which then leaves that backfield space,tmo_replay,0.16
1809.0,1814.0,the back three of south africa have to come up which then leaves that backfield space i actually think hugo hugo keenan is so skillful he probably would have wanted that to roll into the 22,lineout,0.38
1813.5,1818.5,i actually think hugo hugo keenan is so skillful he probably would have wanted that to roll into the 22 by his own standards hes been so impressive really making that 15 jersey his own,lineout,0.38
1818.0,1823.0,by his own standards hes been so impressive really making that 15 jersey his own,normal_play,0.02
1822.5,1827.5,south africa solid with khaleesi,normal_play,0.21
1827.0,1832.0,solid with khaleesi sataku no your hands no,normal_play,0.04
1831.5,1836.5,no thank you clack monty leboc goes to the sky kurt lee aronson comes down,normal_play,0.04
1836.0,1841.0,monty leboc goes to the sky kurt lee aronson comes down what a contest that is,normal_play,0.05
1840.5,1845.5,what a contest that is aronson wins it another international 7th player lining it up here at the rugby field,normal_play,0.06
1845.0,1850.0,another international 7th player lining it up here at the rugby field lying it up here at the rugby world cup low thought about a kick and then the dunny and hes been had by villamsa,normal_play,0.03
1849.5,1854.5,low thought about a kick and then the dunny and hes been had by villamsa ireland under pressure in their 22,normal_play,0.06
1854.0,1859.0,ireland under pressure in their 22 josh vanderfleet with a head gear is there as well,normal_play,0.05
1858.5,1863.5,josh vanderfleet with a head gear is there as well world rugby player of the year in 2022,normal_play,0.02
1863.0,1868.0,world rugby player of the year in 2022 johnny sexton just telling his forwards and backs where to go,normal_play,0.05
1867.5,1872.5,johnny sexton just telling his forwards and backs where to go no take a step five five four,normal_play,0.02
1872.0,1877.0,five five four jamison gibson park use it nine no youre still off,normal_play,0.03
1876.5,1881.5,no youre still off take a step behind the foot,normal_play,0.16
1881.0,1886.0,eben etzebeth gets close puts under pressure,normal_play,0.02
1885.5,1890.5,eben etzebeth gets close puts under pressure on the ground knocked on by south africa,tmo_replay,0.23
1890.0,1895.0,on the ground knocked on by south africa first forward in the year thats his 14,tmo_replay,0.23
1894.5,1899.5,thats his 14 almost peel how nerve racking that must be for gibson park trying to box,tmo_replay,0.23
1899.0,1904.0,almost peel how nerve racking that must be for gibson park trying to box kick under that pressure,tmo_replay,0.23
1903.5,1908.5,kick under that pressure and eben etzebeth kugelkeen potentially,normal_play,0.02
1908.0,1913.0,kugelkeen potentially laying ironson in the air there,normal_play,0.02
1912.5,1917.5,laying ironson in the air there thats pressure that causes gibson park to have to put thumbs off different trajectory on his kicks,normal_play,0.02
1917.0,1922.0,that causes gibson park to have to put thumbs off different trajectory on his kicks hes got to almost go straight up in the air which is why the ball dropped only about 10 metres ahead of where the rock was,normal_play,0.01
1921.5,1926.5,hes got to almost go straight up in the air which is why the ball dropped only about 10 metres ahead of where the rock was but iris chase is able to get up and make a mess of it,normal_play,0.01
1926.0,1931.0,but iris chase is able to get up and make a mess of it yes so electric to see kugelkeen ironson,normal_play,0.01
1930.5,1935.5,yes so electric to see kugelkeen ironson 12 try in 12 games,normal_play,0.01
1935.0,1940.0,12 try in 12 games and brad did you mention kugelkeen hes been 10 try on the score for his country,normal_play,0.01
1939.5,1944.5,hes been 10 try on the score for his country,normal_play,0.01
1944.0,1949.0,cross the olympic games coming here next year to france at this very stadium,normal_play,0.01
1948.5,1953.5,cross the olympic games coming here next year to france at this very stadium sevens will be played here inside start to france,normal_play,0.01
1953.0,1958.0,sevens will be played here inside start to france what an occasion,normal_play,0.01
1957.5,1962.5,now were going to restart with the scrum ollumbo,scrum,0.33
1962.0,1967.0,now were going to restart with the scrum ollumbo you want me to stop there well watch him on,scrum,0.33
1966.5,1971.5,well watch him on hell be here watching the sevens in the olympics next year no doubt hes going to be absolutely rocking hes going to be kicking off the olympics,scrum,0.33
1971.0,1976.0,hes going to be absolutely rocking hes going to be kicking off the olympics feet under you thats the message feet under next year,scrum,0.33
1975.5,1980.5,next year his feet need to come under your elbow needs to come up thats the message okay tidbit for you guys willy larue is not in the 22 today,scrum,0.33
1980.0,1985.0,tidbit for you guys willy larue is not in the 22 today the 23 today i should say but he is running the water for south africa,scrum,0.33
1984.5,1989.5,but he is running the water for south africa a couple of experienced water carriers out there its keith earls i think down there as well running water for ireland,scrum,0.35
1989.0,1994.0,its keith earls i think down there as well running water for ireland so a couple of useful wise old heads,scrum,0.35
1993.5,1998.5,so a couple of useful wise old heads guys we need to run the water on both teams,scrum,0.35
1998.0,2003.0,guys we need to run the water on both teams lets go lets sit please weve been waiting too long,scrum,0.35
2002.5,2007.5,weve been waiting too long lets hit the scrum weve got the ball,scrum,0.35
2007.0,2012.0,nearly half an hour play 3 0 south african lead ireland,scrum,0.35
2011.5,2016.5,ireland typically low affair only once in 117 years of this fixture as the team produced more than 50 points,scrum,0.35
2016.0,2021.0,only once in 117 years of this fixture as the team produced more than 50 points it was back in 2016,normal_play,0.47
2020.5,2025.5,it was back in 2016 6 32 26 so they have the 1 0 1 their last time,normal_play,0.47
2025.0,2030.0,so they have the 1 0 1 their last time theyve beaten the irish gives them a pull up rolls it backwards bundee aki again,normal_play,0.47
2029.5,2034.5,bundee aki again bursts through the line bundy bundee aki look at him go over the halfway line bundee aki is a sensation in this game,normal_play,0.47
2034.0,2039.0,bundee aki is a sensation in this game into the 22 for ireland,normal_play,0.47
2038.5,2043.5,into the 22 for ireland gives them a little bit of a break gibson park saw a bunch of watchers,normal_play,0.47
2043.0,2048.0,gibson park saw a bunch of watchers hes flying up on the right hand side the side to take contact,normal_play,0.47
2047.5,2052.5,the side to take contact numbers to the left porter for ireland can they capitalise on their break by bundy bundee aki,normal_play,0.08
2052.0,2057.0,for ireland can they capitalise on their break by bundy bundee aki,normal_play,0.08
2056.5,2061.5,can they capitalise on their break by bundy bundee aki he carries again delayed ball you know a manny is there,normal_play,0.08
2061.0,2066.0,you know a manny is there much better from this irish side a second carry again from andrew porter,normal_play,0.03
2065.5,2070.5,a second carry again from andrew porter debut in 2017,normal_play,0.03
2070.0,2075.0,debut in 2017 johnny sexton crunched as he gives the inside ball to james lowe,normal_play,0.03
2074.5,2079.5,crunched as he gives the inside ball to james lowe porter for the third time,normal_play,0.03
2079.0,2084.0,porter for the third time the hits keep coming gibson park,normal_play,0.02
2083.5,2088.5,gibson park shifts it to the right as ireland trying to make some progress here in the 22,normal_play,0.04
2088.0,2093.0,trying to make some progress here in the 22 johnny sexton just that wall of white jerseys,normal_play,0.04
2092.5,2097.5,just that wall of white jerseys with dutoy again behind the back wall trying to unlock,normal_play,0.04
2097.0,2102.0,trying to unlock josh vanderfleet,normal_play,0.04
2101.5,2106.5,johnny sexton over the top he goes bundy bundee aki yet again,normal_play,0.04
2106.0,2111.0,over the top he goes bundy bundee aki yet again beautiful ball to lowe on the inside,normal_play,0.04
2110.5,2115.5,needs help theres mustards all over him and a bindage for the irish side,normal_play,0.54
2115.0,2120.0,and a bindage for the irish side porter nice dummy from the front,normal_play,0.54
2119.5,2124.5,nice dummy from the front but the field is open nice dummy from the front from leicester,normal_play,0.54
2124.0,2129.0,nice dummy from the front from leicester a free play here for the irish side,normal_play,0.54
2128.5,2133.5,a free play here for the irish side with advantage gibson park still got the penalty advantage across theyll go the cross kick,normal_play,0.54
2133.0,2138.0,across theyll go the cross kick from henshaw,normal_play,0.54
2137.5,2142.5,and ireland will come back no clear release,normal_play,0.54
2142.0,2147.0,youre always in contact with the tackler goes to ground no clear release,normal_play,0.03
2146.5,2151.5,no clear release so even if he stays on his feet as the tackle assist there throwing the guy to ground,normal_play,0.03
2151.0,2156.0,so even if he stays on his feet as the tackle assist there throwing the guy to ground he has to release before he can get on the ball bundy bundee aki how about that for a carry,normal_play,0.03
2155.5,2160.5,how about that for a carry down the middle i thought he was going to go all the way showed a clean set of heels,normal_play,0.07
2160.0,2165.0,showed a clean set of heels the south african defence got back in numbers and quickly so they could get off the line and start putting their typical shots in,normal_play,0.07
2164.5,2169.5,and start putting their typical shots in there were some brilliant tackle in there,normal_play,0.07
2169.0,2174.0,there were some brilliant tackle in there franz malhauver upending andrew porter amongst many others,normal_play,0.0
2173.5,2178.5,amongst many others we knew it was going to be a tight affair weve only got three points on the scoreboard so far really off the five,normal_play,0.0
2178.0,2183.0,weve only got three points on the scoreboard so far really off the five you get a look at the penalty there you can see he went all,normal_play,0.0
2182.5,2187.5,you can see he went all never released the tackle player before he then got on the ball penalty all day,lineout,0.34
2187.0,2192.0,penalty all day good spot from ben bundee aki very quick,lineout,0.34
2191.5,2196.5,very quick theres some good news for ireland gary ringrose has passed his hia and will return to the field shortly,lineout,0.34
2196.0,2201.0,and will return to the field shortly thank you thank you,lineout,0.34
2200.5,2205.5,thank you will return to the field shortly that is great news for the irish side they cant love that they kick for the corner,normal_play,0.07
2205.0,2210.0,that is great news for the irish side they cant love that they kick for the corner because here comes callaghan now to the front,normal_play,0.07
2209.5,2214.5,because here comes callaghan now to the front van der vleer peels around eben etzebeth hasnt,normal_play,0.07
2214.0,2219.0,eben etzebeth hasnt van de bundee aki,normal_play,0.04
2218.5,2223.5,the most dangerous runner tonight still the irish wave comes,normal_play,0.02
2223.0,2228.0,still the irish wave comes at south africa gibson park to the right,try,0.94
2227.5,2232.5,gibson park to the right forwards quickly regathering themselves for the next wave,try,0.94
2232.0,2237.0,forwards quickly regathering themselves for the next wave peter omahony,try,0.94
2236.5,2241.5,peter omahony gibson park looks both ways,try,0.94
2241.0,2246.0,gibson park looks both ways again its van der vleer,try,0.94
2245.5,2250.5,ireland inching their way closer to the springbok trial line,try,0.94
2250.0,2255.0,ireland inching their way closer to the springbok trial line beautiful play johnny sexton throws a dummy,try,0.94
2254.5,2259.5,he gets so close to johnny johnny sexton no there it is heads behind,try,0.95
2259.0,2264.0,heads behind to the right no the numbers there,try,0.95
2263.5,2268.5,no the numbers there ireland will score and they put it down,try,0.95
2268.0,2273.0,and they put it down mack hanson rooks one in for the irish,try,0.95
2272.5,2277.5,rooks one in for the irish and the crowd erupts its not the france,tmo_replay,0.23
2277.0,2282.0,its not the france,tmo_replay,0.23
2281.5,2286.5,well thats a beautiful bit of play johnny johnny sexton gets so close,tmo_replay,0.23
2286.0,2291.0,johnny johnny sexton gets so close the scramble from south africa and it goes wide into the hands of the mustachioed mack hanson,tmo_replay,0.23
2290.5,2295.5,into the hands of the mustachioed mack hanson who gets over for irelands first score,tmo_replay,0.23
2295.0,2300.0,who gets over for irelands first score seven points if johnny sexton can pop this one over,tmo_replay,0.23
2299.5,2304.5,if johnny sexton can pop this one over what a moment for mack hanson born and bred in canberra australia,tmo_replay,0.23
2304.0,2309.0,what a moment for mack hanson born and bred in canberra australia he played super rugby for the brumbies was actually convinced to come playing or go play in ireland,goal_kick,0.54
2308.5,2313.5,was actually convinced to come playing or go play in ireland by iconic coach andy friend qualifies for ireland through his irish born mother,goal_kick,0.54
2313.0,2318.0,by iconic coach andy friend qualifies for ireland through his irish born mother and he has another try on the big stage,goal_kick,0.54
2317.5,2322.5,and he has another try on the big stage hes head of the head of this game these type of games its probably everything you dream of growing up,goal_kick,0.54
2322.0,2327.0,hes head of the head of this game these type of games its probably everything you dream of growing up well he might have to pitch himself,goal_kick,0.54
2326.5,2331.5,well he might have to pitch himself okay thank you so sit up were just going to keep working,goal_kick,0.54
2331.0,2336.0,so sit up were just going to keep working johnny johnny sexton from the right hand side,goal_kick,0.54
2335.5,2340.5,i think weve got the right pitchers at scrum,goal_kick,0.65
2340.0,2345.0,gave it in 2009 in dublin for his country,goal_kick,0.65
2344.5,2349.5,four six nations titles too many other titles to list right now,goal_kick,0.65
2349.0,2354.0,too many other titles to list right now he lines up the extra two does johnny sexton,goal_kick,0.65
2353.5,2358.5,does johnny sexton its straight through the middle its irelands seventh south africas three,tmo_replay,0.26
2358.0,2363.0,its irelands seventh south africas three and the flags are flying at 35 minutes,tmo_replay,0.26
2362.5,2367.5,and the flags are flying at 35 minutes its a fifth pass to james lowe,tmo_replay,0.26
2367.0,2372.0,its a fifth pass to james lowe across the face of the defenders it cut out about three defenders that pass james lowe just holding his feet,kick_off,0.62
2371.5,2376.5,james lowe just holding his feet good hands the catch and pass it felt like they earned that score,kick_off,0.62
2376.0,2381.0,it felt like they earned that score its a brilliant attack really nice from the guys in the emerald green,kick_off,0.62
2380.5,2385.5,really nice from the guys in the emerald green going for the attacking line ups as well,normal_play,0.07
2385.0,2390.0,going for the attacking line ups as well its paid full value,normal_play,0.07
2389.5,2394.5,so theres seven points khaleesi has it for south africa and yolendi puts a kick over the top,normal_play,0.01
2394.0,2399.0,and yolendi puts a kick over the top a one bounce and just like that the spring box,normal_play,0.01
2398.5,2403.5,and just like that the spring box putting on the pressure against ireland,normal_play,0.01
2403.0,2408.0,putting on the pressure against ireland well weve seen some bullish touches from vlnd with ball in hand,normal_play,0.01
2407.5,2412.5,well weve seen some bullish touches from vlnd with ball in hand that was a delicate one lovely little touch over the top,normal_play,0.01
2412.0,2417.0,that was a delicate one lovely little touch over the top i dont mind that you know youve got gertrude arnst out there,normal_play,0.01
2416.5,2421.5,youve got gertrude arnst out there hell chase anything and hes quick,lineout,0.32
2421.0,2426.0,ronan callaghan,lineout,0.32
2425.5,2430.5,ronan callaghan to the middle uncontested gibson park,normal_play,0.32
2430.0,2435.0,uncontested gibson park ireland running upfield now doris,normal_play,0.33
2434.5,2439.5,penalty on the ireland this will help them get down the field,normal_play,0.33
2439.0,2444.0,this will help them get down the field fabulous carry from doris,normal_play,0.19
2443.5,2448.5,fabulous carry from doris it was dutoy who was lying on the wrong side,normal_play,0.19
2448.0,2453.0,it was dutoy who was lying on the wrong side thats what can happen if you get the dominant carries so you get through the contact like that,normal_play,0.19
2452.5,2457.5,so you get through the contact like that you can often leave tacklers stranded on the wrong side and theyre liable to get penalty,normal_play,0.19
2457.0,2462.0,you can often leave tacklers stranded on the wrong side and theyre liable to get penalty the irish forwards on a 52 on their gain line success so far in this tournament coming into this game,tmo_replay,0.17
2461.5,2466.5,the irish forwards on a 52 on their gain line success so far in this tournament coming into this game,tmo_replay,0.17
2466.0,2471.0,the irish forwards on a 52 on their gain line success so far in this tournament coming into this game its all about gain line success what a joy to have bandiaki in the centers,tmo_replay,0.17
2470.5,2475.5,what a joy to have bandiaki in the centers what a joy to be watching him lovely little change of pace on the whip there,lineout,0.36
2475.0,2480.0,what a joy to be watching him lovely little change of pace on the whip there one of the standout performers of this world cup so far bandiaki,lineout,0.36
2479.5,2484.5,one of the standout performers of this world cup so far bandiaki,lineout,0.36
2484.0,2489.0,what a venue for this cliffhanger what a venue for this cliffhanger,normal_play,0.05
2488.5,2493.5,what a venue for this cliffhanger ireland in the 15th match wind streak currently johnny sexton,normal_play,0.05
2493.0,2498.0,johnny sexton theres bundee aki again flies into the line doris loops around,normal_play,0.11
2497.5,2502.5,doris loops around gets a good ball and a good tackle in from khaleesi gibson park changes direction,normal_play,0.06
2502.0,2507.0,gibson park changes direction under flair bundee aki again this time dielendis there,normal_play,0.06
2506.5,2511.5,dielendis there two of the bulkier inside centers in world cup use it,normal_play,0.06
2511.0,2516.0,two of the bulkier inside centers in world cup use it okay no so powerful,normal_play,0.19
2515.5,2520.5,so powerful down now javison gibson park and the place is kind of married its come off the under change its a good ball thank you,normal_play,0.06
2520.0,2525.0,its come off the under change its a good ball thank you on tonga ardenseur,normal_play,0.03
2524.5,2529.5,ardenseur lets go backwards and david villimsa is there,normal_play,0.04
2529.0,2534.0,and david villimsa is there the fullback to tidy up for south africa first receiver,normal_play,0.06
2533.5,2538.5,first receiver javan etzebet takes in a couple irish players,normal_play,0.08
2538.0,2543.0,takes in a couple irish players monnie leboc on the left boot down the field,normal_play,0.04
2542.5,2547.5,monnie leboc on the left boot down the field trans for a counter here,normal_play,0.05
2547.0,2552.0,hugo keenan does really well theres a fullback so hes upended,normal_play,0.05
2551.5,2556.5,so hes upended ringrose again tackle etzebet has him such a ferocious battle at the breakdown,normal_play,0.08
2556.0,2561.0,etzebet has him such a ferocious battle at the breakdown no lift big ball over the top,normal_play,0.07
2560.5,2565.5,big ball over the top james lowe puts a kick through,normal_play,0.07
2565.0,2570.0,and this one will go out the back door,normal_play,0.07
2569.5,2574.5,and this one will go out the back door options see ya,normal_play,0.07
2574.0,2579.0,see ya he mentioned it during that passage down the battle of the breakdown drum roll 22,tmo_replay,0.16
2578.5,2583.5,drum roll 22 whos this gum its been so good already so many strats in the jackal,tmo_replay,0.16
2583.0,2588.0,its been so good already so many strats in the jackal which means that everyone technically and in terms of their urgency has got to be so good in attack as well,tmo_replay,0.16
2587.5,2592.5,which means that everyone technically and in terms of their urgency has got to be so good in attack as well such a great contest,tmo_replay,0.16
2592.0,2597.0,such a great contest this is what hugo keenan gives you the roaming runner,scrum,0.38
2596.5,2601.5,the roaming runner great work really good thats what i want,scrum,0.38
2601.0,2606.0,really good thats what i want youre watching the best players in the world here tonight,scrum,0.38
2605.5,2610.5,youre watching the best players in the world here tonight tell me please,scrum,0.38
2614.5,2619.5,another get as pull he crosses over a little pull that includes france new zealand italy uruguay and namibia,scrum,0.38
2619.0,2624.0,a little pull that includes france new zealand italy uruguay and namibia quarter finals will take place here october 14th and 15th,scrum,0.38
2623.5,2628.5,october 14th and 15th coach fine,scrum,0.4
2628.0,2633.0,fine six,scrum,0.4
2632.5,2637.5,seven overboard,scrum,0.4
2637.0,2642.0,overboard south africa here comes odense behind the back,scrum,0.4
2641.5,2646.5,behind the back and the bock close and wide to cheswin colby,scrum,0.4
2646.0,2651.0,to cheswin colby he spins out good tackle on him score to try in the rugby world cup final,scrum,0.4
2650.5,2655.5,score to try in the rugby world cup final in japan last year the clap,scrum,0.4
2655.0,2660.0,the clap and that breakdown has been won by ireland and the crowd will let you know that,normal_play,0.01
2659.5,2664.5,and the crowd will let you know that well case in point thats jasper wieser on the carry,normal_play,0.03
2664.0,2669.0,thats jasper wieser on the carry yeah i know exactly what you mean,normal_play,0.01
2668.5,2673.5,yeah i know exactly what you mean i saw the same picture hes had a sick seat cant believe it yeah im watching it,normal_play,0.02
2673.0,2678.0,yeah im watching it hes not an easy man to take down by any stretch of the imagination,normal_play,0.02
2677.5,2682.5,hes not an easy man to take down by any stretch of the imagination and yet he got shot there van der vleer ended up sneaking in on the pill and robbing it,normal_play,0.23
2682.0,2687.0,van der vleer ended up sneaking in on the pill and robbing it guys is it the final ten,normal_play,0.23
2686.5,2691.5,guys is it the final ten timekeeper,tmo_replay,0.17
2691.0,2696.0,well there he is gets underneath but just before that was a brilliant display of tackling,tmo_replay,0.17
2695.5,2700.5,but just before that was a brilliant display of tackling the back row just working together so nicely,tmo_replay,0.17
2700.0,2705.0,the back row just working together so nicely steven steven its pretty similar to johnny johnny sextons reaction in back play,lineout,0.38
2704.5,2709.5,its pretty similar to johnny johnny sextons reaction in back play you can just see exactly what it means to irelands leaders peter omalley the back row,lineout,0.38
2709.0,2714.0,you can just see exactly what it means to irelands leaders peter omalley the back row and the back row and the back row and the back row,lineout,0.38
2713.5,2718.5,and the back row and im sure you know exactly what it means to irelands leaders peter omalley gave them a stirring pump up before the game,normal_play,0.07
2718.0,2723.0,peter omalley gave them a stirring pump up before the game they are here to play today,normal_play,0.07
2722.5,2727.5,they really are and so far the scoreboard shows that as well vandee bundee aki again goes in that middle channel,normal_play,0.07
2727.0,2732.0,vandee bundee aki again goes in that middle channel,normal_play,0.03
2731.5,2736.5,behind the backpull to van der vleer ireland,normal_play,0.03
2736.0,2741.0,ireland back to the right hand side they go porter is there,normal_play,0.03
2740.5,2745.5,jasper wieser hot johnny sexton quick hands,normal_play,0.03
2745.0,2750.0,hot johnny sexton quick hands tucked through long the oxford bull is there,normal_play,0.03
2749.5,2754.5,tucked through long the oxford bull is there james ryan catches forward for ireland but peter stepter tour has it,normal_play,0.03
2754.0,2759.0,james ryan catches forward for ireland but peter stepter tour has it difficult pass for khaleesi to take and almost,normal_play,0.03
2758.5,2763.5,difficult pass for khaleesi to take and almost ireland coming through here and that is the first 40 minutes gone,normal_play,0.08
2763.0,2768.0,ireland coming through here and that is the first 40 minutes gone theyre in saint denis north of paris its the full b battle at the 2023 rugby,normal_play,0.08
2767.5,2772.5,theyre in saint denis north of paris its the full b battle at the 2023 rugby,normal_play,0.09
2772.0,2777.0,theyre in saint denis north of paris its the full b battle at the 2023 rugby world cup we knew itd be close and it is the half time score sees ireland lead south africa 7 3 from a packed start to france,normal_play,0.0
2776.5,2781.5,sees ireland lead south africa 7 3 from a packed start to france,normal_play,0.0
2781.0,2786.0,sees ireland lead south africa 7 3 from a packed start to france last time ireland played south africa both countries scored two try each in the second half the difference being a single penalty by johnny johnny sexton,normal_play,0.0
2785.5,2790.5,each in the second half the difference being a single penalty by johnny johnny sexton tonight its start to france its 7 3 ireland,normal_play,0.0
2790.0,2795.0,tonight its start to france its 7 3 ireland lead south africa mack hanson on the board for this irish side a big second,normal_play,0.0
2794.5,2799.5,lead south africa mack hanson on the board for this irish side a big second 40 awaits us metri well we knew it was going to be close,normal_play,0.0
2799.0,2804.0,40 awaits us metri well we knew it was going to be close previous meetings limited to gap of six at max and the crowd here stand to their,normal_play,0.0
2803.5,2808.5,previous meetings limited to gap of six at max and the crowd here stand to their,normal_play,0.0
2808.0,2813.0,previous meetings limited to gap of six at max and the crowd here stand to their feet the balance in the crowd slide tipped towards the irish perhaps,normal_play,0.0
2812.5,2817.5,feet the balance in the crowd slide tipped towards the irish perhaps,normal_play,0.0
2817.0,2822.0,theres the south african legend familiar face,normal_play,0.0
2821.5,2826.5,theres the south african legend familiar face we see him around the world the 7th circuit brian havana,normal_play,0.0
2826.0,2831.0,we see him around the world the 7th circuit brian havana one of the best to have done it out there on the ding a ling,normal_play,0.0
2830.5,2835.5,one of the best to have done it out there on the ding a ling record try scorer for south africa he watches on,normal_play,0.0
2835.0,2840.0,record try scorer for south africa he watches on bongi mbanambi gears up for our second half,normal_play,0.0
2839.5,2844.5,bongi mbanambi gears up for our second half,normal_play,0.0
2844.0,2849.0,ringrose is good hes back on his feet mustard,normal_play,0.0
2848.5,2853.5,ringrose is good hes back on his feet mustard big imposing south african forwards this irish side,normal_play,0.0
2853.0,2858.0,big imposing south african forwards this irish side stacked with talented players johnny sexton for their leader,normal_play,0.0
2857.5,2862.5,stacked with talented players johnny sexton for their leader,normal_play,0.0
2862.0,2867.0,all good to see you andy farrell looks on from ireland,normal_play,0.0
2866.5,2871.5,all good to see you andy farrell looks on from ireland youre watching the second half between ireland and south africa from starting,normal_play,0.0
2871.0,2876.0,youre watching the second half between ireland and south africa from starting start to france at the 2023 rugby world cup ireland on the left lead,normal_play,0.0
2875.5,2880.5,start to france at the 2023 rugby world cup ireland on the left lead 7 3 against south africa bandiaki with a take,normal_play,0.0
2880.0,2885.0,7 3 against south africa bandiaki with a take welcome to the thrilling rugby matchup,normal_play,0.0
2884.5,2889.5,welcome to the thrilling rugby matchup,normal_play,0.0
2889.0,2894.0,here comes bissa for south africa straight away so what pinori a quick pinch,normal_play,0.0
2893.5,2898.5,so what pinori a quick pinch mustard pinori to the line for the spring box,normal_play,0.0
2898.0,2903.0,and hold on fours on the wrong side a kick the ball coming out,normal_play,0.0
2902.5,2907.5,fours on the wrong side a kick the ball coming out its a bet again in trouble four whites yeah i saw that in the ruck he was on the wrong side,normal_play,0.0
2907.0,2912.0,yeah i saw that in the ruck he was on the wrong side the ball coming out comes out on your side,normal_play,0.0
2911.5,2916.5,the ball coming out comes out on your side we saw that penalty in the first half the tackle line on the wrong side,normal_play,0.0
2916.0,2921.0,i think he probably is a good call from the referee or from his assistant,normal_play,0.0
2920.5,2925.5,i think he probably is a good call from the referee or from his assistant it did disrupt that ruckball for ireland,normal_play,0.0
2925.0,2930.0,even eben etzebeth came from a hell of a long way to make that first tackle he started on their own 10 meet line so that he could hit,normal_play,0.0
2929.5,2934.5,he started on their own 10 meet line so that he could hit just watching halfway running hes got a different ball just if were going to take it quick,normal_play,0.0
2934.0,2939.0,hes got a different ball just if were going to take it quick so hes running at full tilt and he was the first to arrive to make the hit on bundy bundee aki but then,normal_play,0.0
2938.5,2943.5,so hes running at full tilt and he was the first to arrive to make the hit on bundy bundee aki but then slightly earlier than that okay lets start with good spaces,normal_play,0.0
2943.0,2948.0,slightly earlier than that okay lets start with good spaces half and half there he is lying on the wrong side see disrupting the ireland ruck,normal_play,0.0
2947.5,2952.5,see disrupting the ireland ruck its a bet his ideal holiday isnt to the beaches of greece but to the gym,normal_play,0.0
2952.0,2957.0,its a bet his ideal holiday isnt to the beaches of greece but to the gym heres coach jafnina but looks on,normal_play,0.0
2956.5,2961.5,heres coach jafnina but looks on gala head to the back thats a great line up from ireland,normal_play,0.0
2961.0,2966.0,gala head to the back thats a great line up from ireland bundee aki throws a short ball to his centre partner ringrose,normal_play,0.0
2965.5,2970.5,and then gibson pock puts one over the top its a very good kick from the irish number nine,normal_play,0.0
2970.0,2975.0,its a very good kick from the irish number nine and its south africa that are capped in their 22,normal_play,0.0
2974.5,2979.5,and its south africa that are capped in their 22 lets go please,normal_play,0.0
2979.0,2984.0,no changes to either side at half time so the south african bomb sport,normal_play,0.0
2983.5,2988.5,no changes to either side at half time so the south african bomb sport theyre lying in wait its never a ball confirmed it doesnt already out,normal_play,0.0
2988.0,2993.0,its never a ball confirmed it doesnt already out,normal_play,0.0
2992.5,2997.5,the suggestion was peter marny saying that hit faf on his nose before it went out,normal_play,0.0
2997.0,3002.0,the suggestion was peter marny saying that hit faf on his nose before it went out i think it might have done you know looked like it did catch him,normal_play,0.0
3001.5,3006.5,the suggestion was peter marny saying that hit faf on his nose before it went out i think it might have done you know looked like it did catch him maybe it was just a lock of hair,normal_play,0.0
3006.0,3011.0,thats bound to get in the way the fuf the clack mustard takes as the captain sear colisi goes upfield,normal_play,0.0
3010.5,3015.5,mustard takes as the captain sear colisi goes upfield,normal_play,0.0
3015.0,3020.0,south african player here of 2021 captain south africa to a series win of the british and irish line,normal_play,0.0
3019.5,3024.5,captain south africa to a series win of the british and irish line some of these players were playing against south africa hanson throws it to his fullback hugo keenan,normal_play,0.0
3024.0,3029.0,hanson throws it to his fullback hugo keenan cuts back in nicely they link well and then he runs it to his own player,normal_play,0.0
3028.5,3033.5,cuts back in nicely they link well and then he runs it to his own player was porter that wont count as a tackle but ireland still with possession playing on peter omanning,normal_play,0.0
3033.0,3038.0,but ireland still with possession playing on peter omanning johnny sexton,normal_play,0.0
3037.5,3042.5,johnny sexton that is a nice kick yet again two in a row from the irish halfbacks,normal_play,0.0
3042.0,3047.0,two in a row from the irish halfbacks and hes saying its touched so he wants a piece of this line out,normal_play,0.0
3046.5,3051.5,so he wants a piece of this line out whether they get it or not whether they get it or not,normal_play,0.0
3051.0,3056.0,whether they get it or not whether they get it or not thats threaded that like a noodle down the touchline,normal_play,0.0
3055.5,3060.5,thats threaded that like a noodle down the touchline theres not really much on there look at the space hes aiming for there hes putting on an absolute sixpence so that bounces out,normal_play,0.0
3060.0,3065.0,hes putting on an absolute sixpence so that bounces out,normal_play,0.0
3064.5,3069.5,okay you got to stay out as we see they dont have one 65 caps for south africa interference close by in the lineup,normal_play,0.0
3069.0,3074.0,they dont have one 65 caps for south africa interference close by in the lineup ireland getting involved now against south africas attack,normal_play,0.0
3073.5,3078.5,ireland getting involved now against south africas attack,normal_play,0.0
3078.0,3083.0,weve got to offset africa through,normal_play,0.0
3082.5,3087.5,weve got to offset africa through,normal_play,0.0
3087.0,3092.0,fives the call its never your fault,normal_play,0.0
3091.5,3096.5,its never your fault omanning getting up in front of esabeth on that occasion,normal_play,0.0
3096.0,3101.0,omanning getting up in front of esabeth on that occasion no easy task fighting fire with fire at line out time,normal_play,0.0
3100.5,3105.5,fighting fire with fire at line out time a massive opportunity for the irish here,normal_play,0.0
3105.0,3110.0,a massive opportunity for the irish here mossad returns the favour peter steps it to a hazard four south africa,normal_play,0.0
3109.5,3114.5,peter steps it to a hazard four south africa never on the ball just the body no for the contest weve seen from the big men,normal_play,0.0
3114.0,3119.0,for the contest weve seen from the big men okay use it hold here foster clack plays alongside jesse creel in japan,normal_play,0.0
3118.5,3123.5,foster clack plays alongside jesse creel in japan,normal_play,0.0
3123.0,3128.0,downtown is the kick to the halfway line pinpoint from south africa,normal_play,0.0
3127.5,3132.5,downtown is the kick to the halfway line pinpoint from south africa this side of the half jimmy yeah go work,normal_play,0.0
3132.0,3137.0,its an absolute master class in line out jump here at the moment,normal_play,0.0
3136.5,3141.5,its an absolute master class in line out jump here at the moment the way the lifters are getting the speed with which those jumps are getting the eggs,normal_play,0.0
3141.0,3146.0,the way the lifters are getting the speed with which those jumps are getting the eggs the lifters are throwing them getting right close together so theyre getting the jumper,normal_play,0.0
3145.5,3150.5,the lifters are throwing them getting right close together so theyre getting the jumper to the maximum height get that those six line outs lost for ireland,normal_play,0.0
3150.0,3155.0,get that those six line outs lost for ireland,normal_play,0.0
3154.5,3159.5,callaghan improves his stats hes through the middle,normal_play,0.0
3159.0,3164.0,hes through the middle on the flip bundee aki comes in down to the halfway line for the irish side,normal_play,0.0
3163.5,3168.5,bundee aki comes in down to the halfway line for the irish side,normal_play,0.0
3168.0,3173.0,bundee aki comes in down to the halfway line for the irish side kallera again takes on kicsoff,normal_play,0.0
3172.5,3177.5,kallera again takes on kicsoff khaleesi comes in hands the pill stays with the ball,normal_play,0.0
3177.0,3182.0,hands the pill stays with the ball the men in green use it,normal_play,0.0
3181.5,3186.5,use it sex them to the right hand side he lets his forwards attack a bit more,normal_play,0.0
3186.0,3191.0,sex them to the right hand side he lets his forwards attack a bit more penalty south africa,normal_play,0.0
3190.5,3195.5,penalty south africa hes well out of the way,normal_play,0.0
3195.0,3200.0,hes well out of the way holding on five,normal_play,0.0
3199.5,3204.5,weve got some changes coming for south africa rg snimons coming on so too is quagga smith and so is jean klein who has previously played,normal_play,0.0
3204.0,3209.0,rg snimons coming on so too is quagga smith and so is jean klein who has previously played,normal_play,0.0
3208.5,3213.5,rg snimons coming on so too is quagga smith and so is jean klein who has previously played at international level for ireland so this is going to be a very interesting experience,normal_play,0.0
3213.0,3218.0,at international level for ireland so this is going to be a very interesting experience for him coming up against his old nation,normal_play,0.0
3217.5,3222.5,three members of the bomb squad about to take the field here and theres khaleesi getting over it,normal_play,0.0
3222.0,3227.0,three members of the bomb squad about to take the field here and theres khaleesi getting over it well he just hesitated a little bit on that one because he wasnt sure if he was legal,normal_play,0.0
3226.5,3231.5,well he just hesitated a little bit on that one because he wasnt sure if he was legal but there was nothing illegal about this,normal_play,0.0
3231.0,3236.0,visa getting his legs nice and wide to allow himself to get low over that rock,normal_play,0.0
3235.5,3240.5,visa getting his legs nice and wide to allow himself to get low over that rock theres the light you mentioned,normal_play,0.0
3240.0,3245.0,theres the light you mentioned fafner clack will line up this penalty attempt,normal_play,0.0
3244.5,3249.5,third most capped serapin scum off of all time behind the late uus on the best asian,normal_play,0.0
3249.0,3254.0,serapin scum off of all time behind the late uus on the best asian and fareed dupriya the rugby world cup winner,normal_play,0.0
3253.5,3258.5,and fareed dupriya the rugby world cup winner from inside hes off,normal_play,0.0
3258.0,3263.0,from inside hes off fafner clack hes hit the upright,normal_play,0.0
3262.5,3267.5,hes hit the upright its come bouncing back and flying up there with cheslin colby force on africa,normal_play,0.0
3267.0,3272.0,its come bouncing back and flying up there with cheslin colby force on africa somehow the spring box havent kille goes to the right,normal_play,0.0
3271.5,3276.5,somehow the spring box havent kille goes to the right umber nubbys there this may work out better for the spring box if they do score a try,normal_play,0.0
3276.0,3281.0,this may work out better for the spring box if they do score a try jasper visser crunches forward,normal_play,0.0
3280.5,3285.5,jasper visser crunches forward the clack finds ezeved whos picked up,normal_play,0.0
3285.0,3290.0,the clack finds ezeved whos picked up that is a highlight reel for social media here the nets a bit,normal_play,0.0
3289.5,3294.5,here the nets a bit has been thrown out of the party,normal_play,0.0
3294.0,3299.0,has been thrown out of the party,normal_play,0.0
3298.5,3303.5,damian,normal_play,0.0
3303.0,3308.0,time is a monster boot from the clack,normal_play,0.0
3307.5,3312.5,time is a monster boot from the clack subs four five and eight bounce back absolute chaos,normal_play,0.0
3312.0,3317.0,four five and eight bounce back absolute chaos but how about this the big tree uprooted,normal_play,0.0
3316.5,3321.5,the big tree uprooted,normal_play,0.0
3321.0,3326.0,and its going to be his last play of the match because hes coming off,normal_play,0.0
3325.5,3330.5,hes going to be angry hell be very angry about that,normal_play,0.0
3330.0,3335.0,but the replacements are on you mentioned that earlier,normal_play,0.0
3334.5,3339.5,you mentioned that earlier oxencher is also coming on as well thats four replacements on the bench,normal_play,0.0
3339.0,3344.0,thats four replacements on the bench jean klein erichir sneyman,normal_play,0.0
3343.5,3348.5,erichir sneyman wocker smith as well there he goes its a bit,normal_play,0.0
3348.0,3353.0,the viking they call him erichir sneyman plays his rugby monster,normal_play,0.0
3352.5,3357.5,erichir sneyman plays his rugby monster a new prop nice and square good hes been lethal defense,normal_play,0.0
3357.0,3362.0,defense hes off loading tight head feet underneath,normal_play,0.0
3361.5,3366.5,feet underneath hes had an injury oj sneyman since 2019 but made an impressive impact on this world cup already,normal_play,0.0
3366.0,3371.0,oj sneyman since 2019 but made an impressive impact on this world cup already theres wocker smith,normal_play,0.0
3370.5,3375.5,i love watching him play the game an all rounder he might seem slot in a few different positions today,normal_play,0.0
3375.0,3380.0,he might seem slot in a few different positions today the olympian kofi smith,normal_play,0.0
3379.5,3384.5,the olympian kofi smith and steven kitzhoff goes off the field now seven months to make two for sabaev again,normal_play,0.0
3384.0,3389.0,now seven months to make two for sabaev again five for ireland big jump from the spring box,normal_play,0.0
3388.5,3393.5,big jump from the spring box ireland pick it up the back they hit the deck and south africa reward it with a penalty,normal_play,0.0
3393.0,3398.0,they hit the deck and south africa reward it with a penalty five out,normal_play,0.0
3397.5,3402.5,there it is number 12 sealing hands on the ground,normal_play,0.0
3402.0,3407.0,number 12 sealing hands on the ground,normal_play,0.0
3411.0,3416.0,andy akir puts his hands up to seal it off were gonna go again its scrum time,normal_play,0.0
3415.5,3420.5,were gonna go again its scrum time the south african engine room,normal_play,0.0
3420.0,3425.0,the south african engine room fight out timing full force timing,normal_play,0.0
3424.5,3429.5,the island pack on roller skates there what a hit,normal_play,0.0
3429.0,3434.0,what a hit what a shove theyre substitutes with south africa doing the business,normal_play,0.0
3433.5,3438.5,theyre substitutes with south africa doing the business,normal_play,0.0
3447.0,3452.0,go,normal_play,0.0
3451.5,3456.5,fine six,normal_play,0.0
3456.0,3461.0,six its a sport that means so much for these two countries,normal_play,0.0
3460.5,3465.5,for these two countries reset down far side,normal_play,0.0
3465.0,3470.0,reset were down the far side,normal_play,0.0
3469.5,3474.5,were down the far side were gonna move it over here very good,normal_play,0.0
3474.0,3479.0,very good okay keep that up,normal_play,0.0
3483.0,3488.0,same message weve got to keep the height to the side the both of you,normal_play,0.0
3487.5,3492.5,150 firsts watching the scrum and being in them,normal_play,0.0
3492.0,3497.0,150 firsts watching the scrum and being in them,normal_play,0.0
3496.5,3501.5,ches and colby right here in front of us in the far touch line but i think the action initially at least is gonna be up front,normal_play,0.0
3501.0,3506.0,but i think the action initially at least is gonna be up front for the spring box,normal_play,0.0
3505.5,3510.5,for the spring box crouch,normal_play,0.0
3510.0,3515.0,fine six,normal_play,0.0
3514.5,3519.5,elbow up vantage leasing,normal_play,0.0
3519.0,3524.0,vantage leasing clapsing elbow vantage for south africa with four of their bomb squad members on the field,normal_play,0.0
3523.5,3528.5,vantage for south africa with four of their bomb squad members on the field the elendi beautiful ball on the outside,normal_play,0.0
3528.0,3533.0,south africa will power over cheslin colby with the try,normal_play,0.0
3532.5,3537.5,cheslin colby with the try,normal_play,0.0
3537.0,3542.0,forget load shedding hes electric 24 7,normal_play,0.0
3541.5,3546.5,hes electric 24 7,normal_play,0.0
3546.0,3551.0,cheslin colby,normal_play,0.0
3550.5,3555.5,cheslin colby,normal_play,0.0
3555.0,3560.0,what we saw we hoped it would come to him eventually,normal_play,0.0
3559.5,3564.5,and it was marnie lebart that delivered the goods im happy with that,normal_play,0.0
3564.0,3569.0,im happy with that the pass was good cheslin colby the olympian hes magic in open space,normal_play,0.0
3568.5,3573.5,hes magic in open space and there was plenty of it down in this touch line the only easier run in to have,normal_play,0.0
3573.0,3578.0,and there was plenty of it down in this touch line the only easier run in to have please go back thank you thank you,normal_play,0.0
3577.5,3582.5,he dots down its a statement score for the spring box after those two scrum where they absolutely,normal_play,0.0
3582.0,3587.0,its a statement score for the spring box after those two scrum where they absolutely pushed ireland back towards their own try line,normal_play,0.0
3586.5,3591.5,pushed ireland back towards their own try line and you called it the wood from colby just lurking on this left hand touch line,normal_play,0.0
3591.0,3596.0,and you called it the wood from colby just lurking on this left hand touch line so africa have the lead now eight seven,normal_play,0.0
3595.5,3600.5,so africa have the lead now eight seven,normal_play,0.0
3600.0,3605.0,referee benno keith sorry i just lost you just checking something,normal_play,0.0
3604.5,3609.5,just checking something yeah,normal_play,0.0
3609.0,3614.0,yeah thank you all good shot clock back on please,normal_play,0.0
3613.5,3618.5,shot clock back on please all good heres the call for benno keith,normal_play,0.0
3618.0,3623.0,marnie lebart lines this one up,normal_play,0.0
3622.5,3627.5,marnie lebart lines this one up urc record point scoring triasis in recent times for the stormers from cape town,normal_play,0.0
3627.0,3632.0,urc record point scoring triasis in recent times for the stormers from cape town,normal_play,0.0
3631.5,3636.5,thank you thank you,normal_play,0.0
3636.0,3641.0,be just to me after this,normal_play,0.0
3654.0,3659.0,lebart taking his time the clock ticks five seconds to take the kick,normal_play,0.0
3658.5,3663.5,the clock ticks five seconds to take the kick just pulls it to the left hand side,normal_play,0.0
3663.0,3668.0,but so now we go on front eight seven thanks to this try from chesman colby,normal_play,0.0
3667.5,3672.5,but so now we go on front eight seven thanks to this try from chesman colby we can restart well we just saw out of picture there it was mack hanson,normal_play,0.0
3672.0,3677.0,well we just saw out of picture there it was mack hanson taken out of the ball a little bit with the running lines but tafka wont mind,normal_play,0.0
3676.5,3681.5,taken out of the ball a little bit with the running lines but tafka wont mind,normal_play,0.0
3681.0,3686.0,taken out of the ball a little bit with the running lines but tafka wont mind some really big changes for both sides,normal_play,0.0
3685.5,3690.5,some really big changes for both sides marco van statens come on for the skipper sia khaleesi while ian henderson and dan sheehan have both come on for ireland,normal_play,0.0
3690.0,3695.0,while ian henderson and dan sheehan have both come on for ireland thanks man thats a lot of changes indeed,normal_play,0.0
3694.5,3699.5,thanks man thats a lot of changes indeed as ireland look to run it back with their number eight,normal_play,0.0
3699.0,3704.0,as ireland look to run it back with their number eight kalan doris studying psychology at university college dublin,normal_play,0.0
3703.5,3708.5,kalan doris studying psychology at university college dublin sexta taking back the glass,normal_play,0.0
3708.0,3713.0,well fielded in the end give him space 10 meters pull back,normal_play,0.0
3712.5,3717.5,hold sia khaleesi will look from the sideline now after being replaced,normal_play,0.0
3717.0,3722.0,sia khaleesi will look from the sideline now after being replaced inside,normal_play,0.0
3721.5,3726.5,inside feels kind of early to make that change,normal_play,0.0
3726.0,3731.0,sexta again to the heavens with that kick his full back chases,normal_play,0.0
3730.5,3735.5,again to the heavens with that kick his full back chases hugo hugo keenan is there against villamsa,normal_play,0.0
3735.0,3740.0,and it stays with this african side thok declak try to dig in,normal_play,0.0
3739.5,3744.5,thok declak try to dig in finds his fly off under pressure creel has it,normal_play,0.0
3744.0,3749.0,finds his fly off under pressure creel has it jesse creel cuts in does the outside center,normal_play,0.0
3748.5,3753.5,declak to oxencheck behind the back he goes laboc finds villamsa with a beautiful step,normal_play,0.0
3753.0,3758.0,laboc finds villamsa with a beautiful step no damien villamsa,normal_play,0.0
3757.5,3762.5,with some fancy footwork for south africa,normal_play,0.0
3762.0,3767.0,keep watching maybe,normal_play,0.0
3766.5,3771.5,keep watching maybe great presence of mind to let that one go creel on the charge,normal_play,0.0
3771.0,3776.0,great presence of mind to let that one go creel on the charge and theres villamsa,normal_play,0.0
3775.5,3780.5,fancy footwork indeed steps out of it,normal_play,0.0
3780.0,3785.0,steps out of it that is beautiful,normal_play,0.0
3784.5,3789.5,such poise for a big man damien villamsa,normal_play,0.0
3789.0,3794.0,such poise for a big man damien villamsa,normal_play,0.0
3793.5,3798.5,good take ian henderson the replacement and a play out turns it in beautifully,normal_play,0.0
3798.0,3803.0,and a play out turns it in beautifully dan sheenan his rugby world cup debut,normal_play,0.0
3802.5,3807.5,hasnt played for ireland since they cant use it hes put in the warm up game against england but hes on the post,normal_play,0.0
3807.0,3812.0,hes put in the warm up game against england but hes on the post but hes on the park on this mammoth stage in this mammoth game,normal_play,0.0
3811.5,3816.5,on this mammoth stage in this mammoth game charge down is there from anfield snamon advantage,normal_play,0.0
3816.0,3821.0,advantage low with a kick offside play offside despite being as tall as the upper tower,normal_play,0.0
3820.5,3825.5,despite being as tall as the upper tower on purpose sorry i didnt see that offside guys,normal_play,0.0
3825.0,3830.0,offside guys coming perhaps ireland may cover those changes,normal_play,0.0
3829.5,3834.5,perhaps ireland may cover those changes dan sheenan ian henderson jemison its a ball still i doubt thats on,normal_play,0.0
3834.0,3839.0,i doubt thats on dont dummy get that line out okay might go the other way,normal_play,0.0
3838.5,3843.5,yeah i worked on that occasion they came away with it someones still in someones hand but im seeing it,normal_play,0.0
3843.0,3848.0,but im seeing it sorry weve got the penalty here weve got the penalty here,normal_play,0.0
3856.5,3861.5,stents now johnny sexton might just want to steer this,normal_play,0.0
3861.0,3866.0,steer this control this a little bit in irelands favour feels like as so often the case,normal_play,0.0
3865.5,3870.5,feels like as so often the case with the springboks and they make those changes always dials the momentum in their favour,normal_play,0.0
3870.0,3875.0,always dials the momentum in their favour,normal_play,0.0
3874.5,3879.5,everyones side on that charge down round by the rock,normal_play,0.0
3879.0,3884.0,charge down round by the rock that guy make the catch hats off to him,normal_play,0.0
3883.5,3888.5,that guy make the catch hats off to him i think you did brilliant for the skill from this wonderful crowd,normal_play,0.0
3888.0,3893.0,from this wonderful crowd to the front b i manning,normal_play,0.0
3892.5,3897.5,here come ireland now bundee aki releases johnny sexton an intricate move,normal_play,0.0
3897.0,3902.0,brings in low that beats one in short space,normal_play,0.0
3901.5,3906.5,former basketball player now rugby star here comes doris again,normal_play,0.0
3906.0,3911.0,here comes doris again the 25 year old carries well for ireland good counter and then a counter there,normal_play,0.0
3910.5,3915.5,and then a counter there pocha smith getting heavily involved for south africa,normal_play,0.0
3915.0,3920.0,for south africa hes so versatile hes the macgyver of rugby can solve any issue,normal_play,0.0
3919.5,3924.5,can solve any issue ken pocha good a bit of an accuracy from ireland,normal_play,0.0
3924.0,3929.0,a bit of an accuracy from ireland with the breakdown this was the set piece,normal_play,0.0
3928.5,3933.5,this was the set piece play with the wrap around the little inside ball but south africa pretty wise to it,normal_play,0.0
3933.0,3938.0,but south africa pretty wise to it,normal_play,0.0
3937.5,3942.5,james lowe making a few metres theres a carry for the back of this doris where the post contact meters,normal_play,0.0
3942.0,3947.0,doris where the post contact meters then they were inaccurate theyre still at the breakdown,normal_play,0.0
3946.5,3951.5,theyre still at the breakdown big counter up coming in for south africa you really feel now,normal_play,0.0
3951.0,3956.0,you really feel now theyve got the fire underneath them one point the difference on the scoreboard,normal_play,0.0
3955.5,3960.5,one point the difference on the scoreboard plenty of time to go thank goodness because ive enjoyed this alan,normal_play,0.0
3960.0,3965.0,first off shot by and the same continues here this is paul v,normal_play,0.0
3964.5,3969.5,and the same continues here this is paul v number one and two side in the world,normal_play,0.0
3969.0,3974.0,happens to collide here penalty to ireland,normal_play,0.0
3973.5,3978.5,what a scrub from those forwards careful,normal_play,0.0
3978.0,3983.0,from those forwards careful careful careful,normal_play,0.0
3982.5,3987.5,guys tight head fully overextended tight head fully overextended collapsing,normal_play,0.0
3987.0,3992.0,tight head fully overextended collapsing,normal_play,0.0
3991.5,3996.5,you heard from referee and i keep saying the tight head,normal_play,0.0
3996.0,4001.0,and i keep saying the tight head overextending,normal_play,0.0
4000.5,4005.5,now herbert,normal_play,0.0
4005.0,4010.0,looks like he did go down there too long,normal_play,0.0
4009.5,4014.5,too long with his body shape,normal_play,0.0
4014.0,4019.0,just got a little pressure there from andrew porter,normal_play,0.0
4018.5,4023.5,andrew porter,normal_play,0.0
4023.0,4028.0,the crowd hushes and as johnny johnny sexton,normal_play,0.0
4027.5,4032.5,and as johnny johnny sexton world rugby player of the year a few years ago,normal_play,0.0
4032.0,4037.0,lines up a potential lead for his country,normal_play,0.0
4036.5,4041.5,johnny sexton is a smooth operator,normal_play,0.0
4041.0,4046.0,johnny sexton is a smooth operator,normal_play,0.0
4045.5,4050.5,johnny sexton is a smooth operator,normal_play,0.0
4050.0,4055.0,johnny sexton is a smooth operator and ireland go back in the lead,normal_play,0.0
4054.5,4059.5,and ireland go back in the lead 10 8 as we approach the hour mark,normal_play,0.0
4059.0,4064.0,as we approach the hour mark alley johnny johnny sexton indeed no lights needed,normal_play,0.0
4063.5,4068.5,alley johnny johnny sexton indeed no lights needed from the ireland coaching box you might as well have a coach out there run around the tension,normal_play,0.0
4068.0,4073.0,you might as well have a coach out there run around the tension the 38 year old so consistent so sharp,normal_play,0.0
4072.5,4077.5,so sharp hes used to winning six nations championships with ireland but boy hed love a world cup,normal_play,0.0
4077.0,4082.0,but boy hed love a world cup you wonder is this a precursor for whats to come for ireland yeah unbelievable stat,normal_play,0.0
4081.5,4086.5,yeah unbelievable stat they have never got out of the quarterfinals at a rugby world cup,normal_play,0.0
4086.0,4091.0,nice take from the irish side can this be there yet 2019 japan,normal_play,0.0
4090.5,4095.5,2019 japan the lost two to zero 48 points to 14 gibson park has to pick quickly and scoot,normal_play,0.0
4095.0,4100.0,has to pick quickly and scoot first the scum off,normal_play,0.0
4099.5,4104.5,okay that better continue thats a conch is here guys youre fine in close quarters use it,normal_play,0.0
4104.0,4109.0,in close quarters use it pundiaki no no he relieves it as ian henderson has a go,normal_play,0.0
4108.5,4113.5,he relieves it as ian henderson has a go hes third rugby world cup pretty experienced he brings captain of the 78,normal_play,0.0
4113.0,4118.0,pretty experienced he brings captain of the 78 use it nine timing,normal_play,0.0
4117.5,4122.5,gibson park hes putting everyone on to villamsa,normal_play,0.0
4122.0,4127.0,to villamsa damian villamsa takes well and drives upfield,normal_play,0.0
4126.5,4131.5,takes well and drives upfield for the spring box buff the clock throws a dummy theyve got numbers wide,normal_play,0.0
4131.0,4136.0,theyve got numbers wide no hand off he just left the tweet,normal_play,0.0
4135.5,4140.5,he just left the tweet turning around the back was john clay going against his,normal_play,0.0
4140.0,4145.0,going against his teammates currently,normal_play,0.0
4144.5,4149.5,again he carries hard what a story playing both for ireland and for that rigger,normal_play,0.0
4149.0,4154.0,what a story playing both for ireland and for that rigger in his career kurt lee aronson,normal_play,0.0
4153.5,4158.5,kurt lee aronson with a lot of traffic in front of him monty lobach,normal_play,0.0
4158.0,4163.0,monty lobach finds villamsa its been left behind by dielendi,normal_play,0.0
4162.5,4167.5,its been left behind by dielendi and thats frustration for south africa,normal_play,0.0
4171.5,4176.5,time off well theres his aerial skill,normal_play,0.0
4176.0,4181.0,well theres his aerial skill and hes so good you dont expect,normal_play,0.0
4180.5,4185.5,and hes so good you dont expect errors a little dummy a little pump,normal_play,0.0
4185.0,4190.0,a little dummy a little pump dielendi was about to come underneath i think on the cut line,normal_play,0.0
4189.5,4194.5,dielendi was about to come underneath i think on the cut line i think villamsas frustrated with himself the hesitation,normal_play,0.0
4194.0,4199.0,that got the irish crowd on their feet here lets start to france,normal_play,0.0
4198.5,4203.5,lets start to france new promise this timing hot another change for south africa trevor enyakar,normal_play,0.0
4203.0,4208.0,trevor enyakar he has come onto the field for france malheurva,normal_play,0.0
4207.5,4212.5,another forward taking part,normal_play,0.0
4212.0,4217.0,third rugby world cup with racing 92 hes tripping enyakar,normal_play,0.0
4216.5,4221.5,hes tripping enyakar thats me all in,normal_play,0.0
4221.0,4226.0,coach finds,normal_play,0.0
4225.5,4230.5,finds sits,normal_play,0.0
4230.0,4235.0,irelands possession as they crowd,normal_play,0.0
4234.5,4239.5,irelands possession as they crowd resit carries on this brilliant atmosphere weve seen,normal_play,0.0
4239.0,4244.0,carries on this brilliant atmosphere weve seen we did it in dummy guys hold the weights,normal_play,0.0
4243.5,4248.5,we did it in dummy guys hold the weights its tense for everyone lads dont worry about that,normal_play,0.0
4248.0,4253.0,times up for the shoot okay guys hold it hold it,normal_play,0.0
4252.5,4257.5,hold it hold it,normal_play,0.0
4257.0,4262.0,no because it went down there tom,normal_play,0.0
4270.5,4275.5,yeah,normal_play,0.0
4284.0,4289.0,you guys all doing to restart the game,normal_play,0.0
4288.5,4293.5,you guys all doing to restart the game,normal_play,0.0
4297.5,4302.5,okay times on reset,normal_play,0.0
4302.0,4307.0,okay times on reset,normal_play,0.0
4306.5,4311.5,okay times on reset,normal_play,0.0
4311.0,4316.0,okay times on reset what an interlude listening to fields of afton rye ring out in this stadium,normal_play,0.0
4315.5,4320.5,what an interlude listening to fields of afton rye ring out in this stadium crowds,normal_play,0.0
4320.0,4325.0,crowds,normal_play,0.0
4324.5,4329.5,crowds five,normal_play,0.0
4329.0,4334.0,five six,normal_play,0.0
4333.5,4338.5,six ten half and the spring blocks call one back,normal_play,0.0
4338.0,4343.0,ten half and the spring blocks call one back,normal_play,0.0
4342.5,4347.5,and the spring blocks call one back theyre staying straight pushing straight theyre not staying straight,normal_play,0.0
4347.0,4352.0,theyre staying straight pushing straight theyre not staying straight,normal_play,0.0
4351.5,4356.5,theyre staying straight pushing straight theyre not staying straight wow the combo of porter and tadhg furlong,normal_play,0.0
4356.0,4361.0,wow the combo of porter and tadhg furlong the props of the island scrum,normal_play,0.0
4360.5,4365.5,the props of the island scrum so warder just for the kicker nine hours away,normal_play,0.0
4365.0,4370.0,so warder just for the kicker nine hours away being demolished on this occasion you can see its power gets underneath,normal_play,0.0
4369.5,4374.5,being demolished on this occasion you can see its power gets underneath how are we looking at it are we looking at a sit up now,normal_play,0.0
4374.0,4379.0,being demolished on this occasion you can see its power gets underneath how are we looking at it are we looking at a sit up now underneath the chest there tadhg furlong,normal_play,0.0
4378.5,4383.5,underneath the chest there tadhg furlong driving him up and in,normal_play,0.0
4383.0,4388.0,driving him up and in kicks supposed to be good with pepe,normal_play,0.0
4387.5,4392.5,kicks supposed to be good with pepe rani lubock from south africa with his country watching,normal_play,0.0
4392.0,4397.0,rani lubock from south africa with his country watching dressed in such brilliant colour,normal_play,0.0
4396.5,4401.5,dressed in such brilliant colour the rainbow nation,normal_play,0.0
4401.0,4406.0,the rainbow nation this to take back the lead,normal_play,0.0
4405.5,4410.5,this to take back the lead staying still,normal_play,0.0
4410.0,4415.0,this to take back the lead staying still,normal_play,0.0
4414.5,4419.5,staying still the red numbers getting very low as marnie lubock looks on,normal_play,0.0
4419.0,4424.0,the red numbers getting very low as marnie lubock looks on,normal_play,0.0
4423.5,4428.5,the red numbers getting very low as marnie lubock looks on unsuccessful,normal_play,0.0
4428.0,4433.0,unsuccessful the question marks remain around the goal kicker,normal_play,0.0
4432.5,4437.5,the question marks remain around the goal kicker south africas worst goal kicking record at this world cup of any team,normal_play,0.0
4437.0,4442.0,south africas worst goal kicking record at this world cup of any team coming into this just ten out of eighteen attempts,normal_play,0.0
4441.5,4446.5,coming into this just ten out of eighteen attempts and unfortunately marnie lubock only 40 kicking coming into this,normal_play,0.0
4446.0,4451.0,and unfortunately marnie lubock only 40 kicking coming into this,normal_play,0.0
4450.5,4455.5,and unfortunately marnie lubock only 40 kicking coming into this questions mark remain,normal_play,0.0
4455.0,4460.0,questions mark remain most of the changes coming from both sides finlay bealham ryan baird and robbie henshaw have all come onto the field,normal_play,0.0
4459.5,4464.5,most of the changes coming from both sides finlay bealham ryan baird and robbie henshaw have all come onto the field o marnie and rick rose both coming off the island,normal_play,0.0
4464.0,4469.0,o marnie and rick rose both coming off the island while for south africa dionne furi has come onto the field,normal_play,0.0
4468.5,4473.5,while for south africa dionne furi has come onto the field tadhg furlong mbongi mbong nabi,normal_play,0.0
4473.0,4478.0,tadhg furlong mbongi mbong nabi some big changes on both sides,normal_play,0.0
4477.5,4482.5,some big changes on both sides he can finish off strongly here comes kocha smith,normal_play,0.0
4482.0,4487.0,he can finish off strongly here comes kocha smith loves eating green millies hes not scared hes smith,normal_play,0.0
4486.5,4491.5,loves eating green millies hes not scared hes smith first touch for dionne furi he can be the oldest test debutant in south african history,normal_play,0.0
4491.0,4496.0,he can be the oldest test debutant in south african history when his first cap was nearly 36 years of age and south africa have a penalty,normal_play,0.0
4495.5,4500.5,when his first cap was nearly 36 years of age and south africa have a penalty at the halfway line,normal_play,0.0
4500.0,4505.0,at the halfway line okay guys 16 green was offside 16,normal_play,0.0
4504.5,4509.5,okay guys 16 green was offside 16 razir azens barking orders,normal_play,0.0
4509.0,4514.0,okay guys 16 green was offside 16 razir azens barking orders down the microphone down the walkie talkie i should say to the touch line,normal_play,0.0
4513.5,4518.5,down the microphone down the walkie talkie i should say to the touch line and we saw the traffic light again,normal_play,0.0
4518.0,4523.0,and we saw the traffic light again youve got to wonder,normal_play,0.0
4522.5,4527.5,youve got to wonder a look on andrew porters face going into that collision with faka smith,normal_play,0.0
4527.0,4532.0,a look on andrew porters face going into that collision with faka smith,normal_play,0.0
4531.5,4536.5,a look on andrew porters face going into that collision with faka smith the grimace the determination,normal_play,0.0
4536.0,4541.0,the grimace the determination perfect the clerks going to need more determination to steer this one between the uprights,normal_play,0.0
4540.5,4545.5,the clerks going to need more determination to steer this one between the uprights and boy this team could do with it now,normal_play,0.0
4545.0,4550.0,and boy this team could do with it now the 31 year old,normal_play,0.0
4549.5,4554.5,the 31 year old bangs it downfield and misses,normal_play,0.0
4554.0,4559.0,and misses thats two different attempts from south africa,normal_play,0.0
4558.5,4563.5,thats two different attempts from south africa keeps ireland in the lead 10 8,normal_play,0.0
4563.0,4568.0,keeps ireland in the lead 10 8 substitution for ireland,normal_play,0.0
4567.5,4572.5,substitution for ireland,normal_play,0.0
4572.0,4577.0,substitution for ireland and thats a change of scrum halves for ireland jamison park gibson park coming off the field,normal_play,0.0
4576.5,4581.5,jamison park gibson park coming off the field the very experienced conor murray is coming off,normal_play,0.0
4581.0,4586.0,the very experienced conor murray is coming off 119 total caps for murray hes on the field now here comes faka smith yet again,normal_play,0.0
4585.5,4590.5,here comes faka smith yet again to the right comes vellumsa the electric damian vellumsa,normal_play,0.0
4590.0,4595.0,to the right comes vellumsa the electric damian vellumsa,normal_play,0.0
4594.5,4599.5,to the right comes vellumsa the electric damian vellumsa,normal_play,0.0
4599.0,4604.0,to the right comes vellumsa the electric damian vellumsa such a threat on attack,normal_play,0.0
4603.5,4608.5,such a threat on attack jean klein carries now born in krugerstorp near johannesburg,normal_play,0.0
4608.0,4613.0,born in krugerstorp near johannesburg dielendi cut down at the halfway line big rough ball for fafnuklaagdau,normal_play,0.0
4612.5,4617.5,big rough ball for fafnuklaagdau vellumsa to the sky,normal_play,0.0
4617.0,4622.0,vellumsa to the sky lowes there for ireland misses it,normal_play,0.0
4621.5,4626.5,lowes there for ireland misses it thats a large hookup theyre in their way,normal_play,0.0
4626.0,4631.0,theyre in their way knock on,normal_play,0.0
4630.5,4635.5,knock on massively in the balance this game isnt it,normal_play,0.0
4635.0,4640.0,massively in the balance this game isnt it vellumsas had a pretty all court game today,normal_play,0.0
4639.5,4644.5,vellumsas had a pretty all court game today weve seen him running into contact weve seen him stepping around it,normal_play,0.0
4644.0,4649.0,weve seen him stepping around it on that occasion he felt boot to boot,normal_play,0.0
4648.5,4653.5,on that occasion he felt boot to boot referee gunnar kiek nearly taking out faka smith itll probably take more than a swinging arm to put smith down,normal_play,0.0
4653.0,4658.0,referee gunnar kiek nearly taking out faka smith itll probably take more than a swinging arm to put smith down everyone square moving forward,normal_play,0.0
4657.5,4662.5,everyone square moving forward players like smith allow him to do the 7 1 split on the bench hes got an outstanding skill set honed in the game of sevens,normal_play,0.0
4662.0,4667.0,players like smith allow him to do the 7 1 split on the bench hes got an outstanding skill set honed in the game of sevens he can carry he can pass he can do high balls,normal_play,0.0
4666.5,4671.5,he can carry he can pass he can do high balls coach,normal_play,0.0
4671.0,4676.0,coach five six,normal_play,0.0
4675.5,4680.5,six sevens to fifteens,normal_play,0.0
4680.0,4685.0,sevens to fifteens okay so every game three time world cup champions,normal_play,0.0
4684.5,4689.5,so every game three time world cup champions we trail now you have great work great work,normal_play,0.0
4689.0,4694.0,we trail now you have great work great work the only champion to lose a cool game happened in 2019 against new zealand,normal_play,0.0
4693.5,4698.5,happened in 2019 against new zealand they lost early in the stages carried in from oxn chek,normal_play,0.0
4698.0,4703.0,carried in from oxn chek the plays are jumping for the sharks good turn over,normal_play,0.0
4702.5,4707.5,good turn over pitch to swat the topside in the world theyre led to do things like that,normal_play,0.0
4707.0,4712.0,the topside in the world theyre led to do things like that,normal_play,0.0
4720.5,4725.5,a good carry from oxn chek backed up by trevor neer khani,normal_play,0.0
4725.0,4730.0,backed up by trevor neer khani times up lets go please were good okay were good,normal_play,0.0
4729.5,4734.5,were good okay were good time back on getting in there,normal_play,0.0
4734.0,4739.0,getting in there trying to make the difference for his team charging that one down and deflecting it out for this line up,normal_play,0.0
4738.5,4743.5,charging that one down and deflecting it out for this line up arlham will throw in just outside the 22 an error thats been problematic in this game and these are important moments now,normal_play,0.0
4743.0,4748.0,an error thats been problematic in this game and these are important moments now dan sheehan,normal_play,0.0
4747.5,4752.5,dan sheehan he was well nominated for world rugby breakthrough player of the year in 2022,normal_play,0.0
4752.0,4757.0,he was well nominated for world rugby breakthrough player of the year in 2022 22 22 akis there,normal_play,0.0
4756.5,4761.5,akis there inside their half taking back holden frons,normal_play,0.0
4761.0,4766.0,taking back holden frons james lowe down the throat of damian villainsa,normal_play,0.0
4765.5,4770.5,down the throat of damian villainsa will he kick or will he run,normal_play,0.0
4770.0,4775.0,throws the big left footed step,normal_play,0.0
4774.5,4779.5,pass there from markovan staden so theyre working their way upfield playing,normal_play,0.0
4779.0,4784.0,so theyre working their way upfield playing lovock does well and here comes arshia,normal_play,0.0
4783.5,4788.5,and here comes arshia the viking sailing towards the 22,normal_play,0.0
4788.0,4793.0,sailing towards the 22 so theyre with numbers on the right hand side lovock,normal_play,0.0
4792.5,4797.5,lovock creel peter steffert detoy loses possession,normal_play,0.0
4797.0,4802.0,peter steffert detoy loses possession and its a good tackle as well in from konamari,normal_play,0.0
4801.5,4806.5,in from konamari do we not have a knock on or a touch by isidabrega well it looked like you knocked that on in the tackle,normal_play,0.0
4806.0,4811.0,well it looked like you knocked that on in the tackle guys south africa ball south africa ball was touched by greenhand,normal_play,0.0
4810.5,4815.5,south africa ball was touched by greenhand a bit of crap by lots of things been late bom also getting a look over,normal_play,0.0
4815.0,4820.0,been late bom also getting a look over touched by greenhand in the tackle timo confirmed it,normal_play,0.0
4819.5,4824.5,timo confirmed it great hands from lovock and a great look by the team,normal_play,0.0
4824.0,4829.0,and a great look by the team and a great look by the team and a great look by the team,normal_play,0.0
4828.5,4833.5,and a great look by the team and a great look by the team and a great look by the team great hands from lovock,normal_play,0.0
4833.0,4838.0,and a great look by the team great hands from lovock and a great line from snimon the big striding second row,normal_play,0.0
4837.5,4842.5,the big striding second row the big striding second row,normal_play,0.0
4842.0,4847.0,and i think detoy was just trying to lift it and i think detoy was just trying to lift it,normal_play,0.0
4846.5,4851.5,and i think detoy was just trying to lift it to his winger outside him is aronson,normal_play,0.0
4851.0,4856.0,its party time at the rugby world cup,normal_play,0.0
4855.5,4860.5,its party time at the rugby world cup ok were going to restart lets go please its party time in the stands its a little bit more tense from the pitch,normal_play,0.0
4860.0,4865.0,its party time in the stands its a little bit more tense from the pitch going into the ten minutes to go mark going into the ten minutes to go mark,normal_play,0.0
4864.5,4869.5,going into the ten minutes to go mark its so important now these players coming into it was a lot made of this game i spanked the irish management beforehand,normal_play,0.0
4869.0,4874.0,coming into it was a lot made of this game i spanked the irish management beforehand and they were saying yes there is but the consequences are less than they will be in the future,normal_play,0.0
4873.5,4878.5,but the consequences are less than they will be in the future in this competition so hopefully the players are allowed to feel the freedom and play,normal_play,0.0
4878.0,4883.0,so hopefully the players are allowed to feel the freedom and play with two points difference on the scoreboard one versus two,normal_play,0.0
4882.5,4887.5,one versus two this is going to be tense and its about their ability to stay in the moment stay processed stay composed,normal_play,0.0
4887.0,4892.0,and its about their ability to stay in the moment stay processed stay composed finally the pool currently ten points to nine over sarabaga as well,normal_play,0.0
4891.5,4896.5,ten points to nine over sarabaga as well the take,normal_play,0.0
4896.0,4901.0,the take for the springbok sean klein nearly 140 matches for munster,normal_play,0.0
4900.5,4905.5,sean klein nearly 140 matches for munster going against prenz in this rugby world cup pool game,normal_play,0.0
4905.0,4910.0,prenz in this rugby world cup pool game advantage for the springboks theyre inside the 22,normal_play,0.0
4909.5,4914.5,theyre inside the 22 basta klack pushing a few bodies away,normal_play,0.0
4914.0,4919.0,basta klack pushing a few bodies away banda flea comes in here comes cocker smith,normal_play,0.0
4918.5,4923.5,here comes cocker smith hes hit hard no no over here its the ireland player,normal_play,0.0
4923.0,4928.0,no no over here its the ireland player ireland comes around the side changes bond side entry,normal_play,0.0
4927.5,4932.5,side entry no it was the same ball the whole time,normal_play,0.0
4932.0,4937.0,no it was the same ball the whole time i dont know if it was tyburn initially with the infringement,normal_play,0.0
4936.5,4941.5,tyburn initially with the infringement around the side in the mall its one ball,normal_play,0.0
4941.0,4946.0,its one ball and we might see another one rolling there he is,normal_play,0.0
4945.5,4950.5,rolling there he is initially it looked like he came through the middle which would have been fine,normal_play,0.0
4950.0,4955.0,which would have been fine i actually thought he pulled out perhaps under the referees instruction but penalty,normal_play,0.0
4954.5,4959.5,instruction but penalty,normal_play,0.0
4959.0,4964.0,south africas chance would tend to go,normal_play,0.0
4963.5,4968.5,would tend to go theyre five metres up dionne farik,normal_play,0.0
4968.0,4973.0,dionne farik not accurate,normal_play,0.0
4972.5,4977.5,one strike well ireland line up coach paul oconnor,normal_play,0.0
4977.0,4982.0,one strike well ireland line up coach paul oconnor was asked before this whether they thought the introduction of dionne farik would be,normal_play,0.0
4981.5,4986.5,of dionne farik would be a weakness and he kind of played it down,normal_play,0.0
4986.0,4991.0,farik is it back row flow,normal_play,0.0
4990.5,4995.5,is it back row flow also plays it transferred and gives him that,normal_play,0.0
4995.0,5000.0,transferred and gives him that variety plenty of life experience coming in at 36 but,normal_play,0.0
4999.5,5004.5,plenty of life experience coming in at 36 but not a huge amount of game experience at this level,normal_play,0.0
5004.0,5009.0,at this level 28 caps coming on for his ninth today pressure in these,normal_play,0.0
5008.5,5013.5,pressure in these moments starting to boil it knew it would be an issue when malcolm marks was injured,normal_play,0.0
5013.0,5018.0,it knew it would be an issue when malcolm marks was injured no longer take part with,normal_play,0.0
5017.5,5022.5,part with the south african side of this world cup,normal_play,0.0
5022.0,5027.0,coach a chance for them to clear their lines,normal_play,0.0
5026.5,5031.5,a chance for them to clear their lines six,normal_play,0.0
5031.0,5036.0,six sigh of relief perhaps,normal_play,0.0
5035.5,5040.5,sigh of relief perhaps big forward pack,normal_play,0.0
5040.0,5045.0,big forward pack piling in ireland theyre able to kick towards the touchline,normal_play,0.0
5044.5,5049.5,theyre able to kick towards the touchline using james lowe that is a stunning kick from the irish winger,normal_play,0.0
5049.0,5054.0,that is a stunning kick from the irish winger,normal_play,0.0
5053.5,5058.5,that is huge that was absolute giant nudge,normal_play,0.0
5058.0,5063.0,that was absolute giant nudge huge change coming for ireland here johnny johnny sexton is coming off the field,normal_play,0.0
5062.5,5067.5,johnny johnny sexton is coming off the field of course he is a fan favourite he is a legend of irish rugby hes a legend of irish rugby,normal_play,0.0
5067.0,5072.0,he is a legend of irish rugby hes a legend of irish rugby hes a legend of irish rugby hes a legend of irish rugby,normal_play,0.0
5071.5,5076.5,hes a legend of irish rugby hes a legend of irish rugby hes a legend of irish rugby,normal_play,0.0
5076.0,5081.0,hes a legend of irish rugby hes been the heart and soul of this team all night hes going to come off,normal_play,0.0
5080.5,5085.5,all night hes going to come off for the last eight minutes of this absolute nail biter jack crowley hes going his replacement,normal_play,0.0
5085.0,5090.0,absolute nail biter jack crowley hes going his replacement johnny sexton leaves his country with a lead can they hold on to that,normal_play,0.0
5089.5,5094.5,can they hold on to that here comes south africa up the middle van staden,normal_play,0.0
5094.0,5099.0,van staden gets a beautiful ball from kurt lee arnser,normal_play,0.0
5098.5,5103.5,from kurt lee arnser who had that break for the springboks attempts to finish her in for beautiful ball back to,normal_play,0.0
5103.0,5108.0,attempts to finish her in for beautiful ball back to coffa smith from ergis neymar and here comes to clark,normal_play,0.0
5107.5,5112.5,and here comes to clark labaugh unchet steams upfield,normal_play,0.0
5112.0,5117.0,steams upfield for south africa trevon yacany,normal_play,0.0
5116.5,5121.5,trevon yacany with possession but to clark cant get it ireland parling,normal_play,0.0
5121.0,5126.0,but to clark cant get it ireland parling fousey fousey,normal_play,0.0
5125.5,5130.5,fousey and then its been left behind hoof downfield from ireland,normal_play,0.0
5130.0,5135.0,hoof downfield from ireland a stunning steal and they drive back the springboks,normal_play,0.0
5134.5,5139.5,and they drive back the springboks jesse creel beats one,normal_play,0.0
5139.0,5144.0,beats one south africa,normal_play,0.0
5143.5,5148.5,theyve got turnover at the last break time may have lost it again,normal_play,0.0
5148.0,5153.0,may have lost it again ireland on attack here they come ball splits free to the left hand side,normal_play,0.0
5152.5,5157.5,ball splits free to the left hand side another look for some magic hugo keenan,normal_play,0.0
5157.0,5162.0,another look for some magic hugo keenan the fullback walk down inside the 22,normal_play,0.0
5161.5,5166.5,walk down inside the 22 here they go release conor murray,normal_play,0.0
5166.0,5171.0,conor murray with this crowd urging him on good ball again jack crowley on the field,normal_play,0.0
5170.5,5175.5,good ball again jack crowley on the field the cheers continue ian henderson the oesterman,normal_play,0.0
5175.0,5180.0,the cheers continue ian henderson the oesterman behind the back ball,normal_play,0.0
5179.5,5184.5,behind the back ball just held on there from hugo hugo keenan the fox doing well,normal_play,0.0
5184.0,5189.0,the fox doing well porter takes a strong hit,normal_play,0.0
5188.5,5193.5,takes a strong hit theres robbie henshaw looks to attack,normal_play,0.0
5193.0,5198.0,theres robbie henshaw looks to attack ireland looking at the options here,normal_play,0.0
5197.5,5202.5,ireland looking at the options here todd byrne carries well again,normal_play,0.0
5202.0,5207.0,carries well again with munster they go to the pocket,normal_play,0.0
5206.5,5211.5,not a successful attempt but they needed to have a go got a scum,normal_play,0.0
5211.0,5216.0,but they needed to have a go got a scum taking back its going to be a five year scum because hes charged down,normal_play,0.0
5215.5,5220.5,its going to be a five year scum because hes charged down been touched in the air scum did,normal_play,0.0
5220.0,5225.0,scum did,normal_play,0.0
5224.5,5229.5,there it is touched here,normal_play,0.0
5229.0,5234.0,there it is touched here good work to charge it down,normal_play,0.0
5233.5,5238.5,good work to charge it down they countered through creel,normal_play,0.0
5238.0,5243.0,creel scragged and caught and invited ireland to counteract,normal_play,0.0
5242.5,5247.5,and invited ireland to counteract,normal_play,0.0
5256.0,5261.0,another change for ireland,normal_play,0.0
5260.5,5265.5,another change for ireland andrew porter coming off the field hes been instrumental today in that set piece,normal_play,0.0
5265.0,5270.0,hes been instrumental today in that set piece such has been the physicality of this game i think its a well deserved break for him,normal_play,0.0
5269.5,5274.5,i think its a well deserved break for him its been the thick of it,normal_play,0.0
5274.0,5279.0,its been the thick of it hes on the park kovac rynup as well,normal_play,0.0
5278.5,5283.5,kovac rynup as well great shot there at the rsi were talking about how important it is to compose yourselves in these moments were just over five to play,normal_play,0.0
5283.0,5288.0,were talking about how important it is to compose yourselves in these moments were just over five to play theyre there in a huddle breathing in unison,normal_play,0.0
5287.5,5292.5,breathing in unison and south africa have made the final change of their bench stand alone back,normal_play,0.0
5292.0,5297.0,stand alone back kovac rynup is on to the field back to klerk coming off,normal_play,0.0
5296.5,5301.5,back to klerk coming off klerk is going to be on the field at some times hes said the only back fan favourite,normal_play,0.0
5301.0,5306.0,hes said the only back fan favourite three years at northampton saints before he moved to france the second quickest in rugby world cup history,normal_play,0.0
5305.5,5310.5,the second quickest in rugby world cup history behind the one he set in 2019 against canada,normal_play,0.0
5323.5,5328.5,its a close one,normal_play,0.0
5328.0,5333.0,its a close one can arliff put this game away five minutes to play,normal_play,0.0
5332.5,5337.5,five minutes to play there leads south africa 10 8 come up times off,normal_play,0.0
5337.0,5342.0,come up times off straight down dont use your head on the shoulder,normal_play,0.0
5341.5,5346.5,dont use your head on the shoulder its your ball dont use your head on the shoulder,normal_play,0.0
5346.0,5351.0,dont use your head on the shoulder lets reset please time will go when were ready,normal_play,0.0
5350.5,5355.5,time will go when were ready its tense its head in hands time you can barely watch two points on the scoreboard,normal_play,0.0
5355.0,5360.0,you can barely watch two points on the scoreboard five minutes to play island setting up camp at the scrum,normal_play,0.0
5359.5,5364.5,island setting up camp at the scrum five metres off its an african line,normal_play,0.0
5364.0,5369.0,its an african line the experience of conor murray to put into this scrum coach,normal_play,0.0
5368.5,5373.5,coach fine here we go,normal_play,0.0
5373.0,5378.0,fine here we go as the world watches,normal_play,0.0
5377.5,5382.5,kill the island unstable,normal_play,0.0
5382.0,5387.0,unstable you can hear the roar you can hear the roar,normal_play,0.0
5386.5,5391.5,you can hear the roar,normal_play,0.0
5395.5,5400.5,shot called on the line please,normal_play,0.0
5400.0,5405.0,on the line please mac hansen just came up to this near side to fire the crowd up i dont think they need it mac,normal_play,0.0
5404.5,5409.5,i dont think they need it mac theyre all on their feet theyre loving life,normal_play,0.0
5409.0,5414.0,theyre loving life the substitute front row for island will be very very pleased to get one over on the box pack,normal_play,0.0
5413.5,5418.5,the substitute front row for island will be very very pleased to get one over on the box pack a massive moment in the game for island,normal_play,0.0
5418.0,5423.0,a massive moment in the game for island jack crowley pivotal roll for the munster side winning the urc this year,normal_play,0.0
5422.5,5427.5,pivotal roll for the munster side winning the urc this year from close range the,normal_play,0.0
5427.0,5432.0,the,normal_play,0.0
5431.5,5436.5,the,normal_play,0.0
5436.0,5441.0,the make it a five point lead crowley has his name in the books,normal_play,0.0
5440.5,5445.5,crowley has his name in the books its 13 points to rate island leads south africa with three minutes to play,normal_play,0.0
5445.0,5450.0,island leads south africa with three minutes to play the game is over the game is over,normal_play,0.0
5449.5,5454.5,the game is over the game is over the game is over,normal_play,0.0
5454.0,5459.0,the game is over the game is over the game is over,normal_play,0.0
5458.5,5463.5,the game is over the game is over the game is over the game is over,normal_play,0.0
5463.0,5468.0,the game is over the game is over the game is over the game is over,normal_play,0.0
5467.5,5472.5,the game is over the game is over the game is over,normal_play,0.0
5472.0,5477.0,the game is over the game is over the game is over,normal_play,0.0
5476.5,5481.5,the game is over the game is over with three minutes to play colby looks to the sky,normal_play,0.0
5481.0,5486.0,with three minutes to play colby looks to the sky is that a hint of despair in this african eyes now is that a hint of despair in this african eyes now,normal_play,0.0
5485.5,5490.5,is that a hint of despair in this african eyes now down the middle goes south africa nice lift from island,normal_play,0.0
5490.0,5495.0,down the middle goes south africa nice lift from island can they close out this game no manu lubok launches the counter a flowers being had and theres a bunch of green jerseys,normal_play,0.0
5494.5,5499.5,no manu lubok launches the counter a flowers being had and theres a bunch of green jerseys,normal_play,0.0
5499.0,5504.0,no manu lubok launches the counter a flowers being had and theres a bunch of green jerseys around there no rana retains possession for south africa villainsa magic needed,normal_play,0.0
5503.5,5508.5,around there no rana retains possession for south africa villainsa magic needed,normal_play,0.0
5508.0,5513.0,around there no rana retains possession for south africa villainsa magic needed,normal_play,0.0
5512.5,5517.5,around there no rana retains possession for south africa villainsa magic needed from some of the playmakers cheslin colby cant get free on this occasion to the halfway,normal_play,0.0
5517.0,5522.0,from some of the playmakers cheslin colby cant get free on this occasion to the halfway,normal_play,0.0
5521.5,5526.5,from some of the playmakers cheslin colby cant get free on this occasion to the halfway line turnover good a pinch and another steal from ireland unbelievable from bandiakhi,normal_play,0.0
5526.0,5531.0,line turnover good a pinch and another steal from ireland unbelievable from bandiakhi turnover good storming with ball in hand and on the other side of the ball low again chips,normal_play,0.0
5530.5,5535.5,turnover good storming with ball in hand and on the other side of the ball low again chips,normal_play,0.0
5535.0,5540.0,turnover good storming with ball in hand and on the other side of the ball low again chips this one whos put him on colby hes on there hes opposite number 90 seconds left south africas,normal_play,0.0
5539.5,5544.5,this one whos put him on colby hes on there hes opposite number 90 seconds left south africas,normal_play,0.0
5544.0,5549.0,this one whos put him on colby hes on there hes opposite number 90 seconds left south africas chance with ball in hand big hit as well rana khans possession inche waits theres a behind,normal_play,0.0
5548.5,5553.5,chance with ball in hand big hit as well rana khans possession inche waits theres a behind,normal_play,0.0
5553.0,5558.0,chance with ball in hand big hit as well rana khans possession inche waits theres a behind the back lubok by jesse creel to the halfway line the tackle keep coming from ireland,normal_play,0.0
5557.5,5562.5,the back lubok by jesse creel to the halfway line the tackle keep coming from ireland vantage second man hands on pindy avanis foreside outrigger villainsa almost got the,normal_play,0.0
5562.0,5567.0,vantage second man hands on pindy avanis foreside outrigger villainsa almost got the,normal_play,0.0
5566.5,5571.5,vantage second man hands on pindy avanis foreside outrigger villainsa almost got the pass away in the tackle and ended eventually okay you got two penalty one penalty here for off feet south africa cheers,normal_play,0.0
5571.0,5576.0,vantage second man hands on pindy avanis foreside outrigger villainsa almost got the pass away in the tackle and ended eventually okay you got two penalty one penalty here for off feet south africa cheers,normal_play,0.0
5575.5,5580.5,pass away in the tackle and ended eventually okay you got two penalty one penalty here for off feet south africa cheers,normal_play,0.0
5580.0,5585.0,pass away in the tackle and ended eventually okay you got two penalty one penalty here for off feet south africa cheers,normal_play,0.0
5584.5,5589.5,pass away in the tackle and ended eventually okay you got two penalty one penalty here for off feet south africa cheers one here one over there from the south african side off feet theyre not a group short of,normal_play,0.0
5589.0,5594.0,one here one over there from the south african side off feet theyre not a group short of belief they said coming into this they love the pressure cooker wow its dolled right up now,normal_play,0.0
5593.5,5598.5,belief they said coming into this they love the pressure cooker wow its dolled right up now,normal_play,0.0
5598.0,5603.0,belief they said coming into this they love the pressure cooker wow its dolled right up now marni lubok so much said about his kicking in this game and his shots at goal have been questionable hes missed a few,normal_play,0.0
5602.5,5607.5,marni lubok so much said about his kicking in this game and his shots at goal have been questionable hes missed a few,normal_play,0.0
5607.0,5612.0,marni lubok so much said about his kicking in this game and his shots at goal have been questionable hes missed a few well thats a nice nudge hes giving his back and inviting blackpool to play here,normal_play,0.0
5611.5,5616.5,well thats a nice nudge hes giving his back and inviting blackpool to play here,normal_play,0.0
5616.0,5621.0,well thats a nice nudge hes giving his back and inviting blackpool to play here the drama unfolding in front of us and starts to frown final play ireland lead 13 8 farid goes to peter,normal_play,0.0
5620.5,5625.5,the drama unfolding in front of us and starts to frown final play ireland lead 13 8 farid goes to peter,normal_play,0.0
5625.0,5630.0,the drama unfolding in front of us and starts to frown final play ireland lead 13 8 farid goes to peter,normal_play,0.0
5629.5,5634.5,the drama unfolding in front of us and starts to frown final play ireland lead 13 8 farid goes to peter,normal_play,0.0
5634.0,5639.0,the drama unfolding in front of us and starts to frown final play ireland lead 13 8 farid goes to peter,normal_play,0.0
5638.5,5643.5,the drama unfolding in front of us and starts to frown final play ireland lead 13 8 farid goes to peter tewi south africa maul towards the trial and yelendis in there as well tyburn the irish defender on the side,normal_play,0.0
5643.0,5648.0,tewi south africa maul towards the trial and yelendis in there as well tyburn the irish defender on the side,normal_play,0.0
5647.5,5652.5,tewi south africa maul towards the trial and yelendis in there as well tyburn the irish defender on the side,normal_play,0.0
5652.0,5657.0,tewi south africa maul towards the trial and yelendis in there as well tyburn the irish defender on the side theyve defended superbly so theyre going to try to dig us out its there has he come out,normal_play,0.0
5656.5,5661.5,theyve defended superbly so theyre going to try to dig us out its there has he come out,normal_play,0.0
5661.0,5666.0,theyve defended superbly so theyre going to try to dig us out its there has he come out ireland have done it the number one team in the world irish eyes are smiling tonight theyve taken one step closer to their rugby world cup dream,normal_play,0.0
5665.5,5670.5,ireland have done it the number one team in the world irish eyes are smiling tonight theyve taken one step closer to their rugby world cup dream,normal_play,0.0
5670.0,5675.0,ireland have done it the number one team in the world irish eyes are smiling tonight theyve taken one step closer to their rugby world cup dream,normal_play,0.0
5674.5,5679.5,ireland have done it the number one team in the world irish eyes are smiling tonight theyve taken one step closer to their rugby world cup dream,normal_play,0.0
5679.0,5684.0,ireland have done it the number one team in the world irish eyes are smiling tonight theyve taken one step closer to their rugby world cup dream,normal_play,0.0
5683.5,5688.5,ireland have done it the number one team in the world irish eyes are smiling tonight theyve taken one step closer to their rugby world cup dream theyve beaten the springboks its been an extraordinary evening in paris therell be tears therell be celebrations 80 0 fans,normal_play,0.0
5688.0,5693.0,theyve beaten the springboks its been an extraordinary evening in paris therell be tears therell be celebrations 80 0 fans,normal_play,0.0
5692.5,5697.5,theyve beaten the springboks its been an extraordinary evening in paris therell be tears therell be celebrations 80 0 fans,normal_play,0.0
5697.0,5702.0,theyve beaten the springboks its been an extraordinary evening in paris therell be tears therell be celebrations 80 0 fans millions around the world have witnessed one of the great battles in rugby world cup history,normal_play,0.0
5701.5,5706.5,millions around the world have witnessed one of the great battles in rugby world cup history,normal_play,0.0
