start_time,end_time,text,event_class,highlight_score
0.0,4.0,the referee in charge of this one is matthew carley from england,normal_play,0.0
3.5,7.5,england the stage is set leon is ready new zealand and italy in,normal_play,0.0
7.0,11.0,italy in pulea rugby world cup 23,kick_off,0.187
17.5,21.5,into the hands early of mark tellea precious,normal_play,0.4032
21.0,25.0,precious way into the,normal_play,0.4032
24.5,28.5,the italian line new zealand looked to build early as brodie retellic,normal_play,0.4032
28.0,32.0,as brodie retellic hasnt had a lot of rugby lately from tellea from tellea carries forward for,normal_play,0.4032
31.5,35.5,tellea from tellea carries forward for new zealand and its barrett with the first exit this has just gone,normal_play,0.4032
35.0,39.0,has just gone down to 10 metres on the italian side,normal_play,0.3385
38.5,42.5,italian side and its fought back by paolo gabisi back there playing back,normal_play,0.3385
42.0,46.0,playing back in the 10 position today having played second,normal_play,0.3385
45.5,49.5,played second five the other day marko riccioni really exciting,normal_play,0.3084
49.0,53.0,exciting tight head prop italy first chance,normal_play,0.3084
52.5,56.5,first chance to build some pressure some phases,normal_play,0.343
56.0,60.0,phases test new zealands defence and their discipline and theyre full of running and,normal_play,0.343
59.5,63.5,theyre full of running and this is the man to do it for them first little injection,normal_play,0.4032
63.0,67.0,little injection from ange kapuahtso,normal_play,0.4032
66.5,70.5,heavy,normal_play,0.3386
70.0,74.0,heavy contact,normal_play,0.3386
73.5,77.5,defence is good and now italy,normal_play,0.3386
77.0,81.0,and now italy have created a little bit of space here elements of the line for ioanni,normal_play,0.4032
80.5,84.5,for ioanni and finds seb negri down that right hand channel,normal_play,0.4032
84.0,88.0,right hand channel back they come again look at the phases building early from italy,normal_play,0.3542
87.5,91.5,new zealand making a lot of early tackle as brodie tellea got it,normal_play,0.3542
91.0,95.0,tellea got it and steals it back one by tellea for new zealand and,normal_play,0.4032
94.5,98.5,new zealand and now they might look to spread straight away ioanni,normal_play,0.4032
98.0,102.0,ioanni riccioni to the iron off line for mourna,normal_play,0.4032
101.5,105.5,mourna richie mourna steps his way through the first cant get through,normal_play,0.4032
105.0,109.0,cant get through a second good cover defence from italy now new,normal_play,0.4032
108.5,112.5,now new zealand get a chance to play and look like theyre going to be full of running,normal_play,0.4032
112.0,116.0,be full of running early heres adi saviha the captain up to halfway,normal_play,0.4032
115.5,119.5,halfway bode and,normal_play,0.4032
119.0,123.0,bode and barrett up in it first receiver,normal_play,0.4032
122.5,126.5,aaron smith again second,normal_play,0.4032
126.0,130.0,again second man play for ioanni standing on this outside,normal_play,0.4032
129.5,133.5,on this outside its a good solid hit from the experienced luca,normal_play,0.4032
133.0,137.0,luca morisi a long opening passage of play here,normal_play,0.4032
136.5,140.5,here scott barrett carries up over halfway and,normal_play,0.4032
140.0,144.0,and now aaron smith has sighted some space in behind here,normal_play,0.4032
143.5,147.5,behind here for kapuahtso and finds the touch line,normal_play,0.4032
147.0,151.0,wow what a start,normal_play,0.4032
150.5,154.5,a lot of phases a lot of carries both teams showing that they have,normal_play,0.0
154.0,158.0,that they have this interchangeability between the 10s and the 15s,normal_play,0.0
157.5,161.5,15s both bode and barrett and tomaso allen slotting in their first,normal_play,0.0
161.0,165.0,in their first receiver a couple of times both coaches will be quite happy with,normal_play,0.0
164.5,168.5,with the skillset shown so far a lot of phases a lot of carries,normal_play,0.0
168.0,172.0,of carries giacomo nicotera hasnt missed a,lineout,0.3927
171.5,175.5,hasnt missed a line out throw all tournament 18 from 18,lineout,0.3927
175.0,179.0,and hes just going to keep that record now,normal_play,0.3711
178.5,182.5,record now as federico ruza saves the day but,normal_play,0.3711
182.0,186.0,day but theres a forward pass in there from italy a little friendly pressure coming on,normal_play,0.3711
185.5,189.5,coming on pressure at the line out not clean ball and as a result maybe,normal_play,0.0
189.0,193.0,a result maybe the little error coming a little panicky and trying to just set up,normal_play,0.0
192.5,196.5,just set up an opportunity to exit and this leaves the all blacks with,normal_play,0.0
196.0,200.0,the all blacks with a perfect attacking option,normal_play,0.0
199.5,203.5,15 metres or so out this is the line out tap,normal_play,0.0
203.0,207.0,tap back its a little scrappy and a little messy and the pressure shifted and,normal_play,0.0
206.5,210.5,shifted and thats the forward pass find your spaces nice and patient,normal_play,0.0
210.0,214.0,nice and patient,normal_play,0.0
213.5,217.5,santa scrum,normal_play,0.0
217.0,221.0,barrett standing right behind the scrum giving themselves an,normal_play,0.0
220.5,224.5,giving themselves an option to go either way,normal_play,0.0
224.0,228.0,way scrum,normal_play,0.0
227.5,231.5,scrum hasnt been a strong suit for new zealand in the tournament,normal_play,0.0
231.0,235.0,the tournament a fine set,normal_play,0.0
234.5,238.5,set not to set a platform here 3 5 minutes in,normal_play,0.0
238.0,242.0,minutes in not from your side of,normal_play,0.0
241.5,245.5,of the scrum hey hey,normal_play,0.0
245.0,249.0,hey well go across,normal_play,0.0
248.5,252.5,listen,normal_play,0.0
252.0,256.0,listen listen guys maybe the two have just coming up ever,normal_play,0.0
255.5,259.5,coming up ever so slightly under that first scrum pressure patient for each call,normal_play,0.0
259.0,263.0,for each call okay scrum over the mark both sides,normal_play,0.0
262.5,266.5,so the line ups changed now the scrum having moved,normal_play,0.0
266.0,270.0,the scrum having moved five or six metres to the right bode and barretts gone to,normal_play,0.0
269.5,273.5,barretts gone to the left or wanga to the right,normal_play,0.0
273.0,277.0,the right if you fancy theyll go with a wheel,scrum,0.4877
276.5,280.5,if you have a way with the scrum wheels youd think they would go with that,scrum,0.4877
280.0,284.0,go with that just to put the markers on the first defender,scrum,0.4877
283.5,287.5,first defender,scrum,0.4877
287.0,291.0,on side nine thank you,normal_play,0.4032
290.5,294.5,its a way to the right they come through jordi barrett and then a little set,normal_play,0.4032
294.0,298.0,little set move on the all cundling cut with bode and barrett still there for new zealand,normal_play,0.4032
297.5,301.5,for new zealand though smith does well as he flirts with that sideline jar stays,normal_play,0.4032
301.0,305.0,jar stays in eventually new zealand,normal_play,0.4032
304.5,308.5,new zealand rescue the ball back its gone backwards a couple of times in there a little,normal_play,0.0
308.0,312.0,in there a little untidy from new zealand savia straight,normal_play,0.2513
311.5,315.5,savia straight up the middle roof one good defence from,normal_play,0.2513
315.0,319.0,from gawbisi to,normal_play,0.4032
318.5,322.5,gawbisi to wanga fassi the next to carry forward,normal_play,0.4032
322.0,326.0,now from a standing start its dalton papalei again,normal_play,0.4032
325.5,329.5,again and now new zealand again,normal_play,0.4032
329.0,333.0,zealand again try to work a move in midfield no way through,normal_play,0.4032
332.5,336.5,way through for reko ioani the defence from italy rock solid so far,normal_play,0.3933
336.0,340.0,so far hold that,normal_play,0.3933
339.5,343.5,hold that hold that thank you smith again looking for his runners he all,normal_play,0.4032
343.0,347.0,he all shimmy away to the left ritalik had cody taylor with,normal_play,0.4032
346.5,350.5,cody taylor with him and now they come back out open with scott,normal_play,0.4032
350.0,354.0,open with scott barrett just pressing and you,normal_play,0.4032
353.5,357.5,pressing and you heard the cry hes off his feet theyve got advantage here new zealand for,normal_play,0.4032
357.0,361.0,new zealand for tenlea its so difficult to put down,normal_play,0.4032
360.5,364.5,to put down in those close quarters new zealand playing under advantage,normal_play,0.4032
364.0,368.0,under advantage here crossfield kick jordi barrett into the arms of will jordan jordan,try,1.0
367.5,371.5,jordan jordan for the corner jordan with the flying finish,try,1.0
371.0,375.0,finish,try,1.0
374.5,378.5,will jordans impeccable strike rate continues for,normal_play,0.0
378.0,382.0,continues for new zealand,normal_play,0.0
388.5,392.5,well hes a man who cant finish he knows where the goal line is he knows,normal_play,0.0
392.0,396.0,line is he knows how to get over the little kick over the top was just pinpoint accurate,normal_play,0.0
395.5,399.5,pinpoint accurate throwing dots and look at that for a dive its,normal_play,0.0
399.0,403.0,its great execution that is a sensational,normal_play,0.0
402.5,406.5,is a sensational kick pass and jordan knew where,normal_play,0.0
406.0,410.0,knew where the touch line was knew he had to propel himself in the air,normal_play,0.0
409.5,413.5,and does it superbly,normal_play,0.0
413.0,417.0,that is absolutely brilliant,normal_play,0.0
416.5,420.5,absolutely brilliant theres no doubt thats a try the,normal_play,0.0
420.0,424.0,the crowd dont like it not sure why not great score,normal_play,0.0
423.5,427.5,great score 24th,normal_play,0.0
427.0,431.0,24th try in his 27th test match will jordan,normal_play,0.0
430.5,434.5,jordan,normal_play,0.4032
434.0,438.0,coming back into the side today after one to forget against,normal_play,0.4032
437.5,441.5,to forget against france hes put his team in the front as richie moong,normal_play,0.4032
441.0,445.0,richie moong wants to convert from the side,goal_kick,0.8688
444.5,448.5,side,goal_kick,0.8688
448.0,452.0,slides this one inside the right hand upright at the good start,normal_play,0.0
451.5,455.5,at the good start for will jordan and new zealand seven,normal_play,0.0
455.0,459.0,seven points to nil,normal_play,0.0
458.5,462.5,beautiful kick there from bodenbarrick look at that for a finish you dont get better than that,normal_play,0.0
462.0,466.0,better than that jordan with a fantastic dive one hand grounding,normal_play,0.0
465.5,469.5,grounding absolutely spot on just trying to understand why stephen varney was,normal_play,0.0
469.0,473.0,stephen varney was down in the corner and it wasnt tommaso allen,kick_off,0.3445
472.5,476.5,allen,kick_off,0.3445
476.0,480.0,jordan barrett brings down,normal_play,0.0
479.5,483.5,brings down the restart new zealands 22,normal_play,0.3762
483.0,487.0,its a similar set up for,normal_play,0.3762
486.5,490.5,similar set up for new zealand to work their way up if youre in front stay still inside their,normal_play,0.4032
490.0,494.0,still inside their own territory its bodenbarrick who sends it up coming forward for it,normal_play,0.4032
493.5,497.5,forward for it just fell short of tommaso allen the bounce is,normal_play,0.4032
497.0,501.0,the bounce is kind though for joanne that was rounded upon by shannon frazelle,normal_play,0.4032
500.5,504.5,by shannon frazelle back in the new zealand side for the first time at,normal_play,0.4032
504.0,508.0,the first time at this world cup,normal_play,0.0
507.5,511.5,italy look promising with their first early build up,normal_play,0.2968
511.0,515.0,up again looking to punch some holes in this new zealand line through the impressive,normal_play,0.2968
514.5,518.5,the impressive lorenzo canone and getting a penalty from it,penalty,0.4684
518.0,522.0,it assisted into the ground,penalty,0.4684
521.5,525.5,the ground never released some really good options some nice options used by,normal_play,0.0
525.0,529.0,used by the italians a little pop pass into the hands of the big carrier lorenzo,normal_play,0.0
528.5,532.5,carrier lorenzo canone he carried up strongly and then came the penalty couple,normal_play,0.4032
532.0,536.0,couple of nice little subtle offload little tip on passes,normal_play,0.4032
535.5,539.5,on passes putting that new zealand defence and a little bit of pressure good response from the,normal_play,0.0
539.0,543.0,response from the italians,normal_play,0.0
542.5,546.5,perfect thank you,normal_play,0.0
546.0,550.0,perfect thank you hes 100 off the kicking to tommy allen just be placing on our behind on the scrum okay,normal_play,0.0
549.5,553.5,scrum okay played a flop in the last game that is its got to,normal_play,0.0
553.0,557.0,is its got to be easy at 12 it just gave them the attacking options i wouldnt have been surprised if it was thought,normal_play,0.0
556.5,560.5,it was thought out just to give them a little more practice in terms of who slots in,normal_play,0.0
560.0,564.0,slots in where 13 from 13 so far,normal_play,0.4032
563.5,567.5,so far for tommaso allen this will take him second on italys,normal_play,0.4032
567.0,571.0,on italys all time point scoring list,normal_play,0.4032
570.5,574.5,and he continues that perfect record tommaso,normal_play,0.4032
574.0,578.0,tommaso allen with the penalty gets italy on the board responding to new zealands,normal_play,0.4032
577.5,581.5,to new zealands try seven points to three,normal_play,0.0
581.0,585.0,i have to also remember,normal_play,0.0
584.5,588.5,to also remember that italy is only less than 90 minutes away,normal_play,0.0
588.0,592.0,90 minutes away by car from the italian border to get over to lyon,normal_play,0.0
591.5,595.5,over to lyon so they flooded this lyon stage and they really have lots of,kick_off,0.2618
595.0,599.0,have lots of italian supporters,kick_off,0.2618
598.5,602.5,bodenbarratt with the restock on new zealand and hes massively over cooked,normal_play,0.4032
602.0,606.0,over cooked this is a mistake from,normal_play,0.4032
605.5,609.5,from the veteran all black he will hand the scrum to italy,normal_play,0.4032
609.0,613.0,the scrum to italy on halfway,normal_play,0.0
612.5,616.5,its a,normal_play,0.4032
616.0,620.0,its a game of such momentum isnt it once youve conceded you really,normal_play,0.4032
619.5,623.5,you really dont want to be making mistakes once youve scored the last thing you want to do is,normal_play,0.0
623.0,627.0,thing you want to do is give away points immediately the all black scored gave away three,normal_play,0.0
626.5,630.5,gave away three immediately and then made the little error with the overcooked kick,normal_play,0.0
630.0,634.0,kick this is a great little kick isnt it jordy barrett,normal_play,0.0
633.5,637.5,it jordy barrett with just perfectly weighted kick pass,normal_play,0.0
637.0,641.0,pass,normal_play,0.0
644.0,648.0,part of the new modern skill set of a rugby union,normal_play,0.0
647.5,651.5,of a rugby union player the ability to score in the corner while being tackle into touch,scrum,0.4877
651.0,655.0,touch saw something similar here from uruguay just two nights ago here,scrum,0.4877
654.5,658.5,nights ago here in lyon there went the namibia great,scrum,0.4877
658.0,662.0,great attacking chance here though for italy,scrum,0.4877
661.5,665.5,scrum starts to,scrum,0.4877
665.0,669.0,scrum starts to wheel around and vani scoots it away so when ignacio brix,normal_play,0.0
668.5,672.5,ignacio brix on the right just clatters forward the rock of the midfield for italy,normal_play,0.4032
672.0,676.0,for italy nice quick ball for them to work with here the crowd,normal_play,0.4032
675.5,679.5,the crowd groan at the heavy contact its going to be a night of that,normal_play,0.0
679.0,683.0,of that no way through this time too for utsa,normal_play,0.3393
682.5,686.5,utsa frazell man handles him nice quick,normal_play,0.3393
686.0,690.0,nice quick hands for negri up over half way rutalic trying,normal_play,0.3393
689.5,693.5,rutalic trying to get in there for new zealand no its still there for italy,normal_play,0.4032
693.0,697.0,italy,normal_play,0.4032
696.5,700.5,dino lamb the next man forward and now vani just rolls a little kick in,normal_play,0.4032
700.0,704.0,little kick in behind will jordan and its not going to be a 50 20,normal_play,0.4032
703.5,707.5,50 20 till its taken back but its still an excellent kick nonetheless its,normal_play,0.4032
707.0,711.0,its an outstanding little kick that intentionally kicked it end over end with a,normal_play,0.0
710.5,714.5,end over end with a little bit of topspin almost to get it running along the ground its scampered down into,normal_play,0.4032
714.0,718.0,scampered down into the corner vani didnt play,normal_play,0.4032
717.5,721.5,vani didnt play in the last game i think that is a super first little kick from him,normal_play,0.4032
721.0,725.0,kick from him hes in it right now its been pretty good so far,normal_play,0.0
724.5,728.5,good so far this rugby world cup theyre going to have to be good on their goal line now,normal_play,0.0
728.0,732.0,their goal line now almost as if that kick,normal_play,0.0
731.5,735.5,kick will jordan tried to catch up with it he didnt realise just what a good little roll,normal_play,0.0
735.0,739.0,a good little roll on it had now put him in the middle thank,normal_play,0.0
738.5,742.5,in the middle thank you perfect short,lineout,0.1546
742.0,746.0,short line out for new zealand,lineout,0.1546
745.5,749.5,taylor goes down to scott barrett at the back,lineout,0.1546
749.0,753.0,at the back nicely taken in,normal_play,0.0
752.5,756.5,carried away by hadi saviour in the hard meters he,normal_play,0.1915
756.0,760.0,hard meters he so often makes,normal_play,0.1915
759.5,763.5,smith will be the one to send this up,normal_play,0.0
763.0,767.0,up for new zealand its going to come down for montewani right on halfway a,normal_play,0.4032
766.5,770.5,on halfway a chance for iwani to wind up back at the new zealand line,normal_play,0.4032
770.0,774.0,zealand line gets through the first cant get past frizzell but its a good carry,normal_play,0.4032
773.5,777.5,its a good carry from the winger and now a little bit of what you,normal_play,0.4032
777.0,781.0,bit of what you can do i cant quite do better as it comes off the side and goes,normal_play,0.4032
780.5,784.5,side and goes out on the full,normal_play,0.4032
784.0,788.0,just overcooked it slightly paolo gobiisi,normal_play,0.4032
787.5,791.5,gobiisi that is the man with the slippery little feet,normal_play,0.4032
791.0,795.0,little feet its for you thank you welcome,normal_play,0.4032
794.5,798.5,thank you welcome real handful small only 70 or,normal_play,0.4032
798.0,802.0,only 70 or so kilograms but boy hes got fast feet gets around,normal_play,0.4032
801.5,805.5,around like a nail once hes going youre just slippery you cant get,normal_play,0.0
805.0,809.0,you cant get hold of him world rugby breakthrough,normal_play,0.0
808.5,812.5,rugby breakthrough player of the year in 2022 on kapowatso,normal_play,0.0
812.0,816.0,kapowatso,normal_play,0.0
815.5,819.5,this time its ritellic,normal_play,0.0
819.0,823.0,time its ritellic for cody taylor who finds,normal_play,0.0
822.5,826.5,who finds him and this is going to go down to kapowatso on his own 22,normal_play,0.4032
826.0,830.0,22 this,normal_play,0.4032
829.5,833.5,this regular player at fullback as well,normal_play,0.4032
833.0,837.0,well heres moorna and now barrett looking for some open,normal_play,0.4032
836.5,840.5,for some open spaces cant get this over the top of gobiisi though,normal_play,0.4032
840.0,844.0,we thought we might see a little bit of this this kicking for,normal_play,0.4032
843.5,847.5,this kicking for territory trying to manipulate and find some spaces or gobiisi,normal_play,0.4032
847.0,851.0,gobiisi toward on the halfway line here jordi barrett was all over him,penalty,0.6128
850.5,854.5,all over him,penalty,0.6128
857.5,861.5,now im not sure the inside pass was quite expected,normal_play,0.4032
861.0,865.0,quite expected there did allow jordi barrett to get hands on the ball first support maybe,normal_play,0.4032
864.5,868.5,support maybe a fraction slower to clean out for italy its a three minute breakdown okay,normal_play,0.0
868.0,872.0,jordi barretts a tall fellow cut himself in off and bend,normal_play,0.4032
871.5,875.5,in off and bend down like that thats a great steal,normal_play,0.4032
875.0,879.0,heres that little inside pass gobiisi probably not the,normal_play,0.0
878.5,882.5,gobiisi probably not the best man to carry it into contact and barrett got it jordi,normal_play,0.0
882.0,886.0,jordi barrett a meter 96 his brother scott is,normal_play,0.0
885.5,889.5,is 197 and scotts the lock,normal_play,0.0
889.0,893.0,slightly heavier as well though,lineout,0.3351
892.5,896.5,more good ball for italic and now cody taylor peels,lineout,0.3351
896.0,900.0,taylor peels away flat and hard into the line,normal_play,0.4032
899.5,903.5,was jordi barrett its awkward for smith and theyve got a penalty here,normal_play,0.4032
903.0,907.0,a penalty here in new zealand italian player,normal_play,0.2913
906.5,910.5,player roll away new zealand again,normal_play,0.2913
910.0,914.0,again will try a clever little kick through for bodum barrett to chase the bounce,normal_play,0.2913
913.5,917.5,to chase the bounce its good enough for allen but theyll go back to the penalty tackle,normal_play,0.0
917.0,921.0,penalty tackle her away please into the path of the nine,normal_play,0.0
920.5,924.5,giacomo nicotero has just stayed down for a second,normal_play,0.4032
924.0,928.0,down for a second i think hes the man who made that tackle on jordi barrett he came at real pace,normal_play,0.4032
927.5,931.5,real pace gets a little hip slightly on,normal_play,0.4032
931.0,935.0,slightly on the head there down he goes good line good strong carry,normal_play,0.4032
934.5,938.5,good strong carry good courage in the tackle good courage in the carry as well,normal_play,0.0
938.0,942.0,as well very interesting little kick over the top wasnt,normal_play,0.0
941.5,945.5,over the top wasnt it nice idea switching from behind the rock behind the breakdown,normal_play,0.0
945.0,949.0,behind the breakdown to the rock then kicking left again,normal_play,0.0
948.5,952.5,found a bit of grass the kick so good idea,normal_play,0.0
952.0,956.0,feels like with jordi barrett in there shannon for his elbow,normal_play,0.0
955.5,959.5,for his elbow hats just that little extra physical edge in the new zealand side,normal_play,0.1943
959.0,963.0,side tonight,normal_play,0.1943
962.5,966.5,jordi,normal_play,0.0
966.0,970.0,jordi barrett doing the kick into the touchline we are accustomed to seeing what,normal_play,0.0
969.5,973.5,seeing what chimuanga doing at bodum barrett,normal_play,0.0
976.5,980.5,taylor again this time he finds shannon,lineout,0.4726
980.0,984.0,finds shannon frazella new zealand will set the drive on,maul,0.4055
983.5,987.5,on frazella its tucked under the left arm of taylor the hook is six metres,maul,0.4055
987.0,991.0,is six metres out now a few others come to lens and wait will jordans,maul,0.512
990.5,994.5,will jordans getting in there its still there with cody taylor new zealand got the momentum,maul,0.4753
994.0,998.0,got the momentum piling forward over the italian line try,maul,0.4753
997.5,1001.5,try superb,try,1.0
1001.0,1005.0,superb set piece execution,try,1.0
1004.5,1008.5,lauren,normal_play,0.0
1008.0,1012.0,lauren smitsnuck in there and stole the ball and got the try by the look of things,normal_play,0.0
1011.5,1015.5,all the backs were in it was a real good push actually,normal_play,0.0
1015.0,1019.0,try number 26 for,normal_play,0.0
1018.5,1022.5,26 for the veterans scrum off really,normal_play,0.0
1022.0,1026.0,really well set up the ball at the back its hard to compete,normal_play,0.0
1025.5,1029.5,compete as soon as the march was on the backs came charging in,normal_play,0.0
1029.0,1033.0,charging in there comes will jordan aaron smith just,normal_play,0.0
1032.5,1036.5,smith just sneaks in the back there there he is hes grabbed the ball hes gone ill have a piece of that,normal_play,0.0
1036.0,1040.0,have a piece of that and over he goes all clear thank you brett,normal_play,0.0
1039.5,1043.5,you brett when youve driven them around the park for 122 tests as a halfback,normal_play,0.0
1043.0,1047.0,tests as a halfback you can probably sneak in and take it off the bat i guess he is the,normal_play,0.0
1046.5,1050.5,guess he is the boss at that point he can just come in and say ill have that one,normal_play,0.0
1053.5,1057.5,what i love about him is,normal_play,0.0
1057.0,1061.0,him is even though its a mall try he just loves it,normal_play,0.0
1060.5,1064.5,just loves it as much as if hed run 100 meters,normal_play,0.0
1064.0,1068.0,meters,goal_kick,0.8688
1067.5,1071.5,similar position slightly further in field for richie maung,goal_kick,0.8688
1071.0,1075.0,richie maung this time and again straight down the,goal_kick,0.8688
1074.5,1078.5,straight down the middle for new zealand so a second converter try for,goal_kick,0.8688
1078.0,1082.0,try for the all blacks and they lead italy 14 points,goal_kick,0.8688
1081.5,1085.5,14 points to 3 17 minutes gone and leon,normal_play,0.0
1085.0,1089.0,you know its interesting because when you actually think about it leon was founded by,normal_play,0.0
1088.5,1092.5,founded by the romans of course but its not the italians who are getting,normal_play,0.0
1092.0,1096.0,italians who are getting scores here its new zealand just acting like centurions going forward,normal_play,0.0
1095.5,1099.5,going forward theyre driving well absolutely perfect aaron smith and not cody taylor,normal_play,0.0
1099.0,1103.0,cody taylor finishing it off fantastic score great teamwork,kick_off,0.5159
1102.5,1106.5,great teamwork theres been an early change here for italy danilo,kick_off,0.5159
1106.0,1110.0,italy danilo fisketi the loose head props being replaced by,kick_off,0.5159
1109.5,1113.5,being replaced by ivan nemer,normal_play,0.4032
1113.0,1117.0,nemer,normal_play,0.4032
1116.5,1120.5,nemer heres savia clattering through the line into open spaces for,try,1.0
1120.0,1124.0,open spaces for new zealand got support on the inside and outside,normal_play,0.4032
1123.5,1127.5,inside and outside barrett is there he had taylor looming up barrett spins out,normal_play,0.4032
1127.0,1131.0,barrett spins out of one for lea with open territory marked to lea,try,1.0
1130.5,1134.5,lea stepped stepped through the line crashes over,try,1.0
1134.0,1138.0,over new zealand break out from the restart in,try,1.0
1137.5,1141.5,restart in their own 22 and the finish from marked,normal_play,0.0
1141.0,1145.0,from marked to lea,normal_play,0.0
1148.0,1152.0,well the danger,normal_play,0.0
1151.5,1155.5,well the danger of the all blacks laying down a marker,normal_play,0.0
1155.0,1159.0,savia just such a perfectly timed line the,normal_play,0.0
1158.5,1162.5,timed line the angle good straight through he went options left and right,normal_play,0.0
1162.0,1166.0,left and right look for barrett he maybe came inside a bit soon but had,normal_play,0.0
1165.5,1169.5,bit soon but had the presence of mind to throw it wide to taylor thought he was going to just put,normal_play,0.0
1169.0,1173.0,going to just put the gas down and hit for the corner had a bit of work to do and did it brilliantly,normal_play,0.0
1172.5,1176.5,and did it brilliantly super finish great team try great counter attack try,normal_play,0.0
1176.0,1180.0,counter attack try from the kick off from deep he is,normal_play,0.0
1179.5,1183.5,he is electric,normal_play,0.0
1183.0,1187.0,well you dont often see them that animated this early in a,normal_play,0.0
1186.5,1190.5,early in a match and italy who desperately needed,normal_play,0.0
1190.0,1194.0,desperately needed to start so well and has been rocked back by a third new zealand,normal_play,0.0
1193.5,1197.5,third new zealand try and i know,normal_play,0.0
1197.0,1201.0,and i know we hate talking about statistics,normal_play,0.0
1200.5,1204.5,but italys average score against the all blacks,goal_kick,0.8688
1204.0,1208.0,the all blacks at rugby world cup is a loss of just a smudge under 60,goal_kick,0.8688
1207.5,1211.5,under 60 points,goal_kick,0.8688
1214.5,1218.5,richie maunger just shaves,normal_play,0.0
1218.0,1222.0,just shaves it inside for hitu perfect so far,normal_play,0.0
1221.5,1225.5,new zealand going up in multiples of seven,normal_play,0.0
1225.0,1229.0,of seven nearly 21 points to three almost 20 minutes gone,normal_play,0.0
1228.5,1232.5,minutes gone,normal_play,0.0
1235.5,1239.5,this is danilo fisketi,normal_play,0.0
1239.0,1243.0,yeah hes not in a great place just holding that left chest,kick_off,0.5159
1242.5,1246.5,chest of course its a pack injury really,kick_off,0.5159
1246.0,1250.0,really being taken off and hes not in a good place well get an update with,kick_off,0.5159
1249.5,1253.5,update with that injury a bit later on use it,normal_play,0.3212
1253.0,1257.0,smith sends,normal_play,0.3212
1256.5,1260.5,smith sends it up towards the halfway line,normal_play,0.4032
1260.0,1264.0,line alan underneath this one and takes it really well heres the,normal_play,0.4032
1263.5,1267.5,heres the oncoming all blacks defence just rounds upon negri and,normal_play,0.0
1267.0,1271.0,negri and look at papalei barrett all barrelling over smith yeah,normal_play,0.4032
1270.5,1274.5,smith yeah lost it on the ground said it was a fair competition good counter ruck,normal_play,0.4032
1274.0,1278.0,counter ruck from italy in the end landstuck holding,normal_play,0.4032
1277.5,1281.5,landstuck holding onto this one though and it was cody taylor who had all,penalty,0.4242
1281.0,1285.0,taylor who had all rights to it great little jackal,penalty,0.4242
1284.5,1288.5,got his hands on the ball first there first hands on immovable,normal_play,0.0
1288.0,1292.0,on immovable once he was set low centre of gravity,normal_play,0.0
1291.5,1295.5,centre of gravity he does bring that jackal ability to the side doesnt he,normal_play,0.0
1295.0,1299.0,doesnt he and having scored,normal_play,0.2066
1298.5,1302.5,and having scored three try already no surprise the all blacks quite happy to go to the,normal_play,0.2066
1302.0,1306.0,happy to go to the touchline now its,normal_play,0.2066
1305.5,1309.5,its interesting hearing from ian foster just before the,normal_play,0.0
1309.0,1313.0,the clash when you talk about the speed of,normal_play,0.0
1312.5,1316.5,speed of getting down into the ruck and being very quick the italians,normal_play,0.0
1316.0,1320.0,the italians are number one at this rugby world cup but on that occasion who,normal_play,0.0
1319.5,1323.5,occasion who was number one well no one else but of course the all blacks going straight,normal_play,0.0
1323.0,1327.0,going straight in there and retrieving the ball getting possession,lineout,0.3851
1326.5,1330.5,getting possession back three turnover won from the all blacks,lineout,0.3851
1330.0,1334.0,blacks heres taylor again its down the back for,lineout,0.3851
1333.5,1337.5,down the back for brazil quick for savia adi savia youre never,try,1.0
1337.0,1341.0,youre never stopping him from there well its woeful defending,try,1.0
1340.5,1344.5,its woeful defending its got to be sad great run from adi savia,try,1.0
1344.0,1348.0,but italy have missed seven tackle in the build,try,1.0
1347.5,1351.5,in the build up to this try so yeah its just gone through almost untouched,try,1.0
1351.0,1355.0,untouched no tackle really attempted no heart no commitment,try,1.0
1354.5,1358.5,no commitment in the defensive effort and that italy is not one theyll,try,1.0
1358.0,1362.0,is not one theyll want to see on monday at the video review look at this round the corner little,try,1.0
1361.5,1365.5,the corner little step inside all too easy,normal_play,0.0
1365.0,1369.0,captain extraordinaire almost untouched,normal_play,0.0
1368.5,1372.5,and that about sums up the defensive effort really,normal_play,0.0
1372.0,1376.0,but it was very similar for the last try as well joel with,normal_play,0.0
1375.5,1379.5,joel with mark talia there was i counted five missed tackle,normal_play,0.0
1379.0,1383.0,missed tackle and it cant be going down well with this man kieran crowley of,normal_play,0.0
1382.5,1386.5,kieran crowley of course who really wanted the first 20 minutes of,normal_play,0.0
1386.0,1390.0,minutes of high pressure high tempo rugby against the all blacks just to you know,normal_play,0.0
1389.5,1393.5,just to you know give them a little bit of a rattle hasnt been the case theyre,normal_play,0.0
1393.0,1397.0,case theyre just not able to defend properly at the moment,normal_play,0.0
1400.0,1404.0,moana converts again new zealand streaking away in the first,goal_kick,0.7978
1403.5,1407.5,away in the first half try for the captain adi savia,normal_play,0.0
1407.0,1411.0,28 points to three,normal_play,0.0
1410.5,1414.5,yeah just to sum this one attempted tackle,normal_play,0.0
1414.0,1418.0,one attempted tackle its a poor one and to robbies,normal_play,0.0
1417.5,1421.5,robbies point thats eight missed tackle now,normal_play,0.0
1421.0,1425.0,too soft for the heres a great run hes picked some,normal_play,0.0
1424.5,1428.5,hes picked some really good lines and it was another good line but that is soft defensive effort,kick_off,0.5159
1428.0,1432.0,effort,kick_off,0.5159
1431.5,1435.5,italy kick off again need to,normal_play,0.0
1435.0,1439.0,need to regroup and regroup quickly as thalia steps,normal_play,0.4032
1438.5,1442.5,thalia steps out of the first half who cant get through the oncoming italian defence,normal_play,0.4032
1442.0,1446.0,oncoming italian defence an italian defence that is,normal_play,0.4032
1445.5,1449.5,that is the first for tackle success,normal_play,0.4032
1449.0,1453.0,success theyve been so good throughout the tournament not so far tonight as new zealand,normal_play,0.4032
1452.5,1456.5,as new zealand exit out of their own 22,normal_play,0.4032
1456.0,1460.0,all a little sedate there for,normal_play,0.4032
1459.5,1463.5,sedate there for a second,normal_play,0.0
1463.0,1467.0,probably in the greatest skim out of bad exits,normal_play,0.0
1466.5,1470.5,dasmeen italy will have a little chance here inside the,normal_play,0.0
1470.0,1474.0,inside the old black territory to maybe go through the phases they were pretty good,normal_play,0.0
1473.5,1477.5,they were pretty good ball in hand in the first five minutes or so,lineout,0.4726
1477.0,1481.0,that one not straight so,lineout,0.4726
1480.5,1484.5,so one of italys features of the tournament so far,normal_play,0.0
1484.0,1488.0,so far also falling apart on them,normal_play,0.0
1491.0,1495.0,pressure its about pressure i think,normal_play,0.0
1494.5,1498.5,i think theyve lost a little bit of their composure you know obviously when,normal_play,0.0
1498.0,1502.0,obviously when you can see two quick try in succession like that,normal_play,0.0
1501.5,1505.5,that obviously your heads are dropping and hes trying to understand whats going on,normal_play,0.0
1505.0,1509.0,whats going on youve really got to just remain focused and still get in the pressure,normal_play,0.0
1508.5,1512.5,the pressure is always on you you know its a rugby world cup game of course against one of the best,normal_play,0.0
1512.0,1516.0,against one of the best teams in the world you cant drop your heads,scrum,0.1724
1515.5,1519.5,particularly robbie when you have high expectations,scrum,0.1724
1519.0,1523.0,you have high expectations and high hopes,scrum,0.1724
1522.5,1526.5,set stay,scrum,0.1724
1526.0,1530.0,set stay up,scrum,0.1724
1529.5,1533.5,advantage thats a good scrum for new zealand theyve got a penalty,scrum,0.2611
1533.0,1537.0,theyve got a penalty here as well and savio peels off once more,scrum,0.2611
1536.5,1540.5,once more jordan a little chip kick over the top for himself italys defence will come,normal_play,0.4032
1540.0,1544.0,defence will come across and theyll go back to the scrum penalty against,normal_play,0.4032
1543.5,1547.5,against riccioni well,penalty,0.6128
1547.0,1551.0,well the set phase proving a little traumatic here for,penalty,0.6128
1550.5,1554.5,for the clear line out goes awry the scrum penalty against,normal_play,0.0
1554.0,1558.0,penalty against them theyve had that early change in the front row already with danilo fiscati,normal_play,0.0
1557.5,1561.5,danilo fiscati becoming injured ivan nemo is,normal_play,0.0
1561.0,1565.0,nemo is on the field and skew one,normal_play,0.0
1564.5,1568.5,skew one out throw robbie spoke about the dropping heads,normal_play,0.1819
1568.0,1572.0,the dropping heads the skew throw and the penalty at scrum wont help matters at all,normal_play,0.1819
1571.5,1575.5,matters at all thats a great kick to the touch line,normal_play,0.0
1575.0,1579.0,its legends row isnt it richie mccaw in,normal_play,0.0
1578.5,1582.5,richie mccaw in the middle stephen donald conrad smith all blacks world cup winners,normal_play,0.0
1582.0,1586.0,world cup winners louis peckermoll one of the greats of french rugby,normal_play,0.0
1585.5,1589.5,i think those three in the middle are quite happy with what theyve seen i think,normal_play,0.0
1589.0,1593.0,theyve seen i think theyll be delighted right now,normal_play,0.0
1599.5,1603.5,another great attacking chance for new,lineout,0.1564
1603.0,1607.0,chance for new zealand theyve gone down the back towards brazil in these previously this time,lineout,0.1867
1606.5,1610.5,previously this time its retalic near the front and they have another more and,maul,0.2875
1610.0,1614.0,more and its there with cody taylor and then smith comes up,maul,0.2875
1613.5,1617.5,smith comes up to bar quarters,maul,0.2863
1617.0,1621.0,and his forward pack theyve got all the momentum again,maul,0.2958
1620.5,1624.5,momentum again and can taylor with the control in the back its still,maul,0.2873
1624.0,1628.0,back its still moving forward now taylor peels away smith steps,try,1.0
1627.5,1631.5,smith steps steps and hes over again aaron smith gets the second,try,1.0
1631.0,1635.0,the second,try,1.0
1638.0,1642.0,well this time around you cant thank cody taylor,normal_play,0.0
1641.5,1645.5,the mall was just edging forward enough to hold all the italian,normal_play,0.0
1645.0,1649.0,all the italian forwards inside that mall keep them busy keep them pushing,normal_play,0.0
1648.5,1652.5,them pushing peel to the right the quick hands and smith with a one on one that,normal_play,0.0
1652.0,1656.0,on one that close so hard to stop no,normal_play,0.0
1655.5,1659.5,no contest at the line out real determination and hard work getting,normal_play,0.0
1659.0,1663.0,and hard work getting the mall just edging forward just sucking in those italian,normal_play,0.0
1662.5,1666.5,those italian defenders all the forwards involved and then cody taylor,normal_play,0.0
1666.0,1670.0,then cody taylor just realizes theres a bit of space on the right its coming to a little bit of a standstill,normal_play,0.0
1669.5,1673.5,bit of a standstill and smith hes just so nippy over he goes,normal_play,0.0
1673.0,1677.0,over he goes,normal_play,0.0
1701.0,1705.0,richie moana from a similar position where hes hit two,goal_kick,0.8274
1704.5,1708.5,two and this time again what they can do,goal_kick,0.8274
1708.0,1712.0,barely a thing wrong at the moment new zealand,goal_kick,0.8688
1711.5,1715.5,just look at this look at the structure of this driving mall,normal_play,0.0
1715.0,1719.0,driving mall you know before cody gets the cody,normal_play,0.0
1718.5,1722.5,cody taylor gets the ball out into the hands of aaron smith its just so well done well structured,normal_play,0.0
1722.0,1726.0,well structured when the balls taken snatched out of the air by brodie,normal_play,0.0
1725.5,1729.5,the air by brodie rettell they really do have a very well organized protected unit,normal_play,0.0
1729.0,1733.0,protected unit with the ball at the back you can move forward theres communication,kick_off,0.1705
1732.5,1736.5,theres communication from your number nine as well its absolutely perfectly,kick_off,0.1705
1736.0,1740.0,perfectly executed the live ladder as we see it at the,normal_play,0.0
1739.5,1743.5,it at the moment if it stays this way for new zealand,normal_play,0.3579
1743.0,1747.0,new zealand taken in they still have uruguay,normal_play,0.3579
1746.5,1750.5,still have uruguay to play italy will take,normal_play,0.2823
1750.0,1754.0,italy will take on france next week back to back games here in lyon,normal_play,0.2823
1753.5,1757.5,lyon smith puts this up for telia to,normal_play,0.2823
1757.0,1761.0,for telia to chase but tommaso allen will come forward and then gets,normal_play,0.4032
1760.5,1764.5,forward and then gets hammered by mark d elia its falling awkwardly,normal_play,0.4032
1764.0,1768.0,falling awkwardly and then eventually scooted up by garbisi,normal_play,0.4032
1767.5,1771.5,garbisi so crisis averted and now some numbers and some space for one ignacio,normal_play,0.4032
1771.0,1775.0,for one ignacio brexoslo from kanoni hits the chest and,normal_play,0.4032
1774.5,1778.5,the chest and away they go new zealand playing under advantage broken play is dangerous,normal_play,0.4032
1778.0,1782.0,dangerous frazell straight up through the middle just plowing his way,normal_play,0.4032
1781.5,1785.5,plowing his way forward shannon frazell able to go again,normal_play,0.4032
1785.0,1789.0,and new zealand just quickly swing from defense to,normal_play,0.4032
1788.5,1792.5,defense to attack bodenbarrett to the 22 off your feet,normal_play,0.4032
1792.0,1796.0,off your feet,normal_play,0.4032
1795.5,1799.5,heres frazell again who made that big charge bumps off another one,normal_play,0.4032
1799.0,1803.0,another one the physical presence of shannon frazell and morgan to,normal_play,0.4032
1802.5,1806.5,and morgan to scott barrett and now rico ioane,normal_play,0.4032
1806.0,1810.0,and just lost it somewhere,normal_play,0.4032
1809.5,1813.5,somewhere on the ground new zealand but they are just bending,normal_play,0.0
1813.0,1817.0,just bending and pressing and pressurizing italy at every turn i,normal_play,0.0
1816.5,1820.5,every turn i think thats their first mistake tonight isnt it 30 minutes,normal_play,0.4032
1820.0,1824.0,30 minutes in the first error theyve made been really polished,normal_play,0.4032
1823.5,1827.5,really polished really accurate determined said before the game it,normal_play,0.4032
1827.0,1831.0,before the game it would be a bit of a test of wills for both teams new zealand looking,normal_play,0.4032
1830.5,1834.5,new zealand looking to bounce back looking to hang in there against a real contender,normal_play,0.4032
1834.0,1838.0,a real contender the all blacks have laid down the,normal_play,0.4032
1837.5,1841.5,laid down the marker you spoke about ricky they have certainly shown a,normal_play,0.4032
1841.0,1845.0,shown a clinical execution side and,normal_play,0.0
1844.5,1848.5,and a desire to keep on searching for that goal line,normal_play,0.0
1848.0,1852.0,that goal line over and over again,normal_play,0.0
1851.5,1855.5,half an hour gone new zealand,normal_play,0.0
1855.0,1859.0,gone new zealand five try all conversion,scrum,0.482
1858.5,1862.5,all conversion by richie morgan 55 points to three they lead,scrum,0.482
1862.0,1866.0,three they lead italy,scrum,0.482
1869.0,1873.0,just coming back to richie morgan hes kicked them from everywhere hasnt he hes had three from the right,scrum,0.482
1872.5,1876.5,three from the right hand corner one easy one and one from the left doesnt look like,normal_play,0.0
1876.0,1880.0,doesnt look like missing there was only one from three in that opening,normal_play,0.0
1879.5,1883.5,three in that opening game against france and he didnt play against,normal_play,0.0
1883.0,1887.0,play against namibia or didnt kick against namibia when he came on took a,normal_play,0.0
1886.5,1890.5,took a little knock at training a couple of days ago too but doesnt seem to have,normal_play,0.0
1890.0,1894.0,to have any issues both teams have to have equal pressure lets get higher on this,normal_play,0.0
1893.5,1897.5,higher on this side please,normal_play,0.0
1900.5,1904.5,well hes moving smoothly hes controlling things beautifully hes kicking,normal_play,0.0
1904.0,1908.0,beautifully hes kicking its just like a dart hes just nailing them from,scrum,0.2009
1907.5,1911.5,just nailing them from everywhere fifty,scrum,0.2009
1911.0,1915.0,fifty second captain i thought richie morgan,scrum,0.2009
1914.5,1918.5,behind,scrum,0.2009
1918.0,1922.0,sacked,scrum,0.2009
1921.5,1925.5,penalty or free kick rather new zealand,normal_play,0.0
1925.0,1929.0,zealand hes stepping away stay over the mark,normal_play,0.0
1932.0,1936.0,italy just not taking that,normal_play,0.0
1935.5,1939.5,taking that wake stepping back at new zealand sniffing blood here in the italian scrum,normal_play,0.0
1939.0,1943.0,the italian scrum,normal_play,0.0
1942.5,1946.5,stay up stay over the,normal_play,0.0
1946.0,1950.0,the,normal_play,0.0
1949.5,1953.5,the,normal_play,0.0
1953.0,1957.0,the,normal_play,0.0
1956.5,1960.5,the mark one more,normal_play,0.0
1960.0,1964.0,more time,normal_play,0.0
1963.5,1967.5,more time picture tells,normal_play,0.0
1967.0,1971.0,picture tells a story sometimes disappointment on the face of the,scrum,0.4877
1970.5,1974.5,of the italian front row behind,scrum,0.4877
1974.0,1978.0,behind a little more pressure now than new zealand put in tacking,scrum,0.4877
1977.5,1981.5,tacking options both sides,scrum,0.4877
1981.0,1985.0,all out they come away to the left,scrum,0.4877
1984.5,1988.5,to the left with richie morgan cut out ball for ioanna hes got to leo but hes,normal_play,0.4032
1988.0,1992.0,to leo but hes also got plenty of pace good tackle though by brix around the ankles,normal_play,0.4032
1991.5,1995.5,around the ankles salvia for scott barrett,normal_play,0.4032
1995.0,1999.0,scott barrett again new zealand just,normal_play,0.4032
1998.5,2002.5,zealand just asking questions of the,normal_play,0.4032
2002.0,2006.0,the italian defence and for the first time it breaks down on attack,normal_play,0.4032
2005.5,2009.5,attack weve got advances for a full pass get a lead off this time italy that,normal_play,0.4032
2009.0,2013.0,italy that hoof downfield to will jordan on his own 10 metre line,normal_play,0.0
2012.5,2016.5,10 metre line,normal_play,0.4032
2016.0,2020.0,jordan sizing up the options looking for,normal_play,0.4032
2019.5,2023.5,options looking for that little half gap that he needs that he almost found as well good tackle,try,1.0
2023.0,2027.0,well good tackle scott barrett,try,1.0
2026.5,2030.5,scott barrett again out the back for moorlnur and then the hole for jordan barrett,try,1.0
2030.0,2034.0,jordan barrett hes got aaron smith up the middle and aaron smiths going to get,try,1.0
2033.5,2037.5,smiths going to get a hat trick and the easiest,try,1.0
2037.0,2041.0,the easiest one so far,try,1.0
2040.5,2044.5,jumped in the mall to get his first,try,1.0
2044.0,2048.0,to get his first had a lot of work to do around the mall for his second,try,1.0
2047.5,2051.5,for his second hes got a simple little run in here,normal_play,0.0
2051.0,2055.0,will jordan boy he just looked around,normal_play,0.0
2054.5,2058.5,just looked around sucked in defenders gave them go forward and then borden barrett ran such a,normal_play,0.0
2058.0,2062.0,ran such a good line an easy counter end for aaron,normal_play,0.0
2061.5,2065.5,end for aaron smith richie mwanga made the,normal_play,0.0
2065.0,2069.0,mwanga made the spot there realised there was a little bit of space in behind he could get in behind the,normal_play,0.0
2068.5,2072.5,in behind the shoulders of one defender freed up borden barrett,normal_play,0.0
2072.0,2076.0,borden barrett he freed up this man hat trick for the little veteran scum off,normal_play,0.0
2075.5,2079.5,veteran scum off,normal_play,0.0
2079.0,2083.0,nice little thank you really and,normal_play,0.0
2082.5,2086.5,you really and acknowledgement of the work of borden barrett,normal_play,0.0
2100.0,2104.0,42 points to,goal_kick,0.6606
2103.5,2107.5,points to 3 35 minutes gone it is,normal_play,0.0
2107.0,2111.0,gone it is a black wave that has hit italy in this first half,normal_play,0.0
2110.5,2114.5,first half richie mwanga,normal_play,0.0
2114.0,2118.0,richie mwanga what he actually does is you know he just holds it back for just that extra,normal_play,0.0
2117.5,2121.5,for just that extra half second that sucks in the defenders and,normal_play,0.0
2121.0,2125.0,the defenders and just enables the defense to get back into the game he allows them to commit themselves and then he makes the pass,normal_play,0.0
2124.5,2128.5,he makes the pass its just absolutely beautiful to watch,kick_off,0.5159
2128.0,2132.0,another restart for italy rico imani this time new zealand just,kick_off,0.5159
2131.5,2135.5,new zealand just full of running,normal_play,0.4032
2135.0,2139.0,frazelle,normal_play,0.4032
2138.5,2142.5,frazelle big body flanker goes to ground,penalty,0.39
2142.0,2146.0,goes to ground and another penalty,penalty,0.39
2145.5,2149.5,tackle no release then fell to the wrong side,penalty,0.39
2149.0,2153.0,wrong side,normal_play,0.0
2152.5,2156.5,new zealand have just been able to set the tempo,normal_play,0.0
2156.0,2160.0,the tempo play at the pace they want to that the likes of france didnt,normal_play,0.0
2159.5,2163.5,of france didnt let them do and they do look to,normal_play,0.3085
2163.0,2167.0,do look to speed it up dont they not able this time because the,normal_play,0.3085
2166.5,2170.5,because the tackle man not released in the tackle,normal_play,0.1398
2170.0,2174.0,well before the game started we,normal_play,0.1398
2173.5,2177.5,started we thought new zealand would win it we thought they would maybe run away in the,normal_play,0.1398
2177.0,2181.0,run away in the second half but not resoundingly so like this in the,normal_play,0.1689
2180.5,2184.5,like this in the first half six try,normal_play,0.1689
2184.0,2188.0,six try already more than a point a minute,normal_play,0.0
2187.5,2191.5,minute,normal_play,0.0
2191.0,2195.0,cody taylor for frazelle,lineout,0.4529
2194.5,2198.5,frazelle papaliti and now flat for,normal_play,0.0
2198.0,2202.0,flat for jordi barrett little flip ball out the back of the hand for jordan and,normal_play,0.0
2201.5,2205.5,and again new zealand just pour forward they slip off tackle once more,normal_play,0.4032
2205.0,2209.0,more to italy asabio goes up over the 22 followed up by,normal_play,0.4032
2208.5,2212.5,followed up by rutellic the ball is quick for new zealand barrett to barrett the hand,normal_play,0.4032
2212.0,2216.0,to barrett the hand this time just slipped down and it will come undone until,normal_play,0.4032
2215.5,2219.5,undone until hes shooting up to put some pressure on okay four knocks into the italian player then backwards,normal_play,0.3188
2219.0,2223.0,then backwards so knock on first scrum white,normal_play,0.0
2222.5,2226.5,well the italian defence is looking ragged even when theyre,normal_play,0.0
2226.0,2230.0,even when theyre getting up and making tackle theyre getting forced backwards theyre not,normal_play,0.0
2229.5,2233.5,theyre not winning the confrontation on the tackle line on the gain line,normal_play,0.4032
2233.0,2237.0,line just at the end there they got up and forced the,normal_play,0.4032
2236.5,2240.5,up and forced the error but they were already way back behind where play started,normal_play,0.0
2240.0,2244.0,started time off i,normal_play,0.4032
2243.5,2247.5,i look on my shell shock this should be,normal_play,0.4032
2247.0,2251.0,the one thing that theyre having problems with is just,normal_play,0.0
2250.5,2254.5,is just ball retention not getting possession if you dont get possession you cant really,normal_play,0.0
2254.0,2258.0,cant really youre just going to be chasing shadows all night we know how deadly the all,normal_play,0.0
2257.5,2261.5,deadly the all blacks are when theyve got the ball in hand and theyre passing it around they,normal_play,0.3244
2261.0,2265.0,it around they just look as though theyre you know its poetry in motion so the moment that the,normal_play,0.3244
2264.5,2268.5,moment that the italians dont have the ball in hand they cant really do anything with it theyre just going to,normal_play,0.0
2268.0,2272.0,theyre just going to just take the hits and if their defence is not up to scratch in the missing tackle,normal_play,0.4032
2271.5,2275.5,the missing tackle then you know the floodgates are going to open up thats whats,normal_play,0.4032
2275.0,2279.0,thats whats happened so far,normal_play,0.0
2278.5,2282.5,it doesnt help when you play most of the game and youre only 22 as well robbie the,normal_play,0.0
2282.0,2286.0,robbie the new zealand kicking game the carry game its just forced italy back,normal_play,0.0
2285.5,2289.5,back 408 metres made already by the all blacks,normal_play,0.0
2289.0,2293.0,the all blacks and just 51 carries five line,normal_play,0.0
2292.5,2296.5,five line breaks we thought there would be more kicking as well,normal_play,0.0
2296.0,2300.0,kicking as well from the likes of gabiisi and the likes of tomaso allen,normal_play,0.0
2299.5,2303.5,of tomaso allen theyve got great kicking game play,normal_play,0.0
2303.0,2307.0,play the territory game get it out of your own heart they havent even been able to,normal_play,0.0
2306.5,2310.5,havent even been able to really do that because of the possession they just havent had the possession,normal_play,0.0
2310.0,2314.0,had the possession only 31 possession so absolutely,normal_play,0.0
2313.5,2317.5,so absolutely nothing and i guess when youve got such a little ball you dont want to,normal_play,0.0
2317.0,2321.0,to group it away and give the opposition another opportunity to counter attack every,normal_play,0.0
2320.5,2324.5,counter attack every time new zealand also very,normal_play,0.0
2324.0,2328.0,also very quick on the you know in the ruck so even if you,normal_play,0.0
2327.5,2331.5,even if you do have an isolated break you know you need support players right behind,normal_play,0.0
2331.0,2335.0,right behind the cavalry they need to be there if theyre not there then youll,normal_play,0.0
2334.5,2338.5,then youll see the italian you know the black mire that will just you know envelop,normal_play,0.0
2338.0,2342.0,know envelop and seize possession again,normal_play,0.0
2341.5,2345.5,problems in the,normal_play,0.0
2345.0,2349.0,problems in the front row for italy giacomo nicotera,normal_play,0.0
2348.5,2352.5,giacomo nicotera had a little bang on the head early on the sketch has been replaced,normal_play,0.0
2352.0,2356.0,has been replaced already and cironi is in the wars now,normal_play,0.0
2355.5,2359.5,the wars now here we are guys here we are,normal_play,0.0
2376.5,2380.5,new zealand have won a scrum penalty,scrum,0.3051
2380.0,2384.0,won a scrum penalty theyve had a free kick as well lets see if,scrum,0.3051
2383.5,2387.5,if their front row can exert some pressure here,scrum,0.3051
2387.0,2391.0,and the italian theyve got,scrum,0.3051
2390.5,2394.5,italian theyve got a good hit but this is a slightly early for new zealand free kick for,normal_play,0.0
2394.0,2398.0,free kick for italy little mini victory,normal_play,0.0
2397.5,2401.5,little mini victory for italy for the front row in particular,normal_play,0.4032
2401.0,2405.0,boost their confidence a little but just on the brink of half time,normal_play,0.4032
2404.5,2408.5,half time look telia i dont know if this,normal_play,0.0
2408.0,2412.0,dont know if this is found touch from garbisi its not found close to touch,normal_play,0.4032
2411.5,2415.5,so mark telia and bode and barrett get a chance to,normal_play,0.4032
2415.0,2419.0,a chance to have a look at the options and barrett sends it back down with interest he does find the,normal_play,0.4032
2418.5,2422.5,does find the sideline and no chance for italy to go quickly,normal_play,0.4032
2422.0,2426.0,go quickly at all well garbisi wont be too unhappy with that it was a free kick,normal_play,0.4032
2425.5,2429.5,was a free kick couldnt kick it out on the floor and then retain the line out so,normal_play,0.4032
2429.0,2433.0,so actually theyve made 30 metres and got the opportunity,normal_play,0.4032
2432.5,2436.5,the opportunity to throw the ball in the line and a chance just to keep the ball a little bit go,normal_play,0.0
2436.0,2440.0,bit go through the phases build some momentum theyre being urged on now by the,normal_play,0.0
2439.5,2443.5,now by the crowd this partisan italian crowd,lineout,0.4726
2446.5,2450.5,good take from ferreri coruzza,normal_play,0.0
2450.0,2454.0,coruzza bodys in motion for it trying to get caporzzo into,normal_play,0.0
2453.5,2457.5,caporzzo into it instead it goes for bratz now a little bit of space for monteguani gets,normal_play,0.4032
2457.0,2461.0,monteguani gets some footwork on will jordan who comes across and makes the tackle some,normal_play,0.4032
2460.5,2464.5,some good front foot ball for the italians to work with here but no way,normal_play,0.3954
2464.0,2468.0,no way through belan he is just a roughhouse to the ground by retalic,normal_play,0.3954
2467.5,2471.5,ground by retalic and then its lost saviour iwani,normal_play,0.4032
2471.0,2475.0,iwani for will jordan vanderohe a little chip kick for himself almost,normal_play,0.4032
2474.5,2478.5,for himself almost there on the bounce iwani got back in time but huge,normal_play,0.4032
2478.0,2482.0,but huge pressure on iwani all blacks coming in italians,normal_play,0.4032
2481.5,2485.5,italians get back in numbers just in time,normal_play,0.3546
2485.0,2489.0,time and now peg back on their own five metre line,normal_play,0.3546
2488.5,2492.5,line penalty italy,penalty,0.4644
2492.0,2496.0,monteguani did unbelievable all that,penalty,0.4644
2495.5,2499.5,that tackle two all blacks all over him managed to put the ball down get on his,normal_play,0.0
2499.0,2503.0,get on his feet stay over it and by time,normal_play,0.0
2502.5,2506.5,and by time for his teammates to get there brilliant work,normal_play,0.0
2506.0,2510.0,i think he defied gravity there,normal_play,0.0
2509.5,2513.5,defied gravity there didnt he joel it was pretty impressive he just managed to just,normal_play,0.0
2513.0,2517.0,to just hold it waited for his teammates to get,normal_play,0.0
2516.5,2520.5,teammates to get back and then yeah they win the penalty pretty impressive,normal_play,0.4032
2520.0,2524.0,pretty impressive stuff that was and just when you thought that they were on for another,normal_play,0.4032
2523.5,2527.5,on for another try to extend that advantage,normal_play,0.0
2527.0,2531.0,yeah a nice little moment as well its just past time to,lineout,0.4726
2530.5,2534.5,just past time to get to half time the italians will put the ball in theyll go through the phases,lineout,0.4726
2534.0,2538.0,phases try and come away unscathed on the brink of the break,lineout,0.4726
2537.5,2541.5,break again its good from ruzza for vani and now through the hands,normal_play,0.0
2541.0,2545.0,now through the hands they go the captain michele lamaro,normal_play,0.4032
2544.5,2548.5,shoveled on by garbisi for brexit and now ioanni,normal_play,0.4032
2548.0,2552.0,and now ioanni coming off his wing to find kapuotso,normal_play,0.0
2551.5,2555.5,to find kapuotso whos scragged and rolled and,penalty,0.3883
2555.0,2559.0,awkward and the penalty comes for new zealand just too,penalty,0.3883
2558.5,2562.5,just too good at the breakdown thats what happens when you go tip to tip sometimes you run,normal_play,0.0
2562.0,2566.0,sometimes you run out of forwards to give you the real oomph you need out wide there,normal_play,0.0
2565.5,2569.5,out wide there particularly when youve got a little man hes a great handful hes a proper runner,normal_play,0.0
2569.0,2573.0,hes a proper runner ball and hand but hes only 70 kilograms kapuotso,normal_play,0.0
2572.5,2576.5,kapuotso the all blacks just too good at the,normal_play,0.2135
2576.0,2580.0,just too good at the breakdown this time,normal_play,0.2135
2579.5,2583.5,and italy,normal_play,0.0
2583.0,2587.0,and italy are going to have to defend inside their 22 again,normal_play,0.1708
2593.5,2597.5,we tick over the 40,lineout,0.3724
2597.0,2601.0,over the 40 minute mark at new zealand already six,lineout,0.3724
2600.5,2604.5,already six try in this opening half taylor again,lineout,0.3724
2604.0,2608.0,taylor again finds frazell line out his work to perfection jordi barrett,normal_play,0.4032
2607.5,2611.5,jordi barrett try to roll over the top of lamaro cant do so,normal_play,0.4032
2611.0,2615.0,do so but they pile forward de lier in close where hes so,normal_play,0.4032
2614.5,2618.5,hes so difficult to stop,normal_play,0.4032
2618.0,2622.0,smith for mufasi for retalek and another,normal_play,0.4032
2621.5,2625.5,and another advantage for new zealand as well as the pressure comes on,normal_play,0.4032
2625.0,2629.0,nipol lalala has stopped in his track but new,normal_play,0.0
2628.5,2632.5,but new zealand still playing with the advantage,normal_play,0.2234
2632.0,2636.0,pick and go from cody taylor,normal_play,0.2234
2635.5,2639.5,from cody taylor in fact he shovels it on for tuna fasi,normal_play,0.4032
2639.0,2643.0,taylor again this time does try and go at the middle and then they get,normal_play,0.4032
2642.5,2646.5,then they get him behind and almost shovel their way through its there for aaron,normal_play,0.4032
2646.0,2650.0,there for aaron smith moonga again moonga just puts it down this time,normal_play,0.4032
2649.5,2653.5,down this time and were still playing under the penalty advantage though so the,normal_play,0.4032
2653.0,2657.0,so the pressure not over all smith,normal_play,0.0
2656.5,2660.5,8 was your offside,penalty,0.4751
2670.5,2674.5,option new zealand,normal_play,0.0
2674.0,2678.0,you were fine but the tackler must move,normal_play,0.0
2677.5,2681.5,tackler must move before you can have a jackal okay,normal_play,0.0
2681.0,2685.0,took,normal_play,0.2123
2684.5,2688.5,took a little while to make the decision there look for all money that,normal_play,0.2123
2688.0,2692.0,that aaron smith is going to tap and go and play quickly eventually its going to be the mall,normal_play,0.0
2691.5,2695.5,its going to be the mall i would think,normal_play,0.0
2702.0,2706.0,taylor again finds his mark its barrett,lineout,0.2364
2705.5,2709.5,mark its barrett and they work a move for tuna fasi well read by,normal_play,0.4032
2709.0,2713.0,well read by the italian defense though danger not over taylor stucks under,normal_play,0.4032
2712.5,2716.5,stucks under one and this time its a leak gonna have to let it come,normal_play,0.4032
2716.0,2720.0,to let it come another advantage for new zealand so frazell with a little,normal_play,0.4032
2719.5,2723.5,with a little shuffle the off load for tuna fasi again or for tuna fasi four,normal_play,0.4032
2723.0,2727.0,fasi four meters out,normal_play,0.4032
2726.5,2730.5,frazells the next man to line up,normal_play,0.4032
2730.0,2734.0,just tirelessly working into that,normal_play,0.4032
2733.5,2737.5,working into that italian line they must have numbers out there somewhere a little,normal_play,0.4032
2737.0,2741.0,a little chip kick over the top is deep in the effort from,normal_play,0.4032
2740.5,2744.5,effort from taylor would have been spectacular they were,normal_play,0.0
2744.0,2748.0,they were still playing with the penalty though number eight,normal_play,0.0
2747.5,2751.5,you must be supporting,normal_play,0.0
2751.0,2755.0,you must be supporting your body weight would have been spectacular just,normal_play,0.0
2754.5,2758.5,spectacular just been gathered look at the dive and the commitment cody taylor,normal_play,0.0
2758.0,2762.0,cody taylor,normal_play,0.0
2761.5,2765.5,speccy dive not sure he was ever going to get there had a,normal_play,0.0
2765.0,2769.0,a full go though,normal_play,0.0
2768.5,2772.5,tuna fasis been pretty strong with ball carry hasnt he ball in,normal_play,0.4032
2772.0,2776.0,he ball in hand hes been one of the pillars around the fringes,normal_play,0.4032
2775.5,2779.5,fringes by that i mean one of the real strong ball,normal_play,0.0
2779.0,2783.0,real strong ball carriers not defenders clean pieces of the breakdown please micaele,normal_play,0.0
2782.5,2786.5,micaele would have been one of the great hooker try though,normal_play,0.0
2786.0,2790.0,try though thats,normal_play,0.0
2789.5,2793.5,thats a good one gees been busy,normal_play,0.0
2793.0,2797.0,gees been busy cody taylor and executed when its mattered,normal_play,0.0
2796.5,2800.5,its mattered as ian foster happily head for the changing rooms,lineout,0.4196
2800.0,2804.0,the changing rooms frazelle,lineout,0.4196
2803.5,2807.5,new,maul,0.3831
2807.0,2811.0,new zealand again will get this drive rolling italy splintering,maul,0.3831
2810.5,2814.5,italy splintering and scattering piling in the black shirt still,maul,0.5027
2814.0,2818.0,shirt still there for new zealand close to the line its almost stopped,maul,0.5027
2817.5,2821.5,almost stopped now itll have to come out its got there for adi savia,try,0.8098
2821.0,2825.0,adi savia trying to sneak around the corner another advantage and another,try,0.8098
2824.5,2828.5,and another try for adi savia,try,1.0
2835.0,2839.0,just so,normal_play,0.0
2838.5,2842.5,just so clinical really all the options at the line out dummy mall the,normal_play,0.0
2842.0,2846.0,the line out before this time well set up well structured,normal_play,0.0
2845.5,2849.5,up well structured well defended as well to be fair to italy and then eventually savia just,normal_play,0.0
2849.0,2853.0,savia just realized there was no one on that left hand side no one to defend,normal_play,0.0
2852.5,2856.5,side no one to defend the little peel peely dead no one there to stop him,normal_play,0.0
2856.0,2860.0,one there to stop him look at this rumbling forward all of a sudden it came to a halt,normal_play,0.0
2859.5,2863.5,came to a halt the ball so well controlled at the back now savia looks up,normal_play,0.0
2863.0,2867.0,savia looks up sees that theres a better space no ones going to stop him that close,normal_play,0.0
2866.5,2870.5,that close its so much about the intelligence,normal_play,0.0
2870.0,2874.0,the intelligence of knowing when to go knowing until the right time,normal_play,0.0
2873.5,2877.5,right time to actually peel off and then dive over they just know it,normal_play,0.0
2877.0,2881.0,it its in their dna isnt it brilliant score but again,normal_play,0.0
2880.5,2884.5,score but again you can look at the team effort in,normal_play,0.0
2884.0,2888.0,in that driving mall,normal_play,0.0
2887.5,2891.5,blacks captain sam,normal_play,0.0
2891.0,2895.0,captain sam kane luckily were going to see his first appearance,normal_play,0.0
2894.5,2898.5,first appearance at this world cup sometime in the second half,goal_kick,0.8688
2905.0,2909.0,richie moonga to cap a near perfect 45,goal_kick,0.8688
2908.5,2912.5,perfect 45 minutes of rapid for the,goal_kick,0.8688
2912.0,2916.0,for the all blacks,kick_off,0.5159
2915.5,2919.5,blacks bodum barrett to start the second half for new zealand,kick_off,0.5159
2919.0,2923.0,for new zealand leading italy 59 points to three,normal_play,0.0
2922.5,2926.5,three as,normal_play,0.1628
2926.0,2930.0,as lorenzo canone takes it up a couple of set to brothers,normal_play,0.1628
2929.5,2933.5,set to brothers out there for either side and,normal_play,0.1628
2933.0,2937.0,and an early penalty goes against new zealand,normal_play,0.1293
2940.0,2944.0,stephen varney milked it nicely though didnt he,normal_play,0.0
2943.5,2947.5,he made it nice and obvious won the penalty,normal_play,0.3006
2947.0,2951.0,won the penalty won the free clearance,normal_play,0.3006
2954.0,2958.0,jordi barrett just not wiling his two ways just trying to,normal_play,0.0
2957.5,2961.5,just trying to almost get in the way,normal_play,0.0
2961.0,2965.0,one never knows whether its intentional or not but certainly penalty,normal_play,0.0
2964.5,2968.5,but certainly penalty,lineout,0.4726
2968.0,2972.0,nekotsu ritalik contesting,lineout,0.4726
2971.5,2975.5,ritalik contesting this one but it lands nicely for italy this time heres one ignacio,normal_play,0.4032
2975.0,2979.0,heres one ignacio brex on the wraparound and now a little bit of running from italy ioani,normal_play,0.4032
2978.5,2982.5,from italy ioani was the dummy runner just no room for him and no,normal_play,0.0
2982.0,2986.0,for him and no way through,normal_play,0.0
2985.5,2989.5,needed to be a bit courageous and,normal_play,0.4032
2989.0,2993.0,bit courageous and chance their army heres brex again and thats a nice direct run from,normal_play,0.4032
2992.5,2996.5,direct run from the center up the middle much better start from italy in this half,normal_play,0.4032
2996.0,3000.0,italy in this half peeling off some meters this time seb negri,normal_play,0.3415
2999.5,3003.5,seb negri tukuna fase eventually gets to his,normal_play,0.3415
3003.0,3007.0,gets to his feet up over halfway,normal_play,0.4032
3006.5,3010.5,build some momentum and confidence as the italia,normal_play,0.4032
3010.0,3014.0,the italia chant rings around and thats a nice stepping,normal_play,0.4032
3013.5,3017.5,stepping jinking weaving run heres allen close to the sideline,normal_play,0.4032
3017.0,3021.0,the sideline hes bundled out over the sideline it comes undone for italy,normal_play,0.4032
3020.5,3024.5,its a great build up though isnt it its just what the italians,normal_play,0.4032
3024.0,3028.0,what the italians needed to do just what the crowd wanted,normal_play,0.0
3027.5,3031.5,corbisi did so well to get around the corner the little show and go allen,normal_play,0.0
3031.0,3035.0,allen was looking for someone on his outside there but,normal_play,0.0
3034.5,3038.5,but i think it was lamarro hed just run the inside line and,lineout,0.4726
3038.0,3042.0,line and tommy allen bundled into touch,lineout,0.4726
3041.5,3045.5,line out one by brodie,lineout,0.4726
3045.0,3049.0,by brodie ritellic again for new zealand its sent down moanga too kapuotsu,normal_play,0.3923
3048.5,3052.5,kapuotsu kapuotsu maybe a chance to get those flying feet going,normal_play,0.0
3052.0,3056.0,flying feet going chants the arm with that elusive jinking running style he,normal_play,0.4032
3055.5,3059.5,running style he has cant go through jordi barrett slowly,normal_play,0.4032
3059.0,3063.0,barrett slowly thats fine penalty advantage,normal_play,0.4032
3062.5,3066.5,penalty advantage for black offside another penalty here ritellic caught offside,normal_play,0.4032
3066.0,3070.0,caught offside for new zealand as riccioni bobbles,normal_play,0.4032
3069.5,3073.5,bobbles that one advantage white still advantage for,normal_play,0.4032
3073.0,3077.0,advantage for italy here these bricks again has had two,normal_play,0.0
3076.5,3080.5,had two or three really good carries in these opening couple of minutes,normal_play,0.3928
3080.0,3084.0,couple of minutes real trouble still advances stephen,normal_play,0.3928
3083.5,3087.5,riccioni that play is going to make his way to this breakdown,normal_play,0.0
3087.0,3091.0,breakdown heres nicola canone,normal_play,0.3994
3090.5,3094.5,heres nicola canone up over the 22 new zealand going to steal this one away,normal_play,0.3994
3094.0,3098.0,one away going to go back to play the penalty for ritellic offside,normal_play,0.3994
3097.5,3101.5,ritellic offside well its a gutsy start to the second half from italy,normal_play,0.0
3101.0,3105.0,italy courageous gutsy kieran crowley will be really happy,normal_play,0.0
3104.5,3108.5,be really happy with the way theyve come out and played with real art in this first three,normal_play,0.0
3108.0,3112.0,this first three or four minutes looked after the ball he spoke about,normal_play,0.0
3111.5,3115.5,he spoke about the all blacks being happy about not conceding penalty well two very,normal_play,0.0
3115.0,3119.0,two very quick defensive penalty gone he took a bump didnt he,normal_play,0.0
3118.5,3122.5,a bump didnt he riccioni did,normal_play,0.239
3122.0,3126.0,riccioni did well to get up and get to the next two breakdowns actually,normal_play,0.239
3125.5,3129.5,its actually nice to see italy with a little bit more possession,normal_play,0.239
3129.0,3133.0,more possession in their hands you know thats that was a good number of phases when,normal_play,0.0
3132.5,3136.5,of phases when they were just passing the ball around keeping it tight going into the tackle,normal_play,0.0
3136.0,3140.0,into the tackle but also seeing support players arrive really quickly and that,normal_play,0.0
3139.5,3143.5,and that enabled them to draw the penalty and of course you know theyve got a,normal_play,0.0
3143.0,3147.0,theyve got a good attacking platform here to try and get themselves their first,normal_play,0.0
3146.5,3150.5,their first try at this game,lineout,0.4119
3150.0,3154.0,a rare foray into the new zealand 22 nicolcer,lineout,0.4119
3153.5,3157.5,nicolcer needs to find his mark but its rotellic who gets up for new,lineout,0.4119
3157.0,3161.0,up for new zealand de liet there to carry forward,normal_play,0.0
3160.5,3164.5,to carry forward for the all blacks they try and rip it off him,penalty,0.4946
3164.0,3168.0,and they get a penalty to new zealand a,penalty,0.4946
3167.5,3171.5,a moment lost for italy,normal_play,0.0
3171.0,3175.0,a lot of movement in that line out and,normal_play,0.0
3174.5,3178.5,and ultimately brodie rotellic just got up there with his big mitts and stole,normal_play,0.4032
3178.0,3182.0,mitts and stole the ball is that out no barrett doesnt find touch,normal_play,0.4032
3181.5,3185.5,doesnt find touch you can see new zealand wanting to play quickly but barney did well to get back,normal_play,0.4032
3185.0,3189.0,well to get back there hes driven this down straight to bowdoin barrett though on the 22,normal_play,0.4032
3188.5,3192.5,and now hes got more on it and there could be danger,normal_play,0.4032
3192.0,3196.0,be danger jordan just tipped up by brex,penalty,0.5849
3195.5,3199.5,brex higuani outside him italy have done well to just slow up,penalty,0.5849
3199.0,3203.0,just slow up the ball and earn the penalty good fight back from italy,normal_play,0.0
3202.5,3206.5,back from italy three penalty on the trot,normal_play,0.0
3206.0,3210.0,on the trot gang against the all blacks not quite in,normal_play,0.0
3209.5,3213.5,not quite in on the trot but they will not be particularly happy with,normal_play,0.3662
3213.0,3217.0,happy with good contest on the ground,normal_play,0.3662
3216.5,3220.5,ground and thats a great touch fonda,normal_play,0.0
3220.0,3224.0,fonda well you said,normal_play,0.0
3223.5,3227.5,well you said it at the break italy havent scored against the all blacks since 2016,normal_play,0.0
3227.0,3231.0,blacks since 2016,normal_play,0.0
3230.5,3234.5,timing with the movement what was that man,normal_play,0.0
3234.0,3238.0,man make sure we dont move before the ball,normal_play,0.0
3237.5,3241.5,before the ball is thrown gotta get the line out,normal_play,0.0
3241.0,3245.0,the line out right firstly though,lineout,0.4726
3244.5,3248.5,new zealand contestants landed,lineout,0.4726
3248.0,3252.0,contestants landed in the hands of shannon frazell,normal_play,0.4032
3251.5,3255.5,just plucked it away with ease new zealand will get to,normal_play,0.4032
3255.0,3259.0,will get to exit through richard moonga again 13 13,normal_play,0.3907
3258.5,3262.5,13 okay legs up,normal_play,0.3907
3262.0,3266.0,up its another line out thats just,normal_play,0.3907
3265.5,3269.5,out thats just not gone according to plan,normal_play,0.4032
3269.0,3273.0,to plan no ones gone up and its just too,normal_play,0.4032
3272.5,3276.5,too easy for shannon frazell its almost like,normal_play,0.4032
3276.0,3280.0,its almost like he knew where the ball was going to come the contest with the pot went up,normal_play,0.4032
3279.5,3283.5,up didnt even get as far as the,normal_play,0.0
3283.0,3287.0,as the italian captain lamarro times up,normal_play,0.0
3286.5,3290.5,up times up,normal_play,0.4032
3290.0,3294.0,well marco riccionis going to have a head injury assessment,normal_play,0.4032
3293.5,3297.5,injury assessment after that knock he took earlier that brings,normal_play,0.4032
3297.0,3301.0,that brings simone ferrari on in jersey 18,normal_play,0.0
3300.5,3304.5,18,lineout,0.3778
3304.0,3308.0,plucked,lineout,0.3778
3307.5,3311.5,plucked away this time from ruzza advantage and theyve,normal_play,0.0
3311.0,3315.0,theyve got another penalty here italy so new zealand starting to concede,normal_play,0.4032
3314.5,3318.5,to concede a couple of penalty early in this half come on,normal_play,0.4032
3318.0,3322.0,come on farni,normal_play,0.4032
3321.5,3325.5,farni again theres the new man ferrari races into,normal_play,0.0
3325.0,3329.0,races into the line,normal_play,0.4032
3328.5,3332.5,negri still playing farni had to flick it,normal_play,0.4032
3332.0,3336.0,had to flick it away it was awkward and laulala grabs the loose ball,penalty,0.6128
3335.5,3339.5,the loose ball but they were playing a penalty well,penalty,0.6128
3339.0,3343.0,well the rock speed for italy is really quick at the moment that ball coming,normal_play,0.0
3342.5,3346.5,moment that ball coming up nice and quickly well presented the clean out is,normal_play,0.1747
3346.0,3350.0,clean out is good the ball presented very quickly indeed that time just too quickly,normal_play,0.1747
3349.5,3353.5,quickly,normal_play,0.1747
3353.0,3357.0,brilliant kick again but so close to being dead,normal_play,0.0
3356.5,3360.5,being dead,normal_play,0.0
3360.0,3364.0,got to win the line out now,normal_play,0.0
3363.5,3367.5,out now italian fans urging their team on,normal_play,0.0
3367.0,3371.0,on,lineout,0.4726
3370.5,3374.5,all the pressure on giacomo nicoteta,lineout,0.4726
3374.0,3378.0,giacomo nicoteta he goes to the front for canone,lineout,0.4726
3377.5,3381.5,canone and italy will be roared on here new zealand have got really,try,1.0
3381.0,3385.0,got really well organised though straight away and have held this drive,maul,0.384
3384.5,3388.5,held this drive up in fact italy have lost ground so farni has,maul,0.384
3388.0,3392.0,so farni has to use it for bricks through the hands they go ioanni,try,1.0
3391.5,3395.5,they go ioanni on ioanni and its monti who wins out here capuazzo,try,1.0
3395.0,3399.0,capuazzo capuazzo for the corner capuazzo for the try,try,1.0
3398.5,3402.5,try and finally comes and its the,try,1.0
3402.0,3406.0,and its the magic feat of omsch capuazzo,try,1.0
3426.5,3430.5,well what a moment for the young winger,normal_play,0.0
3430.0,3434.0,real pace had a lot of work to do showed,normal_play,0.0
3433.5,3437.5,showed some pace this ball finally won at the line out,normal_play,0.0
3437.0,3441.0,at the line out it couldnt be mauled it came out the back the organisation the lines were good,normal_play,0.0
3440.5,3444.5,lines were good ioanni did brilliantly to draw two defenders capuazzo had,normal_play,0.0
3444.0,3448.0,capuazzo had loads of pace to get in at the corner he had a,normal_play,0.0
3447.5,3451.5,he had a lot to do the young winger didnt he he did well ioanni drew two,normal_play,0.0
3451.0,3455.0,ioanni drew two defenders alans hands were good loads,normal_play,0.0
3454.5,3458.5,loads to do brilliant from the young winger,normal_play,0.0
3458.0,3462.0,and loads to shout about for the crowd he needs,normal_play,0.0
3461.5,3465.5,crowd he needs to take a bow he made that,normal_play,0.0
3465.0,3469.0,quality,normal_play,0.0
3468.5,3472.5,quality finish from a quality player,normal_play,0.0
3475.5,3479.5,try all clear as well and hes got it,goal_kick,0.8688
3479.0,3483.0,well and hes got it,goal_kick,0.8688
3486.0,3490.0,shot clock is back on,goal_kick,0.8688
3489.5,3493.5,on,goal_kick,0.8688
3496.5,3500.5,tommy,goal_kick,0.8688
3500.0,3504.0,tommy allen remains perfect 49 points to 10,goal_kick,0.8688
3503.5,3507.5,but after making his debut as a 21 year old some 13,normal_play,0.0
3507.0,3511.0,some 13 years ago a two time world cup winner playing his,normal_play,0.0
3510.5,3514.5,winner playing his fourth world cup samuel whitelock surpasses,normal_play,0.0
3514.0,3518.0,surpasses the great richie mccaw as the most cat door black of,normal_play,0.0
3517.5,3521.5,door black of all time his 149th appearance,normal_play,0.0
3521.0,3525.0,149th appearance for new zealand,normal_play,0.0
3524.5,3528.5,what a moment for,normal_play,0.0
3528.0,3532.0,what a moment for the big second row,kick_off,0.2492
3531.5,3535.5,a great servant of new zealand rugby and wonderful,kick_off,0.2492
3535.0,3539.0,rugby and wonderful to get their applause out on the record,normal_play,0.3038
3538.5,3542.5,on the record breaking cap,normal_play,0.3038
3542.0,3546.0,hedley choosing to play from deep,normal_play,0.4032
3545.5,3549.5,to play from deep once again theyve been pretty good when theyve had a go,normal_play,0.4032
3549.0,3553.0,charge down from new zealand and scott barretts,normal_play,0.4032
3552.5,3556.5,and scott barretts going to get down low to scoop this up whitelock there in support here they,try,1.0
3556.0,3560.0,here they come terrell lomax onto the field as well for the kiwis ken roygaard,try,1.0
3559.5,3563.5,kiwis ken roygaard there and brodie retellix over the line right,try,1.0
3563.0,3567.0,right i spoke too soon,try,1.0
3566.5,3570.5,for the first time hedley inside there 22 in the,normal_play,0.0
3570.0,3574.0,22 in the second off choosing to kick the kick charge down,normal_play,0.0
3573.5,3577.5,and the big second rower brodie retellix,normal_play,0.0
3577.0,3581.0,rower brodie retellix is in his ninth test match try,normal_play,0.0
3580.5,3584.5,match try and over,normal_play,0.0
3584.0,3588.0,and over 50 goes the scoreboard yeah its the,normal_play,0.0
3587.5,3591.5,its the substitute number nine of course martin pajrello,normal_play,0.0
3591.0,3595.0,martin pajrello the former toulousean great charge,normal_play,0.0
3594.5,3598.5,great charge down isnt it just makes it really complicated with the scrambling defence,normal_play,0.0
3598.0,3602.0,scrambling defence and then afterwards you know its just from close range,normal_play,0.0
3601.5,3605.5,from close range and you wont stop that man there brodie retellix from scoring from,normal_play,0.0
3605.0,3609.0,from scoring from that distance of course,normal_play,0.0
3608.5,3612.5,but not a great start for,normal_play,0.0
3612.0,3616.0,for the number nine whos just come off the bench to replace stephen varney,normal_play,0.0
3615.5,3619.5,stephen varney good little pick up as well from,goal_kick,0.8688
3619.0,3623.0,as well from scott barrett actually ball hopping around awkwardly,goal_kick,0.8688
3622.5,3626.5,hopping around awkwardly picked it up comfortably made the charge and then,goal_kick,0.8688
3626.0,3630.0,and then the second carry from retellix,goal_kick,0.8688
3629.5,3633.5,new zealand strikes,goal_kick,0.8688
3633.0,3637.0,new zealand strikes straight back after conceding that try as they,goal_kick,0.8688
3636.5,3640.5,as they tick over 50 and the goal kicking has just been superb,goal_kick,0.8688
3640.0,3644.0,been superb from both moana and tomaso allen today,goal_kick,0.8688
3643.5,3647.5,allen today heres another richard moana to make it 56,goal_kick,0.8688
3647.0,3651.0,it 56 points to 10 isnt that the same for,normal_play,0.0
3650.5,3654.5,that the same for them thank you,normal_play,0.0
3661.0,3665.0,stack of changes for new zealand in,kick_off,0.3423
3664.5,3668.5,new zealand in that period too its a mighty,normal_play,0.4032
3668.0,3672.0,its a mighty williams out there for his first rugby world cup appearance,normal_play,0.4032
3671.5,3675.5,appearance tarell lomax cam roygaard,normal_play,0.4032
3675.0,3679.0,wait,normal_play,0.4032
3678.5,3682.5,okay call out good exit in,normal_play,0.4032
3682.0,3686.0,good exit in the end as italy having just got a little bit behind,normal_play,0.4032
3685.5,3689.5,a little bit behind them they can see points straight away,normal_play,0.4032
3689.0,3693.0,yeah they made such a good start to the second half and got the first try,normal_play,0.0
3692.5,3696.5,the first try in seven years against the all blacks,normal_play,0.0
3696.0,3700.0,blacks and then the little error the charge down kick,normal_play,0.0
3699.5,3703.5,charge down kick and theyre back under pressure,lineout,0.2114
3703.0,3707.0,over 50,lineout,0.2114
3706.5,3710.5,50 barrett for new zealand theyve got whitelock barrett and,normal_play,0.0
3710.0,3714.0,barrett and retellix all out there shannon frivel was the man who,normal_play,0.0
3713.5,3717.5,who went to the bench roygaard,normal_play,0.3343
3717.0,3721.0,roygaard out there for aaron smith,normal_play,0.3343
3720.5,3724.5,thank you 20 backwards there that ones,normal_play,0.4032
3724.0,3728.0,backwards there that ones through the hands obviously they can try and put some pressure on here but jordan recovers,normal_play,0.4032
3727.5,3731.5,jordan recovers well for roygaard and now morgans going to send this for tellea to,normal_play,0.4032
3731.0,3735.0,tellea to chase and the bounces well it was kind in the end for capuaozzo,normal_play,0.4032
3734.5,3738.5,for capuaozzo and this is where hes really dangerous cant get past rico ioanni though,normal_play,0.4032
3738.0,3742.0,rico ioanni though play on and then its messi untayani roygaard,normal_play,0.4032
3741.5,3745.5,untayani roygaard scooped it up ioanni with a little bit of not much room to move at,normal_play,0.4032
3745.0,3749.0,to move at all in fact big shot comes on,normal_play,0.0
3748.5,3752.5,comes on a scrappy berry to play but its going to get loose and it could get open,normal_play,0.4032
3752.0,3756.0,get open berry loose,normal_play,0.4032
3755.5,3759.5,loose a little bit on the verge of messi,normal_play,0.0
3759.0,3763.0,verge of messi there you can understand what was happening the little attempted from,normal_play,0.0
3762.5,3766.5,attempted from it through the little chip over the top as it got a little untidy,normal_play,0.0
3766.0,3770.0,untidy also got,normal_play,0.0
3769.5,3773.5,also got a change in the front row for italy with jaime,normal_play,0.0
3773.0,3777.0,with jaime fiber coming on to replace giacomo nicotera,normal_play,0.0
3776.5,3780.5,nicotera theres also a significant change in the all black pack that needs to,normal_play,0.0
3780.0,3784.0,pack that needs to be mentioned its scott barrett has moved to the flank position both teams,normal_play,0.0
3783.5,3787.5,both teams meet me over the mark so we need equal pressure shannon frizoloff,normal_play,0.0
3787.0,3791.0,frizoloff a really industrious 40 minutes welcome back to him but its barrett,normal_play,0.0
3790.5,3794.5,but its barrett whos now on the side of the scrum i had a feeling that,scrum,0.4877
3794.0,3798.0,feeling that at some point they would do this because in the big games,scrum,0.4877
3797.5,3801.5,in the big games against the big heavy teams thats where new zealanders like to,scrum,0.4877
3801.0,3805.0,like to employ the services it means theyve got a bit more weight a bit more strength,scrum,0.4877
3804.5,3808.5,more strength in that loose forward trail,scrum,0.4877
3808.0,3812.0,that scrum just powering forward from new,normal_play,0.0
3811.5,3815.5,from new zealand massive front football for barrett to his brother,normal_play,0.4032
3815.0,3819.0,his brother bonin and now room on the outside back in,normal_play,0.4032
3818.5,3822.5,back in field for bonin barrett from jordan jordan scoots it up,normal_play,0.4032
3822.0,3826.0,scoots it up in the blink of an eye new zealand attack again ioanni will clear,normal_play,0.4032
3825.5,3829.5,ioanni will clear for jordi barrett taking it up,normal_play,0.4032
3829.0,3833.0,it up hard himself the youngest of the three brothers,normal_play,0.4032
3832.5,3836.5,the three brothers out there through the hands mo onga now barrett,normal_play,0.0
3836.0,3840.0,now barrett with the cross field kick for telia kapowatso did well,normal_play,0.4032
3839.5,3843.5,did well and now hes going to take off on kapowatso,normal_play,0.4032
3843.0,3847.0,went for the little kick got taken just in time its going to open,try,1.0
3846.5,3850.5,its going to open up here for kam roygaard to step inside roll and,try,1.0
3850.0,3854.0,roll and almost score well,try,1.0
3853.5,3857.5,well its all over the place theyre going to have to check whether roygaard rolled,try,1.0
3857.0,3861.0,roygaard rolled or got there on field decision of a,normal_play,0.0
3860.5,3864.5,decision of a try i just want to check how the player got over,normal_play,0.0
3864.0,3868.0,over the goal line well its a great tackle back by,normal_play,0.0
3867.5,3871.5,back by marseilla well just like to check whether,normal_play,0.0
3871.0,3875.0,check whether its momentum or whether he compels himself to get to the goal line,tmo_replay,0.85
3874.5,3878.5,line and we just check whether the rolling extra movement gets him over the line,tmo_replay,0.85
3878.0,3882.0,him over the line or whether its momentum does i feel like kam roygaard,tmo_replay,0.85
3881.5,3885.5,like kam roygaard almost gave himself up a little bit here,tmo_replay,0.85
3885.0,3889.0,here comes your,tmo_replay,0.85
3888.5,3892.5,here comes your first camera angle matt knock on the bar to get over does he get that,tmo_replay,0.85
3892.0,3896.0,does he get that extra roll i,tmo_replay,0.85
3895.5,3899.5,i think theres another little movement there full speed to determine the momentum please,tmo_replay,0.85
3899.0,3903.0,momentum please brett i could get stuck a little bit in two minds do i or dont i,tmo_replay,0.85
3902.5,3906.5,i hes placed it down and then he just ill just have another little,tmo_replay,0.85
3906.0,3910.0,another little shift of the ball italian fans know what they,tmo_replay,0.85
3909.5,3913.5,know what they think has happened,tmo_replay,0.85
3916.5,3920.5,were just going to come back to the main camera angle and play that at live speed for you,tmo_replay,0.85
3920.0,3924.0,speed for you thank you,tmo_replay,0.85
3923.5,3927.5,i think he,tmo_replay,0.85
3927.0,3931.0,he rolls himself forward,tmo_replay,0.85
3930.5,3934.5,the ball is short and then he shuffles it to the line anyway so its going to be,tmo_replay,0.85
3934.0,3938.0,its going to be no try you happy with that vez yeah,tmo_replay,0.85
3937.5,3941.5,brett coming back to you now matthew ok,tmo_replay,0.85
3941.0,3945.0,now matthew ok so we believe that the player has taken an extra movement,tmo_replay,0.85
3944.5,3948.5,movement an extra roll to compel himself so it will be no try,tmo_replay,0.85
3948.0,3952.0,no worries youre on screen now no try,tmo_replay,0.85
3951.5,3955.5,well i,tmo_replay,0.85
3955.0,3959.0,well i think thats the right decision brett cronin and matthew cardy have made the right,tmo_replay,0.85
3958.5,3962.5,made the right call you said it he seemed to stop,tmo_replay,0.85
3962.0,3966.0,seemed to stop and then he went i just shifted a little under the line,tmo_replay,0.85
3965.5,3969.5,line and i like the fact that ed vindage has,tmo_replay,0.85
3969.0,3973.0,ed vindage has called over because you see he certainly should have scored,normal_play,0.3315
3972.5,3976.5,scored,normal_play,0.3315
3976.0,3980.0,you know i think that kam royka was actually,normal_play,0.0
3979.5,3983.5,royka was actually he wanted to set it up you know set up the next platform,normal_play,0.0
3983.0,3987.0,set up the next platform so that someone came in and took the ball from the rack because,try,1.0
3986.5,3990.5,rack because he didnt realise how close he was to the line i think otherwise he could have,try,1.0
3990.0,3994.0,otherwise he could have actually gone for it maybe it would have been a try but in any case,try,1.0
3993.5,3997.5,any case not given thank you right decision,try,1.0
3997.0,4001.0,this is hamid faheva,lineout,0.4726
4000.5,4004.5,hes overthrown that one cody taylors just going to swoop,lineout,0.4726
4004.0,4008.0,going to swoop on it heres deleah really dangerous and broken play like this,normal_play,0.4032
4007.5,4011.5,play like this the hands are outstanding from papaliti and,normal_play,0.4032
4011.0,4015.0,and new zealand again punished the errors from,try,1.0
4014.5,4018.5,from italy zolton papaliti this time,normal_play,0.0
4021.5,4025.5,wow,normal_play,0.0
4025.0,4029.0,wow thats another line up thats gone awry,normal_play,0.0
4028.5,4032.5,and new zealand punishing,normal_play,0.0
4032.0,4036.0,new zealand punishing thank you brett an inaccurate italian,normal_play,0.0
4035.5,4039.5,inaccurate italian line up its a poor effort really over the,normal_play,0.0
4039.0,4043.0,really over the back a free ball and deleah just was,normal_play,0.0
4042.5,4046.5,just was onto it in a flash through he almost got away himself its,normal_play,0.0
4046.0,4050.0,himself its a great little pick up here from papaliti,normal_play,0.0
4049.5,4053.5,no ones going to stop him from that close,normal_play,0.0
4053.0,4057.0,well theyve been their,normal_play,0.0
4056.5,4060.5,been their own worst enemy today italy a number of errors a number of mistakes particularly,normal_play,0.0
4060.0,4064.0,of mistakes particularly around the line up,goal_kick,0.8688
4063.5,4067.5,and richie moana adds the two 100 for,goal_kick,0.8688
4067.0,4071.0,100 for richie tonight nice yeah,normal_play,0.0
4070.5,4074.5,got to get the line outs right even though,normal_play,0.0
4074.0,4078.0,outs right even though they saw that it was just overthrown there by hamid faheva,normal_play,0.0
4077.5,4081.5,by hamid faheva and then afterwards well we just know exactly what they do,normal_play,0.0
4081.0,4085.0,do collect it pass it storm through,normal_play,0.0
4084.5,4088.5,through the juggernauts arrive and more points scored,normal_play,0.0
4088.0,4092.0,scored theres scrambling italian defence unable to defend properly,normal_play,0.0
4091.5,4095.5,defend properly,kick_off,0.5131
4098.5,4102.5,63 points to 10 now still 24,normal_play,0.0
4102.0,4106.0,24 or so minutes to play in this match new zealand with nine try and,normal_play,0.0
4105.5,4109.5,try and will jordan not happy with that clearance and youre rightly,normal_play,0.0
4109.0,4113.0,and youre rightly so two and seven replacing two and seven couple of,normal_play,0.0
4112.5,4116.5,replacing two and seven couple of key players coming on as you can see team captain sam king,normal_play,0.0
4116.0,4120.0,captain sam king dane coles cody taylor making way,normal_play,0.0
4119.5,4123.5,making way for him and then of course you can see its that man,normal_play,0.4032
4123.0,4127.0,its that man who just scored the try dalton papalai,normal_play,0.4032
4126.5,4130.5,papalai just a quick 180,normal_play,0.4032
4130.0,4134.0,quick 180 caps coming onto the field there between two players,normal_play,0.4032
4133.5,4137.5,sam king and dane coles collectively there,normal_play,0.4032
4137.0,4141.0,189th and 179th,lineout,0.3002
4140.5,4144.5,179th 180th cap for the two new zealand,lineout,0.3002
4144.0,4148.0,new zealand again can test the line out and again theyve got more ball and,normal_play,0.4032
4147.5,4151.5,and now willing and ready to,normal_play,0.4032
4151.0,4155.0,and ready to run from deep thalia steps through one and then,normal_play,0.4032
4154.5,4158.5,and then look to force the ball in traffic its gone forward out of the hands from him,normal_play,0.3103
4158.0,4162.0,hands from him let off for italy,normal_play,0.3103
4165.0,4169.0,theyve shown they can open them up but new,normal_play,0.4032
4168.5,4172.5,but new zealands defence still rock solid sam might like that one,normal_play,0.4032
4172.0,4176.0,like that one backwards under pressure will come back for the knock on going to go back and play the original knock on here from new zealand,normal_play,0.4032
4175.5,4179.5,here from new zealand though forward pass sorry,normal_play,0.0
4179.0,4183.0,well about a go havent,normal_play,0.0
4182.5,4186.5,about a go havent they italy theyve gone backwards gone back for the advantage good refereeing,normal_play,0.0
4186.0,4190.0,good refereeing cloud,normal_play,0.0
4189.5,4193.5,cloud trying to get in behind that team just make sure we meet with equal force,normal_play,0.0
4193.0,4197.0,with equal force,normal_play,0.0
4200.0,4204.0,first scrim for the new zealand front row which is the 23 year old to,normal_play,0.0
4203.5,4207.5,23 year old to mighty williams all 139 40 odd kilos of,normal_play,0.0
4207.0,4211.0,odd kilos of him i think he may have slimmed down on the right now that i see him on that,normal_play,0.0
4210.5,4214.5,see him on that side of the scrim terrell,normal_play,0.0
4214.0,4218.0,terrell lownick on the other side his first appearance,normal_play,0.0
4217.5,4221.5,first appearance with that heavy bandage on the knee 30 stitches in that knee after the loss,normal_play,0.0
4221.0,4225.0,after the loss at twickenham that was a nasty gash that wasnt it,normal_play,0.0
4224.5,4228.5,it,scrum,0.4511
4228.0,4232.0,crouch bind,scrum,0.4511
4231.5,4235.5,set,scrum,0.4511
4235.0,4239.0,here is an area of,scrum,0.4511
4238.5,4242.5,is an area of the game at twickenham where the all blacks have battled,normal_play,0.0
4242.0,4246.0,battled against the springlocks in the front row,normal_play,0.0
4245.5,4249.5,its been vastly improved over the,normal_play,0.0
4249.0,4253.0,over the last few weeks a real,normal_play,0.0
4252.5,4256.5,a real handful a powerful,normal_play,0.0
4256.0,4260.0,handful a powerful ball carrier low centre of gravity getting,normal_play,0.0
4259.5,4263.5,getting ready to make his way on,normal_play,0.0
4266.5,4270.5,its the crowd booing each other,scrum,0.1353
4270.0,4274.0,other the wave stopping somewhere,scrum,0.1353
4273.5,4277.5,now its got some momentum well see if italy can get some,scrum,0.1353
4277.0,4281.0,italy can get some too,scrum,0.1353
4280.5,4284.5,its in paj trelo,penalty,0.3692
4284.0,4288.0,in paj trelo its the scrum penalty new zealand always backpedalling,penalty,0.3692
4287.5,4291.5,backpedalling were the italians,normal_play,0.0
4312.0,4316.0,its the change with paolo odogu coming on,normal_play,0.0
4315.5,4319.5,odogu coming on to replace tomas alani,normal_play,0.0
4319.0,4323.0,its about the same particularly,normal_play,0.0
4322.5,4326.5,particularly from on the field down there the kicking out of hand the kicking for,normal_play,0.0
4326.0,4330.0,the kicking for goal is at 100 but the kicking out of hand and touch at the,normal_play,0.0
4329.5,4333.5,touch at the corners has also been just superb tonight,normal_play,0.0
4333.0,4337.0,andrzej kapuorzow is going to move to full back obviously,normal_play,0.0
4336.5,4340.5,back obviously odogu on the wing tomas,try,1.0
4340.0,4344.0,tomas alanis record stays perfect hes become italys,lineout,0.1678
4343.5,4347.5,italys second all time leading points scorer and become their highest,lineout,0.1678
4347.0,4351.0,their highest points scorer in rugby,try,1.0
4350.5,4354.5,in rugby world cups as new zealand peel away again kane for coles,try,1.0
4354.0,4358.0,coles in the corner set move perfection once more,try,1.0
4357.5,4361.5,more they bamboozled the italian defence and the old stage,try,1.0
4361.0,4365.0,old stage a day coles gets a try,try,1.0
4368.0,4372.0,i think theyre laughing because its his first touch,normal_play,0.0
4371.5,4375.5,touch tade coles the wars the old veteran,normal_play,0.0
4375.0,4379.0,the old veteran 89th cap tonight keep talking about the,normal_play,0.0
4378.5,4382.5,talking about the caps this is a highly experienced all black side experience,normal_play,0.0
4382.0,4386.0,experience coming to the fore the execution just perfect,normal_play,0.0
4385.5,4389.5,you knew where the space was taking the line out good,normal_play,0.0
4389.0,4393.0,line out good round the corner they came kane to coles,normal_play,0.0
4392.5,4396.5,to coles the combination perfect,normal_play,0.0
4396.0,4400.0,perfect theyre all smiling,normal_play,0.0
4399.5,4403.5,10th try tonight good reason to smile,normal_play,0.0
4403.0,4407.0,the only man not smiling is richie ngwange,normal_play,0.0
4406.5,4410.5,richie ngwange hes going to put it in the corner again ive got another tough kick,normal_play,0.0
4410.0,4414.0,another tough kick were not worried about his kicking out tonight look,normal_play,0.0
4413.5,4417.5,tonight look at that 9 from 9 100 mr,normal_play,0.0
4417.0,4421.0,100 mr 100,goal_kick,0.8688
4420.5,4424.5,i hope we havent done him yet,goal_kick,0.8688
4424.0,4428.0,done him yet,goal_kick,0.7663
4438.0,4442.0,richie ngwange this one does stay,goal_kick,0.6373
4441.5,4445.5,does stay very left this time so his first miss coles try goes,goal_kick,0.8688
4445.0,4449.0,coles try goes unconverted but its new zealand 68th italy 10th,goal_kick,0.8688
4448.5,4452.5,10th just look at that kane straightens up goes in,normal_play,0.0
4452.0,4456.0,in odogwu gets sucked in a little bit even though there was,normal_play,0.0
4455.5,4459.5,though there was another defender there but of course theres the man the veteran dane,normal_play,0.0
4459.0,4463.0,veteran dane coles just taking the pass and smiling as he cruises,kick_off,0.5159
4462.5,4466.5,as he cruises over the line,kick_off,0.5159
4466.0,4470.0,rico yulani will bring this,kick_off,0.5159
4469.5,4473.5,will bring this back for new zealand and,normal_play,0.3565
4473.0,4477.0,and richies done the 10th try,normal_play,0.3565
4476.5,4480.5,roy gart sends it up with his good,normal_play,0.4032
4480.0,4484.0,his good left boot that he has a couple of wats underneath this hes,normal_play,0.4032
4483.5,4487.5,this hes got yulani with him gabbisi back there as well but yulanis been dangerous,normal_play,0.4032
4487.0,4491.0,yulanis been dangerous with ball in hand no way through this time,normal_play,0.4032
4490.5,4494.5,time nicola kinnoni ducks under,normal_play,0.4032
4494.0,4498.0,ducks under one and thats the get stuck in attitude italy have,normal_play,0.4032
4497.5,4501.5,have got from their replacement has bricks hes been,normal_play,0.4032
4501.0,4505.0,bricks hes been good straightening up peeling off some good meters,normal_play,0.3899
4504.5,4508.5,some good meters in this passage of play its italy fiverr in close for kinnoni again,normal_play,0.3899
4508.0,4512.0,for kinnoni again tashrello under pressure,normal_play,0.4032
4511.5,4515.5,under pressure as well to clear away no way through though delia,normal_play,0.4032
4515.0,4519.0,though delia who has just held him up with brute,normal_play,0.0
4518.5,4522.5,with brute strength and new zealand going to win this ball back,normal_play,0.0
4522.0,4526.0,and well have a couple of changes for new zealand now,normal_play,0.0
4525.5,4529.5,zealand now with damian mckenzie coming on hes going to replace,normal_play,0.0
4529.0,4533.0,to replace richie,normal_play,0.0
4532.5,4536.5,and weve also got anton lina brown,normal_play,0.0
4536.0,4540.0,lina brown whos going to come on and it looks like,normal_play,0.0
4539.5,4543.5,and it looks like hes coming on to replace jordi barrett,normal_play,0.0
4543.0,4547.0,jordi barrett has been out of the tournament with a knee problem and theyll be,normal_play,0.0
4546.5,4550.5,problem and theyll be pleased to see that because i think its one that has caused them concern,normal_play,0.0
4550.0,4554.0,concern and that man had a little bump in the,normal_play,0.0
4553.5,4557.5,little bump in the week so maybe a little precaution there taking him off because else,normal_play,0.0
4557.0,4561.0,because else if you miss one kick and you get pulled its up old school that,normal_play,0.0
4560.5,4564.5,old school that one damian mckenzie was brilliant last,normal_play,0.0
4564.0,4568.0,brilliant last week in their,normal_play,0.0
4567.5,4571.5,in their big win against namibia,normal_play,0.0
4571.0,4575.0,real fleet of foot brings,normal_play,0.0
4574.5,4578.5,foot brings another attacking dimension to this all black team,scrum,0.1431
4578.0,4582.0,crouch,scrum,0.1431
4581.5,4585.5,the roygaard mckenzie combination was excellent,scrum,0.1431
4585.0,4589.0,was excellent against namibia a couple of try apiece a few,scrum,0.1431
4588.5,4592.5,apiece a few assists each as well new zealand scrum again is,scrum,0.1431
4592.0,4596.0,scrum again is dominating its controlled beautifully in the back by savia,normal_play,0.4032
4595.5,4599.5,by savia here is roygaard poteliap roygaard,normal_play,0.4032
4599.0,4603.0,roygaard scoops it up lina brown his first touch,normal_play,0.0
4602.5,4606.5,touch offload there for kane shuffles it along overhead,normal_play,0.4032
4606.0,4610.0,along overhead pass mckenzie spins a beautiful full wide,normal_play,0.4032
4609.5,4613.5,full wide for will jordan with his pace back and field for mckenzie,normal_play,0.4032
4613.0,4617.0,mckenzie slips out a one still alive for bowden barrett new,normal_play,0.4032
4616.5,4620.5,barrett new zealand leaving italian defenders in their wake roygaard,normal_play,0.4032
4620.0,4624.0,lennart brown for scott barrett up over,normal_play,0.4032
4623.5,4627.5,up over the 22,normal_play,0.4032
4627.0,4631.0,new zealand soaring through the line and then it comes,normal_play,0.4032
4630.5,4634.5,and then it comes undone with a clean drop from sam kane,normal_play,0.4032
4634.0,4638.0,kane,normal_play,0.4032
4637.5,4641.5,theres just so much desire to run that ball forward to run into,normal_play,0.4032
4641.0,4645.0,forward to run into space to pick good lines to offload,normal_play,0.4032
4644.5,4648.5,mckenzie look at this for a pinpoint pass out on the outside,normal_play,0.4032
4648.0,4652.0,on the outside jordan with a little inside ball mckenzie almost,normal_play,0.4032
4651.5,4655.5,mckenzie almost away just a shame about,normal_play,0.4032
4655.0,4659.0,a shame about the little error eyes up,normal_play,0.0
4669.0,4673.0,more changes,normal_play,0.0
4672.5,4676.5,more changes for italy weve got simone ferrari whos going to come,normal_play,0.0
4676.0,4680.0,whos going to come back on to replace marco riccioni and,normal_play,0.0
4679.5,4683.5,and also weve got toa halafihi,normal_play,0.0
4683.0,4687.0,halafihi former hurricanes player on to replace michele,normal_play,0.0
4686.5,4690.5,replace michele lamaro captain now,normal_play,0.0
4690.0,4694.0,now looked a bit dejected in there michele lamaro hes a good captain of this,normal_play,0.0
4693.5,4697.5,captain of this italian team well out high hopes didnt they before,normal_play,0.1384
4697.0,4701.0,didnt they before the game just got smoked in there,normal_play,0.1384
4700.5,4704.5,in there first half,normal_play,0.0
4704.0,4708.0,defensive,normal_play,0.0
4707.5,4711.5,defensive ways the line out was a problem,normal_play,0.0
4711.0,4715.0,from the 17th minute onward they just conceded every,scrum,0.3193
4714.5,4718.5,conceded every few minutes just impossible to come back from that sort of defensive,scrum,0.3193
4718.0,4722.0,of defensive error,scrum,0.3193
4721.5,4725.5,savio at the back again,scrum,0.3193
4725.0,4729.0,again they shove on once more new zealand is rolling forward,scrum,0.3193
4728.5,4732.5,rolling forward and there goes savio once more,normal_play,0.0
4732.0,4736.0,kane in support two of the leaders theres,normal_play,0.4032
4735.5,4739.5,theres the veteran white lock new zealand penalty,normal_play,0.4032
4739.0,4743.0,its another storming run from the captain adi savo,penalty,0.6128
4742.5,4746.5,hes had a huge ban tonight hes got two,normal_play,0.0
4746.0,4750.0,got two try but hes run good lines,normal_play,0.0
4749.5,4753.5,hes made good decisions hes gone around from the back of the mall when,normal_play,0.0
4753.0,4757.0,back of the mall when its counted hes come at pace,normal_play,0.0
4756.5,4760.5,hes deciding on the scrub now this is a team that just want more,normal_play,0.1869
4760.0,4764.0,just want more and more and more,normal_play,0.1869
4767.0,4771.0,big crowd here we talked about this lyon stadium being packed,normal_play,0.2144
4770.5,4774.5,being packed to the rafters 57 083,normal_play,0.2144
4774.0,4778.0,083 number of fans in here tonight we can hear every single,normal_play,0.2144
4777.5,4781.5,hear every single one of them theyre having a blast that,normal_play,0.0
4781.0,4785.0,that lock particularly a lot of new zealand fans have travelled,normal_play,0.0
4784.5,4788.5,fans have travelled here in flux in lyon,try,1.0
4788.0,4792.0,flux in lyon,try,1.0
4791.5,4795.5,lyon,scrum,0.4877
4795.0,4799.0,lyon,scrum,0.4877
4798.5,4802.5,lyon,scrum,0.4877
4802.0,4806.0,lyon away come,scrum,0.4877
4805.5,4809.5,come new zealand once more play the little flick,scrum,0.4877
4809.0,4813.0,play the little flick ball from leonard brown to mckenzie looking to accelerate spin and,try,1.0
4812.5,4816.5,spin and falling over the line,try,1.0
4816.0,4820.0,the connections in communication are superb,normal_play,0.0
4819.5,4823.5,an italian scatter once more,normal_play,0.0
4823.0,4827.0,more,normal_play,0.0
4830.0,4834.0,a little bit easy,normal_play,0.0
4833.5,4837.5,easy,normal_play,0.0
4837.0,4841.0,theres a handful hes got great pace great,normal_play,0.0
4840.5,4844.5,great strength but not even he himself would expect,normal_play,0.0
4844.0,4848.0,would expect to get through this easy there goes another international team a missed tackle slides,normal_play,0.0
4847.5,4851.5,tackle slides his way over hes got loads of pace,normal_play,0.0
4851.0,4855.0,pace mckenzie look at this into the gap he goes,normal_play,0.0
4858.0,4862.0,gobbisi with a missed tackle its not one the italian defence,normal_play,0.0
4861.5,4865.5,the italian defence will want to look at on monday again,normal_play,0.0
4889.5,4893.5,mckenzie its,goal_kick,0.8688
4893.0,4897.0,mckenzie its perfect converts his own try from wide to,goal_kick,0.8688
4896.5,4900.5,to extend new zealands advantage now 75,normal_play,0.0
4900.0,4904.0,75 points to 10,normal_play,0.0
4903.5,4907.5,well a man who lit the,normal_play,0.0
4907.0,4911.0,who lit the place up in 1987 in that rugby world cup win,normal_play,0.0
4910.5,4914.5,cup win give us a wave jk no,normal_play,0.0
4914.0,4918.0,hes aging,normal_play,0.0
4917.5,4921.5,hes a grumpy man at times isnt he youd,normal_play,0.4032
4921.0,4925.0,youd think hed be smiling now at 73 points to 10 well he does have such,normal_play,0.4032
4924.5,4928.5,does have such close ties to italy as well family there and was,normal_play,0.4032
4928.0,4932.0,and was coached italy i think jeff wilson had a bigger smile on his face didnt,normal_play,0.2607
4931.5,4935.5,his face didnt he what have,normal_play,0.2607
4935.0,4939.0,what have italy got in these all final they head towards the final,normal_play,0.4032
4938.5,4942.5,the final throws theyve lost the ball and will jordan is streaking away again,normal_play,0.4032
4942.0,4946.0,again sendrin kicked back and failed the bounce for adi savia the,normal_play,0.4032
4945.5,4949.5,savia the offload for jordan theyve got it on a string,try,1.0
4949.0,4953.0,string,try,1.0
4959.5,4963.5,well when its not going your way the bounce of the ball,normal_play,0.0
4963.0,4967.0,bounce of the ball will defy you as well and its exactly whats happened,normal_play,0.0
4966.5,4970.5,happened error from italy a little chip over the top,normal_play,0.0
4970.0,4974.0,the top the bounce horrendous for the defensive team just,normal_play,0.0
4973.5,4977.5,just trying so hard to make it happen the italians and the error coming,normal_play,0.0
4977.0,4981.0,and the error coming will jordan with a little kick over the top the,normal_play,0.0
4980.5,4984.5,top the ever present adi savia jumps,normal_play,0.0
4984.0,4988.0,jumps up into gather and look at this for a little offload,normal_play,0.0
4987.5,4991.5,boy,normal_play,0.0
4991.0,4995.0,boy hes been everywhere tonight savia will jordan for all,normal_play,0.0
4994.5,4998.5,jordan for all his work finally gets a reward,normal_play,0.0
5001.5,5005.5,for the second time i should say,normal_play,0.0
5005.0,5009.0,he has started it off in the opening five minutes,normal_play,0.0
5008.5,5012.5,five minutes will jordan and now gee with still 10 minutes to play here and,goal_kick,0.8552
5012.0,5016.0,play here and the score hitting 80 italy,goal_kick,0.8552
5015.5,5019.5,italy need to find some reserves in the final 10 minutes,goal_kick,0.8552
5019.0,5023.0,minutes,goal_kick,0.8552
5026.0,5030.0,mckenzie picks up where richie,goal_kick,0.8688
5029.5,5033.5,where richie moonga left off and new zealand go out to,goal_kick,0.8688
5033.0,5037.0,go out to 82 points to 10,goal_kick,0.8688
5040.0,5044.0,lovely little kick over the top wasnt it and just look at the big man hes playing an,normal_play,0.0
5043.5,5047.5,hes playing an integral role in pretty much every play of this encounter,kick_off,0.5159
5047.0,5051.0,encounter adi savia has just been outstanding final pass,kick_off,0.5159
5050.5,5054.5,final pass jordan goes over and,normal_play,0.0
5054.0,5058.0,and theyre up to 82 points mckenzie,normal_play,0.0
5057.5,5061.5,mckenzie sends it down to kopowotso sends,normal_play,0.3371
5061.0,5065.0,sends the kick up high again mckenzie will come forward to kopowotso to,normal_play,0.3371
5064.5,5068.5,kopowotso to chase its a good chase too from kopowotso but mckenzie got there,normal_play,0.4032
5068.0,5072.0,mckenzie got there first,normal_play,0.4032
5071.5,5075.5,tackle bent back in this tackle,normal_play,0.4032
5075.0,5079.0,same calls,normal_play,0.4032
5078.5,5082.5,same calls bowden barrett kick,normal_play,0.4032
5082.0,5086.0,kick over the top playing in it first receiver kopowotso rather its,normal_play,0.4032
5085.5,5089.5,rather its ioanni who comes forward and hes got great feet in the acceleration,normal_play,0.4032
5089.0,5093.0,the acceleration chopped down by kane,normal_play,0.4032
5092.5,5096.5,out the back for breck a little bit of space,normal_play,0.0
5096.0,5100.0,little bit of space here for italy found the hole but maurizios centre partner eventually,normal_play,0.3881
5099.5,5103.5,centre partner eventually scooped it up did well in the end ball goes to ground,normal_play,0.3881
5103.0,5107.0,to ground and its just unrelenting a bit of a travelling for italy and new zealand,normal_play,0.4032
5106.5,5110.5,and new zealand look to absolutely punish again here up the middle barrett for ioanni,normal_play,0.4032
5110.0,5114.0,barrett for ioanni bounced on for mckenzie mckenzie weaving and jinking,normal_play,0.4032
5113.5,5117.5,weaving and jinking his way to the line just stopped in his tracks roy,normal_play,0.4032
5117.0,5121.0,roy gabbottilea for barrett big wide ball over the,normal_play,0.3548
5120.5,5124.5,over the top of sam whitelock but a penalty for new,normal_play,0.3548
5124.0,5128.0,penalty for new zealand still theyve got a,try,1.0
5127.5,5131.5,theyve got a harlem globetrotters feel now yeah exactly its all,normal_play,0.4032
5131.0,5135.0,its all rasmutas its all shown now tap and go tap and go,normal_play,0.4032
5134.5,5138.5,tap and go for will jordan just short,normal_play,0.4008
5138.0,5142.0,just short bowden barrett will get him,normal_play,0.4008
5141.5,5145.5,barrett will get him and clear away ioanni for coles in the,normal_play,0.4008
5145.0,5149.0,for coles in the opposite corner dane coles on the left and dane,try,1.0
5148.5,5152.5,left and dane coles on the right and new zealand score their,try,1.0
5152.0,5156.0,score their 13th try,normal_play,0.0
5159.0,5163.0,well its all too easy now its capitulation,normal_play,0.0
5162.5,5166.5,capitulation the italians holding their,normal_play,0.0
5166.0,5170.0,holding their heads down i guess in a little bit of embarrassment now the,normal_play,0.0
5169.5,5173.5,now the scoreboard ticking away its not something they envisaged certainly not something,normal_play,0.0
5173.0,5177.0,certainly not something they planned on or wanted it has gone a little,normal_play,0.0
5176.5,5180.5,gone a little awry its gone a little passionate and the scoreboard is just telling an,normal_play,0.0
5180.0,5184.0,just telling an awful story for them dane coles,normal_play,0.0
5183.5,5187.5,dane coles second little march in untouched,normal_play,0.0
5187.0,5191.0,untouched,normal_play,0.0
5190.5,5194.5,so much talk that italy had closed,normal_play,0.0
5194.0,5198.0,italy had closed the gap they thought theyd made those big strides they hadnt played new zealand,normal_play,0.0
5197.5,5201.5,new zealand for a couple of years but as the greats watch,normal_play,0.0
5201.0,5205.0,the greats watch on its that true marker,normal_play,0.0
5204.5,5208.5,true marker of where they are at and where they need to be,normal_play,0.0
5208.0,5212.0,yeah before the game you said they,normal_play,0.0
5211.5,5215.5,you said they needed to put down the marker i said they needed to bounce back theyve done both havent they,normal_play,0.0
5215.0,5219.0,both havent they the old wicks do consider themselves as one of the,goal_kick,0.8688
5218.5,5222.5,themselves as one of the favourites for rugby world cup 23 and this certainly is,goal_kick,0.8688
5222.0,5226.0,certainly is a little warning sign shot across the bar to,goal_kick,0.8688
5225.5,5229.5,across the bar to all the other teams,goal_kick,0.8148
5236.0,5240.0,taking all his time damian mckenzie making the,goal_kick,0.8148
5239.5,5243.5,making the most of it as well,goal_kick,0.8688
5243.0,5247.0,for kieran crowley who won a world cup with new zealand,goal_kick,0.8688
5246.5,5250.5,cup with new zealand in 1987 its a difficult day,normal_play,0.0
5250.0,5254.0,a difficult day for him as the coach of italy,normal_play,0.0
5260.5,5264.5,89,normal_play,0.0
5264.0,5268.0,89 points to 10 now,normal_play,0.0
5267.5,5271.5,10 now and another,penalty,0.4709
5271.0,5275.0,and another penalty its been a clinic its been a real clinic,penalty,0.4709
5274.5,5278.5,been a real clinic its been a polished performance from the whole of this all black squad of,normal_play,0.0
5278.0,5282.0,black squad of 23 started off with the jordan try it was,normal_play,0.0
5281.5,5285.5,jordan try it was then aaron smiths show for a little while how good was he,normal_play,0.0
5285.0,5289.0,just controlled things dived in the mall scored a try mark talaise,normal_play,0.0
5288.5,5292.5,mark talaise has been outstanding on the wing hes counted hes taken every opportunity but,normal_play,0.0
5292.0,5296.0,opportunity but that man there audie severe has led from the front,normal_play,0.0
5295.5,5299.5,from the front hes made a couple of try loads of carries couple of assists hes made,try,1.0
5299.0,5303.0,assists hes made the right decisions hes run good lines all night he is our,try,1.0
5302.5,5306.5,is our mastercard player of the match,lineout,0.4726
5309.5,5313.5,brought down by sam whitelock the all blacks,lineout,0.4726
5313.0,5317.0,the all blacks all time appearance leader now as roy gutt cuts a path,try,1.0
5316.5,5320.5,cuts a path straight up the middle accelerating the half back ball back,try,1.0
5320.0,5324.0,ball back in field leonard brown anton leonard brown in support,try,1.0
5323.5,5327.5,brown in support another one for the blacks,try,1.0
5327.0,5331.0,for the blacks,normal_play,0.0
5341.0,5345.0,well you said it its a clinic,normal_play,0.0
5344.5,5348.5,it its a clinic around the corner the inside ball,normal_play,0.0
5348.0,5352.0,ball my god hes got some pace doesnt he off he goes realizes hes not going,normal_play,0.0
5351.5,5355.5,realizes hes not going to get there times the inside pass brilliantly anton leonard,normal_play,0.0
5355.0,5359.0,anton leonard brown runs a good line try number,normal_play,0.0
5358.5,5362.5,try number 14 its a rout,goal_kick,0.8688
5362.0,5366.0,its a rout,goal_kick,0.8688
5369.0,5373.0,anton leonard brown adds his name to the list,normal_play,0.0
5372.5,5376.5,list watch new zealand make it 96,normal_play,0.0
5376.0,5380.0,96,normal_play,0.0
5379.5,5383.5,while it was 101,normal_play,0.0
5383.0,5387.0,while it was 101 one year wasnt it 19 i think it was,normal_play,0.0
5386.5,5390.5,was we looked it up a little earlier could well get there again,normal_play,0.0
5390.0,5394.0,there again sam kane in the air comes off the head so its going to be,normal_play,0.0
5393.5,5397.5,be balls for italy,normal_play,0.0
5397.0,5401.0,still having,normal_play,0.4032
5400.5,5404.5,still having a crack here no way through monti,normal_play,0.4032
5404.0,5408.0,through monti ioane,normal_play,0.4032
5407.5,5411.5,ioane nicola canones added something off the bench more than coming,normal_play,0.4032
5411.0,5415.0,bench more than coming on at half time brix,normal_play,0.2985
5414.5,5418.5,brix creating space for,normal_play,0.4032
5418.0,5422.0,space for ioane and heres paolo wacoglu real power runner,normal_play,0.4032
5421.5,5425.5,runner dragged down by leonard brown,normal_play,0.4032
5425.0,5429.0,pajrello will dig it out and clear away,normal_play,0.4032
5428.5,5432.5,shoveled along the line and now eventually,normal_play,0.4032
5432.0,5436.0,eventually its brix again,normal_play,0.3336
5435.5,5439.5,still some effort and endeavour,normal_play,0.3336
5439.0,5443.0,some effort and endeavour and italy just finding a struggle to get,normal_play,0.3176
5442.5,5446.5,struggle to get their way through zuliani it was that time,normal_play,0.3176
5446.0,5450.0,time,normal_play,0.3176
5453.0,5457.0,new zealand playing with 14 at the moment brodie ritalik to the side here goes,normal_play,0.4032
5456.5,5460.5,the side here goes capuao so is italy poor forward just dragged,normal_play,0.4032
5460.0,5464.0,just dragged down and a good tackle five metres short of the line pick and go from,normal_play,0.4032
5463.5,5467.5,and go from italy new zealand desperately trying to defend their,normal_play,0.4032
5467.0,5471.0,trying to defend their line late in the match,normal_play,0.4032
5470.5,5474.5,capuao took and theyre going to blow this up you heard the,penalty,0.6128
5474.0,5478.0,you heard the tmo there was a neck roll in there from paolo got busy,penalty,0.6128
5477.5,5481.5,busy the time was on on the outside,penalty,0.6128
5481.0,5485.0,was on on the outside could have been a great,normal_play,0.0
5484.5,5488.5,could have been a great way to finish heres the little neck roll,normal_play,0.0
5488.0,5492.0,realised he was doing it got busy and let go but too late,normal_play,0.4032
5491.5,5495.5,thats another great clearance isnt it,normal_play,0.4032
5495.0,5499.0,it hardy sevier the,normal_play,0.0
5498.5,5502.5,hardy sevier the man over the top contesting,normal_play,0.0
5502.0,5506.0,theres the release but too little too late,normal_play,0.0
5505.5,5509.5,so brodie ritaliks gone to the side and,normal_play,0.0
5509.0,5513.0,to the side and new zealand had cleared the bench hes sitting down,normal_play,0.0
5512.5,5516.5,hes sitting down there pretty cuffed to be honest wouldnt be surprised if its a little bit of cramp or probably,normal_play,0.0
5516.0,5520.0,probably fatigue he hasnt had a full 80 minutes,normal_play,0.0
5519.5,5523.5,80 minutes,normal_play,0.0
5523.0,5527.0,new zealand as we head towards the,normal_play,0.0
5526.5,5530.5,head towards the final minutes 96 on the board,lineout,0.4726
5530.0,5534.0,board,lineout,0.4726
5533.5,5537.5,what down by sam whitelock milestone man,lineout,0.4726
5537.0,5541.0,milestone man anton leonard brown,normal_play,0.0
5540.5,5544.5,scott barrett,normal_play,0.2715
5544.0,5548.0,scott barrett and another big shift from scott barrett,normal_play,0.2715
5547.5,5551.5,scott barrett roy gowdell spread back out to the right for,normal_play,0.0
5551.0,5555.0,for new zealand the hands are quick mackenzie is quick thats crept up,normal_play,0.4032
5554.5,5558.5,thats crept up high play on says the referee,normal_play,0.4032
5558.0,5562.0,the referee nothing is yet heres whitelock up over the 22,normal_play,0.4032
5561.5,5565.5,22,normal_play,0.4032
5565.0,5569.0,kane looked to shift it on held the,normal_play,0.3495
5568.5,5572.5,the ball instead and then they go once more,normal_play,0.3495
5572.0,5576.0,whitelock mackenzie the hands are quick sevier is,normal_play,0.4032
5575.5,5579.5,sevier is good too and then the little step and jing a bit of power the offload but dane,normal_play,0.4032
5579.0,5583.0,offload but dane coles couldnt quite hold on to it,normal_play,0.4032
5582.5,5586.5,just broke down as dane coles and adi savia,normal_play,0.4032
5586.0,5590.0,adi savia combined once more and now italy from behind their own,normal_play,0.4032
5589.5,5593.5,behind their own sticks theyve got some numbers wide brex puts it to the,normal_play,0.4032
5593.0,5597.0,puts it to the toe for odogwu to chase mackenzie sweeping,normal_play,0.4032
5596.5,5600.5,mackenzie sweeping across for new zealand losing control of it,normal_play,0.4032
5600.0,5604.0,it play on here for italy and one ignacio brex,normal_play,0.4032
5603.5,5607.5,and they might get something out of this at the end italy,normal_play,0.4032
5607.0,5611.0,italy as new zealand scramble back,normal_play,0.4032
5614.0,5618.0,gavisci just shoves it on from a standing start faiver,normal_play,0.4032
5617.5,5621.5,faiver hans giuliani always combative the jersey 20,normal_play,0.4032
5621.0,5625.0,jersey 20,normal_play,0.3561
5624.5,5628.5,coles trod to get out,normal_play,0.3561
5628.0,5632.0,to get out of it pasrello sizes up the options,normal_play,0.4032
5631.5,5635.5,battling away italy reloading,normal_play,0.4032
5635.0,5639.0,reloading each time flat across the face the hands are good,normal_play,0.4032
5638.5,5642.5,the hands are good odogwu stepping inside delia cant get past him brilliant,try,1.0
5642.0,5646.0,brilliant from giuliani and monte giuliani for the corner,try,1.0
5645.5,5649.5,corner the little hit and spin after the fabulous handling,try,1.0
5649.0,5653.0,fabulous handling and the try given for monte giuliani,normal_play,0.0
5652.5,5656.5,giuliani well what a way to finish its been a disappointing evening,normal_play,0.0
5656.0,5660.0,evening but the little continuity the build up,normal_play,0.0
5659.5,5663.5,up the patience in attack from this italian side right at the end,normal_play,0.0
5663.0,5667.0,the end excellent and the finish from monte giuliani,normal_play,0.0
5666.5,5670.5,giuliani well under enormous pressure in the tackle he has found a way into that corner,normal_play,0.0
5670.0,5674.0,that corner,normal_play,0.0
5673.5,5677.5,brave as well to play from their own goal line mackenzie couldnt control,normal_play,0.0
5677.0,5681.0,mackenzie couldnt control brex was on hand hes had a good game brex actually donga,normal_play,0.0
5680.5,5684.5,actually donga well tackle by its opposite number,normal_play,0.0
5684.0,5688.0,opposite number,normal_play,0.0
5687.5,5691.5,has he grounded,normal_play,0.0
5691.0,5695.0,has he grounded if thats going to be the big question no the grounding happens,normal_play,0.0
5694.5,5698.5,the grounding happens before his foot goes into touch the foot is in the air,normal_play,0.0
5698.0,5702.0,is in the air initially as the ball is grounded so we can award the try,normal_play,0.0
5701.5,5705.5,the try you can award the try the ball is grounded while his foot is in the,normal_play,0.0
5705.0,5709.0,his foot is in the air then his foot goes down okay,normal_play,0.0
5708.5,5712.5,well the try is given,normal_play,0.0
5712.0,5716.0,given just reward for a courageous final,normal_play,0.0
5715.5,5719.5,a courageous final moment for rettlie,normal_play,0.0
5722.5,5726.5,conrad,normal_play,0.0
5726.0,5730.0,conrad smith knows a good try when he sees one and he knows the spirit,normal_play,0.0
5729.5,5733.5,knows the spirit of the game doesnt he,normal_play,0.0
5733.0,5737.0,monte giulianis,normal_play,0.0
5736.5,5740.5,monte giulianis some really good injections in the second,normal_play,0.0
5740.0,5744.0,in the second half deserves a nice finish as well paolo garbisi,normal_play,0.0
5743.5,5747.5,paolo garbisi will have the final act of the match,goal_kick,0.8688
5747.0,5751.0,match,goal_kick,0.8688
5750.5,5754.5,the conversion is wonderful,goal_kick,0.8688
5754.0,5758.0,conversion is wonderful,goal_kick,0.8688
5757.5,5761.5,but the all blacks have put on a show,normal_play,0.4032
5761.0,5765.0,a show in lyon on a milestone night for sam,normal_play,0.4032
5764.5,5768.5,night for sam whitelock as he becomes the most kept all black of all time,normal_play,0.0
5768.0,5772.0,time,normal_play,0.0
