start_time,end_time,text,event_class,highlight_score
0.0,4.0,samoa in the blue japan in the red,kick_off,0.4047
3.5,7.5,red no margin for error no second chances tonight,kick_off,0.4047
7.0,11.0,tonight on a baking odd evening in toulouse,normal_play,0.0
10.5,14.5,toulouse who can keep their cool its japan and,normal_play,0.0
14.0,18.0,its japan and manu samoa doing battle in the rugby,normal_play,0.0
17.5,21.5,in the rugby world cup once again,normal_play,0.0
21.0,25.0,again naoto saito infamous darts after utaka nageros,normal_play,0.0
24.5,28.5,utaka nageros injury finds the warm embrace of fiel mcfarlane,normal_play,0.4032
28.0,32.0,of fiel mcfarlane,normal_play,0.4032
31.5,35.5,samoa have an early penalty,penalty,0.6128
35.0,39.0,nice first touch for naoto,normal_play,0.0
38.5,42.5,for naoto saito of course a scrum out for japan its 11,normal_play,0.0
42.0,46.0,its 11 days where hes thinking hes not going to start this match and only about an hour ago,normal_play,0.0
45.5,49.5,an hour ago we got confirmation that he was in for the start in the nine jersey,normal_play,0.0
49.0,53.0,the nine jersey and that can be,normal_play,0.2713
52.5,56.5,and that can be really pivoted how you play a game but conversely just to talk about,normal_play,0.2713
56.0,60.0,just to talk about the game theyve given away six penalty,normal_play,0.0
59.5,63.5,six penalty a game that was less than a minute less than 30 seconds,normal_play,0.0
63.0,67.0,30 seconds in the giveaway potentially point scoring but this is a,normal_play,0.0
66.5,70.5,is a behemoth of a kick,normal_play,0.0
70.0,74.0,its going to be allied the angelo lea way up,normal_play,0.0
73.5,77.5,up making his first rugby world cup start born in,normal_play,0.0
77.0,81.0,born in auckland to a proud samoan family as,normal_play,0.0
80.5,84.5,as jamie joseph a dual japanese and new zealand international watches,normal_play,0.0
84.0,88.0,international watches on was he who oversaw that incredible run to the quarters,normal_play,0.0
87.5,91.5,to the quarters in 2019 hes revered in japan but this,normal_play,0.0
91.0,95.0,but this is his last tournament before returning to new zealand with the,normal_play,0.0
94.5,98.5,zealand with the highlanders,goal_kick,0.7177
98.0,102.0,and now the angelo lea wheel up,goal_kick,0.7177
101.5,105.5,up plucks his driver from his bag this is a biggie,goal_kick,0.7177
105.0,109.0,a biggie,goal_kick,0.6492
112.0,116.0,has it got the legs no,goal_kick,0.8688
115.5,119.5,no just dips agonizingly beneath the japanese,goal_kick,0.8688
119.0,123.0,beneath the japanese crossbar but the upshot will nonetheless be a samoan,goal_kick,0.8688
122.5,126.5,nonetheless be a samoan line out 20 meters inside,goal_kick,0.8688
126.0,130.0,inside the japanese half so i like that jamie they wanted to punish them,goal_kick,0.8688
129.5,133.5,wanted to punish them early on the return kick means they have possession where they would have,normal_play,0.0
133.0,137.0,where they would have had it had they just gone down the sideline so still their possession,normal_play,0.0
136.5,140.5,possession of course they were denied a losing bonus point against,normal_play,0.0
140.0,144.0,bonus point against argentina with that last minute kick by sanchez okay somebody clear off back,normal_play,0.0
143.5,147.5,clear off back with possession all important staggeringly they,normal_play,0.0
147.0,151.0,staggeringly they only had 58 carries in their last game samoa so theyll be looking to try,normal_play,0.0
150.5,154.5,theyll be looking to try and get a bit of ball in hand that is an almighty thump not quite,normal_play,0.0
154.0,158.0,not quite with the gareth reece power and finesse on that kick unfortunately,normal_play,0.0
157.5,161.5,that kick unfortunately well actually look how quickly the ball is spinning as it just falls short,normal_play,0.0
161.0,165.0,it just falls short of the bar he just hasnt got all his power through the middle of that,lineout,0.3516
164.5,168.5,of that couple more yards and thats the first three points of course samoan line out is a,lineout,0.3516
168.0,172.0,samoan line out is a good one from lamb to fritzley the captain,maul,0.2369
171.5,175.5,and samoa need to take on this,maul,0.2369
175.0,179.0,to take on this japanese pack up front its the area where they might feel theyve,maul,0.3134
178.5,182.5,might feel theyve got the physical advantage,maul,0.3134
182.0,186.0,and it continues to inch closer,maul,0.3134
185.5,189.5,closer to the 22 jonathan dalmatini,maul,0.331
189.0,193.0,jonathan dalmatini waits patiently still his forwards trundle,maul,0.331
192.5,196.5,forwards trundle still japan suck players,normal_play,0.0
196.0,200.0,japan suck players in now they move it denoa manu cant,normal_play,0.0
199.5,203.5,manu cant quite escape the clutches of jimeno dalmatini,normal_play,0.4032
203.0,207.0,dalmatini lee comes battering round the corner,normal_play,0.4032
206.5,210.5,just front put stuff from samoa lealiti fano went,normal_play,0.4032
210.0,214.0,went for the kick so jordan dalfor couldnt take it and,normal_play,0.4032
213.5,217.5,it and use it and the ball is back for japan and a,normal_play,0.3945
217.0,221.0,and a ripple of japanese approval simmers around the,normal_play,0.3945
220.5,224.5,simmers around the stadium duncan paia awa,normal_play,0.4032
224.0,228.0,paia awa this yellow carded a minute into the lost to argentina a fortnight,normal_play,0.3859
227.5,231.5,a fortnight ago dalmatini boa alomile,normal_play,0.3859
231.0,235.0,boa alomile stadfonse joggenholt his captain the,normal_play,0.4032
234.5,238.5,his captain the parisian club paia awa what a pass that is to dalfor,normal_play,0.3565
238.0,242.0,to dalfor silky hands serala,normal_play,0.3565
241.5,245.5,serala lamb,normal_play,0.3565
245.0,249.0,this,normal_play,0.4032
248.5,252.5,this is that pass across forwards huck farland who,normal_play,0.4032
252.0,256.0,huck farland who did very well to grapple it under control it was manu,normal_play,0.4032
255.5,259.5,it was manu stepping stuttering and then a bit of obstruction,penalty,0.6128
259.0,263.0,of obstruction being run in front of him in front of the walkout of,penalty,0.6128
262.5,266.5,the walkout of suction,normal_play,0.0
266.0,270.0,a little bit of miscommunication from samoa as they went wide there,normal_play,0.0
269.5,273.5,there they came out the back the outside man had come forward a little bit of frustration there,normal_play,0.0
273.0,277.0,frustration there from mapusua,normal_play,0.0
276.5,280.5,coach bawassa manaya silala mapusua a legend,normal_play,0.0
280.0,284.0,a legend of samoa and rugby actually spent five years of a stellar,normal_play,0.4032
283.5,287.5,of a stellar playing career in japan a couple of league one clubs,normal_play,0.4032
287.0,291.0,league one clubs theyre all in charge of the pacific islanders,normal_play,0.0
290.5,294.5,of the pacific islanders yeah they have a good image of what the japanese side,normal_play,0.0
294.0,298.0,japanese side want to do and this is as the ball goes wide theres no one to pass to,normal_play,0.0
297.5,301.5,one to pass to theyve all come forward too far and its an obstruction call,normal_play,0.0
301.0,305.0,obstruction call to the player in front invented the japanese player for making a tackle,normal_play,0.0
304.5,308.5,making a tackle samoa being forced into an early change as well,normal_play,0.0
308.0,312.0,as well and then hes seoh limping gingerly to the touchline,normal_play,0.0
311.5,315.5,touchline the basketball international with john and,normal_play,0.0
315.0,319.0,john and the hulking figure brian alaiwese who,normal_play,0.0
318.5,322.5,who plays as kozunori in the south of france with tilo,lineout,0.2119
322.0,326.0,tilo hes on wearing jersey 19,lineout,0.2119
325.5,329.5,its a lost player in the warm up,lineout,0.2119
329.0,333.0,the warm up chris rui theyre now down to their third and fourth choice locks,normal_play,0.0
332.5,336.5,choice locks they do win the line up back to manu,normal_play,0.4032
336.0,340.0,back to manu samoa samoa,normal_play,0.4032
339.5,343.5,samoa torpedoes samoa clear japan,normal_play,0.0
343.0,347.0,japan typically of japan want the tempo high they want to play,normal_play,0.0
346.5,350.5,play manu lemeke hoofs it skywards,normal_play,0.4032
350.0,354.0,skywards its awkward for tau foa he cant take it ben,normal_play,0.4032
353.5,357.5,ben lambs got his big mitts on it but michael luchs mitts are a bit bigger,normal_play,0.4032
357.0,361.0,bigger salto stabs the kick in behind duncan,normal_play,0.0
360.5,364.5,behind duncan paia awu and japan through nakamura and,normal_play,0.4032
364.0,368.0,nakamura and lemeke chasing quickly it,normal_play,0.4032
367.5,371.5,it will be their line outs the shot of halfway,normal_play,0.4032
371.0,375.0,shot of halfway good clearance kick from duncan paia awu just,normal_play,0.4032
374.5,378.5,awu just showing his complete range of skills there put the smile on the coachs face,normal_play,0.0
378.0,382.0,coachs face a beautiful 50 meter kick back to his own line but,normal_play,0.0
381.5,385.5,line but that will be a second shift in the second row that affects the,normal_play,0.0
385.0,389.0,that affects the line out here because theyve been spent all week working with the second,normal_play,0.0
388.5,392.5,with the second rows japan lost their last line out lets keep an eye on this one,lineout,0.4726
392.0,396.0,one pressure on the throw from,lineout,0.4726
395.5,399.5,on the throw from shota horie its a slick one,normal_play,0.0
399.0,403.0,making it first receiver,normal_play,0.0
402.5,406.5,salto nakamura,normal_play,0.2927
406.0,410.0,salto nakamura moves it on to kozuki himeno the captain,normal_play,0.2927
409.5,413.5,for japan jiwon gu the,normal_play,0.2927
413.0,417.0,gu the korean born tight head prop part of a very,normal_play,0.4032
416.5,420.5,of a very experienced front row with horie and keita inagaki,normal_play,0.4032
420.0,424.0,this is kiga labuskakne,normal_play,0.4032
423.5,427.5,16 tackle he made against him once matsuda,normal_play,0.0
427.0,431.0,once matsuda sends it high waiting under his lamp and,normal_play,0.4032
430.5,434.5,lamp and he has time to call the mark well just a meter too far,normal_play,0.4032
434.0,438.0,too far obviously inside his own 22 he has the right to call a free catch,normal_play,0.4032
437.5,441.5,call a free catch or a mark and he can clear the lines as he wants,normal_play,0.0
441.0,445.0,wants japan,normal_play,0.4032
444.5,448.5,japan looking to use the boot a lot a slight disruption,normal_play,0.4032
448.0,452.0,a slight disruption a good place hes happy to make his calf,normal_play,0.0
451.5,455.5,his calf didnt look strong before the game certainly not quite held it from it,normal_play,0.0
455.0,459.0,it line out is all important but the kicking game for japan theyre actually coming at the second,normal_play,0.0
458.5,462.5,coming at the second lowest kick to pass so round about four passes they look to kick it,normal_play,0.0
462.0,466.0,to kick it blood different tactic blood and it will challenge the samoans in a different,normal_play,0.0
465.5,469.5,samoans in a different way yeah and yet another disruption here is theres a slight,normal_play,0.0
469.0,473.0,is theres a slight movement on the japanese props theyll get cleaned up before they,normal_play,0.0
472.5,476.5,up before they continue its interesting talking about the,normal_play,0.0
476.0,480.0,talking about the kicking rob that scenario jamie joseph was pleased with in,normal_play,0.0
479.5,483.5,in the england match a couple of weeks ago he said his kicking strategy surprised england,normal_play,0.0
483.0,487.0,surprised england is it surprising you as well i think it is because you think about how,normal_play,0.0
486.5,490.5,you think about how japan play typically its ball in hand its very high number of,normal_play,0.0
490.0,494.0,number of passes its moving the ball laterally it was part of their success in 2019,normal_play,0.0
493.5,497.5,in 2019 they actually phrased it about playing low under eddie joness,normal_play,0.0
497.0,501.0,under eddie joness eyes i think when they look at how to develop their game and style,normal_play,0.0
500.5,504.5,their game and style yes they like to move the ball their tempo is very high conversely its,normal_play,0.0
504.0,508.0,conversely its the second oldest squad in the world cup with samoa they look to try and tie,normal_play,0.0
507.5,511.5,to try and tie them out the size difference is quite substantial just,normal_play,0.0
511.0,515.0,substantial just pitch side here you can really see how mounted as these samoan forwards are,normal_play,0.0
514.5,518.5,forwards are the moonlight,normal_play,0.0
518.0,522.0,moonlight clear gap,normal_play,0.0
525.0,529.0,g1 goo is patched up the japanese tight knit,lineout,0.4726
528.5,532.5,japanese tight knit prop and shweta horiya,lineout,0.4726
532.0,536.0,horiya finds michael wich a 35 year old veteran in the league and hes got,normal_play,0.0
535.5,539.5,league and hes got him to himeno himeno hit hard but right for tackle,normal_play,0.0
539.0,543.0,but right for tackle of silala lam taken back and again aoto,normal_play,0.0
542.5,546.5,again aoto saito goes to the skies and this one drops outside,normal_play,0.4032
546.0,550.0,drops outside the 22 lam rides it well look at the power of ben lam,normal_play,0.4032
549.5,553.5,of ben lam thats a hookery splattered out of the way,normal_play,0.4032
553.0,557.0,fritz lee borrowing fourth,normal_play,0.4032
556.5,560.5,fourth some seriously dynamic specimens,normal_play,0.4032
560.0,564.0,dynamic specimens in this samoan pack the leiras,normal_play,0.4032
563.5,567.5,the leiras left foot drops one on lomano limeke first test,normal_play,0.4032
567.0,571.0,first test start for nearly two years for the 34 year old fullback,normal_play,0.4032
570.5,574.5,fullback he returns the fame backwards but farland tips it awkwardly limeke,normal_play,0.4032
574.0,578.0,awkwardly limeke pounces on it and,normal_play,0.4032
577.5,581.5,and japan have got plenty of patches of red and white off to,normal_play,0.3173
581.0,585.0,white off to the left and tomoa manu up like a,normal_play,0.3173
584.5,588.5,up like a shot almost made them pay for that risky pass,normal_play,0.0
588.0,592.0,pass clear with him to catch wow end to end stuff limeke got,normal_play,0.0
591.5,595.5,limeke got the bounce we know hes a great seventh player as a nose for the line,normal_play,0.0
595.0,599.0,line this kick wasnt gathered hes on it immediately,normal_play,0.0
598.5,602.5,it immediately he does well to roll a couple times just to let his support,normal_play,0.0
602.0,606.0,just to let his support get there but then they go and i like the decision to go wide rob it,normal_play,0.0
605.5,609.5,rob it just doesnt go to hand good gamble midfield it almost paid off and,normal_play,0.0
609.0,613.0,off and it goes against exactly what we saw in the success of japan,normal_play,0.0
612.5,616.5,japan huge accuracy usually in their passing and skill set and theyre the moments,normal_play,0.0
616.0,620.0,and theyre the moments that really matter that was the three players overlap on that far side,normal_play,0.0
619.5,623.5,on that far side and it was speculative from samoa looking to try and close down the space,normal_play,0.0
623.0,627.0,down the space well well you saw the grimace from tuomano he knew that was a 14,normal_play,0.0
626.5,630.5,that was a 14 pointer had he not got it japan were going to score and he held that,normal_play,0.0
630.0,634.0,he held that pass it would have been first try to samoa,normal_play,0.0
633.5,637.5,first scrim,scrum,0.1923
637.0,641.0,first scrim of the evening samoa with a significant lead advantage,scrum,0.1923
640.5,644.5,lead advantage as you would expect up front its,scrum,0.1923
644.0,648.0,its an area of japan technically very proficient in,scrum,0.1675
647.5,651.5,proficient in well its a stable platform,scrum,0.1675
651.0,655.0,its a stable platform for an alto cycle to dart away dylan reilly the,normal_play,0.0
654.5,658.5,dylan reilly the centre drops it onto the toe knuckle kick by,normal_play,0.0
658.0,662.0,kick by awa scoops it up looking with a touch line didnt feel,normal_play,0.0
661.5,665.5,didnt feel well to fritz lee who sets the platform,normal_play,0.0
665.0,669.0,australias,normal_play,0.4032
668.5,672.5,australias top point scorer at the world cup 2019 returning,normal_play,0.4032
672.0,676.0,returning to samoa roots and japan again with the quick line out wanting,normal_play,0.4032
675.5,679.5,line out wanting to play wanting to get gotaro matsushima in possession,normal_play,0.4032
679.0,683.0,in possession saito for getting inside but fell,normal_play,0.4032
682.5,686.5,inside but fell by lam matsuda,normal_play,0.4032
686.0,690.0,matsuda rameki in the line michael leach of all people,normal_play,0.4032
689.5,693.5,all people lurking in the wide expanses and leach takes some stopping,normal_play,0.4032
693.0,697.0,some stopping japan into the samoan 22 for,normal_play,0.4032
696.5,700.5,22 for the first time with ball in hands fakatawas carry,normal_play,0.3413
700.0,704.0,carry saito using their,normal_play,0.3413
703.5,707.5,using their bulk samoa using theirs to greater effect,penalty,0.6128
707.0,711.0,to greater effect and its their penalty thanks to sila,penalty,0.6128
710.5,714.5,thanks to sila la lam yeah japan just got off script there for,normal_play,0.0
714.0,718.0,script there for one phase and then the ball carrier,normal_play,0.0
717.5,721.5,carrier was exposed not enough support there,normal_play,0.0
721.0,725.0,there but looked really clinical,normal_play,0.0
724.5,728.5,leach has had enough of,normal_play,0.0
728.0,732.0,had enough of the scrum gear the head gears off and hes back playing,normal_play,0.0
731.5,735.5,playing,normal_play,0.0
738.5,742.5,okay here it was,normal_play,0.0
742.0,746.0,it was they go wide not afraid and theres the big man leach hes a big ball,normal_play,0.0
745.5,749.5,hes a big ball carrier for them such a veteran but this one just not enough support,normal_play,0.0
749.0,753.0,just not enough support there he cant scramble in time credit,normal_play,0.0
752.5,756.5,credit to samoans right over the ball and strong,normal_play,0.0
756.0,760.0,hes a nephew of his coach,normal_play,0.0
759.5,763.5,his coach sila la lam rameki saito,lineout,0.3031
763.0,767.0,a former manu samoa player and bristol bears coach pat,lineout,0.3031
766.5,770.5,coach pat and cousin of winger ben as well its a fair old rugby,maul,0.4084
770.0,774.0,its a fair old rugby clan the lams of manu samoa,maul,0.4084
773.5,777.5,the lam is in the thick,maul,0.4084
777.0,781.0,lam is in the thick of things again as samoa all over halfway,normal_play,0.0
780.5,784.5,halfway,normal_play,0.0
784.0,788.0,its ed fido in fact hes,normal_play,0.3254
787.5,791.5,hes just bumping and bulldozing but japan hunt him down,normal_play,0.3254
791.0,795.0,him down bring him down the,normal_play,0.0
794.5,798.5,the early final the final is liwila japan,normal_play,0.0
798.0,802.0,japan still at back just lost,normal_play,0.0
801.5,805.5,just lost in the tackle taking some heavy blows the japanese defence but,normal_play,0.0
805.0,809.0,defence but they are refusing to be rocked,normal_play,0.0
812.0,816.0,well tackling they love to do their numbers are really,normal_play,0.0
815.5,819.5,numbers are really strong in this area second most tackle and a massive 86,normal_play,0.0
819.0,823.0,massive 86 success rate youll need that because samoa will look at you all,normal_play,0.0
822.5,826.5,look at you all day and exactly the same guys theyve got a sidestep named after them,normal_play,0.0
826.0,830.0,them usually means to try and go through you yeah,normal_play,0.0
829.5,833.5,yeah looks like a lot of the japanese bears are on their feet quite a,normal_play,0.0
833.0,837.0,quite a stingy wall there giving up any line breaks,normal_play,0.0
836.5,840.5,any line breaks here early on,normal_play,0.0
847.0,851.0,its japan with the only line breaks of the match so,scrum,0.3303
850.5,854.5,breaks of the match so far,scrum,0.3303
857.5,861.5,either side,scrum,0.3303
861.0,865.0,either side can really afford to lose this match goudi is so tight in the race for,scrum,0.3303
864.5,868.5,tight in the race for the quarterfinals both level on five points japan shift,try,1.0
868.0,872.0,japan shift it wide and lemeke shows and goes sat down by manu,try,1.0
871.5,875.5,by manu but hes not held hes jinking and jiving and then hes clattering,try,1.0
875.0,879.0,hes clattering into duncan awa japan four,try,1.0
878.5,882.5,japan four meters out kimenal leaves it for nabusakin,try,1.0
889.0,893.0,japan land the first,try,1.0
892.5,896.5,land the first blow of this monumental pool d match,try,1.0
896.0,900.0,pool d match the first player actually played the ball into this players,normal_play,0.0
899.5,903.5,into this players hands we will just check for,normal_play,0.0
903.0,907.0,will just check for any obstruction involving kimenal,normal_play,0.0
906.5,910.5,kimenal and nabusakin whether the samoan tacklers,normal_play,0.0
910.0,914.0,tacklers youre correct number eight catches the ball and number seven that takes it off,normal_play,0.0
913.5,917.5,that takes it off him and number seven is behind him try is good so theres no obstruction the,normal_play,0.0
917.0,921.0,obstruction the player in front actually plays the ball correct try is good thank you so the try,normal_play,0.0
920.5,924.5,you so the try will stand the voice of kimo marius j nker assisting,normal_play,0.0
924.0,928.0,assisting yaku piper the front player actually plays the ball back into the back player so theres no obstructions,normal_play,0.0
927.5,931.5,so theres no obstructions like a pass thank you theres the explanation,normal_play,0.0
931.0,935.0,the explanation try is good peter lapis nabusakin,normal_play,0.0
934.5,938.5,lapis nabusakin leading the charge,normal_play,0.0
938.0,942.0,well nabusakin got the ball from jimeno as you heard there five,normal_play,0.0
941.5,945.5,you heard there five nil you bet first try,normal_play,0.0
945.0,949.0,he just had to check to see the pass hadnt,goal_kick,0.8688
948.5,952.5,the pass hadnt gone forward the handoff hadnt gone forward great support out,goal_kick,0.8688
952.0,956.0,support out wide as japan tested that samoan defense and,goal_kick,0.8688
955.5,959.5,defense and sudo looked at the extras he has been perfect in this rugby,goal_kick,0.8688
959.0,963.0,in this rugby world cup attempted 10 kicks,goal_kick,0.8688
962.5,966.5,10 kicks slotted 10 kicks super,goal_kick,0.8688
966.0,970.0,super mario sisters watch on anxiously,goal_kick,0.8688
969.5,973.5,anxiously,goal_kick,0.8688
976.5,980.5,picture of,goal_kick,0.8688
980.0,984.0,picture of perfection japan 7,goal_kick,0.8688
983.5,987.5,7 samoan 0 yeah,normal_play,0.0
987.0,991.0,yeah good reward for japanese look how wide they go here well time pass,normal_play,0.0
990.5,994.5,well time pass and its actually a missed tackle not held so he can,normal_play,0.0
994.0,998.0,held so he can get up on his feet continue the run and look at the power here takes,normal_play,0.0
997.5,1001.5,here takes the hit but gets back in field and then the troops arrive and it,normal_play,0.0
1001.0,1005.0,arrive and it is a pass and the big left arm vlaavskagny gets,normal_play,0.0
1004.5,1008.5,vlaavskagny gets japan the lead hes captain japan,kick_off,0.5159
1008.0,1012.0,captain japan as all of the starting back row today have hes a seriously,kick_off,0.5159
1011.5,1015.5,hes a seriously important player for them usually on,normal_play,0.0
1015.0,1019.0,usually on the offensive side of the game but hes a good attacking,normal_play,0.0
1018.5,1022.5,hes a good attacking threat too his try holds the ball,normal_play,0.2231
1022.0,1026.0,try holds the ball in use,normal_play,0.2231
1025.5,1029.5,saito over the shoulder,normal_play,0.2231
1029.0,1033.0,shoulder asking kaia awa to come forward trying to create something for,normal_play,0.4032
1032.5,1036.5,something for samoan hes yet to fire a shot in an attacking sense,normal_play,0.4032
1036.0,1040.0,attacking sense chris lee looking to change that koriya and inagaki,normal_play,0.4032
1039.5,1043.5,and inagaki with the tackle,normal_play,0.3741
1043.0,1047.0,kaia awa mcfarland watch for the offload there it is,normal_play,0.3741
1046.5,1050.5,there it is and what a take from le wiela diving to,normal_play,0.4032
1050.0,1054.0,diving to scoop it off the deck james lee younger brother,normal_play,0.4032
1053.5,1057.5,younger brother jordan among the substitutes today the elite final onto paul,normal_play,0.3056
1057.0,1061.0,onto paul aloe mene sandwiched,normal_play,0.3056
1060.5,1064.5,sandwiched by two japanese players,normal_play,0.4032
1064.0,1068.0,hot stepping,normal_play,0.2653
1067.5,1071.5,hot stepping defence leg line speeds from the japanese shutting,normal_play,0.2653
1071.0,1075.0,japanese shutting down the samoan options,normal_play,0.0
1078.0,1082.0,mcfarlands,normal_play,0.0
1081.5,1085.5,former deck collector and basketball international back in samoa,normal_play,0.0
1085.0,1089.0,in samoa this time japanese line speed and defence a bit too quick,normal_play,0.1555
1088.5,1092.5,quick penalty advantage samoa,normal_play,0.1555
1092.0,1096.0,domatini sniping wrapped up nothing doing penalty,penalty,0.6128
1095.5,1099.5,penalty japan truly,penalty,0.6128
1099.0,1103.0,japan truly off the line there i was actually quite impressed with their discipline,normal_play,0.0
1102.5,1106.5,discipline tackle after tackle they know theres going to be big hits coming in rob,normal_play,0.0
1106.0,1110.0,coming in rob but they seem really well organised and really energetic in defence pulling themselves up,normal_play,0.0
1109.5,1113.5,pulling themselves up off the ground they do indeed with the serious intent,normal_play,0.0
1113.0,1117.0,intent of how samoa wouldnt have been needed to be this is a try we saw from,normal_play,0.0
1116.5,1120.5,try we saw from a nice enterprise a bit of play on the back of lemeke looking threatening out,normal_play,0.0
1120.0,1124.0,threatening out wide but you do fear if japan dont,normal_play,0.0
1123.5,1127.5,dont try and attack the board at the breakdown its going to be a massive number,normal_play,0.0
1127.0,1131.0,a massive number of tackle that are going to have to try and be put in to stop samoa,normal_play,0.0
1130.5,1134.5,to stop samoa getting a hold of it theyve got the patience they will literally run at you all,normal_play,0.0
1134.0,1138.0,you all day well japan have already made 20 30 tackle now,normal_play,0.0
1137.5,1141.5,tackle now up on the board in 16 minutes that plays out,normal_play,0.0
1141.0,1145.0,plays out too a lot by the end of the match,normal_play,0.0
1144.5,1148.5,samoa starve the possession against argentina 39,normal_play,0.0
1148.0,1152.0,39 of the ball in a very attritional game they lost 19,lineout,0.1437
1151.5,1155.5,lost 19 10 took no points in pool b they cannot afford the,lineout,0.1437
1155.0,1159.0,afford the repeat of that night from tonight line out is loose jimeno,normal_play,0.0
1158.5,1162.5,loose jimeno looks to seize upon it did just lose,normal_play,0.0
1162.0,1166.0,did just lose it on the floor samoa have a reprieve,normal_play,0.0
1165.5,1169.5,have a reprieve yeah that was awkward that was sort of a first,normal_play,0.0
1169.0,1173.0,of a first slide from the samoan trying to clean it up,normal_play,0.0
1172.5,1176.5,both sides having initial line out problems,normal_play,0.0
1179.5,1183.5,get a sense there both sides are clear take,normal_play,0.0
1183.0,1187.0,sides are clear take that mark with the referee you take that mark a pipe of,normal_play,0.0
1186.5,1190.5,a pipe of grass you go there and he stays there a lawyer from bromponte,normal_play,0.0
1190.0,1194.0,lawyer from bromponte not afraid to engage in some debate hold your weight clear,normal_play,0.0
1193.5,1197.5,clear gap knock your ball,normal_play,0.0
1197.0,1201.0,come on on,normal_play,0.0
1204.0,1208.0,the mexican wave roars around,scrum,0.4877
1207.5,1211.5,roars around statutes,scrum,0.4877
1211.0,1215.0,its been a staple of the shrumpy world cup,scrum,0.4877
1214.5,1218.5,cup fans having such noise,normal_play,0.0
1218.0,1222.0,having such noise and colour to what is an incredible sporting occasion,normal_play,0.0
1221.5,1225.5,occasion free kick samoa come again and surprise surprise,normal_play,0.0
1225.0,1229.0,and surprise surprise they want to come again youre leaning forward and then you lose control japan taking too,normal_play,0.0
1228.5,1232.5,taking too long and not listening to the commands of the referee in that,normal_play,0.0
1232.0,1236.0,that more control keep the gap he,normal_play,0.0
1235.5,1239.5,he wants that gap keck before they engage lets move,normal_play,0.0
1239.0,1243.0,we know weve got some big old boppers up front,normal_play,0.0
1242.5,1246.5,boppers up front rob but have a look at the backs the weaponry that samoa can,normal_play,0.0
1246.0,1250.0,samoa can wield from this rummage yeah i think youre right there its how you utilise,normal_play,0.0
1249.5,1253.5,its how you utilise them in ben lamb youve got someone whos about five kilograms shy of,normal_play,0.0
1253.0,1257.0,shy of jonah lomus statistics you need to use him to run at these shorter,scrum,0.4877
1256.5,1260.5,at these shorter channels off 10 get him on the shoulder and he will make some,scrum,0.4877
1260.0,1264.0,and he will make some massive holes,normal_play,0.0
1263.5,1267.5,samoa tasting,normal_play,0.0
1267.0,1271.0,tasting notch and a penalty advantage at some time,normal_play,0.0
1270.5,1274.5,number two knee on the ground,penalty,0.6128
1274.0,1278.0,thats what malu samoa were looking for,penalty,0.6128
1277.5,1281.5,looking for and then not staying square great power from that samoa pack,penalty,0.6128
1281.0,1285.0,samoa pack shota horiya hell see him drop it down to his knee in the hooker position,normal_play,0.0
1284.5,1288.5,knee in the hooker position 70 caps to his name,normal_play,0.0
1288.0,1292.0,to his name but i felt that power there an interesting decision for the samoans and,normal_play,0.0
1291.5,1295.5,samoans and theyre going to go to the corner so obviously this,normal_play,0.0
1295.0,1299.0,obviously this location is a very kickable kick they want to get the pressure on,normal_play,0.0
1298.5,1302.5,the pressure on go to their line up,normal_play,0.0
1302.0,1306.0,massive area for them this they want to have only two teams to get more than one try,normal_play,0.0
1305.5,1309.5,more than one try from a maul and with this guy in shot the athleticism and durability,normal_play,0.0
1309.0,1313.0,athleticism and durability of a basketball player youve got some aerial threats they need to secure,normal_play,0.0
1312.5,1316.5,they need to secure it bring it down and for me they,normal_play,0.0
1316.0,1320.0,they could get over the line easy here six meters,lineout,0.4056
1319.5,1323.5,meters between malu samoa and their first points of,lineout,0.4056
1323.0,1327.0,first points of the evening there is mcfarland there is the acrobatic,normal_play,0.0
1326.5,1330.5,acrobatic take japan sack them all they drag it down legally before,normal_play,0.0
1330.0,1334.0,legally before it gets motoring so samoa must think again,normal_play,0.0
1333.5,1337.5,must think again alphua goes in to protect,normal_play,0.0
1337.0,1341.0,in to protect salavanis for numbers alohae mule,normal_play,0.4032
1340.5,1344.5,ive got an advantage here samoa japan with,normal_play,0.4032
1344.0,1348.0,japan with too many men in the line ups,normal_play,0.4032
1347.5,1351.5,seven six one for many so free kicker friends,normal_play,0.4032
1351.0,1355.0,many so free kicker friends rather than a penalty if you dont have the same number of players as,normal_play,0.0
1354.5,1358.5,of players as the attacking team in that line up samoa might fancy another,normal_play,0.0
1358.0,1362.0,might fancy another scrum here lets see okay they choose a scrum,normal_play,0.0
1361.5,1365.5,fritz lee was in the scrum in half position so it looked like a full line up,normal_play,0.0
1365.0,1369.0,full line up japan put in the full complement but the numbers were wrong,normal_play,0.0
1368.5,1372.5,numbers were wrong they had one extra yeah and,normal_play,0.0
1372.0,1376.0,yeah and the oka was down on his knees sorry you had seven,normal_play,0.0
1375.5,1379.5,seven,normal_play,0.0
1379.0,1383.0,lets go id like to have seen a tap there,normal_play,0.0
1382.5,1386.5,have seen a tap there create a mole ingenuity from kochi,normal_play,0.0
1386.0,1390.0,kochi how hard would that be to stop you five meters from the trial and youve got a human,normal_play,0.0
1389.5,1393.5,youve got a human shield in front of you you need industrial flood defences,normal_play,0.0
1393.0,1397.0,industrial flood defences to get those boys out from here,scrum,0.4585
1396.5,1400.5,five meter scrum manu samoa possession but,scrum,0.4585
1400.0,1404.0,possession but jamie those five penalty for japan very uncharacteristic as,scrum,0.4585
1403.5,1407.5,as rob said only six average per match so far in the tournament,scrum,0.4737
1407.0,1411.0,tournament,scrum,0.4737
1410.5,1414.5,what does samoa have planned here ben,normal_play,0.0
1414.0,1418.0,ben lam switches to the left what a pass from damatene it almost,normal_play,0.0
1417.5,1421.5,it almost caught lam by surprise and it goes forward through the,normal_play,0.0
1421.0,1425.0,through the giant winners paws and japan,normal_play,0.0
1424.5,1428.5,and japan roar that is a big psychological,normal_play,0.0
1428.0,1432.0,psychological boost well its a high risk option,normal_play,0.0
1431.5,1435.5,high risk option im not sure its the planned option he just reacted at the last minute,normal_play,0.0
1435.0,1439.0,the last minute he seemed to be comfortable delivering that pass,normal_play,0.0
1438.5,1442.5,that pass i am all over that,normal_play,0.0
1442.0,1446.0,all over that no coach in the world should ever criticize that,normal_play,0.0
1445.5,1449.5,that that is flair its creativity and if that came off youd be watching it,normal_play,0.0
1449.0,1453.0,youd be watching it thousands of times in line and lucky ben lam but my word that,normal_play,0.0
1452.5,1456.5,my word that was speculative im a big fan of that movement yeah but rob theyre not here,normal_play,0.0
1456.0,1460.0,rob theyre not here to entertain the fans the fans are here to beat japan taking the pressure,normal_play,0.0
1459.5,1463.5,taking the pressure off completely why dont you both,normal_play,0.0
1463.0,1467.0,both,scrum,0.4877
1466.5,1470.5,well see,scrum,0.4877
1470.0,1474.0,i loved it i wasnt sure it was a set move or not its hard to tell,scrum,0.4877
1473.5,1477.5,its hard to tell its a high risk option,scrum,0.4877
1477.0,1481.0,both down both down same old,scrum,0.4877
1480.5,1484.5,same old same strum again,normal_play,0.0
1484.0,1488.0,hes in collapse,normal_play,0.0
1487.5,1491.5,both down and same old same ball,normal_play,0.0
1491.0,1495.0,ball lets form it up,normal_play,0.0
1494.5,1498.5,up and as things stand this is the live table,normal_play,0.0
1498.0,1502.0,table japan leading samoa if this results these as it is,normal_play,0.0
1501.5,1505.5,as it is japan would take four points move on to nine samoa finishing within seven,normal_play,0.0
1505.0,1509.0,finishing within seven they take one and move on to six and a win for japan does,normal_play,0.0
1508.5,1512.5,japan does guarantee englands qualification for the quarterfinals,normal_play,0.0
1512.0,1516.0,quarterfinals and after that 34 12 loss theyve had 11 days,scrum,0.4877
1515.5,1519.5,had 11 days japan so if any club will benefit from that kind of time to,scrum,0.4877
1519.0,1523.0,of time to do the analysis it is this japanese braves blossoms team,scrum,0.4877
1522.5,1526.5,set,scrum,0.3495
1526.0,1530.0,japan need an exit strategy,scrum,0.3495
1529.5,1533.5,an exit strategy they need a solid strum,scrum,0.3495
1533.0,1537.0,the first carry was made by kyoto nakamura however,normal_play,0.0
1536.5,1540.5,however samoa still at back samoa have the penalty,normal_play,0.0
1540.0,1544.0,penalty fritz lee in over the,normal_play,0.0
1543.5,1547.5,in over the ball winning his fourth breakdown steal of rugby world,normal_play,0.0
1547.0,1551.0,of rugby world cup 2023 that one takes him to the top of the table,normal_play,0.0
1550.5,1554.5,the top of the table in the jackal thats getting over the tackler again the,normal_play,0.0
1554.0,1558.0,again the set exit move just a lack of support there from japan,normal_play,0.0
1557.5,1561.5,from japan one player going down and fritz lee look at the strength he has to support his own body,normal_play,0.0
1561.0,1565.0,support his own body weight hes over the ball he said the very best,normal_play,0.0
1564.5,1568.5,very best in rugby world cup 2023 at the jackal,normal_play,0.0
1568.0,1572.0,yet to really understand,normal_play,0.0
1571.5,1575.5,yet to really understand why its called a jackal but we go with it super shots,normal_play,0.0
1575.0,1579.0,super shots coming in from our drone which is currently hovering above us,normal_play,0.0
1578.5,1582.5,above us in the tulu skies and,normal_play,0.0
1582.0,1586.0,and maybe angelo le villar missed from close to 60,normal_play,0.0
1585.5,1589.5,close to 60 meters this one more like 16,normal_play,0.0
1599.5,1603.5,and the last one,goal_kick,0.5696
1603.0,1607.0,manu samoa,goal_kick,0.7503
1606.5,1610.5,manu samoa are on the boards japan leads 7 3,normal_play,0.0
1610.0,1614.0,3 for me a strange decision to kick that one when they didnt kick the previous,normal_play,0.0
1613.5,1617.5,kick the previous one but it is important theyre on the board,normal_play,0.0
1617.0,1621.0,tactically there seems to be some a,normal_play,0.0
1620.5,1624.5,a little bit of lack of cohesion maybe in the samoan attack what theyre,normal_play,0.0
1624.0,1628.0,attack what theyre actually trying to do out here we saw it with that high risk pass is that a big win for,normal_play,0.0
1627.5,1631.5,a big win for japan didnt concede a try held out set piece after set piece,kick_off,0.3086
1631.0,1635.0,piece to get away with 3 rather than 5 or 7 i agree its just a statement that we,kick_off,0.3086
1634.5,1638.5,just a statement that we dont think our line up or our scrum can get back and get on top of you again,kick_off,0.2388
1638.0,1642.0,again the high,kick_off,0.2388
1641.5,1645.5,the high steepling kick that is from the mekki,normal_play,0.0
1645.0,1649.0,mekki and its beautifully taken by ed fido,normal_play,0.2605
1648.5,1652.5,played all over the world the new england and france hold in the back musa the usa as,normal_play,0.2605
1652.0,1656.0,the usa as well the new york club and the mlr,normal_play,0.4032
1655.5,1659.5,the mlr taumatinis clearance,normal_play,0.4032
1659.0,1663.0,a little quick line up this time from kotao matsushima,normal_play,0.4032
1662.5,1666.5,kotao matsushima well lomano labacchi transferring his skills from the,normal_play,0.0
1666.0,1670.0,his skills from the 7s circuit long high hanging kickoff for,normal_play,0.0
1669.5,1673.5,kickoff for the 7s game where restart is so important rob,normal_play,0.4032
1673.0,1677.0,rob weve seen any number a couple on the bench here for samoa,normal_play,0.4032
1676.5,1680.5,for samoa great world 7 stars weve got matunga and matabao we,normal_play,0.0
1680.0,1684.0,matabao we may see later on for the samoan cards yeah and speaking to coach,normal_play,0.0
1683.5,1687.5,to coach mappasua about this before about bringing them through but one words missing from,lineout,0.2575
1687.0,1691.0,words missing from them at the moment samoa its confidence they need it back,lineout,0.2575
1690.5,1694.5,its japan with their tails up,normal_play,0.0
1694.0,1698.0,their tails up right now lago scafni the try scorer,normal_play,0.0
1697.5,1701.5,ximeno the only forward,normal_play,0.2852
1701.0,1705.0,only forward to make over 200 metres balling hands leverdu no the rugby world cup 2019,normal_play,0.2852
1704.5,1708.5,world cup 2019 japan have milked the samoan,normal_play,0.0
1708.0,1712.0,have milked the samoan infringements at the breakdown michael leach is galloping,normal_play,0.4032
1711.5,1715.5,is galloping through a little hole which soon widened when he went through it,normal_play,0.4032
1715.0,1719.0,it you advantage off your feet another penalty advantage japan,normal_play,0.0
1718.5,1722.5,japan and you think about going quickly you come with me,normal_play,0.0
1722.0,1726.0,with me hang on a minute,normal_play,0.0
1725.5,1729.5,someones been a bit too cheeky thats the second penalty,normal_play,0.0
1729.0,1733.0,thats the second penalty in a row that hes charging at me you control him yeah yeah,normal_play,0.0
1732.5,1736.5,him yeah yeah first one is youre number two not nearly,normal_play,0.0
1736.0,1740.0,two not nearly releasing and then youre off your feet and this one dont kill it,normal_play,0.0
1739.5,1743.5,it a lawyerly words from yappi paper come here on your feet,normal_play,0.0
1743.0,1747.0,in the ear of the japanese captain kosuke ximeno,normal_play,0.0
1746.5,1750.5,bickering will not be tolerated by a referee,normal_play,0.0
1750.0,1754.0,yeah two back to back penalty obviously the japanese halfback giving him his thoughts,normal_play,0.0
1753.5,1757.5,him his thoughts there but interesting the second penalty sorry,normal_play,0.0
1757.0,1761.0,penalty sorry is about 12 metres forward the first kick would have been a long one this,normal_play,0.0
1760.5,1764.5,this one is very much more attainable and theyre going for it japanese,normal_play,0.0
1764.0,1768.0,japanese crowd knows theyre rugby and they applaud that decision but to,normal_play,0.0
1767.5,1771.5,but to add three more points from before he runs then youve got to be on your own feet,normal_play,0.0
1771.0,1775.0,feet they applaud those things the japanese crowd actually its fantastic to behold,normal_play,0.0
1774.5,1778.5,behold certainly the skill on show youve got to be so careful in how,normal_play,0.0
1778.0,1782.0,in how you talk to referees jaco piper is human,normal_play,0.0
1781.5,1785.5,he can be slightly intimidating in those situations where someones running at him and youve,normal_play,0.0
1785.0,1789.0,running at him and youve got to be aware that its not going to be favourable for you as an outcome so discipline,normal_play,0.0
1788.5,1792.5,so discipline slightly lacking from tamao there thatll disappoint,normal_play,0.0
1792.0,1796.0,62 probability,goal_kick,0.8688
1795.5,1799.5,probability from a man whos not yet missed,goal_kick,0.8688
1799.0,1803.0,missed,goal_kick,0.8688
1806.0,1810.0,distinctive clutching the finnair,goal_kick,0.8688
1809.5,1813.5,the finnair gaze of steel from rikiya matsuda,goal_kick,0.8688
1813.0,1817.0,rikiya matsuda its the same outcome,goal_kick,0.8688
1816.5,1820.5,outcome three more points for japan and theyre seven,goal_kick,0.8688
1820.0,1824.0,and theyre seven point leads his restores,goal_kick,0.8688
1827.0,1831.0,what a lip for those japanese forwards too to note,normal_play,0.0
1830.5,1834.5,note matsudas kicking boots are on any indiscretions will be punished,kick_off,0.5159
1834.0,1838.0,will be punished with points,kick_off,0.5159
1837.5,1841.5,intensity has been a key word from,normal_play,0.0
1841.0,1845.0,been a key word from the japanese coaching staff this week maintaining it,normal_play,0.0
1844.5,1848.5,maintaining it for 80 minutes its been a big work on for them they win another,penalty,0.6028
1848.0,1852.0,they win another breakdown penalty just the ball and just down got a fight to stay up,penalty,0.6028
1851.5,1855.5,to stay up he had that intensity in fits and starts and patches against england,normal_play,0.0
1855.0,1859.0,against england well in the game up to half time,normal_play,0.0
1858.5,1862.5,to half time in the second half that intensity dropped,normal_play,0.0
1862.0,1866.0,japan fell away,normal_play,0.0
1865.5,1869.5,that time it was ben,normal_play,0.0
1869.0,1873.0,was ben lamb falling away didnt support his own weight,normal_play,0.0
1872.5,1876.5,support his own weight as he arrived at that rock,normal_play,0.3687
1879.5,1883.5,lets,normal_play,0.0
1883.0,1887.0,lets go,normal_play,0.0
1893.5,1897.5,michael leach again,normal_play,0.0
1897.0,1901.0,again diffed and this is katsuhime,normal_play,0.0
1900.5,1904.5,is katsuhime and,normal_play,0.0
1904.0,1908.0,and play it saito clears it,normal_play,0.4032
1907.5,1911.5,saito clears it over the giant figure of brian al anouesi hes almost a full foot taller,normal_play,0.4032
1911.0,1915.0,full foot taller than ben lamb speaking of specimens,normal_play,0.4032
1914.5,1918.5,speaking of specimens leach to,normal_play,0.1822
1918.0,1922.0,leach to it captain of the bristol bears back in,normal_play,0.1822
1921.5,1925.5,bears back in south west england balmatini baya awa to alo emine,normal_play,0.1822
1925.0,1929.0,awa to alo emine samoa met by,normal_play,0.0
1928.5,1932.5,met by a wall a stubborn red and white,normal_play,0.4032
1932.0,1936.0,red and white up it goes from baya awa fido hairs,normal_play,0.4032
1935.5,1939.5,fido hairs after it its bouncing kindly for manu but it did go forward,normal_play,0.0
1939.0,1943.0,did go forward off ed fidos fingertips,normal_play,0.0
1942.5,1946.5,and its just not working for samoa right now its been a familiar,normal_play,0.0
1946.0,1950.0,been a familiar story throughout this rugby world cup,normal_play,0.0
1949.5,1953.5,hookers in number two,normal_play,0.0
1953.0,1957.0,yeah i think youre right i think its one of these games where theres a real contest,normal_play,0.0
1956.5,1960.5,real contest in the middle third of the pitch and the errors are creeping in discretions,normal_play,0.0
1960.0,1964.0,discretions with the ball penalty count quite high on both sides,normal_play,0.0
1963.5,1967.5,sides its just working its way out isnt it,normal_play,0.0
1967.0,1971.0,it,normal_play,0.0
1970.5,1974.5,its the first half,normal_play,0.0
1974.0,1978.0,first half remaining,normal_play,0.0
1977.5,1981.5,theyve got some big strike threats,scrum,0.179
1981.0,1985.0,big strike threats in this rummage wataru matsushima,scrum,0.179
1984.5,1988.5,matsushima stream right five,scrum,0.179
1988.0,1992.0,five try heres bottom left of your picture five try of,scrum,0.2924
1991.5,1995.5,try of rugby world cup 2019 you can hear that in reilly too dangerous,scrum,0.2924
1995.0,1999.0,in reilly too dangerous centres saito committing man releasing it,normal_play,0.0
1998.5,2002.5,releasing it wide to matsudaira this is reilly lemekkis,normal_play,0.4032
2002.0,2006.0,lemekkis in the line hes got matsushima with him he might not need him lo manu lemekki,normal_play,0.4032
2005.5,2009.5,him lo manu lemekki tumbling into the 22,normal_play,0.4032
2009.0,2013.0,22 another samoan penalty advantage conceded,normal_play,0.4032
2012.5,2016.5,saito matsudaira,normal_play,0.4032
2016.0,2020.0,matsudaira matsushima straightening james lee drags him down,try,1.0
2019.5,2023.5,drags him down japan on the prowl for a second,try,1.0
2023.0,2027.0,second matsudaira thats a brilliant pass and make a,try,1.0
2026.5,2030.5,and make a league scores number nine,try,1.0
2030.0,2034.0,the,try,1.0
2033.5,2037.5,the japanese totem,card_event,1.0
2037.0,2041.0,bites his teams second try number nine on the wrong side,card_event,1.0
2040.5,2044.5,the wrong side of the tackle pushes the player from the middle and theres more punishment for,card_event,1.0
2044.0,2048.0,punishment for samoa saito,card_event,1.0
2047.5,2051.5,the concession of a try,normal_play,0.0
2051.0,2055.0,a try compounded by the loss of jonathan del madani,normal_play,0.0
2054.5,2058.5,jonathan del madani to the shin bin and its all going,normal_play,0.0
2058.0,2062.0,its all going horribly wrong for manu samoa japano picking,normal_play,0.0
2061.5,2065.5,japano picking them apart its just going wide,normal_play,0.0
2065.0,2069.0,its just going wide they have four men lined up great decision here for me to not,normal_play,0.0
2068.5,2072.5,me to not offload the risky pass he knows hes in behind quick roll,normal_play,0.0
2072.0,2076.0,quick roll and they produce really quick ball thats where they catch but samoans,normal_play,0.0
2075.5,2079.5,catch but samoans offside and simply out wide watch this vision,normal_play,0.0
2079.0,2083.0,beautiful work from matsuda finds the open man,normal_play,0.0
2082.5,2086.5,open man the leader of this team the inspiration,normal_play,0.0
2086.0,2090.0,good finish from him as well rob that is one of the best balls youll,normal_play,0.0
2089.5,2093.5,best balls youll see to finish off this try he took it right to the,normal_play,0.0
2093.0,2097.0,it right to the line it must have been a very last minute decision not to throw it across the face went over,normal_play,0.0
2096.5,2100.5,the face went over the top of the bridge ball and two right celebrating that,goal_kick,0.8688
2100.0,2104.0,that leach is loitering as hes been doing all game out wide but its their ability to,goal_kick,0.8688
2103.5,2107.5,ability to transition from width to width that makes japan so dangerous with ball in,goal_kick,0.8688
2107.0,2111.0,dangerous with ball in hand,goal_kick,0.8688
2110.5,2114.5,the architect of the try,goal_kick,0.8688
2114.0,2118.0,try only sizes up the touchline conversion,goal_kick,0.8688
2117.5,2121.5,touchline conversion,goal_kick,0.7825
2124.5,2128.5,thats a cracker you couldnt,goal_kick,0.8688
2128.0,2132.0,you couldnt kick it any straighter if you had a protractor to measure it,normal_play,0.0
2131.5,2135.5,it mario and luigi approve rikiya matsuda,normal_play,0.0
2135.0,2139.0,rikiya matsuda makes it 17 3 japan and that face,normal_play,0.0
2138.5,2142.5,and that face tells the story the yellow card look at the tackle here,normal_play,0.0
2142.0,2146.0,at the tackle here as he comes to the wrong side and then hes,normal_play,0.0
2145.5,2149.5,hes got a yellow for pushing that player away or is it the referee setting up a yellow card this is before leach,normal_play,0.0
2149.0,2153.0,before leach scores out wide the fans are,normal_play,0.0
2152.5,2156.5,are loving it theyre so passionate they come from all over the world,normal_play,0.0
2156.0,2160.0,all over the world theres a statue of michael leach in a,normal_play,0.0
2159.5,2163.5,michael leach in a public park in tokyo people were queuing up to have their pictures taken,kick_off,0.3137
2163.0,2167.0,their pictures taken with it four years ago and samo has been forced into,kick_off,0.3137
2166.5,2170.5,been forced into another change rikiya matsuda limping off,normal_play,0.0
2170.0,2174.0,limping off as rikiya matsuda lined up that kick,normal_play,0.0
2173.5,2177.5,up that kick and danny toala has come on to replace him,normal_play,0.279
2177.0,2181.0,replace him some more injury moves for samoa,normal_play,0.279
2180.5,2184.5,more trouble for manu samoa,normal_play,0.0
2184.0,2188.0,14 points down 14 players left,normal_play,0.0627
2187.5,2191.5,players left on the pitch,normal_play,0.0627
2191.0,2195.0,okay balls available,normal_play,0.4032
2194.5,2198.5,trusty boot from lomano clears the,normal_play,0.4032
2198.0,2202.0,clears the ball for japan duncan paye awu now samoa,normal_play,0.4032
2201.5,2205.5,now samoa would love a response before half time,normal_play,0.4032
2205.0,2209.0,time alain oisey off you go brian,normal_play,0.0
2208.5,2212.5,off you go brian alain oisey march backwards one of the biggest men on the pitch,normal_play,0.1613
2212.0,2216.0,on the pitch tough tackling japanese,normal_play,0.1613
2215.5,2219.5,snaring these samoans in their traps lee,normal_play,0.2853
2219.0,2223.0,lee thats a fabulous pass to manu ratsushima,normal_play,0.4032
2222.5,2226.5,ratsushima cant hold onto him rameki and laboskafnikan,normal_play,0.3611
2226.0,2230.0,laboskafnikan leality fanel going into place from half with dalmatiani in the simban,normal_play,0.3611
2229.5,2233.5,dalmatiani in the simban here he is again toalas first touch for luatua,normal_play,0.3611
2233.0,2237.0,for luatua samoa,normal_play,0.3231
2236.5,2240.5,samoa pushing hard inflicting a dent,normal_play,0.3231
2240.0,2244.0,inflicting a dent or two in this japanese french defence,normal_play,0.4032
2243.5,2247.5,french defence haro emile makes a couple of meters,normal_play,0.4032
2247.0,2251.0,meters alain oisey toala,normal_play,0.4032
2250.5,2254.5,squirts free mcfarlanes at it again,normal_play,0.4032
2254.0,2258.0,it again and thats a clever kick from manu and then he just stumbles over,normal_play,0.4032
2257.5,2261.5,stumbles over the japanese obstacles thrown in his path,normal_play,0.0
2261.0,2265.0,path no foul play he was steeplechasing down the touchline,normal_play,0.0
2264.5,2268.5,down the touchline but it is rules no foul play the player falls on the,normal_play,0.0
2268.0,2272.0,falls on the ground and he accidentally falls over him or traps over him no foul,normal_play,0.0
2271.5,2275.5,him no foul play no foul play confirmed very quickly as legal by,normal_play,0.0
2275.0,2279.0,as legal by marius j nker yeah the samoan,normal_play,0.0
2278.5,2282.5,yeah the samoan fans thought there was obstruction when this kick went through but theres a,normal_play,0.0
2282.0,2286.0,a great offload nice little touch here stays on the park,normal_play,0.0
2285.5,2289.5,park no one really took him out as he said more steeplechasing,normal_play,0.0
2289.0,2293.0,more steeplechasing because it rolls into the end goal it will be a goal line drop out,normal_play,0.0
2292.5,2296.5,line drop out from japan and the fans of the stadium round have just seen that replay they thought differently,kick_off,0.2835
2296.0,2300.0,replay they thought differently well yeah quite vocal with that as well,kick_off,0.2835
2299.5,2303.5,well all out to the atmosphere but its samoan still with a sentencing here,normal_play,0.0
2303.0,2307.0,sentencing here mcfarlanes a phenomenon,normal_play,0.4032
2306.5,2310.5,hes wrapping up on a straight jacket tie,normal_play,0.4032
2310.0,2314.0,tie him in chains youve still got a hand free and catch that ball for,normal_play,0.4032
2313.5,2317.5,for its lead and the captain pointing the way leili,normal_play,0.4032
2317.0,2321.0,way leili ifano payahawa standing wide then cutting back inside,normal_play,0.4032
2320.5,2324.5,back inside and bang boozling three japanese players and shota horie,normal_play,0.4032
2324.0,2328.0,and shota horie takes a heavy dunk to the face lua tua picks,normal_play,0.4032
2327.5,2331.5,tua picks up the offload leili ifano,normal_play,0.1784
2331.0,2335.0,ifano douhua,normal_play,0.1784
2334.5,2338.5,samoan inside japanese 22,normal_play,0.4032
2338.0,2342.0,22 again 39 carries theyve made now only 58,normal_play,0.4032
2341.5,2345.5,only 58 in total against argentina lots,normal_play,0.328
2345.0,2349.0,lots of ball no try to show for it thus far aloe emile,normal_play,0.328
2348.5,2352.5,aloe emile still they,normal_play,0.4032
2352.0,2356.0,still they use the heavies celal alam and james lee,normal_play,0.2
2355.5,2359.5,james lee all the front row union in on the act aloe emile with the flamboyant,normal_play,0.2
2359.0,2363.0,flamboyant dummy samoa depleted samoa,normal_play,0.0
2362.5,2366.5,depleted samoa keeping it tight and trusting that their superior power,normal_play,0.3779
2366.0,2370.0,superior power and weight will get the job done,normal_play,0.3779
2369.5,2373.5,job done now they can move it wide and the ball to aloe payahawa fought it,normal_play,0.3779
2373.0,2377.0,payahawa fought it well to ed fido whos cutting inside still going at,penalty,0.6128
2376.5,2380.5,still going at fido but going illegally yaku,penalty,0.6128
2380.0,2384.0,yaku check check and mario junker spotted something,normal_play,0.0
2383.5,2387.5,im going to show you a,tmo_replay,0.85
2387.0,2391.0,you a head clash head,tmo_replay,0.85
2390.5,2394.5,head contact by number two red,tmo_replay,0.85
2394.0,2398.0,red and it is that upright tackle from shota horie,tmo_replay,0.85
2397.5,2401.5,horie we couldnt play through the player was on the,tmo_replay,0.85
2401.0,2405.0,player was on the floor and then he drove himself off his knees he took a really nice one to the head here,tmo_replay,0.85
2404.5,2408.5,head here payahawa there you go alright yaku lets listen to the,tmo_replay,0.85
2408.0,2412.0,to the officials twos upright head on head,tmo_replay,0.85
2411.5,2415.5,head on head so weve got foul plays,tmo_replay,0.85
2415.0,2419.0,weve got foul plays upright head on head contact send,tmo_replay,0.85
2418.5,2422.5,send him to the bank of all for the review number,tmo_replay,0.85
2422.0,2426.0,number two yaku,tmo_replay,0.85
2425.5,2429.5,yaku ive got the mark for you mate,tmo_replay,0.85
2429.0,2433.0,shota shota,card_event,1.0
2432.5,2436.5,shota shota horie is trying to hide direct head contact foul play,card_event,1.0
2436.0,2440.0,play meet the elegant threshold yaku your mark is 15,card_event,1.0
2439.5,2443.5,is 15 metres in the bruising appearing thank you,normal_play,0.0
2443.0,2447.0,you under the left eye socket of shota horie a horrible,normal_play,0.0
2446.5,2450.5,a horrible clash of heads between he and payahawa but he was upright in the tackle,normal_play,0.0
2450.0,2454.0,upright in the tackle head on heads and this challenge will be reviewed,normal_play,0.0
2453.5,2457.5,challenge will be reviewed by our foul play review official in what you might be referred to as,normal_play,0.0
2457.0,2461.0,be referred to as the bunker he or she has eight minutes to pull over those replays,normal_play,0.0
2460.5,2464.5,those replays assess all the footage we can give them and decide whether that,normal_play,0.0
2464.0,2468.0,whether that will remain a yellow card or be upgraded to a,normal_play,0.0
2467.5,2471.5,to a red and ascending off shota horie,normal_play,0.0
2471.0,2475.0,horie will be parking his backside in a plastic chair,normal_play,0.0
2474.5,2478.5,shota horie a nice moment was trying to find the someone player just to,normal_play,0.0
2478.0,2482.0,someone player just to apologise hitlash because its contact and really,normal_play,0.0
2481.5,2485.5,contact and really i think what were looking at here rob theyll be looking at in the bunker theres two television,normal_play,0.0
2485.0,2489.0,theres two television match officials in there who will be reviewing that action theyre,normal_play,0.0
2488.5,2492.5,theyre looking at body height and tackling above the ball his position was just,normal_play,0.0
2492.0,2496.0,position was just not good going in there was it rob no its not its becoming quite an interesting,normal_play,0.0
2495.5,2499.5,an interesting coaching angle on this as well because theres a secondary tackler horie was looking to,normal_play,0.0
2499.0,2503.0,horie was looking to try and target the ball and if youre staying high and getting your hands in,normal_play,0.0
2502.5,2506.5,your hands in the place to try and grab the ball you are risking a head on head,normal_play,0.0
2506.0,2510.0,head on head players are going to have to adjust this but when we talk about the legacy of,normal_play,0.0
2509.5,2513.5,the legacy of spending 15 20 years learning how to tackle as a secondary player,normal_play,0.0
2513.0,2517.0,as a secondary player its a real area of caution players must significantly,normal_play,0.0
2516.5,2520.5,must significantly change their height yeah we saw two in the uruguayan,normal_play,0.0
2520.0,2524.0,the uruguayan end of the game last night transformed that game at the end to get uruguay the,normal_play,0.0
2523.5,2527.5,get uruguay the victory kusamo and legends,lineout,0.4726
2527.0,2531.0,legends watching from the stands shota horie and henry tuolani among,lineout,0.4726
2530.5,2534.5,tuolani among them can their boys,maul,0.4417
2534.0,2538.0,do the business here,maul,0.4417
2537.5,2541.5,japan shot them towards the,maul,0.4417
2541.0,2545.0,them towards the touch line but now the power comes on it is an inexorable,maul,0.5412
2544.5,2548.5,is an inexorable inevitable drive to five,normal_play,0.4032
2548.0,2552.0,five samoan points,normal_play,0.4032
2551.5,2555.5,another moral try for,normal_play,0.0
2555.0,2559.0,try for manu samoa and boy he needed that,normal_play,0.0
2558.5,2562.5,that asil alalan ticks the acclaim,normal_play,0.0
2562.0,2566.0,troy has,normal_play,0.0
2565.5,2569.5,troy has got the offense it was a much needed response from the samoans through their,normal_play,0.0
2569.0,2573.0,samoans through their back he let the sivitao the cultural challenge before the game,normal_play,0.0
2572.5,2576.5,before the game and now seleilam gets on the back this trundling,normal_play,0.0
2576.0,2580.0,this trundling drive well executed line out,normal_play,0.0
2579.5,2583.5,out good take from louis tua,normal_play,0.0
2583.0,2587.0,tua and they bring it down they just get to work driving the legs they reposition,normal_play,0.0
2586.5,2590.5,reposition and the hooker gets right in the right place,normal_play,0.0
2590.0,2594.0,right place it crabs for a moment but then they get it going i think,normal_play,0.0
2593.5,2597.5,i think every samoan judges over the line before he dots down no question,normal_play,0.0
2597.0,2601.0,no question,normal_play,0.0
2600.5,2604.5,the role of approval from james lee thats one,normal_play,0.0
2604.0,2608.0,thats one for the big boys great position man,normal_play,0.0
2614.5,2618.5,and then jadonjali anjuloli wheel up,goal_kick,0.8688
2618.0,2622.0,up he never let it out and falls to the veteran and the reliable,goal_kick,0.8688
2621.5,2625.5,the reliable christian leali ifano to,goal_kick,0.8688
2625.0,2629.0,to line up the conversion,goal_kick,0.8688
2632.0,2636.0,hes flirting with the shot clock here,goal_kick,0.8688
2635.5,2639.5,here and hes pulled that one wide,goal_kick,0.8688
2639.0,2643.0,still a two score game as we enter the final minutes of,normal_play,0.0
2642.5,2646.5,final minutes of the first half 17 8 jepan are in front,normal_play,0.0
2646.0,2650.0,are in front while youre under pressure youve got to go to your most practical skill set,normal_play,0.0
2649.5,2653.5,practical skill set not where he wants to be the scum of but he,normal_play,0.0
2653.0,2657.0,but he just witnessed a driving wall that is a real weapon for,normal_play,0.0
2656.5,2660.5,weapon for samoa theyve got to try and utilise it as best they can,normal_play,0.0
2660.0,2664.0,as best they can and he went like watching on as well,normal_play,0.0
2663.5,2667.5,well they didnt need to scrap math there did they rob just pumped it over with the big boys,normal_play,0.0
2667.0,2671.0,the big boys and the reason why they got that red is theyre deciding whether that,kick_off,0.4465
2670.5,2674.5,whether that challenge will merit a red or stay a yellow card offence,kick_off,0.4465
2674.0,2678.0,offence deep kick off from japan steven lua,kick_off,0.4465
2677.5,2681.5,steven lua underneath it former,normal_play,0.0
2681.0,2685.0,former all black he has 15 caps for new zealand,normal_play,0.3375
2684.5,2688.5,zealand and back to his samoan heritage leali,normal_play,0.3375
2688.0,2692.0,leali ifano a pretty nifty job as a makeshift scum half,normal_play,0.0
2691.5,2695.5,half its a good yardage gain from the box kick,normal_play,0.3803
2695.0,2699.0,box kick and japan will throw in for what will be the final play of,normal_play,0.3803
2698.5,2702.5,play of this first half if the clock enters the red,normal_play,0.0
2702.0,2706.0,red clear number he,normal_play,0.0
2705.5,2709.5,he needs a makeshift hooker its going to be michael leach,normal_play,0.0
2709.0,2713.0,michael leach to deputise there he is 35 years,lineout,0.4726
2712.5,2716.5,35 years old not sure hes ever thrown into a line out in a competitive match,lineout,0.4726
2716.0,2720.0,competitive match before and its been pilford theo mcfarland,normal_play,0.0
2719.5,2723.5,theo mcfarland surprise surprise at the front getting one of those extendable,normal_play,0.4032
2723.0,2727.0,those extendable arms up to pinch it back,normal_play,0.4032
2726.5,2730.5,back pro ado emile trumbles over halfway,normal_play,0.1548
2730.0,2734.0,over halfway the iadid ifano hes going to play it to lotho,normal_play,0.1548
2733.5,2737.5,lotho samoa one love a try,normal_play,0.1548
2737.0,2741.0,a try before the interval,normal_play,0.4032
2740.5,2744.5,one knock on one infringement and were heading for the sheds,normal_play,0.3295
2744.0,2748.0,sheds jordan taufour picked up and,normal_play,0.3295
2747.5,2751.5,up and marched backwards leali ifano toala,normal_play,0.4032
2751.0,2755.0,toala slams the crossfield up and under into the sky,normal_play,0.4032
2754.5,2758.5,sky missed by ben lamb kept alive by kimuwa manu banga,normal_play,0.4032
2758.0,2762.0,kimuwa manu banga ola cant take it japanese advantage,normal_play,0.4032
2761.5,2765.5,advantage and that kimuras kick can be taken by lee that,normal_play,0.4032
2765.0,2769.0,that will be that for the first half,normal_play,0.0
2768.5,2772.5,half its been as tense and as close,normal_play,0.0
2772.0,2776.0,and as close fought as we expected but it is japan with the advantage,normal_play,0.0
2775.5,2779.5,with the advantage,normal_play,0.0
2779.0,2783.0,its 14 against,normal_play,0.0
2782.5,2786.5,its 14 against 14,normal_play,0.0
2786.0,2790.0,the race for,kick_off,0.2013
2789.5,2793.5,race for the rugby world cup quarterfinals continues to hot,kick_off,0.2013
2793.0,2797.0,continues to hot up will japan or samoa,kick_off,0.2013
2796.5,2800.5,samoa take the next step towards the knockout stage,normal_play,0.0
2800.0,2804.0,knockout stage what a pass again from theo mcfarland,normal_play,0.0
2803.5,2807.5,looks like a peanut in his hands for once his hands let,normal_play,0.3367
2807.0,2811.0,his hands let him down on the hoof one way down from,normal_play,0.3367
2810.5,2814.5,way down from 6 foot 7 inches tall to scoop that,normal_play,0.0
2814.0,2818.0,to scoop that one banga confirmed im sure the lack of,normal_play,0.0
2817.5,2821.5,the lack of precision will be one of the messages from head coach mappasua for the,normal_play,0.0
2821.0,2825.0,mappasua for the samoan boys its a bit of detail passes like that not going to hand,normal_play,0.0
2824.5,2828.5,going to hand but it was crucially scored in those last five minutes there,normal_play,0.0
2828.0,2832.0,there to keep in the match theyll be back to full strength now and actually have a player advantage,normal_play,0.0
2831.5,2835.5,a player advantage for a few minutes as tomo tane,normal_play,0.0
2835.0,2839.0,as tomo tane comes back on the field,normal_play,0.0
2838.5,2842.5,these are the offload that are good when samoa are going well but the last,normal_play,0.0
2842.0,2846.0,well but the last one just too low the big man cant pick it up he is a great athlete,normal_play,0.0
2845.5,2849.5,a great athlete but thats too low for him,normal_play,0.0
2849.0,2853.0,im sure to hurry it in the sin bin japan have to make,normal_play,0.0
2852.5,2856.5,japan have to make a change to bring on a recognised and trained front row,normal_play,0.0
2856.0,2860.0,trained front row player for this scrum theyve sacrificed johnny nakamura on the,normal_play,0.0
2859.5,2863.5,nakamura on the left wing for the time being and thats his sacrifice,normal_play,0.0
2863.0,2867.0,hes come on in jersey 16 to spearhead,normal_play,0.0
2866.5,2870.5,to spearhead and play for rossums scrumage,normal_play,0.0
2870.0,2874.0,so thats things standing in rugby world cup pool b japan,normal_play,0.0
2873.5,2877.5,pool b japan moving on to nine points the four point victory,scrum,0.1667
2877.0,2881.0,victory samoa would take nothing they trail by more than seven points,scrum,0.1277
2880.5,2884.5,than seven points thats the margin they need for losing bonus points,scrum,0.1277
2884.0,2888.0,points and at the moment the japanese victory guarantees in,scrum,0.1507
2887.5,2891.5,in those last eight pairs although it is really just a case of rubber,scrum,0.1507
2891.0,2895.0,case of rubber stamping their place in the knockout rounds lemecky at first receiver,normal_play,0.0
2894.5,2898.5,at first receiver has ploughed some deep furrows,normal_play,0.0
2898.0,2902.0,furrows through the samoan midfields saitos,normal_play,0.0
2901.5,2905.5,midfields saitos box kick kampai awa comfortable,normal_play,0.0
2905.0,2909.0,comfortable underneath his calls for the mark doesnt muck around,normal_play,0.4032
2908.5,2912.5,muck around hes got a seize gun boot from,normal_play,0.4032
2912.0,2916.0,boot from kampai awa and thats a good touch from,normal_play,0.0
2915.5,2919.5,good touch from him yeah fantastic execution of his,normal_play,0.0
2919.0,2923.0,execution of his skills there but strange decision from japan won the scrum hit up midfield,normal_play,0.1167
2922.5,2926.5,scrum hit up midfield and then just basically gave it right back to him and theyre back,normal_play,0.1167
2926.0,2930.0,and theyre back where they started japanese halfbacks,normal_play,0.1167
2929.5,2933.5,halfbacks thats their scrum half wearing nine their fly half wearing ten kicked the ball,normal_play,0.0
2933.0,2937.0,kicked the ball 22 times against england in nice in the last match thats,lineout,0.2184
2936.5,2940.5,match thats high its very high for japan in particular,lineout,0.2184
2940.0,2944.0,the tradition do favour that all court running game playing with,normal_play,0.0
2943.5,2947.5,playing with more pragmatism here and saito sends it skywards,normal_play,0.0
2947.0,2951.0,it skywards mcfarland whos like a magnet for those high balls plucks,normal_play,0.0
2950.5,2954.5,plucks it from the air dalmatene lam leali ifano,normal_play,0.4032
2954.0,2958.0,leali ifano a lot of blue off to the right manu instead opts,normal_play,0.4032
2957.5,2961.5,manu instead opts to kick and rameki fields it quickly,normal_play,0.4032
2961.0,2965.0,it quickly sends it back downfield rameki,normal_play,0.4032
2964.5,2968.5,rameki gives chase and rameki thunders into jonathan dalmatene,normal_play,0.4032
2968.0,2972.0,dalmatene released and scrambled back to his feet again,normal_play,0.4032
2971.5,2975.5,again to moa manu to paul aro emire,normal_play,0.4032
2975.0,2979.0,hes got the mountain of work thats his eighth carry of the match,normal_play,0.4032
2978.5,2982.5,match dalmatene leali ifano seems a bit of space,normal_play,0.4032
2982.0,2986.0,seems a bit of space wotaro matsushima chucking back,normal_play,0.4032
2985.5,2989.5,back 15 22 is on,normal_play,0.4032
2989.0,2993.0,it trickles into the 22,normal_play,0.4032
2992.5,2996.5,22 or was it passed back inside,normal_play,0.0
2996.0,3000.0,it was passed back inside,normal_play,0.0
2999.5,3003.5,back inside what a big hit there though setting the tone,normal_play,0.0
3003.0,3007.0,dalmatene he dropped it back to his feet it should,normal_play,0.0
3006.5,3010.5,it should be a 15 22 always struck from inside his,normal_play,0.0
3010.0,3014.0,from inside his own half rolls into the opposing 22 that means line,normal_play,0.0
3013.5,3017.5,that means line up possession is 4 0 mappasua will be happy theyre walking to,normal_play,0.0
3017.0,3021.0,theyre walking to this line up referee urges them to hurry up they,normal_play,0.0
3020.5,3024.5,they scored their last try off this this would be a huge moment,lineout,0.3429
3024.0,3028.0,the welcome of the 15 22 is happening,lineout,0.3429
3027.5,3031.5,happening its a scrappy samoan line up,normal_play,0.0
3031.0,3035.0,up but its one back by fritz lee,normal_play,0.0
3034.5,3038.5,fritz lee dalmatene sila lalam the try scorer capped,normal_play,0.2873
3038.0,3042.0,scorer capped on the japanese 22,normal_play,0.2873
3041.5,3045.5,mcfarland didnt have a rugby ball blowing,normal_play,0.2873
3045.0,3049.0,a rugby ball blowing up learned the game with an empty pepsi bottle stuffed,normal_play,0.0
3048.5,3052.5,bottle stuffed with dead banana leaves all those hours of practice,penalty,0.6128
3052.0,3056.0,of practice but japan over the ball japan,penalty,0.6128
3055.5,3059.5,japan have the penalty othio mcfarland,normal_play,0.0
3059.0,3063.0,othio mcfarland is down and injured,normal_play,0.0
3062.5,3066.5,look at the intensity there one out,normal_play,0.0
3066.0,3070.0,one out ball again on their feet arriving he fights to,normal_play,0.0
3069.5,3073.5,he fights to get there holds his own bodyweight and theres the celebration,normal_play,0.0
3073.0,3077.0,the celebration absolute joy,normal_play,0.0
3076.5,3080.5,kazuhime the skipper what,normal_play,0.0
3080.0,3084.0,skipper what a player he is really announced himself to the world,normal_play,0.0
3083.5,3087.5,the world four years ago in japan but he,normal_play,0.0
3087.0,3091.0,but he is a phenomenon he is the beating heart of,normal_play,0.0
3090.5,3094.5,heart of this japan team what i love about it he wants to test himself he wants,normal_play,0.0
3094.0,3098.0,test himself he wants to get better he went down to the highlanders in new zealand for,normal_play,0.0
3097.5,3101.5,new zealand for that very reason so he can be better for these kind of moments,normal_play,0.0
3101.0,3105.0,kind of moments those kind of game changing plays he just made,lineout,0.2202
3104.5,3108.5,made first throw for the replacement,lineout,0.2202
3108.0,3112.0,dalmatene comes tearing through,normal_play,0.0
3111.5,3115.5,through takes out the japanese player thats a penalty advantage brave blossoms,normal_play,0.0
3115.0,3119.0,brave blossoms samoas discipline,penalty,0.4576
3118.5,3122.5,faltering and remember jonathan dalmatene has already been sinned,penalty,0.4576
3122.0,3126.0,already been sinned for a fairly similar offense without the ball,penalty,0.4576
3125.5,3129.5,the ball hes got to be careful the,normal_play,0.0
3129.0,3133.0,the call is going to be because he came through tackle the player without the ball there,normal_play,0.0
3132.5,3136.5,the ball there wasnt much in it he was taking a gamble hes an ultimate competitor,normal_play,0.0
3136.0,3140.0,ultimate competitor hes the 26 year old,normal_play,0.0
3139.5,3143.5,year old hes from moana pacifica,normal_play,0.0
3143.0,3147.0,rukiya matsuda,normal_play,0.0
3146.5,3150.5,rukiya matsuda propels japan closer to samoa 22,normal_play,0.0
3150.0,3154.0,samoa 22 two new props craig,normal_play,0.0
3153.5,3157.5,new props craig miller and asaoli aivalu bearing,normal_play,0.0
3157.0,3161.0,bearing themselves for action soto shota horiya,normal_play,0.0
3160.5,3164.5,horiya whos sinning periods has a few seconds left,normal_play,0.0
3164.0,3168.0,here comes japan,normal_play,0.0
3167.5,3171.5,japan they rev the engine again,normal_play,0.4032
3171.0,3175.0,saito nakamura introduces amato,normal_play,0.4032
3174.5,3178.5,introduces amato fakatawa who made his debut against samoa in,normal_play,0.4032
3178.0,3182.0,samoa in july he fell into it no foul play big pong aboard look,normal_play,0.4032
3181.5,3185.5,aboard look forward no foul action he fell into it,normal_play,0.4032
3185.0,3189.0,saito going,normal_play,0.4032
3188.5,3192.5,saito going blinds introducing michael leach,normal_play,0.4032
3192.0,3196.0,the cry of leach and the japanese supporters whenever he gets hands on,normal_play,0.4032
3195.5,3199.5,gets hands on ball matsuda again brilliant action on those passes,normal_play,0.399
3199.0,3203.0,action on those passes hes just put them through the fingertips,normal_play,0.399
3202.5,3206.5,good feet from yako peipo to avoid being caught in,normal_play,0.0
3206.0,3210.0,in a rather painful samoan sandwich,normal_play,0.0
3209.5,3213.5,kimeno,normal_play,0.2296
3213.0,3217.0,inagaki beautiful soft hands as,normal_play,0.2296
3216.5,3220.5,hands as he was levelled by lam japan on the front foot matsuda,normal_play,0.4032
3220.0,3224.0,foot matsuda le meki dylan riley,normal_play,0.4032
3223.5,3227.5,riley and now leveled scafani marauding in the wide exchanges,normal_play,0.4032
3227.0,3231.0,exchanges his run brought to a crashing end,normal_play,0.4032
3230.5,3234.5,end sadam alam misses the turnover opportunity,normal_play,0.27
3234.0,3238.0,turnover opportunity cant steal the ball back,normal_play,0.27
3237.5,3241.5,michael leach leaves it kazuki kimeno,normal_play,0.27
3241.0,3245.0,doesnt saito,normal_play,0.4032
3244.5,3248.5,saito leach,normal_play,0.3014
3248.0,3252.0,the phase is mounting the pressure of telling him,normal_play,0.3014
3251.5,3255.5,telling him nakamura spills it in the air fido brings,normal_play,0.4032
3255.0,3259.0,fido brings it away marius junker foul play,normal_play,0.0
3258.5,3262.5,play im going to show,normal_play,0.0
3262.0,3266.0,to show you the actions of,normal_play,0.0
3265.5,3269.5,actions of number 11 blue just step away please lads,normal_play,0.0
3269.0,3273.0,please lads just wait a moment just going to have a little look on the sidelines,normal_play,0.0
3272.5,3276.5,the sidelines maybe high contact we have to review that tackle over there theyre going to,normal_play,0.0
3276.0,3280.0,theyre going to review the tackle the television match official here,normal_play,0.0
3279.5,3283.5,official here comes the angles its been lam on 11 blue lam was,tmo_replay,0.85
3283.0,3287.0,blue lam was scafani of japan,tmo_replay,0.85
3293.5,3297.5,heres the other angle here we go hes,tmo_replay,0.7075
3297.0,3301.0,go hes up right,tmo_replay,0.8287
3300.5,3304.5,head contact up right head contact he meets the yellow card threshold,tmo_replay,0.5647
3304.0,3308.0,the yellow card threshold all agree,tmo_replay,0.5647
3307.5,3311.5,thats for the bunker that meets the yellow card threshold,tmo_replay,0.8394
3311.0,3315.0,the yellow card threshold number 11,card_event,0.8877
3314.5,3318.5,number 11 ben,card_event,0.8877
3318.0,3322.0,ben lam ullo he reluctantly plucks his gum shield from his,card_event,0.8877
3321.5,3325.5,shield from his mouth and trudges towards the naughty step the foul,card_event,1.0
3325.0,3329.0,step the foul play review official will assess this tackle,card_event,1.0
3328.5,3332.5,and decide whether it will remain yellow or turn a,normal_play,0.0
3332.0,3336.0,turn a colour one three and sixteen one three and,normal_play,0.0
3335.5,3339.5,three and sixteen worrying times for samoa japan have,normal_play,0.0
3339.0,3343.0,japan have the penalty and it is japan now who,normal_play,0.0
3342.5,3346.5,japan now who have the numerical advantage as shota horie returns and,normal_play,0.0
3346.0,3350.0,returns and they replace both props with keita inagaki,normal_play,0.0
3349.5,3353.5,keita inagaki jiwon gu coming on,normal_play,0.0
3353.0,3357.0,on horie returns which means johnny nakamura is back with us,normal_play,0.0
3356.5,3360.5,us and sushi sakate retreats to the bench,normal_play,0.0
3360.0,3364.0,and peter laboscafani is coming off for a head injury,normal_play,0.0
3363.5,3367.5,for a head injury assessment hes trotting down the tunnel,normal_play,0.0
3367.0,3371.0,the tunnel just now is it all done,normal_play,0.0
3374.0,3378.0,so applause for those players coming off,normal_play,0.0
3377.5,3381.5,it was a groan from the crowd when they saw that high contact,normal_play,0.0
3381.0,3385.0,high contact this front row has done their job they will now,normal_play,0.0
3384.5,3388.5,they will now sit and watch coach jimmy joseph will be happy,normal_play,0.0
3388.0,3392.0,be happy that call went their way,normal_play,0.0
3391.5,3395.5,send a player its that hia player they need to replace that hia,normal_play,0.0
3395.0,3399.0,that hia player this is the hia we talked about the independent doctors,normal_play,0.0
3398.5,3402.5,doctors that was the end of the other in the booth having a look to,normal_play,0.0
3402.0,3406.0,a look to make sure that all the guys are looked after and we are good to go,normal_play,0.0
3405.5,3409.5,so laboscafani is off for that head injury assessment which means warner derns,normal_play,0.0
3409.0,3413.0,warner derns this giant look forward hes,normal_play,0.0
3412.5,3416.5,hes been pulling up trees in the japanese top lead and week one as its now called,normal_play,0.0
3416.0,3420.0,as its now called comes on jiwon gu,normal_play,0.0
3419.5,3423.5,jiwon gu getting the strapping the japan go to the corner,normal_play,0.0
3423.0,3427.0,the corner who wants to press home their advantage,lineout,0.4726
3426.5,3430.5,theyre not interested in three points they want to,lineout,0.4726
3430.0,3434.0,they want to try and,lineout,0.4726
3433.5,3437.5,and here comes the japanese search,maul,0.3476
3437.0,3441.0,japanese search,maul,0.3476
3440.5,3444.5,looking to return the driving,maul,0.3049
3444.0,3448.0,the driving more compliment the penalty as well,maul,0.3049
3447.5,3451.5,penalty as well of the japanese,normal_play,0.0
3451.0,3455.0,loose players on the edge,normal_play,0.0
3454.5,3458.5,leave it thats a bad mistake from the samoans they already,normal_play,0.0
3458.0,3462.0,samoans they already had them stopped once they swim up the side,normal_play,0.0
3461.5,3465.5,side thats the penalty for coming around to the japanese side thats,normal_play,0.0
3465.0,3469.0,side thats poor discipline close to the line theyll know that mentioned about how devastating,normal_play,0.0
3468.5,3472.5,how devastating their mall is going forward but defensively youve got to,normal_play,0.0
3472.0,3476.0,youve got to be just as on point bear in mind its a makeshift pack,normal_play,0.0
3475.5,3479.5,makeshift pack at the moment with injuries coming right through this team,normal_play,0.0
3479.0,3483.0,team those combinations all important when it comes to trying to stop the,normal_play,0.0
3482.5,3486.5,to stop the driving mall the,normal_play,0.0
3486.0,3490.0,the l e a final rallies the troops,normal_play,0.0
3489.5,3493.5,samoas discipline creaking six penalty conceded now,normal_play,0.0
3493.0,3497.0,now another two yellow cards thats four in three rugby world cup,lineout,0.1697
3496.5,3500.5,rugby world cup matches and japan,lineout,0.1697
3500.0,3504.0,have got that surge on doing to samoa,maul,0.2908
3503.5,3507.5,doing to samoa what samoa do to others,try,0.9745
3514.0,3518.0,the tectonic plate shift as the,normal_play,0.0
3517.5,3521.5,as the japanese pack rumbles,normal_play,0.0
3521.0,3525.0,and that is a seismic moment in this pool d,normal_play,0.0
3524.5,3528.5,this pool d showdown and it looks like michael leitch has it again,normal_play,0.0
3528.0,3532.0,has it again well the veteran is on the ball but theyre flirting,normal_play,0.0
3531.5,3535.5,ball but theyre flirting with the side and watch the touch down hes going to get burned in there clear call,normal_play,0.0
3535.0,3539.0,clear call great drive by the japanese well executed,normal_play,0.0
3538.5,3542.5,well executed theyve lost two lineups in this match keep that in mind this one no doubt about it,normal_play,0.0
3542.0,3546.0,about it they brought it down this,normal_play,0.0
3545.5,3549.5,this is his view right here looking for the ball going down over the,normal_play,0.0
3549.0,3553.0,down over the line there it is,normal_play,0.0
3559.5,3563.5,michael leitch appears to have doubled up here,normal_play,0.0
3563.0,3567.0,here japan lead by 14 points with a kick to come,normal_play,0.0
3566.5,3570.5,to come one more try and they secure an all importance,normal_play,0.0
3570.0,3574.0,all importance try bonus point as well,normal_play,0.0
3584.0,3588.0,matsuda from the touchline,goal_kick,0.757
3587.5,3591.5,touchline not this time first miss of the rugby world cup for,goal_kick,0.8688
3591.0,3595.0,cup for rikiya matsuda but japan now with,normal_play,0.0
3594.5,3598.5,now with a handsome lead a 14 point lead and obasa,normal_play,0.0
3598.0,3602.0,and obasa manaya serahla mapusua prepares to bring on some,normal_play,0.0
3601.5,3605.5,to bring on some of his previous pieces up front samo malono,normal_play,0.0
3605.0,3609.0,samo malono jordan le and michael ala ala toa the,normal_play,0.0
3608.5,3612.5,ala toa the co captain,normal_play,0.0
3612.0,3616.0,its an entire baby of front goal replacements from anu samoa,normal_play,0.0
3615.5,3619.5,from anu samoa james le serahla lam paul alo emile off,normal_play,0.0
3619.0,3623.0,alo emile off we,normal_play,0.0
3622.5,3626.5,we have a yellow card yes all sorts,normal_play,0.0
3626.0,3630.0,yes all sorts happening here so the yellow card has been upgraded to,normal_play,0.0
3629.5,3633.5,upgraded to red high degree of danger no mitigation,normal_play,0.0
3633.0,3637.0,direct contact to the head yellow card has been upgraded,normal_play,0.0
3636.5,3640.5,upgraded huge news from the bunker captain,normal_play,0.0
3640.0,3644.0,weve got an outcome from the bunker,normal_play,0.0
3647.0,3651.0,weve got an outcome from the bunker the yellow card has,card_event,1.0
3650.5,3654.5,has been upgraded to a red card high degree of danger no mitigation,card_event,0.9069
3654.0,3658.0,danger no mitigation no its clear direct hit contact no clear,card_event,0.9069
3657.5,3661.5,contact no clear mitigation fritz lee,card_event,0.9069
3661.0,3665.0,fritz lee pleads his case but thats a massive decision,card_event,1.0
3664.5,3668.5,massive decision ben lam sent,normal_play,0.0
3668.0,3672.0,sent off manu samoa finished this game with 14,normal_play,0.0
3671.5,3675.5,game with 14 and this is why i dont think its,normal_play,0.0
3675.0,3679.0,dont think its similar as the samoan captain was asking why i think,normal_play,0.0
3678.5,3682.5,why i think the contact is direct and its clean for me,normal_play,0.0
3682.0,3686.0,for me its different rob than the previous one which is more awkward the upright contact,normal_play,0.0
3685.5,3689.5,contact still players looking to go above that ball thats the risk that,normal_play,0.0
3689.0,3693.0,thats the risk that you run abhishek they did dip down a bit into it but it wasnt,normal_play,0.0
3692.5,3696.5,it but it wasnt enough for the television match officials to suggest it was mitigated,normal_play,0.0
3696.0,3700.0,suggest it was mitigated first red card for samoa,normal_play,0.0
3699.5,3703.5,card for samoa at this rugby world cup thanks,normal_play,0.0
3703.0,3707.0,right set up,normal_play,0.0
3706.5,3710.5,off,normal_play,0.0
3717.0,3721.0,good outside inside ben,scrum,0.1384
3720.5,3724.5,inside ben lam will watch the rest of this match fine,scrum,0.1384
3724.0,3728.0,fine from the shadows of the samoan technical team,scrum,0.143
3727.5,3731.5,team what,scrum,0.143
3731.0,3735.0,what an opportunity for japan now to take this game,normal_play,0.0
3734.5,3738.5,take this game by the scuffle of the match as dele baili sends it on to,normal_play,0.4032
3738.0,3742.0,sends it on to lemeke hit blocked by ed fido,normal_play,0.4032
3741.5,3745.5,it did go forwards and the frustration,normal_play,0.4032
3745.0,3749.0,and the frustration is building for samoa they cannot get a foothold in this match,normal_play,0.0
3748.5,3752.5,foothold in this match yeah i was going to say you can see it on ed fido he,normal_play,0.0
3752.0,3756.0,ed fido he wanted to grab that ball and get going frustration across the,normal_play,0.0
3755.5,3759.5,across the park but really good work from japan at scrum,normal_play,0.0
3759.0,3763.0,japan at scrum town and the late booker in,normal_play,0.0
3762.5,3766.5,saito he actually runs off the base and,normal_play,0.0
3766.0,3770.0,base and he lets the defence give him what they give him the last two plays,normal_play,0.0
3769.5,3773.5,last two plays hes gone wide weve got good games,normal_play,0.0
3773.0,3777.0,as they ship it out wide and of course samoa with only 14 on the field,normal_play,0.0
3776.5,3780.5,the field,scrum,0.1919
3780.0,3784.0,samoa have to be so careful that frustration doesnt,scrum,0.1919
3783.5,3787.5,frustration doesnt lead to yet more ill discipline theyre going to get tired in this last,scrum,0.1919
3787.0,3791.0,in this last stanza of the game japan did all the work but theyre the younger fitter team,scrum,0.1919
3790.5,3794.5,team,scrum,0.1677
3794.0,3798.0,boi saito the smallest one on the field,scrum,0.1677
3797.5,3801.5,one on the field feeds the scullage 1 65m or,scrum,0.1677
3801.0,3805.0,65m or just under 5ft 5in tall,normal_play,0.0
3804.5,3808.5,might be a fight,normal_play,0.0
3808.0,3812.0,all were hoping to see is at this stage with substitute,normal_play,0.0
3811.5,3815.5,replacement front row forwards in there not the ones that jaco piper would have,normal_play,0.0
3815.0,3819.0,jaco piper would have had a conversation with before the match during the first match he didnt take the,normal_play,0.0
3818.5,3822.5,he didnt take the weight he can hold consistency he didnt hold and,normal_play,0.0
3822.0,3826.0,hold and then the obligation to take the weight you cant step away after samoa here,normal_play,0.0
3825.5,3829.5,here,normal_play,0.0
3832.5,3836.5,argentina take on chile,scrum,0.3008
3836.0,3840.0,on chile in their next match in the rugby world cup pouyidi,scrum,0.3008
3839.5,3843.5,pouyidi with a point behind samoa and japan coming,scrum,0.3008
3843.0,3847.0,japan coming into this match they will be targeting the maximum 5,scrum,0.3008
3846.5,3850.5,5 against their south american rivals that would make for,normal_play,0.0
3850.0,3854.0,that would make for a very interesting finale between japan and argentina,normal_play,0.0
3853.5,3857.5,and argentina a potential shootout for a quarterfinal sport,normal_play,0.0
3857.0,3861.0,sport in the next sunday both of you are new players,normal_play,0.0
3860.5,3864.5,you are new players well credit all the scrum coaches and the referees around the world there have been,normal_play,0.0
3864.0,3868.0,the world there have been very very few resets the second reset scrum,normal_play,0.0
3867.5,3871.5,scrum we practically havent seen this at all in this world cup and its great to,normal_play,0.0
3871.0,3875.0,great to keep the game moving its taking a while to get these new boys settled here,normal_play,0.0
3874.5,3878.5,here it is ill just get back to eddie jones saying the last thing you want to see in a rugby match are people doing the mexican,normal_play,0.0
3878.0,3882.0,people doing the mexican wave because it means theyre not being entertained on the pitch but reset,normal_play,0.0
3881.5,3885.5,but reset scrum is part of it the collision of these two teams is massive its,scrum,0.1562
3885.0,3889.0,massive its understandable sometimes it doesnt quite remain upright well if eddie jones,scrum,0.1562
3888.5,3892.5,well if eddie jones is concerned about the mexican wave that may explain a few things its,scrum,0.1105
3892.0,3896.0,things its a few weeks for him its been linked with a return to,scrum,0.1105
3895.5,3899.5,a return to japan by australian media,scrum,0.1432
3902.5,3906.5,angle and the japanese pack decimating samoa just,normal_play,0.0
3906.0,3910.0,samoa just angle that is a demolition job,normal_play,0.0
3909.5,3913.5,dominance turned on the angle,normal_play,0.0
3913.0,3917.0,so if he said dominance and then turned on,normal_play,0.0
3916.5,3920.5,then turned on the angle i would have argued that was maybe the other way samoa were dominating,normal_play,0.0
3920.0,3924.0,were dominating and youre going to elect to have a shot at,normal_play,0.0
3923.5,3927.5,to have a shot at goal and why not his clock is ticking away,normal_play,0.0
3927.0,3931.0,away hes,normal_play,0.0
3930.5,3934.5,hes saying there was japanese dominance i have to tell,normal_play,0.0
3934.0,3938.0,i have to tell but great shot from the cable cam,normal_play,0.0
3937.5,3941.5,difficult,normal_play,0.0
3941.0,3945.0,difficult to see its like a ouija board sometimes hes forcing the scrum,normal_play,0.0
3944.5,3948.5,forcing the scrum i dont know if its sideways or forward movement from one of the teams,normal_play,0.0
3948.0,3952.0,one of the teams but either way japan now with the opportunity to get further extend this league,normal_play,0.0
3951.5,3955.5,this league,normal_play,0.0
3955.0,3959.0,its far side,normal_play,0.0
3958.5,3962.5,side rikiya matsuda,goal_kick,0.7956
3962.0,3966.0,rikiya matsuda blinks and frowns at the uprights,goal_kick,0.7956
3965.5,3969.5,at the uprights deep breaths to steady his heart,goal_kick,0.7956
3969.0,3973.0,steady his heart rate this for a three,goal_kick,0.7113
3972.5,3976.5,for a three score lead rikiya,goal_kick,0.7113
3976.0,3980.0,rikiya matsuda nails it,normal_play,0.0
3979.5,3983.5,japan 25 samoa 8,normal_play,0.0
3983.0,3987.0,8 and look at how special that is,normal_play,0.0
3986.5,3990.5,for the japanese faithful what a kick from matsuda,normal_play,0.0
3990.0,3994.0,a kick from matsuda straight as an arrow huge for the fans but,normal_play,0.0
3993.5,3997.5,fans but what a lift for his forwards they know scoreboard is ticking over,kick_off,0.3237
3997.0,4001.0,is ticking over 17 points now and samoa are going to have to start to chase this,kick_off,0.3237
4000.5,4004.5,to chase this game its awkward in the air,normal_play,0.0
4004.0,4008.0,jack cornelson out mcfarlane they feel mcfarlane,normal_play,0.0
4007.5,4011.5,feel mcfarlane in the air good attempt for the ball both of them the two,normal_play,0.4032
4011.0,4015.0,of them the two bean poles collide cornelson comes up with a match ball,normal_play,0.329
4014.5,4018.5,a match ball not a sight,normal_play,0.329
4018.0,4022.0,laces that one into the sky dylan riley knocks it,normal_play,0.329
4021.5,4025.5,riley knocks it back and then dalphor basketball style to,normal_play,0.4032
4025.0,4029.0,style to manu paye awa finds danny towara on,normal_play,0.4032
4028.5,4032.5,towara on the outside samoa need a response and they need one,normal_play,0.4032
4032.0,4036.0,and they need one pronto three scores 17,normal_play,0.4032
4035.5,4039.5,17 points behind paye awa straightening,normal_play,0.2415
4039.0,4043.0,straightening only to michael leitch who is everywhere,normal_play,0.2415
4042.5,4046.5,is everywhere tonight saito,normal_play,0.4032
4046.0,4050.0,saito calling for that ball to be moved by leneke big overlap,normal_play,0.4032
4049.5,4053.5,overlap leneke took the pragmatic option,normal_play,0.4032
4053.0,4057.0,option towara have a seat danny towara,normal_play,0.4032
4056.5,4060.5,johnny knight mets him and japan,normal_play,0.0
4060.0,4064.0,and japan win the penalty and jaco paye brown,penalty,0.6128
4063.5,4067.5,marches samoa backwards for a bit of lip,penalty,0.6128
4067.0,4071.0,from jonathan dalmatini who really has to be careful its,normal_play,0.0
4070.5,4074.5,careful its conceded two penalty since returning from a sin burning,normal_play,0.0
4074.0,4078.0,yeah and there was an overlap and they were calling for it but,normal_play,0.0
4077.5,4081.5,calling for it but it works both ways if you kick to that side then the overlap is there theres,normal_play,0.0
4081.0,4085.0,is there theres more defenders than attackers and thats what happened big tackle,normal_play,0.0
4084.5,4088.5,big tackle,normal_play,0.0
4088.0,4092.0,towara calling for paye brown,normal_play,0.2424
4091.5,4095.5,brown this is clearly on the ball theres nothing wrong with it with the bleach,normal_play,0.2424
4095.0,4099.0,with the bleach ones here,normal_play,0.0
4098.5,4102.5,youve got to do the tackle first look how,normal_play,0.0
4102.0,4106.0,first look how many waitresses arrive its three to one and they cant clean them,normal_play,0.0
4105.5,4109.5,they cant clean them all out textbook tackling theres a lot of discussion about,normal_play,0.0
4109.0,4113.0,discussion about it great work,normal_play,0.0
4112.5,4116.5,great work from japan in defence line george,normal_play,0.0
4116.0,4120.0,seven handling errors made by samoa,normal_play,0.0
4119.5,4123.5,by samoa and a struggle for the team possession,normal_play,0.0
4123.0,4127.0,team possession and now changes me its off it is off,normal_play,0.0
4126.5,4130.5,off sisi sakate on it for japan,lineout,0.3087
4130.0,4134.0,for japan rani matabao replaces the indiscipline tal matene its grumhath for,lineout,0.3087
4133.5,4137.5,its grumhath for samoa and weve got an aramanga motunga,lineout,0.3087
4137.0,4141.0,aramanga motunga as well japan leaving some pretty patterns,normal_play,0.4032
4140.5,4144.5,some pretty patterns as johnny nakambula 19 try in 25,normal_play,0.4032
4144.0,4148.0,25 club matches in japan with the charge,normal_play,0.4032
4147.5,4151.5,charge its tachimaru dragging,normal_play,0.4032
4151.0,4155.0,dragging samoans with him and the ball and the man,penalty,0.3388
4154.5,4158.5,and the man the motunga and will be awarded with a penalty,penalty,0.3388
4158.0,4162.0,penalty straight off the bench thats the kind of impact,penalty,0.3388
4161.5,4165.5,the kind of impact alvazam manaya from alamaposua was looking for from his,normal_play,0.0
4165.0,4169.0,looking for from his flanker,normal_play,0.0
4168.5,4172.5,yeah clocks running away here coming up to 60 minutes look,normal_play,0.0
4172.0,4176.0,60 minutes look at this little touch well thats when he got isolated nice,normal_play,0.0
4175.5,4179.5,nice work from samoa coming up to 60 minutes samoas going to have,normal_play,0.0
4179.0,4183.0,samoas going to have to reinvent itself a little bit of a chat of what tactics are going to,normal_play,0.0
4182.5,4186.5,what tactics are going to put in play 17 points the gap and this is really,normal_play,0.0
4186.0,4190.0,and this is really the rugby world cup quarter final on the,normal_play,0.0
4189.5,4193.5,on the and im talking here,normal_play,0.0
4193.0,4197.0,here great impact from the substitutes,normal_play,0.0
4196.5,4200.5,from the substitutes as well and alamanda motunga he is an absolute,lineout,0.4726
4200.0,4204.0,is an absolute effervescent player when hes on the pitch he will go all day,lineout,0.4726
4203.5,4207.5,day heres pritzley samoa needs some,normal_play,0.4032
4207.0,4211.0,samoa needs some inspiration can the captain be the man to provide it maka,normal_play,0.4032
4210.5,4214.5,it maka vaal lovely pass manus splitting japan,normal_play,0.0
4214.0,4218.0,manus splitting japan up the middle hes got mcfarlane with him but the pass,normal_play,0.0
4217.5,4221.5,pass doesnt go to hand,normal_play,0.3309
4221.0,4225.0,that would have been a wonderful try instead japan,normal_play,0.3309
4224.5,4228.5,japan are countering from deep and heres reilly,normal_play,0.4032
4228.0,4232.0,reilly wheres a big shot from luotua and that kambula shackled,normal_play,0.4032
4231.5,4235.5,kambula shackled salto and celia ivalu onto,normal_play,0.4032
4235.0,4239.0,celia ivalu onto craig miller whos blasted back by mcfarlane but the ball is moved,normal_play,0.0
4238.5,4242.5,ball is moved on japan have an overlap leneke straightening,normal_play,0.4032
4242.0,4246.0,straightening too quick for ed fido and then the tap tackle comes in in,normal_play,0.4032
4245.5,4249.5,in in the nick of time,normal_play,0.4032
4249.0,4253.0,brilliant recovery work and this is melikifano,normal_play,0.0
4252.5,4256.5,melikifano this was a half gap work,normal_play,0.0
4256.0,4260.0,half gap work from milani matavaal back to the middle,normal_play,0.0
4259.5,4263.5,middle offload from manu doesnt quite go to hand,normal_play,0.0
4263.0,4267.0,hand finally a line break for samoa,normal_play,0.0
4266.5,4270.5,samoa good footwork there just forced the pass to the big man,normal_play,0.0
4270.0,4274.0,mcfarlane couldnt hold it were going to have a little time out here,normal_play,0.0
4273.5,4277.5,here the japanese getting lots of,normal_play,0.0
4277.0,4281.0,getting lots of bodies there and theyre not afraid to go wide,normal_play,0.0
4280.5,4284.5,wide he kept this one i think maybe he was thinking he,normal_play,0.0
4284.0,4288.0,thinking he should have stayed on the park get the pressure on samoa,normal_play,0.0
4287.5,4291.5,samoa alamando motuma was flying in like a torpedo,normal_play,0.0
4291.0,4295.0,torpedo alamando lemekes fall took him just beneath,normal_play,0.0
4294.5,4298.5,beneath the lunging samoa that would,normal_play,0.0
4298.0,4302.0,that would have been a rib tip there he,normal_play,0.0
4301.5,4305.5,he paused for the water break on 60 minutes players have,normal_play,0.0
4305.0,4309.0,players have taken on the hydration listen fellas come on,normal_play,0.0
4308.5,4312.5,were ready to go again,normal_play,0.0
4312.0,4316.0,jack poynter some watches on his father,lineout,0.4726
4315.5,4319.5,his father was a legendary wallaby he scored four try in a match against,lineout,0.4726
4319.0,4323.0,try in a match against new zealand and young jack doing the family name another line,normal_play,0.0
4322.5,4326.5,another line out steal theres trouble matsushima,normal_play,0.0
4326.0,4330.0,matsushima off on the rampage cant do it all on his own,normal_play,0.0
4329.5,4333.5,on his own and the flag is up on the far side as jimeno carried,normal_play,0.0
4333.0,4337.0,as jimeno carried on first glimpse weve had of,normal_play,0.0
4336.5,4340.5,glimpse weve had of kotaro matsushima in open prairie thats,normal_play,0.0
4340.0,4344.0,thats why they call him the ferrari well thats as good an individual run,normal_play,0.0
4343.5,4347.5,an individual run as weve seen hes cleaning up at the back steps two and then finds,normal_play,0.0
4347.0,4351.0,and then finds the corners open had he scored this this might have been a good try at,normal_play,0.0
4350.5,4354.5,been a good try at the tournament but theyre off and running on samoa samoa,normal_play,0.4032
4354.0,4358.0,samoa need to play tomoa manu at the heart of their best,normal_play,0.4032
4357.5,4361.5,heart of their best attacking phases heres michael ala alatoa of,normal_play,0.3649
4361.0,4365.0,alatoa of leinster dublin ireland,normal_play,0.3649
4364.5,4368.5,matabao plenty of space in behind emeki,normal_play,0.4032
4368.0,4372.0,sharp on it just about turns onto that its,normal_play,0.4032
4371.5,4375.5,its hot and humid here in toulouse emeki drops,normal_play,0.4032
4375.0,4379.0,emeki drops one on manu stays infield well,normal_play,0.4032
4378.5,4382.5,infield well three,normal_play,0.2857
4382.0,4386.0,ala alatoa that puts him close the,normal_play,0.2857
4385.5,4389.5,the ferocity of these japanese hits they mightnt have the size of,normal_play,0.2857
4389.0,4393.0,have the size of the samoans but theyve got the power thats brilliant from paia awa,normal_play,0.4032
4392.5,4396.5,paia awa malolo goose stepping forth,normal_play,0.4032
4396.0,4400.0,driven back by cornelsen who wraps up that ball,normal_play,0.4032
4399.5,4403.5,up that ball prevents a crucial offload menani matabao,normal_play,0.4032
4403.0,4407.0,menani matabao stepping the seven specialist engulfed,normal_play,0.4032
4406.5,4410.5,engulfed flattened thats eli aivano big physical mismatch,normal_play,0.4032
4410.0,4414.0,physical mismatch heres mcfarland if anybody,normal_play,0.4032
4413.5,4417.5,if anybody can haul samoa back into this game its their second,normal_play,0.4032
4417.0,4421.0,their second goal phenomenon,normal_play,0.4032
4420.5,4424.5,matabao and on the short side plenty of,normal_play,0.3013
4424.0,4428.0,side plenty of space three super rugby titles with the crusaders,normal_play,0.3013
4427.5,4431.5,with the crusaders from canterbury new zealand jordan ray,normal_play,0.4032
4431.0,4435.0,jordan ray elder brother of james the man who replaced luce krupp,normal_play,0.231
4434.5,4438.5,luce krupp eli aivano black,normal_play,0.231
4438.0,4442.0,aivano black pass to motuma motuma releases gets up,normal_play,0.231
4441.5,4445.5,gets up drives again commits another defender,normal_play,0.4032
4445.0,4449.0,matabao with that language style whats missed everybody,normal_play,0.4032
4448.5,4452.5,missed everybody anatoas in real trouble here he didnt have the pace japan,normal_play,0.4032
4452.0,4456.0,pace japan do and japan are streaking clear matsushimas,normal_play,0.0
4455.5,4459.5,matsushimas gone wheel,try,1.0
4459.0,4463.0,wheel chip for a knock on,try,1.0
4462.5,4466.5,but that was backwards,normal_play,0.0
4466.0,4470.0,katsuryu matsushima he comes off blue may have,normal_play,0.0
4469.5,4473.5,may have settled this game,normal_play,0.0
4473.0,4477.0,iyaku theres a clear knock on you need to come back to the knock,normal_play,0.0
4476.5,4480.5,back to the knock on of the white players in,normal_play,0.0
4480.0,4484.0,confirmed its off a blue hand sorry a white hand so we go back for,tmo_replay,0.85
4483.5,4487.5,go back for a knock on yeah it did look like it i think even matsushima knew it he had the grin on his face nice moment,tmo_replay,0.85
4487.0,4491.0,face nice moment to get the crowd on their feet fairly clear,tmo_replay,0.85
4490.5,4494.5,clear they were trying to clear up that loose ball on the far side line here it is,tmo_replay,0.85
4494.0,4498.0,here it is chasing through on the,tmo_replay,0.85
4497.5,4501.5,on the 10 metre theres a white hand on it theres a blue hand,tmo_replay,0.672
4501.0,4505.0,theres a blue hand definitely but a white finger as well,tmo_replay,0.672
4504.5,4508.5,as well that was close,tmo_replay,0.6572
4508.0,4512.0,was close thats a tight approach worst nightmare,tmo_replay,0.85
4511.5,4515.5,worst nightmare chasing a bubbling ball on the turn,normal_play,0.0
4515.0,4519.0,turn before youre in the centre breathing down your net,normal_play,0.0
4518.5,4522.5,and japan are going to bring on the wanderdairns for jack cornels,normal_play,0.0
4522.0,4526.0,for jack cornels and whos had such a fine game today,normal_play,0.0
4525.5,4529.5,as the players come on jamie just the tightness of this japanese,normal_play,0.0
4529.0,4533.0,tightness of this japanese team look at it there it sort of symbolises where the players are they came together,normal_play,0.0
4532.5,4536.5,together theyre messaging their next play the simons have been really disparate,normal_play,0.0
4536.0,4540.0,been really disparate theyve been spread out a lot more and not quite as tight,normal_play,0.0
4539.5,4543.5,as tight,normal_play,0.0
4543.0,4547.0,yeah it didnt look right at first,normal_play,0.0
4546.5,4550.5,first nice off road again from leeds,normal_play,0.0
4550.0,4554.0,michael leach is such,normal_play,0.0
4553.5,4557.5,leach is such a nose for opportunities he follows the ball around like a bloodhound,normal_play,0.0
4557.0,4561.0,bloodhound however there is a significant piece of play,normal_play,0.0
4560.5,4564.5,piece of play you can bet the japanese warhorse has,normal_play,0.0
4564.0,4568.0,has that something to do with it well for me two of the best japanese players,normal_play,0.0
4567.5,4571.5,best japanese players out here the two 34 year olds michael leach,normal_play,0.0
4571.0,4575.0,and indeed lamanolaba lameke,normal_play,0.0
4574.5,4578.5,outstanding contribution from both of the senior vets,scrum,0.1179
4578.0,4582.0,michael,scrum,0.1179
4581.5,4585.5,michael leach top of the tackle charts as well by the way hes made 16,scrum,0.1179
4585.0,4589.0,16 japan doing a lot of defensive work,scrum,0.1075
4588.5,4592.5,of defensive work 43 possession he returns of,scrum,0.1075
4592.0,4596.0,he returns of course to 150 tackle gonna have to,normal_play,0.0
4595.5,4599.5,gonna have to defend some more here 14 man samoa up against,normal_play,0.0
4599.0,4603.0,up against it fighting the odds,normal_play,0.4032
4602.5,4606.5,but still with plenty of juice in their boots fritz,normal_play,0.4032
4606.0,4610.0,fritz lee around the corner he goes and,normal_play,0.4032
4609.5,4613.5,and samoa going route one,normal_play,0.4032
4613.0,4617.0,brian alain o hessie look at the big horse in,normal_play,0.3225
4616.5,4620.5,horse in the second row committing men sucking japanese,normal_play,0.3225
4620.0,4624.0,sucking japanese defenders inexorably inwards,normal_play,0.4032
4623.5,4627.5,inwards remember,normal_play,0.1299
4627.0,4631.0,remember manu samoa with ben lans sent off playing the man,normal_play,0.1299
4630.5,4634.5,playing the man down opting to use that brute physicality,try,1.0
4634.0,4638.0,that brute physicality the penalty advantage mcfarland slips,try,1.0
4637.5,4641.5,mcfarland slips the off all the way leali ifano to within a meter,try,1.0
4641.0,4645.0,meter mcfarland goes again bronson try time,try,1.0
4644.5,4648.5,time duncan brian awa game on,try,1.0
4651.5,4655.5,well the 14 men of manu samoa,normal_play,0.0
4655.0,4659.0,of manu samoa have given themselves a chance well,normal_play,0.0
4658.5,4662.5,well worked try finally they got an incursion through the,normal_play,0.0
4662.0,4666.0,incursion through the middle of this japanese defense it was pounding running the,normal_play,0.0
4665.5,4669.5,pounding running the big men carrying hard look at that bouncing tacklers finally some,normal_play,0.0
4669.0,4673.0,finally some go forward thats been the issue today japanese defense,normal_play,0.0
4672.5,4676.5,japanese defense has just been too tight stepping out of one and then,normal_play,0.0
4676.0,4680.0,and then as they tremble 10 meters out nice little offload there,normal_play,0.0
4679.5,4683.5,there patient enough to flip it out wide calling for it clapping his,normal_play,0.0
4683.0,4687.0,clapping his hands low dive full,normal_play,0.0
4686.5,4690.5,full back duncan paiwa,normal_play,0.0
4690.0,4694.0,does well to score goes low rob doesnt give him a chance to get under the,normal_play,0.0
4693.5,4697.5,chance to get under the ball how about jamie corley as well,normal_play,0.0
4697.0,4701.0,corley as well if someone was going to make a difference it was mcfarland two interjections,normal_play,0.0
4700.5,4704.5,two interjections in that phase of play special,normal_play,0.0
4704.0,4708.0,special special human but also incredible rugby player,goal_kick,0.8688
4707.5,4711.5,rugby player you wouldnt,goal_kick,0.8688
4711.0,4715.0,you wouldnt think theo mcfarland had only just returned from a debilitating anterior,goal_kick,0.8688
4714.5,4718.5,debilitating anterior cruciate ligament damage to his knee missed six months,goal_kick,0.8688
4718.0,4722.0,missed six months of the english premiership season with saracens he hasnt missed a,goal_kick,0.8688
4721.5,4725.5,hasnt missed a step every point crucial now,goal_kick,0.6102
4725.0,4729.0,every kick important leali,goal_kick,0.6102
4728.5,4732.5,leali ifano from the touchline up go the,goal_kick,0.8688
4732.0,4736.0,up go the flags theres the lift manu,goal_kick,0.8688
4735.5,4739.5,the lift manu samoa needed,normal_play,0.0
4739.0,4743.0,and suddenly its a 10 point game again,normal_play,0.0
4742.5,4746.5,again,normal_play,0.0
4746.0,4750.0,big men carrying the ball,normal_play,0.0
4749.5,4753.5,the ball the off hounds would actually go to hand this time,normal_play,0.0
4753.0,4757.0,and the awareness to flip it out doing all the work theo mcfarland digging,normal_play,0.0
4756.5,4760.5,mcfarland digging it out,normal_play,0.0
4763.5,4767.5,second try for samoa and as they see it,kick_off,0.4401
4767.0,4771.0,and as they see it goes to samoan islands that was sikki sikki samoa,normal_play,0.0
4770.5,4774.5,samoa fritz lee music from motuma,normal_play,0.0
4774.0,4778.0,music from motuma thats fine that was a,normal_play,0.0
4777.5,4781.5,was a tight forward that did the damage,normal_play,0.0
4781.0,4785.0,theo mcfarland of course allying power,normal_play,0.0
4784.5,4788.5,allying power to all court scale forward,normal_play,0.4032
4788.0,4792.0,forward they come again at alatoa helping out this time,normal_play,0.2196
4791.5,4795.5,time leali matabao leali,normal_play,0.2196
4795.0,4799.0,matabao leali ifano under pressure gets the kick away three,normal_play,0.4032
4798.5,4802.5,three blue shirt to chasers mcfarland up there again it just,normal_play,0.0
4802.0,4806.0,it just went forward through his hands its,normal_play,0.0
4805.5,4809.5,its not a bad tactic when youve got 6 foot 7 inch,normal_play,0.0
4809.0,4813.0,inch basketball behemoth who can run as,normal_play,0.0
4812.5,4816.5,who can run as quick as most backs and can jump higher than anybody else,normal_play,0.0
4816.0,4820.0,anybody else looming in,normal_play,0.0
4819.5,4823.5,in lomano limeckis wing view mirror he lost the rebound,normal_play,0.0
4823.0,4827.0,the rebound there but this really is a game of inches how do,normal_play,0.0
4826.5,4830.5,how do you held that do that again it was all on,normal_play,0.0
4830.0,4834.0,all on,normal_play,0.0
4833.5,4837.5,i can feel,normal_play,0.0
4837.0,4841.0,can feel theres going to be a theo mcfarland reel after this game,normal_play,0.0
4840.5,4844.5,hes doing so much positive stuff,normal_play,0.0
4844.0,4848.0,in the air around the base,normal_play,0.0
4847.5,4851.5,start in the making,normal_play,0.0
4851.0,4855.0,lomano limecki,normal_play,0.0
4854.5,4858.5,lomano limecki roach,normal_play,0.0
4858.0,4862.0,roach first start,normal_play,0.0
4861.5,4865.5,20 females,normal_play,0.0
4865.0,4869.0,too much weight we heard it,normal_play,0.0
4868.5,4872.5,we heard it from our referee too much weight from the salmon going through too early,normal_play,0.0
4872.0,4876.0,too early going forward its after the hit,normal_play,0.0
4875.5,4879.5,after the hit so japan will most likely choose another,normal_play,0.0
4879.0,4883.0,likely choose another scrum and they have its like warner darrens,normal_play,0.0
4882.5,4886.5,its like warner darrens shooting it from breda misha curls,normal_play,0.0
4886.0,4890.0,curls hes got serious sporting pedigree,normal_play,0.0
4889.5,4893.5,move to japan as a young boy as a teenager because his dad grant was,normal_play,0.0
4893.0,4897.0,dad grant was a strength and conditioning coach he got a job at one of the top teams in japan,normal_play,0.0
4896.5,4900.5,in japan studdites played for japan before he actually,normal_play,0.0
4900.0,4904.0,before he actually played a pro club match his mum tanya is an,normal_play,0.0
4903.5,4907.5,is an international netballer for the silver ferns of new zealand,scrum,0.2877
4907.0,4911.0,zealand how about scoring a try in his debut against his,scrum,0.2877
4910.5,4914.5,his birthright nation new zealand amazing,scrum,0.1893
4917.5,4921.5,and its japan with the squeeze on,scrum,0.1893
4921.0,4925.0,on pulverising samoa at scrum time,normal_play,0.0
4924.5,4928.5,time theyve got a penalty advantage they can use the wide men naikambora,normal_play,0.0
4928.0,4932.0,naikambora chippewas chasing naikambora gathering,normal_play,0.4032
4931.5,4935.5,gathering the offload not quite there but japan comes,normal_play,0.4032
4935.0,4939.0,japan comes steaming into samoan territory,normal_play,0.0
4938.5,4942.5,a try here would surely kill it and bagaboh this point downs,normal_play,0.0
4942.0,4946.0,point downs the juggernaut another penalty advantage,normal_play,0.0
4945.5,4949.5,penalty advantage to japan,normal_play,0.1763
4949.0,4953.0,kazuki himeno,normal_play,0.1763
4952.5,4956.5,three meters out sato,normal_play,0.4032
4956.0,4960.0,sato matsuda matsushimas in the line can he conjure,normal_play,0.4032
4959.5,4963.5,he conjure more wizardry mcfarlane tunnels him down,normal_play,0.0
4963.0,4967.0,down naikambora dumped japan still,normal_play,0.0
4966.5,4970.5,japan still have the overlap on that right hand side but they wont get a chance to use it,penalty,0.6128
4970.0,4974.0,chance to use it just now well the entire,penalty,0.6128
4973.5,4977.5,the entire stadiums just taking a deep breath there what a counter attack from,penalty,0.6128
4977.0,4981.0,attack from japan,normal_play,0.0
4980.5,4984.5,we talked about the skill set of the technical,normal_play,0.0
4984.0,4988.0,the technical presence of this japanese team in every phase,normal_play,0.0
4987.5,4991.5,phase watch as they ship it wide naikambora nothing on here so he simply,normal_play,0.0
4991.0,4995.0,here so he simply puts it on his left foot in full stride gathers,normal_play,0.0
4994.5,4998.5,gathers in full stride and keeps possession stays on the,normal_play,0.0
4998.0,5002.0,stays on the part keeps the pressure on samoa thats the skill level that,normal_play,0.0
5001.5,5005.5,level that japans executed here japan are going for the jugular,normal_play,0.0
5005.0,5009.0,going for the jugular,normal_play,0.0
5008.5,5012.5,they want,normal_play,0.0
5012.0,5016.0,they want to kill off samoas world cup hopes for the third tournament,normal_play,0.0
5015.5,5019.5,third tournament in a row,lineout,0.205
5019.0,5023.0,they beat them in 2015 by,lineout,0.205
5022.5,5026.5,by 38 points to 90 they beat them in 2015 they beat japan in 2019 by 26,maul,0.2963
5026.0,5030.0,by 26 points to 5 they feel victory is,maul,0.2963
5029.5,5033.5,victory is at hand samoa on the ropes,maul,0.2963
5033.0,5037.0,on the ropes but coming up with a big,normal_play,0.0
5036.5,5040.5,a big defensive play and guess who,normal_play,0.0
5040.0,5044.0,guess who fritz lee the,normal_play,0.0
5043.5,5047.5,the thorn in japanese side in that wall,normal_play,0.0
5047.0,5051.0,will samoa choose not to compete here,normal_play,0.0
5050.5,5054.5,here we are just to watch on at this stage hed love to be in the middle of,normal_play,0.0
5054.0,5058.0,to be in the middle of that scrum,normal_play,0.0
5057.5,5061.5,here you go thats yours,normal_play,0.0
5061.0,5065.0,all in hook is in,normal_play,0.0
5064.5,5068.5,is in,normal_play,0.0
5068.0,5072.0,samoas swim thats creeped in the,normal_play,0.0
5071.5,5075.5,in the second half,scrum,0.4784
5075.0,5079.0,japans crops craig miller and thats eli ivalo off,scrum,0.4784
5078.5,5082.5,ivalo off the bench one reared in new zealand the other reared,scrum,0.4784
5082.0,5086.0,the other reared in samoas pacific island counterpart,scrum,0.4784
5085.5,5089.5,counterpart and one goes bonga and have done some heavy damage,scrum,0.3328
5089.0,5093.0,some heavy damage up front,scrum,0.3328
5092.5,5096.5,thats moledek from samoa and mataval,normal_play,0.0
5096.0,5100.0,mataval introduces manu nohan,normal_play,0.0
5099.5,5103.5,nohan nohan watch for him,normal_play,0.0
5103.0,5107.0,him 14 man samoa must score,normal_play,0.4032
5106.5,5110.5,must score twice to pull this,normal_play,0.4032
5110.0,5114.0,to pull this game back from the brink to preserve their,normal_play,0.4032
5113.5,5117.5,preserve their flickering quarterfinal hopes,normal_play,0.3091
5117.0,5121.0,quarterfinal hopes seizard mataval,normal_play,0.3091
5120.5,5124.5,mataval mary pufano in the pockets,normal_play,0.3091
5124.0,5128.0,steers it into touch but he had no angle to work with no time to,normal_play,0.3091
5127.5,5131.5,time to get the kick away and japan can turn,normal_play,0.4032
5131.0,5135.0,can turn on the squeeze once more christian,normal_play,0.4032
5134.5,5138.5,christian 14,normal_play,0.0
5138.0,5142.0,and here comes the big beef,normal_play,0.0
5141.5,5145.5,fumai coming off the bench,normal_play,0.0
5145.0,5149.0,off the bench looking for anything this reconstructed back line theyre going to have to loosen,normal_play,0.0
5148.5,5152.5,theyre going to have to loosen things up here in the final 7 and a half minutes yeah,normal_play,0.0
5152.0,5156.0,yeah ed fido hasnt had the kind of impact he was capable,normal_play,0.0
5155.5,5159.5,he was capable of he would have wanted country and western guitar,normal_play,0.0
5159.0,5163.0,western guitar player hes beating a path to the sheds as muriyo,normal_play,0.0
5162.5,5166.5,sheds as muriyo fumaki comes on hell be in 23,lineout,0.2903
5166.0,5170.0,michael lich,lineout,0.2903
5169.5,5173.5,michael lich who else wins the line out jimeno passes to himself,lineout,0.2903
5173.0,5177.0,passes to himself tackle,normal_play,0.0
5176.5,5180.5,tackle release now no,normal_play,0.0
5180.0,5184.0,no might be untidy might be slow,normal_play,0.2255
5183.5,5187.5,be slow but at the moment its slow poison,normal_play,0.2255
5187.0,5191.0,japan are sweeping through samoan veins,normal_play,0.4032
5190.5,5194.5,another try and they have their precious bonus,normal_play,0.4032
5194.0,5198.0,their precious bonus points matsudas pass behind matsushima,normal_play,0.4032
5197.5,5201.5,matsushima but he can make a cake with the negrest of crumbs,normal_play,0.0
5201.0,5205.0,crumbs big shot coming in from matabao,normal_play,0.3262
5204.5,5208.5,coming in from matabao and from lee but japan play on mubalu goes,normal_play,0.3262
5208.0,5212.0,mubalu goes in or samoan fringe,penalty,0.4459
5211.5,5215.5,samoan fringe again,penalty,0.4459
5215.0,5219.0,japanese penalty what will the decision be here,normal_play,0.0
5218.5,5222.5,decision be here a penalty a ticket goal,normal_play,0.0
5222.0,5226.0,a ticket goal takes him to 13 points but samoan could,normal_play,0.0
5225.5,5229.5,but samoan could still snatch it with two conversion try and he hits a receiver,normal_play,0.0
5229.0,5233.0,bit of a debate midfield,normal_play,0.0
5232.5,5236.5,and they are going to take the post so theyve got three try up on the board,normal_play,0.0
5236.0,5240.0,up on the board it would have been a bonus point had they scored a fourth perhaps,normal_play,0.0
5239.5,5243.5,perhaps a driving line out this could be a big moment here,normal_play,0.0
5243.0,5247.0,what a moment indeed and they are going to take the post,normal_play,0.0
5246.5,5250.5,to take the post and get duffelcour up and they are going to take,normal_play,0.0
5250.0,5254.0,to take the international debut,normal_play,0.0
5253.5,5257.5,but first hikkiya matsuda,normal_play,0.0
5257.0,5261.0,hikkiya matsuda has to get the big boys out of the way first never helpful,normal_play,0.0
5260.5,5264.5,never helpful gareth as a kicker when your forwards are standing directly in the way of your line up,normal_play,0.0
5264.0,5268.0,of your line up especially if they are giving you the importance of this needing to go through the middle of,goal_kick,0.8688
5267.5,5271.5,go through the middle of the post and other intelligent things like that,goal_kick,0.8688
5271.0,5275.0,but matsudas boots have been really important here he has kept the scoreboard ticking over,goal_kick,0.8688
5274.5,5278.5,scoreboard ticking over hikkiya matsuda plays,goal_kick,0.8688
5278.0,5282.0,plays an imaginary accordion,goal_kick,0.8688
5281.5,5285.5,tension sky high,goal_kick,0.8688
5285.0,5289.0,matsuda unairing,goal_kick,0.8688
5288.5,5292.5,another blow struck by the fly half,goal_kick,0.8688
5292.0,5296.0,half 13 points to difference five,goal_kick,0.8688
5295.5,5299.5,five minutes left samoa need a miracle,normal_play,0.0
5299.0,5303.0,need a miracle hikkiya matsuda,normal_play,0.0
5302.5,5306.5,matsuda and those changes are now being made yoto nakamura off,normal_play,0.0
5306.0,5310.0,nakamura off tomoki osada on and michael,normal_play,0.0
5309.5,5313.5,and michael leach the great michael leach scoring try again in,normal_play,0.0
5313.0,5317.0,try again in the world cup is replaced by kanji simokawa wearing,normal_play,0.0
5316.5,5320.5,wearing jersey 20 and on for his international debut,kick_off,0.5143
5320.0,5324.0,international debut fukuda but now duffelcour,kick_off,0.5143
5323.5,5327.5,incredibly special moment for fukuda,normal_play,0.0
5327.0,5331.0,fukuda and a kanji player to make his debut at,normal_play,0.0
5330.5,5334.5,his debut at a world cup for 16 years first actions,normal_play,0.0
5334.0,5338.0,first actions to get charged down but there was a knock on advantage,normal_play,0.0
5337.5,5341.5,just as we were getting into the big billing theo mcfarland welcomes him to,normal_play,0.0
5341.0,5345.0,welcomes him to test rugby yeah he relieved there was,normal_play,0.0
5344.5,5348.5,relieved there was a call there michael leach has put in a massive effort as he,normal_play,0.0
5348.0,5352.0,as he always does,normal_play,0.0
5351.5,5355.5,fantastic performance by him and his teammates up front he hit the floor the previous night,normal_play,0.0
5355.0,5359.0,previous night he may know was immense as well there we go,normal_play,0.0
5358.5,5362.5,go michael leach still the top tackle 7 carries,normal_play,0.0
5362.0,5366.0,7 carries for 60 metres as well thats,normal_play,0.0
5365.5,5369.5,thats why hes in my fantasy team once again accruing some monster,normal_play,0.0
5369.0,5373.0,accruing some monster points from me thank you very much michael arigato gozaimasu,scrum,0.4877
5372.5,5376.5,arigato gozaimasu going to beat him properly rob,scrum,0.3113
5376.0,5380.0,mine,scrum,0.3113
5379.5,5383.5,4 minutes 30 seconds to go,penalty,0.4204
5383.0,5387.0,samoa need two conversion try what a penalty thatll do them,penalty,0.4204
5386.5,5390.5,thatll do them for starters and they quickly point towards the,normal_play,0.0
5390.0,5394.0,point towards the corner drop to the floor fletch now and theyll,normal_play,0.0
5393.5,5397.5,and theyll do the necessary not,normal_play,0.0
5397.0,5401.0,not too close to that corner flag halfway inside the,normal_play,0.0
5400.5,5404.5,halfway inside the 22 samoa will have a chance a fake,normal_play,0.0
5404.0,5408.0,a fake chance but a chance nonetheless unless they huddle walking this line,normal_play,0.0
5407.5,5411.5,walking this line out here acutely aware of how many high numbers are in that forward pack,normal_play,0.0
5411.0,5415.0,forward pack all the combinations are gone both the starting locks were lost early,normal_play,0.0
5414.5,5418.5,lost early on see,normal_play,0.0
5418.0,5422.0,see if they can put it together here 15 minutes to go,normal_play,0.0
5421.5,5425.5,do it again,normal_play,0.0
5425.0,5429.0,do it again theyre not happy with the gap,normal_play,0.0
5428.5,5432.5,enough,normal_play,0.0
5432.0,5436.0,anymore,normal_play,0.0
5435.5,5439.5,samoa malolo huge pressure on his shoulders hes,normal_play,0.0
5439.0,5443.0,his shoulders hes not happy with the distance and the regulatory,normal_play,0.0
5442.5,5446.5,and the regulatory meter between the two packs,lineout,0.3213
5449.5,5453.5,malolos throw upward will take him by luatua,lineout,0.3213
5453.0,5457.0,luatua fletch lee gets it back to rani matabao the,normal_play,0.0
5456.5,5460.5,matabao the seven specialist he needs some sevens inspired magic,normal_play,0.0
5460.0,5464.0,magic leali ifano alanuese,normal_play,0.0
5463.5,5467.5,ifano alanuese here it comes malolo who,normal_play,0.0
5467.0,5471.0,malolo who is taking bodies ten meters,normal_play,0.0
5470.5,5474.5,ten meters out matabao mcfarland,normal_play,0.4032
5474.0,5478.0,thats who they want on the ball matabao again quickly,normal_play,0.4032
5477.5,5481.5,again quickly away penalty advantage samoa matabao,normal_play,0.4032
5481.0,5485.0,matabao and amanda matua the two sevens veterans,normal_play,0.4032
5484.5,5488.5,sevens veterans combined matabaos bringing such tempo but cant,normal_play,0.4032
5488.0,5492.0,but cant run without his legs still its there for samoa,normal_play,0.0
5491.5,5495.5,for samoa and dumua manu last eight,normal_play,0.0
5495.0,5499.0,last eight now ala alatoa has to go it alone,normal_play,0.0
5498.5,5502.5,to go it alone japan quickly over that ball,normal_play,0.2194
5502.0,5506.0,ball a bit of obstruction there yakupai will,normal_play,0.2194
5505.5,5509.5,yakupai will bring them back to the japanese offside,normal_play,0.2194
5509.0,5513.0,offside samoa need to go quickly two and a half minutes,penalty,0.4836
5512.5,5516.5,matabao and matanda transform this attack here they go,try,1.0
5516.0,5520.0,malolo trucking it ever closer its now,try,1.0
5519.5,5523.5,its now or never for samoa two minutes twenty on,try,0.9957
5523.0,5527.0,minutes twenty on the clock leali ifano,try,0.9957
5530.0,5534.0,manu samoa clinging on,try,1.0
5533.5,5537.5,theyre coming back from,try,1.0
5537.0,5541.0,coming back from the break and they will have a chance,normal_play,0.0
5540.5,5544.5,a chance to pluck this from the fire,normal_play,0.0
5544.0,5548.0,we mentioned they had a totally different look,goal_kick,0.8688
5547.5,5551.5,totally different look theyve upped the tempo theyre tapping and going theyre stepping out of japanese tackle,goal_kick,0.8397
5551.0,5555.0,japanese tackle leali ifano gets the score and the extras added,goal_kick,0.8397
5554.5,5558.5,extras added its going to be a grandstand,goal_kick,0.8688
5558.0,5562.0,be a grandstand finale in toulouse leali ifanos kick,goal_kick,0.8688
5561.5,5565.5,ifanos kick makes it a six point game,normal_play,0.0
5565.0,5569.0,hes hit by three japanese member reaches out rides the,normal_play,0.0
5568.5,5572.5,out rides the tackle good work to get under the arms of,normal_play,0.0
5572.0,5576.0,under the arms of the japanese tackle its a,normal_play,0.0
5575.5,5579.5,a,normal_play,0.0
5579.0,5583.0,a blockbuster game in,normal_play,0.0
5582.5,5586.5,game in the south of france,normal_play,0.0
5586.0,5590.0,and some crap evidence in,normal_play,0.0
5589.5,5593.5,evidence in samoa and legs i want that decision,normal_play,0.0
5593.0,5597.0,that decision by japan to kick the three points keep that gap,normal_play,0.0
5596.5,5600.5,keep that gap at six here otherwise,normal_play,0.0
5600.0,5604.0,otherwise we would get them there this is,normal_play,0.0
5603.5,5607.5,this is how pooldee looks as things stand this is taking into account,normal_play,0.0
5607.0,5611.0,taking into account the current score here in toulouse japan moving from five points,normal_play,0.0
5610.5,5614.5,five points to nine points samoa on six with a,normal_play,0.0
5614.0,5618.0,with a losing bonus point because of the six point margin between the teams,normal_play,0.0
5617.5,5621.5,the teams and as things stand england would qualify if japan hold out,normal_play,0.0
5621.0,5625.0,japan hold out here manu samoa will have something to,normal_play,0.0
5624.5,5628.5,something to say about that,normal_play,0.0
5628.0,5632.0,both sides with three try up on the board as well so any score here,normal_play,0.0
5631.5,5635.5,any score here in the final two minutes will get a bonus point to add to,normal_play,0.0
5635.0,5639.0,add to the victory one last,normal_play,0.0
5638.5,5642.5,one last effort required for tumuamaru,normal_play,0.0
5642.0,5646.0,samoa gunning to,normal_play,0.0
5645.5,5649.5,gunning to keep the rugby world cup hopes ablaze,normal_play,0.0
5649.0,5653.0,ablaze theyve used all the replacements manu samoa so manu,normal_play,0.0
5652.5,5656.5,so manu has to play hes going to soldier on,kick_off,0.2672
5656.0,5660.0,going to soldier on on one leg lemeke hammers the restart,kick_off,0.2672
5659.5,5663.5,the restart deep and samoa scrambling to get it back,normal_play,0.0
5663.0,5667.0,back minute and a half to play manu samoa must go from,normal_play,0.0
5666.5,5670.5,must go from deep and formati makes the first incision,normal_play,0.2514
5670.0,5674.0,incision matabao going blind to pai i awa,normal_play,0.2514
5673.5,5677.5,awa 80 metres out,normal_play,0.2514
5677.0,5681.0,80 metres out down to 14 then,normal_play,0.0
5680.5,5684.5,manu samoa cannot afford an,normal_play,0.29
5684.0,5688.0,afford an error or an infringement there at the final to pai i awa,normal_play,0.29
5687.5,5691.5,pai i awa toala off the bench running,normal_play,0.3648
5691.0,5695.0,running freely,normal_play,0.4032
5694.5,5698.5,japan will target them at the breakdown,normal_play,0.391
5698.0,5702.0,they will try and hit their jackals then attack dogs over,normal_play,0.391
5701.5,5705.5,over the ball and steal it back 45,normal_play,0.391
5705.0,5709.0,45 seconds left,normal_play,0.0
5708.5,5712.5,matabao,normal_play,0.1909
5712.0,5716.0,matabao toala on to one of the big boys,normal_play,0.1909
5715.5,5719.5,the big boys and anacola was in there hold off yes,normal_play,0.4032
5719.0,5723.0,yes jordan lee,normal_play,0.4032
5722.5,5726.5,and samoa crunch up the amazing,normal_play,0.4032
5726.0,5730.0,up the amazing what a penalty,normal_play,0.4032
5729.5,5733.5,what a penalty thats going to get them some yards,normal_play,0.0
5733.0,5737.0,misao needs the ball beyond the ball matabao,normal_play,0.0
5736.5,5740.5,matabao and mataugas hands the other ones are unlocking the japanese defence,normal_play,0.0
5740.0,5744.0,defence might,normal_play,0.0
5743.5,5747.5,might have been strong beyond the ball,normal_play,0.0
5750.5,5754.5,jamie as you said all of this great work this great pride being displayed,normal_play,0.0
5754.0,5758.0,pride being displayed by only 14 samoans on the park,normal_play,0.0
5761.0,5765.0,this could be their last moment 80s up on,normal_play,0.3556
5764.5,5768.5,80s up on the board but because the penalty is awarded theyre going to have a,normal_play,0.0
5768.0,5772.0,theyre going to have a chance to execute this line up yeah were all playing here the samoan fans,normal_play,0.0
5771.5,5775.5,fans reaching for the divine intervention here can they,normal_play,0.0
5775.0,5779.0,here can they do this manu samoa said this week,lineout,0.4132
5778.5,5782.5,said this week the world has not seen the best of them well,lineout,0.4132
5782.0,5786.0,well the rugby world is watching now the game dangling,lineout,0.4132
5785.5,5789.5,the game dangling on the knife edge and japan have stolen the line ups,normal_play,0.0
5789.0,5793.0,line ups they just need to get the ball off the pitch,normal_play,0.3434
5792.5,5796.5,fukuda hasnt realised it but shun sen,normal_play,0.3434
5796.0,5800.0,but shun sen lee has,normal_play,0.0
5803.0,5807.0,japan,normal_play,0.4032
5806.5,5810.5,japan take a big step on the road to the quarter,normal_play,0.0
5810.0,5814.0,to the quarter finals,normal_play,0.0
