start_time,end_time,text,event_class,highlight_score
0.0,4.0,welcome to the final poultie match of the 2023,kick_off,0.2474
3.5,7.5,of the 2023 rugby world cup the winner will advance to face wales,kick_off,0.2474
7.0,11.0,face wales in the quarterfinals japan and red and white receive in,normal_play,0.0
10.5,14.5,receive in the north west of france they take on argentina in their,normal_play,0.4032
14.0,18.0,argentina in their way navy strip konnichiwa to,normal_play,0.4032
17.5,21.5,konnichiwa to our japanese viewers hello and bienvenido to our argentine fans,normal_play,0.4032
21.0,25.0,argentine fans early exit from japan goes towards,normal_play,0.0
24.5,28.5,goes towards the halfway line,normal_play,0.0
28.0,32.0,ok step off japan,normal_play,0.0
31.5,35.5,the prize at stake is a spot in,normal_play,0.0
35.0,39.0,is a spot in the quarterfinals but this has the feel of it already,normal_play,0.0
38.5,42.5,what an amazing atmosphere weve got,normal_play,0.0
42.0,46.0,first line out,normal_play,0.0
45.5,49.5,line out julian montozha one try away from equaling one in offs,lineout,0.4312
49.0,53.0,in offs rugby world cup try scoring record of seven,lineout,0.4312
52.5,56.5,its the big powerful las pumas,maul,0.5412
56.0,60.0,powerful las pumas maul that surges forward,try,1.0
59.5,63.5,forward and vanej for gonzalo bertranot and the backs look to engage,try,1.0
63.0,67.0,to engage and a beautiful breakout santiago chocobanes,try,1.0
66.5,70.5,chocobanes wow wow,try,1.0
70.0,74.0,wow wow las pumas score,try,1.0
73.5,77.5,score in the opening minute,normal_play,0.0
80.5,84.5,what a,normal_play,0.0
84.0,88.0,a start it was the power up front,normal_play,0.0
87.5,91.5,we knew theyd be big in that area but then,normal_play,0.0
91.0,95.0,then its santiago chocobares first through one steps around,normal_play,0.0
94.5,98.5,one steps around another and slides under the sticks,normal_play,0.0
98.0,102.0,a scoring start for argentina,normal_play,0.0
101.5,105.5,argentina,normal_play,0.0
108.5,112.5,emiliano bofele,goal_kick,0.8688
112.0,116.0,emiliano bofele adds the anxious 87 0 weve barely begun,normal_play,0.0
115.5,119.5,begun,normal_play,0.0
119.0,123.0,what a start for argentina they understand theyve spoken about,normal_play,0.0
122.5,126.5,theyve spoken about the importance of this match throughout the week there,normal_play,0.0
126.0,130.0,the week there was a lot of disappointment after their first up loss against england,normal_play,0.0
129.5,133.5,against england but theyve gradually built their way into this tournament,normal_play,0.0
133.0,137.0,into this tournament and they have the belief that they can make it out of the pool stages,normal_play,0.0
136.5,140.5,stages of course this is one of their most important matches in recent years,normal_play,0.0
140.0,144.0,in recent years first ever try for his country santiago,normal_play,0.0
143.5,147.5,country santiago chocobares the man who plays his rugby in toulouse,normal_play,0.0
147.0,151.0,toulouse grew up in santa fe we began playing his,kick_off,0.263
150.5,154.5,began playing his rugby 7 0,kick_off,0.263
154.0,158.0,matsuda goes to,kick_off,0.263
157.5,161.5,goes to the sky into the 22,normal_play,0.0
161.0,165.0,sun comes down as well causing a bit of havoc there so play on for,normal_play,0.4032
164.5,168.5,for argentina side coach by michael checa four times,normal_play,0.4032
168.0,172.0,four times stay on japan,normal_play,0.4032
171.5,175.5,four years ago in japan,normal_play,0.4032
175.0,179.0,and making the top eight clearance kick there from bertrino,normal_play,0.0
178.5,182.5,from bertrino lines matsushima,normal_play,0.4032
185.5,189.5,its a nice kick off,normal_play,0.4032
189.0,193.0,off lameke putting the ball deep tapping,normal_play,0.0
192.5,196.5,tapping the pressure on argentina,normal_play,0.0
196.0,200.0,wieslik so composed the build up,normal_play,0.0
199.5,203.5,the build up that will hopefully rub off on his players,lineout,0.1595
203.0,207.0,yeah he played in rugby world cup 95 for the all,lineout,0.1595
206.5,210.5,for the all blacks and then for japan in 99 at the world cup its knocked out by michael,normal_play,0.0
210.0,214.0,its knocked out by michael leach pressure coming in from argentina,normal_play,0.0
213.5,217.5,from argentina they may have pinched this tomas gajo getting involved there,normal_play,0.0
217.0,221.0,involved there gonzalo bertrino moves it to the left,normal_play,0.4032
220.5,224.5,moves it to the left hand side tomas labanini from the indu club,normal_play,0.4032
224.0,228.0,ball to play with for carreras to outside,normal_play,0.4032
227.5,231.5,to outside centre lucio sinti argentina have,normal_play,0.4032
231.0,235.0,argentina have so many threats on the field they like to move the ball from side,normal_play,0.4032
234.5,238.5,the ball from side to side bofele upended,normal_play,0.4032
238.0,242.0,flat ball gajo,normal_play,0.4032
241.5,245.5,gajo there took him on alumni tax it,normal_play,0.4032
245.0,249.0,tax it forward a bit more now to the sky,normal_play,0.4032
248.5,252.5,now to the sky goes carreras its a big,normal_play,0.0
252.0,256.0,its a big early jump knock on advantage from gonzalez,normal_play,0.0
255.5,259.5,gonzalez knock on by blue,normal_play,0.0
259.0,263.0,on by blue options,normal_play,0.0
262.5,266.5,options,normal_play,0.0
266.0,270.0,weve got numbers here two and two so we cant,normal_play,0.0
269.5,273.5,so we cant have it quickly but you can have the option my team gonzalez,normal_play,0.0
273.0,277.0,team gonzalez getting up high theres coach michael cecher hes,normal_play,0.0
276.5,280.5,cecher hes been doing that since day one hes playing down,normal_play,0.0
280.0,284.0,hes playing down the jeopardy on show today that has,normal_play,0.0
283.5,287.5,that has to be in reality but in the players minds itll be,normal_play,0.0
287.0,291.0,itll be slightly different there is no game after this,normal_play,0.0
290.5,294.5,game after this if they lose,normal_play,0.0
294.0,298.0,it adds a bit of juice to proceedings thats for sure,normal_play,0.0
297.5,301.5,for sure it certainly does michael cecher again take the team to the,normal_play,0.0
301.0,305.0,the team to the quarter finals for the third consecutive time did it with australia in 2015,normal_play,0.0
304.5,308.5,australia in 2015 and 2019,scrum,0.4877
315.0,319.0,crouch binds,scrum,0.2828
318.5,322.5,first scum of the match feed there from,scrum,0.4877
322.0,326.0,there from nata sato and the captain has it,scrum,0.4877
325.5,329.5,captain has it at the back does him and her with advantage for the japanese,normal_play,0.0
329.0,333.0,japanese and they win the scrum penalty an excellent start for their set,penalty,0.6128
332.5,336.5,for their set pieces fascinating,penalty,0.6128
336.0,340.0,fascinating set piece battle were seeing a couple of line ups go back and forth,normal_play,0.0
339.5,343.5,and forth this time its at the scrum,normal_play,0.0
343.0,347.0,scrum thomas gashou against jiwon goo,normal_play,0.0
346.5,350.5,i like that matchup jiwon goo reprised himself in his scrumaging,normal_play,0.4032
350.0,354.0,himself in his scrumaging,normal_play,0.4032
353.5,357.5,his father represented south korea as a prop so its in the blood,normal_play,0.4032
357.0,361.0,hes started all four games for japan he really is a pillar of that,normal_play,0.0
360.5,364.5,of that scrum he starts on the angle,normal_play,0.0
364.0,368.0,starts on the angle and then they push through it you sit,normal_play,0.0
367.5,371.5,you sit back that was a shot of the other,normal_play,0.0
371.0,375.0,of the other side inagaki ten meters,normal_play,0.0
374.5,378.5,stay they played six times as michael,normal_play,0.0
378.0,382.0,times as michael leach catches this one argentina have won five japans last win,normal_play,0.0
381.5,385.5,japans last win against los pumas was back in 1998 in tokyo,normal_play,0.2919
385.0,389.0,in tokyo they won 44 29 use,normal_play,0.2919
388.5,392.5,use it the brave blossoms of japan,normal_play,0.0
392.0,396.0,japan 12th in the world quarter finalist for the very first,normal_play,0.4032
395.5,399.5,the very first time four years ago when they hosted they put it deep bofeli has a run,normal_play,0.4032
399.0,403.0,has a run emiliano bofeli pushes a couple bofeli to the halfway,normal_play,0.4032
402.5,406.5,bofeli to the halfway line what a break up from the winger,normal_play,0.4032
406.0,410.0,bochino carreras looking for wide ball,normal_play,0.4032
409.5,413.5,wide ball sinti bashes into a,normal_play,0.0
413.0,417.0,into a couple argentina looking to get into their,normal_play,0.0
416.5,420.5,get into their strike the possession will change hands,normal_play,0.0
420.0,424.0,argentina,normal_play,0.0
423.5,427.5,argentina getting some real good changes with individual runners at,normal_play,0.0
427.0,431.0,individual runners at the moment on that occasion it was bofeli play on the,normal_play,0.0
430.5,434.5,on the ground ball comes forward on the ground steps around a couple,normal_play,0.0
434.0,438.0,couple bumps off horrie and off he goes,normal_play,0.0
437.5,441.5,we saw it later in the piece with sinti as well,normal_play,0.0
441.0,445.0,well just a little error at the right it shut that,normal_play,0.0
444.5,448.5,it shut that attack down japan are going to want to stick some of these tackle,normal_play,0.0
448.0,452.0,tackle got some fabulous defenders in the back row,normal_play,0.0
451.5,455.5,in the back row kazuki the skipper yet,normal_play,0.0
455.0,459.0,the skipper yet to miss a tackle at this world cup and theyll need that,normal_play,0.0
458.5,462.5,theyll need that type of stat from the looks of things argentina really,normal_play,0.0
462.0,466.0,argentina really looking to run and weve got beautiful conditions,normal_play,0.0
465.5,469.5,beautiful conditions here in nantes today as well so perfect conditions for running rugby,scrum,0.4877
469.0,473.0,running rugby unseasonably warm temperatures in the 30s but,scrum,0.4877
472.5,476.5,30s but that sun is going to cause some havoc for argentina in this first,scrum,0.4877
476.0,480.0,this first half under the highball and then japan in the second yeah troubled them early on with that,scrum,0.4877
479.5,483.5,them early on with that kick as bataro matsushima joins the,normal_play,0.0
483.0,487.0,joins the line such a dangerous wink scored 22 try,normal_play,0.0
486.5,490.5,22 try everyones on side ball was out and 53 matches for his country before,normal_play,0.0
490.0,494.0,his country before now juon bu in,normal_play,0.0
493.5,497.5,juon bu in there for the japanese side out to saito,normal_play,0.3323
497.0,501.0,saito santori sangolay at flat,normal_play,0.3323
500.5,504.5,in the japanese one league his kick goes up,normal_play,0.4032
504.0,508.0,goes up being handled by mateo carreras,normal_play,0.4032
507.5,511.5,carreras debut in 2021,normal_play,0.4032
511.0,515.0,montozha takes it to the line the leicester tiger,normal_play,0.4032
514.5,518.5,argentina transfer the pressure,normal_play,0.4032
518.0,522.0,the pressure with a kick into japanese territory,normal_play,0.4032
521.5,525.5,territory bafelic excellent in the air yet again,normal_play,0.4032
525.0,529.0,hallmarks of a brilliant winger,normal_play,0.4032
528.5,532.5,winger lamanini carries again theres a 30 year old bertrino quick possession,normal_play,0.4032
532.0,536.0,quick possession for los pumas,normal_play,0.4032
535.5,539.5,pumas carreras switches direction matera,normal_play,0.0
539.0,543.0,direction matera finds him now as argentina look to link up yet again,normal_play,0.0
542.5,546.5,link up yet again maciasinti with another carry,normal_play,0.4032
546.0,550.0,not a lot on so to stab through,normal_play,0.4032
549.5,553.5,being read but then knocked on so advantage here for bertrino its,normal_play,0.4032
553.0,557.0,bertrino its a pick up from one martin gonzalez the 22 year old,normal_play,0.4032
556.5,560.5,lamanini observes the tackle,normal_play,0.1886
560.0,564.0,observes the tackle of lavascajny at a standing start,normal_play,0.1886
563.5,567.5,a standing start for marcus cremma 26 year old,normal_play,0.0
567.0,571.0,26 year old carreras again links well,normal_play,0.4032
570.5,574.5,well montozha with the newman club,normal_play,0.4032
574.0,578.0,the newman club nice inside ball but the heads keep coming and,normal_play,0.4032
577.5,581.5,coming and santiago chacabares theyre not going to get through this time after,normal_play,0.0
581.0,585.0,after scorching the earth scoring with about a,normal_play,0.4032
584.5,588.5,with about a minute played in this game argentina lead 7 0,normal_play,0.4032
588.0,592.0,lead 7 0 and a must win game for both these sides penalty japan,penalty,0.6128
591.5,595.5,japan number 3 side entry jacker on the ball garham,penalty,0.6128
595.0,599.0,garham and on the side,normal_play,0.0
598.5,602.5,well in,normal_play,0.0
602.0,606.0,well in the end good defence in japan teated up,normal_play,0.0
605.5,609.5,teated up beforehand argentina love to play with the ball,normal_play,0.0
609.0,613.0,second highest possession in their games as theyve,normal_play,0.0
612.5,616.5,games as theyve averaged of any team in this comp has always resulted,normal_play,0.2686
616.0,620.0,always resulted in try though dallin only the tenth,normal_play,0.2686
619.5,623.5,only the tenth most try in the comp so it doesnt reflect the possession and thats why the,normal_play,0.0
623.0,627.0,thats why the more ruck you have the more you open yourself up to those,normal_play,0.0
626.5,630.5,up to those jack gordon steal opportunities,normal_play,0.0
633.5,637.5,lovely delicate touch through from carreras,normal_play,0.0
637.0,641.0,well read by lumecky at the back but he couldnt,normal_play,0.0
640.5,644.5,but he couldnt gather thought he might scoop and go down the other end,normal_play,0.0
644.0,648.0,when the game breaks up i think now itll suit japan,lineout,0.3398
647.5,651.5,japan japan have beaten chile 42 12 and beat samoa 28,lineout,0.3398
651.0,655.0,samoa 28 22 they lost to england 34 12 thats how they find,normal_play,0.0
654.5,658.5,thats how they find themselves here in this must win match to advance in the rugby,normal_play,0.0
658.0,662.0,in the rugby world cup centrefield possession danola kick,normal_play,0.0
661.5,665.5,danola kick pack over the top a catch as well stunning,normal_play,0.0
665.0,669.0,stunning from japan naoto saito who created the magic,normal_play,0.0
668.5,672.5,the magic gyeonju getting close the crowd on their feet,normal_play,0.0
672.0,676.0,feet here comes japan beautiful pass over the top,normal_play,0.4032
675.5,679.5,leeds cuts back in great catch from the flanker,normal_play,0.4032
679.0,683.0,from the flanker japan still,normal_play,0.4032
682.5,686.5,still five out,normal_play,0.4032
686.0,690.0,out from the argentine trial line looking for the equaliser,normal_play,0.4032
689.5,693.5,here they come back in,normal_play,0.0
693.0,697.0,bakataba saito has dropped,normal_play,0.0
696.5,700.5,has dropped it genius play there in this build up,normal_play,0.0
700.0,704.0,build up from japan,normal_play,0.0
703.5,707.5,wow well,normal_play,0.0
707.0,711.0,well how about this the naoto we knew they would kick like that we got someone in,normal_play,0.0
710.5,714.5,we got someone in line for those kicks were going to eat that give,normal_play,0.0
714.0,718.0,that give him that for mano keane we just found out theyve obviously been teed up for that,normal_play,0.0
717.5,721.5,teed up for that dont change the vines he said weve been told theyre going to look for kicks like that,normal_play,0.0
721.0,725.0,for kicks like that so they need to look for the offside what a bit of creativity,normal_play,0.0
724.5,728.5,creativity leek showing his skillset holding on to that ball lets go please just,normal_play,0.0
728.0,732.0,just in the end middle knock well tony brown,normal_play,0.0
731.5,735.5,tony brown the former new zealand all black in legend,normal_play,0.0
735.0,739.0,legend is on their coaching crew for the japanese side thats,scrum,0.4223
738.5,742.5,thats a tony brown special for sure,scrum,0.4223
742.0,746.0,coach and to do it in such an important game,scrum,0.4223
745.5,749.5,an important game as well the confidence of this japanese side bring it,scrum,0.2085
749.0,753.0,saito just 26 years of age you cant hold,scrum,0.2085
752.5,756.5,you cant hold anything back in this game though youve got to put it all out there,scrum,0.2299
756.0,760.0,gonzalez picks at the back does the number 8,normal_play,0.0
759.5,763.5,for argentina balls available,normal_play,0.3566
763.0,767.0,gonzalo bertranot,normal_play,0.3566
766.5,770.5,gonzalo bertranot low hold in front puts it down to,normal_play,0.0
770.0,774.0,down to matsushima for the counter attack katao matsushima,normal_play,0.0
773.5,777.5,katao matsushima floats across field,normal_play,0.4032
777.0,781.0,across field gets a nice left footed step in,normal_play,0.4032
780.5,784.5,saito now finds hori with a little loop play japan,normal_play,0.0
784.0,788.0,japan really bringing it in the stands and then they lose it,normal_play,0.4032
787.5,791.5,lose it two knock ons looking dangerous,normal_play,0.4032
791.0,795.0,second ball in,normal_play,0.4032
794.5,798.5,thumbs off,normal_play,0.0
798.0,802.0,thumbs off its a time of,normal_play,0.0
801.5,805.5,a time of adventure and endeavour might expect from,normal_play,0.0
805.0,809.0,expect from japan today to try and unlock what is a very solid,normal_play,0.0
808.5,812.5,very solid argentinian defensive outfit thank you,normal_play,0.0
812.0,816.0,you see they actually created numbers,normal_play,0.0
815.5,819.5,for fita trying to get on the outside,normal_play,0.0
819.0,823.0,hes in the squad today on a change with jone nican bulla,normal_play,0.0
822.5,826.5,nican bulla on the bench we set this up guys youre on the space,normal_play,0.0
826.0,830.0,youre on the space in the moment,normal_play,0.0
843.5,847.5,japan ready to go they know,normal_play,0.0
847.0,851.0,they know where theyre strained to fly this japanese side theyve got some really pacey,normal_play,0.0
850.5,854.5,some really pacey backs and that was something that the argentinians did pinpoint,normal_play,0.0
854.0,858.0,did pinpoint in the lead up to this game stopping those backs so this,normal_play,0.0
857.5,861.5,backs so this forward battle is just going to be so important if,normal_play,0.0
861.0,865.0,important if they can get the ball out to their backs and they can create some opportunities,normal_play,0.0
864.5,868.5,opportunities,normal_play,0.0
868.0,872.0,hey lets see what happens both sides creating,normal_play,0.0
871.5,875.5,both sides creating those opportunities you see how important those tackle are of course its,normal_play,0.0
875.0,879.0,are of course its a missed tackle step vitely important,normal_play,0.0
878.5,882.5,you wonder if perhaps theyll have took ten minutes,scrum,0.4877
882.0,886.0,took ten minutes to warm up some of those tackle and usually,scrum,0.4877
885.5,889.5,and usually ill afford that and thats why they got seven down on the board already japan,scrum,0.4877
889.0,893.0,the board already japan satobaku crowd,scrum,0.4877
892.5,896.5,satobaku crowd here in the city of nantes their last taste of the rugby world cup,scrum,0.4118
896.0,900.0,rugby world cup before the quarters moves to paris and to marseille,normal_play,0.0
899.5,903.5,marseille everyone no ones gone forward everyone stayed,normal_play,0.0
903.0,907.0,forward everyone stayed straight everyone stayed in the contest then we pop up,normal_play,0.0
906.5,910.5,everyone stayed in the contest reset,normal_play,0.0
910.0,914.0,well done,normal_play,0.0
913.5,917.5,good score guys thats good you stayed straight good binding,normal_play,0.0
917.0,921.0,good binding staying straight very good reset yes,normal_play,0.0
920.5,924.5,yes gus pichot,normal_play,0.0
924.0,928.0,legend of argentina rugby and bob that,normal_play,0.0
927.5,931.5,and bob that won rugby actually went for the top spot last time,scrum,0.4877
931.0,935.0,last time around during the elections he had a few ideas to shake things,scrum,0.4877
934.5,938.5,ideas to shake things up pretty progressive guy just a part of that argentine side,scrum,0.4877
938.0,942.0,argentine side that finished third in 2007 the best ever finished to,scrum,0.4877
941.5,945.5,finished to part in four rugby world cups watching his country do,scrum,0.4877
945.0,949.0,country do battle right now,scrum,0.2496
952.0,956.0,sinti charge down could go anywhere,normal_play,0.0
955.5,959.5,anywhere finds the hands of matsushima leaves it behind and picks up by argentina,normal_play,0.4032
959.0,963.0,by argentina one cruz malia hacks it ahead,normal_play,0.4032
962.5,966.5,and now for fita throws it over the top to michael,try,1.0
966.0,970.0,to michael leach leach japanese legend looking for support on,try,1.0
969.5,973.5,for support on the outside here it comes fukitaba puts a kick over himself,try,1.0
973.0,977.0,himself great skills from the left foot he gets it again,try,1.0
976.5,980.5,again it is magic from japan,try,1.0
980.0,984.0,do you believe in miracles or that was a miracle try,try,1.0
983.5,987.5,a miracle try amato fukitaba im going,try,1.0
987.0,991.0,im going to give you a ball on that line on the side,try,1.0
1001.0,1005.0,i cannot believe what ive just seen,normal_play,0.0
1004.5,1008.5,just seen its the second row of fukitaba he gets,normal_play,0.0
1008.0,1012.0,he gets pace round the outside puts the chip in gathers himself,normal_play,0.0
1011.5,1015.5,gathers himself and he has scored one,normal_play,0.0
1015.0,1019.0,scored one of the best try you will see let alone one of the best try youll,normal_play,0.0
1018.5,1022.5,try youll see from a second row forward,normal_play,0.0
1022.0,1026.0,the skill execution,normal_play,0.0
1025.5,1029.5,execution at pace to chip uses those long legs to,normal_play,0.0
1029.0,1033.0,legs to get there first and gather it wow,normal_play,0.0
1032.5,1036.5,wow the endeavor to do it,normal_play,0.0
1036.0,1040.0,to do it with the quarterfinals on,normal_play,0.0
1039.5,1043.5,quarterfinals on the line,normal_play,0.0
1043.0,1047.0,remarkable vital,normal_play,0.0
1046.5,1050.5,vital conversion attempt,goal_kick,0.8688
1050.0,1054.0,rikiya,goal_kick,0.8688
1053.5,1057.5,rikiya matsuda and from kyoto,goal_kick,0.845
1057.0,1061.0,kyoto strikes the congoction were,goal_kick,0.845
1060.5,1064.5,congoction were locked up at 7 a p 16 minutes gone,goal_kick,0.8688
1064.0,1068.0,look at that ball in one hand then,normal_play,0.0
1067.5,1071.5,then he gets it back in a two to put the chip in,normal_play,0.0
1071.0,1075.0,in im taking notes that is superb i cant believe,normal_play,0.0
1074.5,1078.5,i cant believe it either mate he scored two,normal_play,0.0
1078.0,1082.0,he scored two try against chile and he said that that didnt feel real,normal_play,0.0
1081.5,1085.5,real such was the excitement he got so emotional seeing the japanese fans,normal_play,0.0
1085.0,1089.0,japanese fans i reckon they would be enjoying that one particularly his wife and,kick_off,0.2751
1088.5,1092.5,his wife and one year old son sefi who are in france to watch him play,kick_off,0.2751
1092.0,1096.0,play sure as twin brothers watching as well they live next to each other,normal_play,0.0
1095.5,1099.5,next to each other at home and they got a hole in the fence so they can walk back and forth between,normal_play,0.0
1099.0,1103.0,and forth between their gardens well tlaou samurai easton rai they play,normal_play,0.4032
1102.5,1106.5,easton rai they play together as well and rico ramsey,normal_play,0.4032
1106.0,1110.0,rico ramsey topside argentina with,normal_play,0.4032
1109.5,1113.5,argentina with possession off that kick montozha this time puts,normal_play,0.0
1113.0,1117.0,this time puts his head down barrels upfield does the hookup,normal_play,0.4032
1116.5,1120.5,hookup 90 second appearance for his country,normal_play,0.4032
1120.0,1124.0,country bofeli popping up in midfield couple of nice little steps,normal_play,0.4032
1123.5,1127.5,nice little steps around the fringes that was mateo,normal_play,0.4032
1127.0,1131.0,was mateo carreras chakrabara,normal_play,0.4032
1130.5,1134.5,chakrabara has scored one already with his fancy footwork this time they shut him down,normal_play,0.0
1134.0,1138.0,down mal is on the inside,normal_play,0.0
1137.5,1141.5,as they fly into the traffic,normal_play,0.2377
1141.0,1145.0,the traffic tomas labanini again dropped,normal_play,0.2377
1144.5,1148.5,dropped as well from santiago carreras,normal_play,0.0
1151.5,1155.5,they,normal_play,0.0
1155.0,1159.0,they can roll away from the other side from the boys coming they can roll away they,normal_play,0.0
1158.5,1162.5,roll away they roll clear im happy if they dont affect the nine im not seeing their motor what was,normal_play,0.0
1162.0,1166.0,motor what was that from mateo carreras on their side it was fabito trying,normal_play,0.0
1165.5,1169.5,was fabito trying to assert himself mochakobares,normal_play,0.0
1169.0,1173.0,mochakobares and now the arrow is facing gonzalo bocherno trying,normal_play,0.0
1172.5,1176.5,bocherno trying to argue that it was a bit of an upside from the japanese defensive line,normal_play,0.0
1176.0,1180.0,line theyre trying to get off the line and shut down the argentinian,normal_play,0.0
1179.5,1183.5,the argentinian runners before they get ahead of stemop,normal_play,0.0
1186.5,1190.5,japan has improved tremendously over the years,scrum,0.4877
1190.0,1194.0,over the years they launched the top league in 2003 with 12 teams,scrum,0.4877
1193.5,1197.5,teams most of these players play professionally in their country,scrum,0.4877
1197.0,1201.0,country some of the best in the world as they pick up saito,scrum,0.4877
1200.5,1204.5,up saito goes across field,normal_play,0.0
1204.0,1208.0,matsushima chips over the top sits up though for,normal_play,0.4032
1207.5,1211.5,up though for argentina theyre able to get it back on that far side,normal_play,0.4032
1211.0,1215.0,far side mateo carreras involved he,normal_play,0.0
1214.5,1218.5,he waits to first to see if it goes behind his back argentina and grunt,normal_play,0.4032
1218.0,1222.0,argentina and grunt wait for us just drives japan back,normal_play,0.4032
1221.5,1225.5,japan back heres kick though rolls,normal_play,0.4032
1225.0,1229.0,rolls all the way out the dead ball,normal_play,0.0
1228.5,1232.5,dead ball and that is a long way back for the,normal_play,0.0
1232.0,1236.0,back for the scrum and justin from the sideline,normal_play,0.0
1235.5,1239.5,sideline on the side of 15 now,normal_play,0.0
1242.5,1246.5,a little shot there mr masato tsuchida,normal_play,0.0
1246.0,1250.0,masato tsuchida heads up the japanese,normal_play,0.0
1249.5,1253.5,japanese rugby federation,normal_play,0.0
1253.0,1257.0,theres barely experienced water,normal_play,0.0
1256.5,1260.5,experienced water boy no fernandez no beat,normal_play,0.0
1260.0,1264.0,interesting,normal_play,0.0
1263.5,1267.5,interesting role for dylan riley in shot today hes,normal_play,0.0
1267.0,1271.0,hes looked so adventurous on the ball,normal_play,0.0
1270.5,1274.5,lining up of this scrum on the wing underneath this,normal_play,0.0
1274.0,1278.0,underneath this hes a tall man and suspect they,normal_play,0.0
1277.5,1281.5,suspect they might have something up their sleeve again dallin,normal_play,0.0
1281.0,1285.0,you bet they do as the crowd urges japan on,scrum,0.426
1284.5,1288.5,on coach,scrum,0.426
1288.0,1292.0,fine,scrum,0.3159
1291.5,1295.5,sits,scrum,0.3159
1295.0,1299.0,good scrum from,scrum,0.3334
1298.5,1302.5,scrum from japan down the short side they work ball spits free katara,normal_play,0.0
1302.0,1306.0,free katara matsushima tiny sings up hes tackle by,normal_play,0.0
1305.5,1309.5,hes tackle by his opposite number matsushima born in pretoria south africa,normal_play,0.4032
1309.0,1313.0,africa and plays in the suntory club,normal_play,0.4032
1312.5,1316.5,club,normal_play,0.4032
1316.0,1320.0,peter labaskafni the 34 year old carries again,normal_play,0.4032
1319.5,1323.5,several of these players this will be their final rugby world cup in their careers,normal_play,0.0
1323.0,1327.0,their careers can they finish by journeying through to the,penalty,0.6128
1326.5,1330.5,through to the quarter finals and who knows what happens then but las pumas pinch,penalty,0.6128
1330.0,1334.0,pumas pinch back a penalty of their own good,penalty,0.6128
1333.5,1337.5,good release on the ball lift and then right hand lifting,normal_play,0.0
1337.0,1341.0,lifting japan,normal_play,0.0
1340.5,1344.5,japan been using profito on a lot of carries so far,normal_play,0.0
1344.0,1348.0,far shes got isolated in that ruck,normal_play,0.0
1347.5,1351.5,the key to that for argentina was there were two guys,normal_play,0.4032
1351.0,1355.0,were two guys jackaling montoshi was in there but wasnt on the ball but he creates a,normal_play,0.4032
1354.5,1358.5,but he creates a distraction for the clearing players so they have to focus on him,normal_play,0.0
1358.0,1362.0,on him thats the scrum off bocchano,normal_play,0.0
1361.5,1365.5,off bocchano dislodging the ball but this is the one sima terra and he locates,normal_play,0.0
1365.0,1369.0,terra and he locates the ball importantly he gets his big mitts on the ball,normal_play,0.0
1368.5,1372.5,and thats when the referee is going to reward you,normal_play,0.0
1372.0,1376.0,this is the second rugby world cup meeting between argentina and japan,lineout,0.183
1375.5,1379.5,japan las pumas won that one back in 19,lineout,0.183
1379.0,1383.0,33 points to 12 in cardiff different story today,normal_play,0.0
1382.5,1386.5,different story today there was so much on the line chocobades again cracks it upfield,normal_play,0.0
1386.0,1390.0,cracks it upfield as the inside centre a couple of good tackle,normal_play,0.0
1389.5,1393.5,a couple of good tackle coming in theres pablo matera,normal_play,0.4032
1393.0,1397.0,fearless flanker,normal_play,0.4032
1396.5,1400.5,big pinch check out leach for japan,normal_play,0.4032
1400.0,1404.0,for japan saito finds,normal_play,0.3845
1403.5,1407.5,saito finds lavaskakini he steps off the left,normal_play,0.3845
1407.0,1411.0,good tackle on the flanker now saito pops it up,normal_play,0.4032
1410.5,1414.5,pops it up to giongou his father dong chun representing south,normal_play,0.4032
1414.0,1418.0,representing south korea in the front row,normal_play,0.4032
1417.5,1421.5,matsuda goes to the sky,normal_play,0.4032
1421.0,1425.0,okay hes been knocked on,normal_play,0.4032
1424.5,1428.5,from argentina so japan win that battle,normal_play,0.4032
1428.0,1432.0,lets go guys,normal_play,0.4032
1431.5,1435.5,weve got a couple of injury concerns in back play at the moment,normal_play,0.0
1435.0,1439.0,at the moment guido petty is just having his shoulder petty,normal_play,0.0
1438.5,1442.5,petty put on the big screen and give you the decision a couple of other sore bodies as well yes ben,tmo_replay,0.85
1442.0,1446.0,ben im going to show you head on head contact by japan 7,tmo_replay,0.85
1445.5,1449.5,7,tmo_replay,0.85
1452.5,1456.5,first angle coming up,tmo_replay,0.8009
1456.0,1460.0,angle coming up now ben,tmo_replay,0.8009
1459.5,1463.5,okay so,tmo_replay,0.7057
1463.0,1467.0,guys it is foul play because theres head on head contact he could,tmo_replay,0.7057
1466.5,1470.5,he could be lower so ive got yellow card meters foul play,tmo_replay,0.7568
1470.0,1474.0,foul play foul play meters yellow card threshold bp are you going to yellow card this,tmo_replay,0.7568
1473.5,1477.5,to yellow card this are you happy with that yeah im very happy with that ben okay back on me when youre ready,tmo_replay,0.7568
1477.0,1481.0,me when youre ready captain,tmo_replay,0.85
1480.5,1484.5,captain in 7,tmo_replay,0.85
1484.0,1488.0,kazuki 7,tmo_replay,0.85
1487.5,1491.5,we have foul,card_event,1.0
1491.0,1495.0,we have foul play theres head on head contact 7 could be lower hes,card_event,1.0
1494.5,1498.5,be lower hes upright so its foul play meters yellow card threshold off field review,card_event,1.0
1498.0,1502.0,off field review as well,card_event,1.0
1501.5,1505.5,well even though its argentinian,normal_play,0.0
1505.0,1509.0,its argentinian players on the floor times still off for the injury its japan who are going to lose a man,normal_play,0.0
1508.5,1512.5,to lose a man in at least the 10 minutes,normal_play,0.0
1512.0,1516.0,ita labestafeni goes to the sideline head on head contact,normal_play,0.0
1515.5,1519.5,contact it goes to the bunker as well for review,normal_play,0.0
1519.0,1523.0,well hes a pretty squeaky clean individual,normal_play,0.0
1522.5,1526.5,individual lamano lemaki told me they call him ned flanders,normal_play,0.0
1526.0,1530.0,because hes pretty perfect theyre looking at his leg,normal_play,0.0
1529.5,1533.5,at his leg well just hold up a little,normal_play,0.0
1533.0,1537.0,hold up a little bit at the moment pablo matera is currently down looks,normal_play,0.0
1536.5,1540.5,down looks like hes getting some treatment on his leg but he hasnt moved for a couple,normal_play,0.0
1540.0,1544.0,moved for a couple of minutes so,normal_play,0.0
1543.5,1547.5,so theyre hopeful that hes going to stay out there at the moment but were,normal_play,0.0
1547.0,1551.0,but were going to have to wait and see because there hasnt been a lot of movement for a while,normal_play,0.0
1550.5,1554.5,movement for a while what im seeing is actually more movement,normal_play,0.0
1554.0,1558.0,more movement from argentina than japans get a shot there,normal_play,0.0
1557.5,1561.5,get a shot there a brilliant technical clear out low save im,normal_play,0.0
1561.0,1565.0,save im hoping weve got a balance at the moment thats,normal_play,0.0
1564.5,1568.5,thats where nabishkakni got it a little bit wrong he did sink,normal_play,0.0
1568.0,1572.0,he did sink thats what i see perhaps the referee saying could have sunk a little bit more to,normal_play,0.0
1571.5,1575.5,more to get his head away from the ball runners,normal_play,0.0
1575.0,1579.0,the ball runners head,normal_play,0.0
1578.5,1582.5,take,normal_play,0.0
1582.0,1586.0,take a picture take a picture of him,normal_play,0.0
1613.5,1617.5,its party time,normal_play,0.0
1617.0,1621.0,its party time in france what an occasion to be here,normal_play,0.0
1620.5,1624.5,here,normal_play,0.0
1652.0,1656.0,pablo matera just,normal_play,0.0
1655.5,1659.5,matera just getting some strapping on his upper left leg,normal_play,0.0
1659.0,1663.0,left leg so it looks like he is going to continue none of the bench players are warming,normal_play,0.0
1662.5,1666.5,players are warming up good news for argentina theyre going to keep their big,normal_play,0.0
1666.0,1670.0,to keep their big forward out there we can take a look at the first try from chakrabara what a,normal_play,0.0
1669.5,1673.5,chakrabara what a brilliant strike early on in this game time on,normal_play,0.0
1673.0,1677.0,on and then this shot called the score to even things,normal_play,0.0
1676.5,1680.5,even things up from amato pachitava,normal_play,0.0
1680.0,1684.0,that will be replayed,normal_play,0.0
1683.5,1687.5,will be replayed a good few times so yellow card,normal_play,0.0
1687.0,1691.0,yellow card for pidela biscachni for japan gives the penalty,normal_play,0.0
1690.5,1694.5,gives the penalty to argentina theyre about to fall to the shot bad,normal_play,0.0
1694.0,1698.0,bad goal its emiliano poffelli whats the time on the,normal_play,0.0
1697.5,1701.5,poffelli whats the time on the clock just under 50 out scored,normal_play,0.0
1701.0,1705.0,out scored 16 points in that 19 10 win over samoa earlier,normal_play,0.0
1704.5,1708.5,earlier in this rugby world cup,normal_play,0.0
1708.0,1712.0,if you spend time in rasen 92,normal_play,0.0
1711.5,1715.5,92,normal_play,0.0
1722.0,1726.0,poffelli a vital,goal_kick,0.8688
1725.5,1729.5,a vital three points on the line,goal_kick,0.7103
1729.0,1733.0,the line,goal_kick,0.7103
1732.5,1736.5,hes pushed it to the right hand side we locked still at seven apiece,goal_kick,0.8688
1736.0,1740.0,apiece i need him to control the shot clock if i need the shot clock stopped they need,goal_kick,0.8688
1739.5,1743.5,clock stopped they need to stop it watching on can you guys see the misses for the timekeeper,goal_kick,0.8688
1743.0,1747.0,timekeeper a rare sight emilio poffelli missing a kick,normal_play,0.0
1746.5,1750.5,missing a kick hes got great range on his kicks as well,normal_play,0.0
1750.0,1754.0,well this doesnt look good for matera now,normal_play,0.0
1753.5,1757.5,matera now we see him hes been trying to walk for a couple of minutes,normal_play,0.0
1757.0,1761.0,couple of minutes now hes taken the strapping off he just cant run it looks like it,normal_play,0.0
1760.5,1764.5,it looks like it might be a hamstring for matera and a pretty bad run at,normal_play,0.0
1764.0,1768.0,bad run at that so despite their best efforts to get him right to continue,normal_play,0.0
1767.5,1771.5,right to continue on in this game hes going to be coming off,normal_play,0.0
1771.0,1775.0,heres your placement on the field and we have an outcome on,normal_play,0.0
1774.5,1778.5,have an outcome on the foul play review when youre ready,normal_play,0.0
1778.0,1782.0,it will remain a yellow card there is a high degree of danger,normal_play,0.0
1781.5,1785.5,degree of danger however there is a late step which mitigates it as,normal_play,0.0
1785.0,1789.0,it as well as simultaneous contact to the chest and shoulder,normal_play,0.0
1788.5,1792.5,shoulder ok kazuki times still off we have an outcome,normal_play,0.0
1792.0,1796.0,have an outcome on the yellow card it will remain a yellow card,normal_play,0.0
1795.5,1799.5,yellow card we do have contact that is chest that goes to the,normal_play,0.0
1799.0,1803.0,goes to the head and theres a late step so we have mitigation as well its staying yellow so theyll come,normal_play,0.0
1802.5,1806.5,so theyll come back after 10 minutes ok thank you it stays a yellow,normal_play,0.0
1806.0,1810.0,it stays a yellow card so confirmation there for pela biscotti were back on the field,normal_play,0.0
1809.5,1813.5,on the field hell serve his 10 minutes in the simbun,normal_play,0.0
1813.0,1817.0,jupane to lasto with,kick_off,0.5159
1816.5,1820.5,lasto with 14 plays until then monon lameki,kick_off,0.5159
1820.0,1824.0,monon lameki puts it downfield as juan martin gonz lez,normal_play,0.0
1823.5,1827.5,juan martin gonz lez goes over the halfway line,normal_play,0.0
1827.0,1831.0,bertrino to his captain,normal_play,0.4032
1830.5,1834.5,montoja,normal_play,0.4032
1834.0,1838.0,good quick hands here from argentina,normal_play,0.4032
1837.5,1841.5,from argentina and the shoulder comes in as well there from siro,normal_play,0.4032
1841.0,1845.0,from siro saeif afita lamano with his first touch in this game,normal_play,0.3902
1844.5,1848.5,touch in this game the 31 year old 91 caps for his country,normal_play,0.3902
1848.0,1852.0,montoja again to the line,normal_play,0.0
1851.5,1855.5,jupane try to pinch this one,normal_play,0.3806
1855.0,1859.0,to pinch this one stays with los fumos,normal_play,0.3806
1858.5,1862.5,thats labanini,normal_play,0.4032
1862.0,1866.0,thats labanini good step almost a half break there from santiago,normal_play,0.4032
1865.5,1869.5,there from santiago carreras jupane very good at keeping the,normal_play,0.4032
1869.0,1873.0,at keeping the defensive line so far just that slip up a minute one to,normal_play,0.4032
1872.5,1876.5,one to let through santiago chikabares cant use it,normal_play,0.0
1876.0,1880.0,it bertrino plays his rugby in wales with the dragons,normal_play,0.0
1879.5,1883.5,dragons puts it high but not very far,normal_play,0.4032
1883.0,1887.0,far its played hard japan counts on this,normal_play,0.4032
1886.5,1890.5,counts on this one good ball advantage to the offside,normal_play,0.4032
1890.0,1894.0,matsuda no advantage coming from,normal_play,0.4032
1893.5,1897.5,advantage coming from referee ben o keefe local player in front of the,normal_play,0.4032
1897.0,1901.0,in front of the box kick inside the 10 metre all advancing,penalty,0.6128
1900.5,1904.5,offside inside the 10 metre,normal_play,0.0
1904.0,1908.0,metre so because bertrinos box kick didnt take many metres,normal_play,0.0
1907.5,1911.5,take many metres upfield all his players are offside,normal_play,0.15
1911.0,1915.0,players are offside because theyre within the 10 theyre the ball and youve got to retreat,normal_play,0.15
1914.5,1918.5,youve got to retreat out of that space before you can play,normal_play,0.0
1918.0,1922.0,a victory for the japanese,normal_play,0.0
1921.5,1925.5,the japanese defence i think,normal_play,0.0
1925.0,1929.0,think,normal_play,0.0
1928.5,1932.5,its the man,normal_play,0.3982
1932.0,1936.0,man nugin shot heads up the argentine rugby federation,normal_play,0.3982
1935.5,1939.5,federation its the gabrielle traverlini,normal_play,0.0
1939.0,1943.0,as you can see there theres,normal_play,0.0
1942.5,1946.5,there theres a few argentinian players trying to get out of the space,normal_play,0.0
1946.0,1950.0,in the middle take a step how much punches,normal_play,0.0
1949.5,1953.5,how much punches fafita added to proceedings today hes putting himself about,normal_play,0.0
1953.0,1957.0,putting himself about,normal_play,0.0
1956.5,1960.5,japan approach the line up short to horii,lineout,0.4726
1960.0,1964.0,to horii the person at the top his fans in full,lineout,0.4726
1963.5,1967.5,in full noise here and not good set piece,normal_play,0.0
1967.0,1971.0,set piece fafita to the line big powerful winger,normal_play,0.0
1970.5,1974.5,well into the 22,normal_play,0.4032
1974.0,1978.0,saito quick hands from matsuda,normal_play,0.4032
1977.5,1981.5,from matsuda taku,normal_play,0.4032
1981.0,1985.0,and japan get more points here,normal_play,0.4032
1984.5,1988.5,here and take the lead,normal_play,0.3561
1991.5,1995.5,takatawa who scored that brilliant individual try,normal_play,0.0
1995.0,1999.0,individual try himano rocked with good solid contact,normal_play,0.4032
1998.5,2002.5,solid contact matsuda hangs deep,normal_play,0.4032
2002.0,2006.0,lines up a three its charged out,normal_play,0.4032
2005.5,2009.5,great skill there from argentina to recognise that ok,try,1.0
2009.0,2013.0,ok japan out team made this its been put up now by kuchida matsushima the 30 year old,normal_play,0.4032
2012.5,2016.5,year old beautiful take malia has it,normal_play,0.4032
2016.0,2020.0,it stunning hands here comes bertran on out for,try,1.0
2019.5,2023.5,on out for argentina licking up,try,1.0
2023.0,2027.0,that is outstanding,try,1.0
2026.5,2030.5,outstanding mateo carreras with,try,1.0
2030.0,2034.0,with a supreme counter attack,try,1.0
2044.0,2048.0,argentina take full advantage,normal_play,0.0
2047.5,2051.5,advantage,normal_play,0.0
2051.0,2055.0,it starts off with this and of course its kramer charging it,normal_play,0.0
2054.5,2058.5,charging it down with his face thats where it started,normal_play,0.0
2058.0,2062.0,thats where it started i thought matsushima had done a great job of putting,normal_play,0.0
2061.5,2065.5,job of putting this up in the sky but its argentina that come,normal_play,0.0
2065.0,2069.0,argentina that come away with it through their backs bertranu,normal_play,0.0
2068.5,2072.5,bertranu what a run from him and he finds the wheels,normal_play,0.0
2072.0,2076.0,the wheels importantly carreras was hitting it at pace,normal_play,0.0
2075.5,2079.5,the man who blazes roughly in newcastle he had to,normal_play,0.0
2079.0,2083.0,he had to learn to shovel snow off the pitches there but make no mistake he,normal_play,0.0
2082.5,2086.5,mistake he is hot guys keep those comms up comms are really good,normal_play,0.0
2086.0,2090.0,good nice and clear the,normal_play,0.0
2089.5,2093.5,the connectivity from this argentine side,normal_play,0.0
2093.0,2097.0,side forwards and backs combining for that stunning try,normal_play,0.0
2096.5,2100.5,theyre up 12 7 nearly,goal_kick,0.8688
2100.0,2104.0,nearly 30 minutes played in this final poole d fixture,goal_kick,0.8688
2103.5,2107.5,d fixture,goal_kick,0.8688
2110.5,2114.5,bofele,normal_play,0.0
2114.0,2118.0,bofele not on song with the boots back los,normal_play,0.0
2117.5,2121.5,back los pumas lead by five,normal_play,0.0
2121.0,2125.0,just the pace with which he hits,normal_play,0.0
2124.5,2128.5,pace with which he hits that ball thats the key escape,normal_play,0.0
2128.0,2132.0,escape the final tackle attempt from lemeke,normal_play,0.0
2131.5,2135.5,los pumas leading try scorer,normal_play,0.0
2135.0,2139.0,leading try scorer this year debut in 2021,normal_play,0.0
2138.5,2142.5,in 2021 played with the tucumont side when he was younger,normal_play,0.0
2142.0,2146.0,doing brilliant things on this big stage,normal_play,0.0
2145.5,2149.5,this big stage goal,normal_play,0.0
2149.0,2153.0,goal,normal_play,0.0
2152.5,2156.5,goal,kick_off,0.4064
2156.0,2160.0,japan who were so close moments earlier,kick_off,0.4064
2159.5,2163.5,conceding the second score left behind bofele able to scoop it up,normal_play,0.0
2163.0,2167.0,to scoop it up for argentina on hand after guido petty the man,normal_play,0.4032
2166.5,2170.5,petty the man who places roughly in bordeaux pulled it away here comes kramer over,normal_play,0.4032
2170.0,2174.0,kramer over the advantage line use,normal_play,0.4032
2173.5,2177.5,use it,normal_play,0.0
2177.0,2181.0,gonzalo betrano,normal_play,0.0
2180.5,2184.5,from the aguares player finds matsushima,normal_play,0.4032
2184.0,2188.0,finds matsushima quick early ball lemeke shifts,normal_play,0.4032
2187.5,2191.5,lemeke shifts it across field thats good passing and good work for japan,normal_play,0.4032
2191.0,2195.0,for japan they look to unlock michael leach on that far side,normal_play,0.4032
2194.5,2198.5,the forward lurking on the wing loose,normal_play,0.4032
2198.0,2202.0,loose pass dynas knocked on just a knock on advantage for japan coming,normal_play,0.4032
2201.5,2205.5,for japan coming their way use,normal_play,0.4032
2205.0,2209.0,use it gonzalo flicks it up,normal_play,0.0
2208.5,2212.5,up shota horitake gets a fan and throws it off good pass,normal_play,0.0
2212.0,2216.0,pass play to the whistle guys play to the whistle no advantage,normal_play,0.0
2215.5,2219.5,no advantage to the knock on,normal_play,0.0
2219.0,2223.0,always under pressure love the,normal_play,0.0
2222.5,2226.5,love the advice of beto kipi here that all the way up from under fives play to the whistle thats,normal_play,0.0
2226.0,2230.0,to the whistle thats this,normal_play,0.0
2229.5,2233.5,this is the counter riley fizzes one,normal_play,0.0
2233.0,2237.0,the missed ball to the edge once again leach out there,normal_play,0.0
2236.5,2240.5,there well covered up by chocobaraz,normal_play,0.0
2240.0,2244.0,and then it just broke down a little bit,normal_play,0.0
2247.0,2251.0,toms off to the shift tom will go back home on rene,normal_play,0.0
2250.5,2254.5,home on rene,normal_play,0.0
2254.0,2258.0,tom on,normal_play,0.0
2264.5,2268.5,theres john mitchell were going to try to chat to,scrum,0.4877
2268.0,2272.0,to chat to him before the game boys yeah,scrum,0.4877
2271.5,2275.5,yeah he had a knowing look in his eye about a play they have today a lot of it,scrum,0.4877
2275.0,2279.0,a lot of it was about how they could break this argentinian defense up,scrum,0.4877
2278.5,2282.5,theyre doing okay so far matsushima fakes the kick,normal_play,0.0
2282.0,2286.0,the kick yep and then its been pinched,normal_play,0.0
2285.5,2289.5,been pinched by argentina lovonini throws a dummy,normal_play,0.0
2289.0,2293.0,the big lock forward takes it towards the halfway line,normal_play,0.4032
2292.5,2296.5,okay justin here stopped three carreras spots some space,normal_play,0.4032
2296.0,2300.0,space skips with a one bounce into touch are we outside the 22,normal_play,0.0
2299.5,2303.5,outside the 22 okay just watching,normal_play,0.0
2303.0,2307.0,watching slightly off the outside of his boot,normal_play,0.0
2306.5,2310.5,boot carreras not criticizing its a lovely nudge,normal_play,0.0
2310.0,2314.0,its a lovely nudge but it meant it skidded out just shy of the 22 so theyre not going to get the throw in,normal_play,0.0
2313.5,2317.5,to get the throw in not there matsushima is so close to line breaking every,normal_play,0.0
2317.0,2321.0,line breaking every time he gets the ball argentina,normal_play,0.0
2320.5,2324.5,two outside outside,normal_play,0.0
2324.0,2328.0,yeah matsushima was japans top try scorer at the rugby world cup in 2019,normal_play,0.0
2327.5,2331.5,2019 and they made the quarterfinals for the very first time,lineout,0.4702
2331.0,2335.0,first time,lineout,0.4702
2334.5,2338.5,time pitched at line out tight,normal_play,0.0
2338.0,2342.0,tight picked up from francisco gomez codela,normal_play,0.0
2341.5,2345.5,gomez codela montozha,normal_play,0.0
2345.0,2349.0,montozha for argentina could be a costly error for the,normal_play,0.2329
2348.5,2352.5,error for the japanese side giving away possession just outside their 22 tomas,normal_play,0.2329
2352.0,2356.0,22 tomas labanini again debut back in 2013 hes,normal_play,0.4032
2355.5,2359.5,2013 hes 84th appearance one of their go to forwards,normal_play,0.4032
2359.0,2363.0,forwards and as their captain picks and drives forward is julian montozha,normal_play,0.0
2362.5,2366.5,montozha alabano got him,normal_play,0.4032
2366.0,2370.0,alabano got him offside is there with him never got back labanini,normal_play,0.4032
2369.5,2373.5,labanini again penalty advantage for argentina,normal_play,0.4032
2373.0,2377.0,argentina and decision time its a knock on,penalty,0.6128
2376.5,2380.5,time its a knock on its a knock on,penalty,0.6128
2380.0,2384.0,looks a little bit in front this one,normal_play,0.0
2383.5,2387.5,okay give him this one here,normal_play,0.0
2387.0,2391.0,here shatari was retreating offside pillar two in a row we had two first,normal_play,0.0
2390.5,2394.5,had two first and there was one on this side as well just here,normal_play,0.0
2394.0,2398.0,just here this is the one here the two was over there,normal_play,0.0
2397.5,2401.5,over there ive assumed you wanted that shot called,normal_play,0.0
2401.0,2405.0,called number two number one offside pillar well,normal_play,0.0
2404.5,2408.5,well a penalty in a favorable position for befeli,normal_play,0.0
2408.0,2412.0,this one might set them into his groove a little bit no ripple,normal_play,0.0
2411.5,2415.5,no ripple must have been,normal_play,0.0
2415.0,2419.0,so i dont think theres any problem there but its,normal_play,0.0
2418.5,2422.5,but its after this carry hori trying to get back in line,normal_play,0.0
2422.0,2426.0,in line up problem for japan its a really great battle coming,normal_play,0.0
2425.5,2429.5,coming into it cornelson actually stolen more ball than anyone,goal_kick,0.8688
2429.0,2433.0,more ball than anyone at line up time not winning his own one there,goal_kick,0.8688
2432.5,2436.5,own one there the result,goal_kick,0.8688
2436.0,2440.0,is that argentina,goal_kick,0.8688
2439.5,2443.5,keep the scoreboard ticking theyre up 15 7,normal_play,0.0
2443.0,2447.0,15 7 an accessible penalty from emiliano befeli,normal_play,0.0
2446.5,2450.5,befeli that yellow card proving costly against lamaskathne and japan,normal_play,0.0
2450.0,2454.0,and japan and japan are back to their full complement of 15 players,normal_play,0.0
2453.5,2457.5,15 players like ascabney back on the field but they did concede a try and,normal_play,0.0
2457.0,2461.0,a try and a penalty in that 10 minute,normal_play,0.0
2460.5,2464.5,half nup playing against this argentinian outfit,normal_play,0.0
2464.0,2468.0,argentinian outfit 15 players let alone one down theyve weathered it,normal_play,0.0
2467.5,2471.5,theyve weathered it now theyre just going to rebuild before the half five minutes,normal_play,0.0
2471.0,2475.0,five minutes theyll want some points out of this,kick_off,0.5159
2474.5,2478.5,this,kick_off,0.5159
2478.0,2482.0,lameki puts it,normal_play,0.0
2481.5,2485.5,puts it high into that not son taken well though from guido,normal_play,0.0
2485.0,2489.0,well though from guido peti isco club is where he loses right now east,normal_play,0.0
2488.5,2492.5,right now east third rugby world cup down by blue,normal_play,0.3032
2492.0,2496.0,gertrino slow ball catches the eyes,normal_play,0.3032
2495.5,2499.5,catches the eyes matias alamano,normal_play,0.0
2499.0,2503.0,former argentine under 19 and under 20 player as well take a,normal_play,0.2979
2502.5,2506.5,as well take a step two four minutes to go to close out,normal_play,0.2979
2506.0,2510.0,to close out this first half final pooley match here in nantes,normal_play,0.2979
2509.5,2513.5,here in nantes matsushima catches,normal_play,0.4032
2513.0,2517.0,catches lameki steps off his,normal_play,0.4032
2516.5,2520.5,steps off his right foot,normal_play,0.4032
2520.0,2524.0,stop in front high kick from,normal_play,0.0
2523.5,2527.5,kick from matsuda leach is looking out wide there as well sits down beautifully,normal_play,0.0
2527.0,2531.0,beautifully its still there big contest,normal_play,0.0
2530.5,2534.5,balls right there good contest,normal_play,0.0
2534.0,2538.0,knock on,normal_play,0.0
2537.5,2541.5,van cruis and malia going up against,normal_play,0.0
2541.0,2545.0,against michael leach in the contest here its gone high up,normal_play,0.0
2544.5,2548.5,gone high up into the nantes sky,normal_play,0.0
2548.0,2552.0,malia does get,normal_play,0.0
2551.5,2555.5,malia does get high up hes claiming that leach didnt jump,normal_play,0.0
2555.0,2559.0,jump so it wasnt the cut he wasnt contesting for the ball sit,normal_play,0.0
2558.5,2562.5,ball sit please keep moving i think its a fair call from the ref,normal_play,0.0
2562.0,2566.0,from the ref and it results in a scrum tough day for matera,normal_play,0.0
2565.5,2569.5,matera will they miss him such an influential player,normal_play,0.0
2569.0,2573.0,player a nuisance at the breakdown in defence,normal_play,0.0
2572.5,2576.5,a real warrior like player for them come on,normal_play,0.0
2576.0,2580.0,go katara matsushima has,scrum,0.4877
2579.5,2583.5,matsushima has been in the thick of it two seasons here in france with,scrum,0.2666
2583.0,2587.0,in france with semon,scrum,0.2666
2586.5,2590.5,another scuffle back on the field here yenagaki,scrum,0.4877
2590.0,2594.0,yenagaki hory and gu the front row here comes matsushima now he links,scrum,0.4877
2593.5,2597.5,matsushima now he links the olympian lamano lemeke chops,normal_play,0.0
2597.0,2601.0,chops down over the halfway line there for naoto saito,normal_play,0.4032
2600.5,2604.5,saito the halfback a little dummy thrown as they keep,normal_play,0.4032
2604.0,2608.0,they keep it tight hory,normal_play,0.4032
2607.5,2611.5,such a popular figure in japanese rugby here goes ofield,normal_play,0.4032
2611.0,2615.0,here goes ofield spin tide playing in new zealand with otago and with the rebels in,normal_play,0.4032
2614.5,2618.5,rebels in australia red goes to ground no im down,try,1.0
2618.0,2622.0,no im down matsuda,try,1.0
2621.5,2625.5,matsuda linking up nakamura gets it away riley with a beautiful pass tafita,try,1.0
2625.0,2629.0,tafita throws a dummy genius the back inside support,try,1.0
2628.5,2632.5,back inside support is there its fabulous from the bright,try,1.0
2632.0,2636.0,from the bright blossoms japan have their second,try,1.0
2635.5,2639.5,second naoto saito does the damage,try,1.0
2649.5,2653.5,they love it the,normal_play,0.0
2653.0,2657.0,it the fans the players it didnt look like there was much,normal_play,0.0
2656.5,2660.5,like there was much to it but its a great little out the back door from riley tafita,normal_play,0.0
2660.0,2664.0,tafita has been everywhere and hes the provider on this,normal_play,0.0
2663.5,2667.5,provider on this occasion throws the dummy,normal_play,0.0
2667.0,2671.0,dummy pfeffeli over read it in defence,normal_play,0.0
2670.5,2674.5,ball in two hands from tafita creating the deception,normal_play,0.0
2674.0,2678.0,deception he finds the inside man the classic nine support line,normal_play,0.0
2677.5,2681.5,support line,normal_play,0.0
2681.0,2685.0,genius from,normal_play,0.0
2684.5,2688.5,from the 26 year old probably just front of the line we need to clean up naoto saito,normal_play,0.0
2688.0,2692.0,naoto saito the back outside fourth try for his country such a vital,goal_kick,0.8688
2691.5,2695.5,a vital one with his kick to come they want points,goal_kick,0.8688
2695.0,2699.0,want points before the break and they got five potentially,goal_kick,0.8688
2698.5,2702.5,potentially with the extras to add as well,goal_kick,0.8688
2705.5,2709.5,rikia matsuda,goal_kick,0.5802
2709.0,2713.0,rikia matsuda,goal_kick,0.5802
2712.5,2716.5,bangs it over its a one point game,goal_kick,0.8688
2716.0,2720.0,and argentina lead 15 14,goal_kick,0.8688
2719.5,2723.5,14 after a second score naoto saito,normal_play,0.0
2723.0,2727.0,naoto saito making the most of his opportunity in the starting side he did get the,normal_play,0.0
2726.5,2730.5,he did get the knots from her ahead of nugari who has a,normal_play,0.0
2730.0,2734.0,has a calf injury that he suffered two weeks ago vetr n was touch and,normal_play,0.0
2733.5,2737.5,was touch and go for this game they decided not to risk him but theyve got a pretty handy replacement,normal_play,0.0
2737.0,2741.0,handy replacement well it means so much for the supporters around,kick_off,0.5159
2740.5,2744.5,the supporters around the globe and here a knot as well japan,kick_off,0.5159
2744.0,2748.0,japan well and truly back in this contest michael leach gets,normal_play,0.0
2747.5,2751.5,michael leach gets tackle to the ground by gonz lez,normal_play,0.0
2751.0,2755.0,gonz lez naoto saito last few moments of this first half,normal_play,0.0
2754.5,2758.5,k33 yep,normal_play,0.4032
2758.0,2762.0,k33 yep and theyve weathered that yellow card despite conceding points theyve got back on the board,normal_play,0.4032
2761.5,2765.5,got back on the board has this japanese side its in the space,normal_play,0.4032
2765.0,2769.0,the space interestingly from that attack it kind of felt like off the scram it was a little,normal_play,0.0
2768.5,2772.5,scram it was a little bit faltering a little bit stuttering in their,normal_play,0.0
2772.0,2776.0,stuttering in their attack they look like theyve lost a bit of shape now nowhere theyre not with numbers,normal_play,0.0
2775.5,2779.5,numbers the japanese outside backs really being the,normal_play,0.0
2779.0,2783.0,being the difference makers for them at the moment jamie joseph in picture coach of,lineout,0.2905
2782.5,2786.5,coach of japan michael checker but earlier,lineout,0.2905
2786.0,2790.0,earlier montozha tomeci at the line out of time this time from argentina horrie,lineout,0.2905
2789.5,2793.5,argentina horrie flexes away beautifully himano is there in support matsuda shifts it,normal_play,0.0
2793.0,2797.0,shifts it nakamura finds reilly the stout kick,normal_play,0.4032
2796.5,2800.5,stout kick balls in the hand of carreras and argentina,normal_play,0.4032
2800.0,2804.0,and argentina,normal_play,0.0
2807.0,2811.0,montozha ball hits the ground in fact heres montozha now,normal_play,0.4032
2810.5,2814.5,montozha now he try to slip a ball away keeps it tight,normal_play,0.0
2817.5,2821.5,and then hoofed out and that is the half time,normal_play,0.0
2821.0,2825.0,the half time whistle what a tremendous first 40 weve,normal_play,0.0
2824.5,2828.5,first 40 weve seen here in the north west of france argentina lead 15 14,normal_play,0.0
2828.0,2832.0,15 14 against japan in pauldis from the city of nantes,normal_play,0.0
2831.5,2835.5,of nantes start de la boisjoie,normal_play,0.0
2835.0,2839.0,start de la boisjoie in the north west of france welcome to the second half action in the titanic,kick_off,0.4393
2838.5,2842.5,in the titanic poultie clash the winner heading into the quarter finals in,kick_off,0.4393
2842.0,2846.0,finals in marseille next week against wales japan in their,kick_off,0.4393
2845.5,2849.5,japan in their traditional red and white on the left of your screen argentina in their way,normal_play,0.0
2849.0,2853.0,their way navy strip who lead 15 14 two try,normal_play,0.0
2852.5,2856.5,two try one from chocobares and mateo carreras,normal_play,0.4032
2856.0,2860.0,bakataba and saito scoring for japan im down and snapping alongside,normal_play,0.4032
2859.5,2863.5,and snapping alongside olympian great contest everyones on,normal_play,0.0
2863.0,2867.0,everyones on side argentina set up on a run great bit of work there from,normal_play,0.4032
2866.5,2870.5,of work there from gonzalo bertramo and its been pinched,normal_play,0.4032
2870.0,2874.0,and we play on bafeni everyones on v clav santiago carreras,normal_play,0.4032
2873.5,2877.5,santiago carreras the,normal_play,0.4032
2877.0,2881.0,the direct route tag los palmas,normal_play,0.4032
2880.5,2884.5,marcus kurama to the line,normal_play,0.4032
2884.0,2888.0,to the line he goes uphill,normal_play,0.4032
2891.0,2895.0,lavanini again carries hard over the advantage line for argentina,normal_play,0.3798
2894.5,2898.5,argentina building their phases malaya,normal_play,0.4032
2898.0,2902.0,malaya flicks it to the right the replacement matias alamano is there,normal_play,0.4032
2901.5,2905.5,there carreras quick hands as the fly off this,normal_play,0.3145
2905.0,2909.0,this time they tackle chocobares knowing how lethal he can be,normal_play,0.3145
2908.5,2912.5,can be montozha the captain,normal_play,0.4032
2912.0,2916.0,a flip ball barnards not gone,normal_play,0.4032
2915.5,2919.5,not gone to lavanini and japan have this possession big,normal_play,0.4032
2919.0,2923.0,possession big ball over the top here they come matsuda flicks,normal_play,0.4032
2922.5,2926.5,matsuda flicks it on the inside rileys there good ball to fafina,normal_play,0.4032
2926.0,2930.0,japan linking superbly as they connect very,normal_play,0.4032
2929.5,2933.5,they connect very well here comes amato faketaba again,normal_play,0.4032
2933.0,2937.0,lamano lameki,normal_play,0.0
2936.5,2940.5,lameki crashes his way upfield still going is lameki,normal_play,0.4032
2940.0,2944.0,lameki saito down the short side,normal_play,0.4032
2943.5,2947.5,the short side faketaba to the 22 for,normal_play,0.0
2947.0,2951.0,the 22 for japan theyve worked well to get into this position,normal_play,0.4032
2950.5,2954.5,position their captain kazuki himano,normal_play,0.4032
2954.0,2958.0,carries well matsuda quick hands leech behind,normal_play,0.4032
2957.5,2961.5,leech behind the back interception no it stays times not gone,normal_play,0.0
2961.0,2965.0,it stays times not gone only katana matsushima cuts back in,normal_play,0.4032
2964.5,2968.5,in matsushima saito,normal_play,0.4032
2968.0,2972.0,saito heres michael leech again,normal_play,0.4032
2971.5,2975.5,the brave blossoms keeps urging,normal_play,0.4032
2975.0,2979.0,keeps urging upfield at himano behind the back ball,normal_play,0.0
2978.5,2982.5,the back ball going to keep crying if we come back,normal_play,0.0
2982.0,2986.0,saito finds his forwards now short to hone hes,normal_play,0.0
2985.5,2989.5,hes 37 year old the penalty though goes the other way,penalty,0.6128
2989.0,2993.0,goes the other way to argentina tremendous wave of,penalty,0.6128
2992.5,2996.5,tremendous wave of phases though for japan,normal_play,0.0
2996.0,3000.0,ive got a wrap there sota what an attack,normal_play,0.0
2999.5,3003.5,the combo of kramer and montagio,normal_play,0.0
3003.0,3007.0,montagio they dont do it in the end,normal_play,0.0
3006.5,3010.5,substitution great pace great speed great,normal_play,0.0
3010.0,3014.0,great speed great skill no more so than the big man michael,normal_play,0.0
3013.5,3017.5,big man michael leech with the out the back option and injuries down they,normal_play,0.0
3017.0,3021.0,they will not want matsushima to stay down for very long,normal_play,0.0
3020.5,3024.5,weve got an early change for argentina as well contigo gomez,normal_play,0.0
3024.0,3028.0,contigo gomez cordella has come off the field hes gone down the race for,normal_play,0.0
3027.5,3031.5,race for a head injury assessment eduardo mircho is on,normal_play,0.0
3031.0,3035.0,is on and just to reiterate that pablo matero was subbed out of the game,normal_play,0.0
3034.5,3038.5,out of the game in the first half with what looks like a pretty,normal_play,0.0
3038.0,3042.0,like a pretty serious hamstring injury so alemano is off to him,normal_play,0.0
3045.0,3049.0,well they ship it wide the,normal_play,0.0
3048.5,3052.5,it wide the space was there leech knew it very nearly an interception,normal_play,0.0
3052.0,3056.0,nearly an interception from feffeli the,normal_play,0.0
3055.5,3059.5,the dangerous running from matsushima thats where he picked up a knock i think,normal_play,0.0
3059.0,3063.0,think how about this skill finds the man the blind pass,normal_play,0.0
3062.5,3066.5,blind pass little look out of his,normal_play,0.0
3066.0,3070.0,out of his peripheral were going to restart beautifully done,normal_play,0.0
3069.5,3073.5,done water off please kremmer up ends horrie,normal_play,0.0
3073.0,3077.0,horrie one of those sackers where you see it,normal_play,0.0
3076.5,3080.5,you see it again not sure what arms were in it but he was very low,normal_play,0.0
3080.0,3084.0,jian gu leaves the field aseeli balu,normal_play,0.0
3083.5,3087.5,aseeli balu the replacement wearing 18 for japan time on,normal_play,0.0
3087.0,3091.0,time on hes 30th appearance yeah gu was just struggling with a knee injury,normal_play,0.0
3090.5,3094.5,a knee injury he tried to run it out but it wasnt to be,normal_play,0.0
3094.0,3098.0,just face the first one out,normal_play,0.0
3097.5,3101.5,one out,normal_play,0.0
3101.0,3105.0,japan three step down use the ir some,normal_play,0.0
3104.5,3108.5,some of those meters argentina are getting theyre running really nicely between japanese,normal_play,0.0
3108.0,3112.0,between japanese defenders running on weak shoulders,normal_play,0.0
3111.5,3115.5,thats where they get in their change,lineout,0.4726
3115.0,3119.0,it all starts,lineout,0.4726
3118.5,3122.5,it all starts with the set piece and argentina,normal_play,0.0
3122.0,3126.0,and argentina on song in that department again julian montozia,normal_play,0.0
3125.5,3129.5,thats one debut back in 2014,maul,0.5412
3129.0,3133.0,2014 tremendous success rate headline now come over 90,maul,0.5412
3132.5,3136.5,90 he mauls to the halfway line,maul,0.5412
3136.0,3140.0,line guido petit assists its alamano as,maul,0.5412
3139.5,3143.5,its alamano as well is the maul keeps rumbling upfield,maul,0.5412
3143.0,3147.0,upfield,maul,0.5412
3146.5,3150.5,it is a very good looking maul from this argentina side,normal_play,0.0
3150.0,3154.0,side now bertrino peels it away to the backs,normal_play,0.0
3153.5,3157.5,backs chacabarres fires to sinti,normal_play,0.4032
3157.0,3161.0,carreras looking to cut,normal_play,0.4032
3160.5,3164.5,looking to cut loose again mateo carreras carries a couple with him,normal_play,0.4032
3164.0,3168.0,couple with him still the same way little,normal_play,0.4032
3167.5,3171.5,little step there the start from santiago carreras,normal_play,0.4032
3171.0,3175.0,cremar into a brick wall made of horny,normal_play,0.4032
3174.5,3178.5,of horny long long,normal_play,0.4032
3178.0,3182.0,then support arrives for argentina,normal_play,0.4032
3181.5,3185.5,its japanese,normal_play,0.4032
3185.0,3189.0,its japanese defence just flying up and thomas gajot,normal_play,0.4032
3188.5,3192.5,and thomas gajot carreras behind the back malaya looking,normal_play,0.4032
3192.0,3196.0,back malaya looking to skip out cant get free one cruise malaya,normal_play,0.0
3195.5,3199.5,malaya another tackle that needed to be made and was carreras,normal_play,0.4032
3199.0,3203.0,carreras still los pumas bring,normal_play,0.4032
3202.5,3206.5,pumas bring the pressure chacabarres,normal_play,0.0
3206.0,3210.0,down the short side sinti theyre a lot of numbers here mateo,normal_play,0.0
3209.5,3213.5,here mateo carreras links well montozha picks he started the,normal_play,0.4032
3213.0,3217.0,he started the line up,normal_play,0.4032
3216.5,3220.5,crash ball eduardo bejo,normal_play,0.4032
3220.0,3224.0,gajot arrives a 24 year old,normal_play,0.4032
3223.5,3227.5,old lends his support,normal_play,0.4032
3227.0,3231.0,bejo again off to the newcastle,normal_play,0.4032
3230.5,3234.5,off to the newcastle falcons at the end of this world cup to the ground goes tomas,normal_play,0.3017
3234.0,3238.0,ground goes tomas lavanini 14 phase,normal_play,0.3017
3237.5,3241.5,14 phase build up for argentina and advantage carreras on the,normal_play,0.3017
3241.0,3245.0,on the ball gajot,try,1.0
3244.5,3248.5,gajot new advantage not,normal_play,0.4032
3248.0,3252.0,advantage not rolling a free play to,normal_play,0.4032
3251.5,3255.5,to do something special its a short ball and the loop,try,1.0
3255.0,3259.0,loop sinti a wide pass mateo carreras,try,1.0
3258.5,3262.5,carreras he slices in for,try,1.0
3262.0,3266.0,slices in for his second,try,1.0
3276.0,3280.0,well he played a part early on,normal_play,0.0
3279.5,3283.5,part early on nearly went around my colleagues just scrapped down on that occasion,normal_play,0.0
3283.0,3287.0,that occasion and it was battering from the forwards but,normal_play,0.0
3286.5,3290.5,but finished off with some brilliance from mateo carreras for,normal_play,0.0
3290.0,3294.0,carreras for fita herri across the try and stop him that slick left,normal_play,0.0
3293.5,3297.5,slick left foot step bang and hes over,normal_play,0.0
3297.0,3301.0,thats his first try in,normal_play,0.0
3300.5,3304.5,his first try in total hes second in this game,normal_play,0.0
3304.0,3308.0,what a finisher to have in your team mateo,normal_play,0.0
3307.5,3311.5,mateo carreras strikes in the second half,normal_play,0.0
3311.0,3315.0,the second half,goal_kick,0.8688
3318.0,3322.0,bofelli lines up the extra two,goal_kick,0.8688
3321.5,3325.5,two the crowd,goal_kick,0.8688
3325.0,3329.0,the crowd hushes theres emiliano bofelli,goal_kick,0.8688
3328.5,3332.5,emiliano bofelli,goal_kick,0.8688
3332.0,3336.0,curls this one in it is,goal_kick,0.8688
3335.5,3339.5,is argentina that extend their lead,goal_kick,0.8688
3339.0,3343.0,their lead to 22 points to 14,goal_kick,0.8688
3342.5,3346.5,they were playing under an advanced chair so they moved up,normal_play,0.0
3346.0,3350.0,they moved up what about that first step,normal_play,0.0
3349.5,3353.5,step all created by the guys up front carrying,normal_play,0.0
3353.0,3357.0,carrying argentina 5 came off as well,normal_play,0.0
3356.5,3360.5,theres a lot of caps in that embrace couple of changes for,normal_play,0.0
3360.0,3364.0,of changes for argentina down here choles clavy has come on so too,normal_play,0.0
3363.5,3367.5,on so too has pedro rubiolo tomas garcho and tomas,normal_play,0.0
3367.0,3371.0,and tomas lavanini,kick_off,0.415
3370.5,3374.5,michael checa bringing on,kick_off,0.415
3374.0,3378.0,bringing on those replacements early on in the second half,kick_off,0.415
3377.5,3381.5,half chacabades works his right foot yet again,normal_play,0.0
3381.0,3385.0,foot yet again,normal_play,0.0
3384.5,3388.5,argentina clear,normal_play,0.4032
3388.0,3392.0,clear out of there 22 gatado matsushima,normal_play,0.4032
3391.5,3395.5,finds lamano lemecky two of the more dangerous,normal_play,0.4032
3395.0,3399.0,two of the more dangerous players in the side riley just across field,normal_play,0.4032
3398.5,3402.5,field beautiful breakout just the ankle tap comes in the ball,normal_play,0.4032
3402.0,3406.0,in the ball is still available here comes japan what an exciting side,normal_play,0.4032
3405.5,3409.5,exciting side with ball in hand matsuda,normal_play,0.4032
3409.0,3413.0,matsuda looking to link up craig miller has a big hit on,normal_play,0.0
3412.5,3416.5,a big hit on him his first touch since coming off the bench,normal_play,0.0
3416.0,3420.0,faketava the bounce ball,normal_play,0.4032
3419.5,3423.5,ball matsushima has got to tidy things up here with nabascafni,normal_play,0.4032
3423.0,3427.0,nabascafni fafita just lurks around there,normal_play,0.0
3426.5,3430.5,around there saito shifts it to his forwards a loose ball,normal_play,0.4032
3430.0,3434.0,a loose ball again miller picks up 32 year old in his 17th appearance for,normal_play,0.4032
3433.5,3437.5,17th appearance for his country usert man,normal_play,0.4032
3437.0,3441.0,man theres an accountant died by day he spends a lot of money though,normal_play,0.0
3440.5,3444.5,saito goes to the sky again,normal_play,0.4032
3444.0,3448.0,argentina claim this,normal_play,0.4032
3447.5,3451.5,argentina claim this rizantiaga carreras again,normal_play,0.4032
3451.0,3455.0,cordoba athletic club,normal_play,0.4032
3454.5,3458.5,japan get their line set on defense taking back,normal_play,0.0
3458.0,3462.0,back taking back they can have another counter attack here,normal_play,0.0
3461.5,3465.5,attack here the sun is in the face of katara matsushima,normal_play,0.4032
3465.0,3469.0,and theyve taken it back in you heard the referee beno keefe say,normal_play,0.4032
3468.5,3472.5,beno keefe say that so it is a mistake from argentina an opportunity,normal_play,0.0
3472.0,3476.0,an opportunity for japan ngunjoon plays rizantiaga t l phone the therapist,normal_play,0.0
3475.5,3479.5,rizantiaga t l phone the therapist entiscern,normal_play,0.0
3479.0,3483.0,and show me help marco my friend,normal_play,0.0
3482.5,3486.5,my friend begins looking towards the ads to play,normal_play,0.0
3486.0,3490.0,looking towards the ads to play inside,normal_play,0.0
3489.5,3493.5,services in o lorsquno,normal_play,0.0
3493.0,3497.0,kachyplata,normal_play,0.0
3496.5,3500.5,kachyplata,normal_play,0.0
3500.0,3504.0,nianjians looking to make,lineout,0.4726
3503.5,3507.5,thats a keep sick up kante throws nicely,lineout,0.4726
3507.0,3511.0,throws nicely for japan hes first touch him and i find him now good,normal_play,0.4032
3510.5,3514.5,now good linking and passes up play kata matsushima the gap,normal_play,0.4032
3514.0,3518.0,the gap just opened up then brought down eight out,normal_play,0.4032
3517.5,3521.5,eight out the big frame of,normal_play,0.0
3521.0,3525.0,of amato fukitaba the 28 year old ball bounces free,normal_play,0.0
3524.5,3528.5,bounces free still there for the japanese attacking side not releasing,normal_play,0.0
3528.0,3532.0,side not releasing when he was tackle on the ground both,normal_play,0.0
3531.5,3535.5,both sides with a penalty advantage as well,normal_play,0.0
3535.0,3539.0,miller new advantage,normal_play,0.0
3538.5,3542.5,new advantage not rolling another advantage saito with,penalty,0.6128
3542.0,3546.0,saito with position the penalty over here,penalty,0.6128
3545.5,3549.5,over here the player was tackle on top when he ripped the,penalty,0.6128
3549.0,3553.0,when he ripped the ball no clear release players on the ground,normal_play,0.0
3556.0,3560.0,more creativity from the,normal_play,0.0
3559.5,3563.5,creativity from the set piece from japan,normal_play,0.0
3563.0,3567.0,theyd like to have a shot 10 metres is,normal_play,0.0
3566.5,3570.5,10 metres is just in front of the line just in front of the line and theyre going to try and eat three points,normal_play,0.0
3570.0,3574.0,and eat three points off that scoreboard yeah they can make that sub now,normal_play,0.0
3573.5,3577.5,now five white sub,normal_play,0.0
3577.0,3581.0,what a play up he has been today 50,normal_play,0.0
3580.5,3584.5,50 brilliant minutes he will be replaced well amato,normal_play,0.0
3584.0,3588.0,well amato fukitaba scored one of the greatest try,normal_play,0.0
3587.5,3591.5,the greatest try well see at the rugby world cup just in front of the line,normal_play,0.0
3591.0,3595.0,in front of the line guys his replacement warner derns,goal_kick,0.8144
3594.5,3598.5,warner derns on the field,goal_kick,0.8144
3598.0,3602.0,three points on offer for fly off rukia matsuda,goal_kick,0.8144
3601.5,3605.5,matsuda itaikyo university,goal_kick,0.8144
3605.0,3609.0,itaikyo university player,goal_kick,0.8688
3608.5,3612.5,makes no mistake japan,goal_kick,0.8688
3612.0,3616.0,japan back on the board they trail by five points its 22 17,normal_play,0.0
3615.5,3619.5,22 17,normal_play,0.0
3622.5,3626.5,beautiful thing about getting subbed as we get another look at this,normal_play,0.0
3626.0,3630.0,look at this,normal_play,0.0
3629.5,3633.5,simply stunning,kick_off,0.5159
3633.0,3637.0,stunning,kick_off,0.5159
3636.5,3640.5,deep kick off from argentina japan,kick_off,0.5159
3640.0,3644.0,argentina japan claimed this nicely,normal_play,0.0
3643.5,3647.5,progressing next week in marseille to face wales,normal_play,0.0
3647.0,3651.0,face wales in the rugby world cup quarterfinals its kick down field,normal_play,0.4032
3650.5,3654.5,its kick down field to argentina they dont,normal_play,0.4032
3654.0,3658.0,they dont go quickly to the other side we know ireland will face new zealand france will face south,normal_play,0.4032
3657.5,3661.5,will face south africa england will face either fiji or,normal_play,0.4032
3661.0,3665.0,either fiji or australia depending on what happens later today,normal_play,0.4032
3664.5,3668.5,we get through the quarters and the old adage rings,normal_play,0.0
3668.0,3672.0,adage rings true there are no easy games,normal_play,0.0
3671.5,3675.5,and its not easy for anyone out there this afternoon either,lineout,0.4726
3675.0,3679.0,either theyre going to have to earn that spot,lineout,0.4726
3678.5,3682.5,montoya again accurate at line up time carreras shifts of quick hands,normal_play,0.0
3682.0,3686.0,of quick hands in the centre midfield chukwavaro finds sinti,normal_play,0.0
3685.5,3689.5,finds sinti carreras falls down,normal_play,0.0
3689.0,3693.0,falls down on the ground pedro rubiolyo looks acclaimant as a 20 year old,normal_play,0.4032
3692.5,3696.5,year old his first rugby world cup step step,normal_play,0.4032
3696.0,3700.0,step use it hands to the players from both sides their,normal_play,0.4032
3699.5,3703.5,sides their very first time on this massive stage,normal_play,0.4032
3703.0,3707.0,stage many watched in 2019 and here they are in france,normal_play,0.4032
3706.5,3710.5,are in france with some history on,normal_play,0.4032
3710.0,3714.0,some history on the line another stunning take on the far side,normal_play,0.4032
3713.5,3717.5,side alamano carries well for,normal_play,0.0
3717.0,3721.0,well for las pueblas barfeli was the one that took that catch earlier in,normal_play,0.4032
3720.5,3724.5,catch earlier in the end malia driven back argentina,normal_play,0.4032
3724.0,3728.0,argentina lose it big tackle,normal_play,0.0
3727.5,3731.5,big tackle coming in from japan,normal_play,0.0
3731.0,3735.0,hes fine guys knock on and then hes accidentally in,normal_play,0.0
3734.5,3738.5,hes accidentally in front nervous strump,normal_play,0.0
3738.0,3742.0,strump accidentally offside accidentally,normal_play,0.0
3741.5,3745.5,accidentally offside accidentally offside,normal_play,0.0
3745.0,3749.0,nervous times for those watching on said about the aerial battle,normal_play,0.0
3748.5,3752.5,aerial battle though brilliant again from barfeli getting,normal_play,0.0
3752.0,3756.0,getting their rewards from sticking up in the air on the kick chase,normal_play,0.0
3755.5,3759.5,on the kick chase,normal_play,0.0
3759.0,3763.0,good shot of contact in that tackle to dislodge the ball good technique,normal_play,0.0
3762.5,3766.5,good technique good stability,normal_play,0.0
3766.0,3770.0,these sides last met,normal_play,0.0
3769.5,3773.5,last met seven years ago argentina won 54 points to,normal_play,0.0
3773.0,3777.0,points to 20 in tokyo a very different story today,normal_play,0.0
3776.5,3780.5,today and those errors really creeping in,scrum,0.3772
3780.0,3784.0,crouch,scrum,0.2038
3783.5,3787.5,crouch binds,scrum,0.2038
3787.0,3791.0,binds sit,scrum,0.2038
3790.5,3794.5,the sun shines here in nantes japan look for another,normal_play,0.0
3794.0,3798.0,japan look for another attack lamania lemecki throws a dummy,normal_play,0.0
3797.5,3801.5,throws a dummy carried towards the touchline stays in field,normal_play,0.0
3801.0,3805.0,field from chocobartas tackle matsuda beautiful,normal_play,0.4032
3804.5,3808.5,matsuda beautiful hands then link it down the chain,normal_play,0.4032
3808.0,3812.0,saito is there miller matsuda again,normal_play,0.0
3811.5,3815.5,matsuda again bounce ball to that far side,normal_play,0.4032
3818.5,3822.5,japan recycle well derns missed on that occasion,normal_play,0.0
3822.0,3826.0,on that occasion himano ducks down the leader of this japanese side brings,normal_play,0.0
3825.5,3829.5,japanese side brings so much to this game assele valiwewe spare vonage,normal_play,0.3269
3829.0,3833.0,valiwewe spare vonage for the brave blossoms,normal_play,0.3269
3832.5,3836.5,a big drop goal attempt from lamania lemecki,goal_kick,0.8688
3836.0,3840.0,lemecki can you believe it,goal_kick,0.8688
3839.5,3843.5,you believe it goal,normal_play,0.0
3843.0,3847.0,goal goal goal 22 points to 20,normal_play,0.0
3846.5,3850.5,20 japan take their chances,normal_play,0.0
3850.0,3854.0,what a nudge from lemecki hes a long way,normal_play,0.0
3853.5,3857.5,hes a long way out theyre under advantage he says yeah go on ill bang this one,normal_play,0.0
3857.0,3861.0,this one straight and true,normal_play,0.0
3860.5,3864.5,true gets over the bar,normal_play,0.0
3864.0,3868.0,hes a good friend of michael chek as is lamania lemecki,kick_off,0.5159
3867.5,3871.5,lemecki the man coaching argentina they spent some time together,kick_off,0.5159
3871.0,3875.0,some time together at the green rockets so they have been talking in the build up to this game knock on,normal_play,0.0
3874.5,3878.5,game knock on yeah its important to have that chemistry with your players as well first by,normal_play,0.0
3878.0,3882.0,as well first by japan japan just showing the belief that we saw in 2019,normal_play,0.0
3881.5,3885.5,we saw in 2019 argentina scrum,normal_play,0.0
3885.0,3889.0,okay japan,normal_play,0.0
3888.5,3892.5,okay japan now youre going to sit in this space once again,normal_play,0.0
3892.0,3896.0,once again the ball in the air not being dealt with particularly well by japan and its,normal_play,0.0
3895.5,3899.5,japan and its leading to an argentina scrum just outside the japanese 22,normal_play,0.0
3899.0,3903.0,japanese 22 sometimes watching on is,normal_play,0.0
3902.5,3906.5,watching on is the worst place to be i different story,normal_play,0.0
3906.0,3910.0,different story now im commentating but i never enjoyed it as a player,normal_play,0.0
3913.0,3917.0,these fans are loving it here,normal_play,0.0
3916.5,3920.5,come out so were head,normal_play,0.0
3920.0,3924.0,so were head on head its their ball yeah its their ball wider so youre on the outside,normal_play,0.0
3923.5,3927.5,the outside youre in the space please okay youre good its your ball,normal_play,0.0
3927.0,3931.0,good its your ball so for all the time its tight two points,normal_play,0.0
3930.5,3934.5,two points in on the scoreboard the clock ticking away its amazing what it,normal_play,0.0
3934.0,3938.0,its amazing what it does to your ability to perform under pressure which of these,normal_play,0.0
3937.5,3941.5,which of these groups of players can keep it together,scrum,0.4165
3941.0,3945.0,cards fines,scrum,0.4165
3944.5,3948.5,fines six welcome,scrum,0.307
3948.0,3952.0,welcome red you tuning in from around the world two points,scrum,0.307
3951.5,3955.5,heres the difference winner and a quarter final,normal_play,0.0
3955.0,3959.0,and a quarter final place on the line both players this side control the hit forward,normal_play,0.0
3958.5,3962.5,control the hit forward hes going to control the hit forward,normal_play,0.0
3962.0,3966.0,hit forward youve got to stay down okay i saw your bum come up,normal_play,0.0
3965.5,3969.5,again no head on head square the side,normal_play,0.0
3969.0,3973.0,side,normal_play,0.0
3979.5,3983.5,crouch,normal_play,0.0
3986.5,3990.5,fines six,scrum,0.162
3990.0,3994.0,six scrub center,scrum,0.162
3993.5,3997.5,for argentina,scrum,0.351
3997.0,4001.0,advantage an advantage for los pumas,scrum,0.351
4000.5,4004.5,for los pumas beautiful little flick mellian up in space,try,1.0
4004.0,4008.0,space its perfection from argentina,try,1.0
4007.5,4011.5,emilio bofelli bashes it in red,try,1.0
4011.0,4015.0,red roll shoulder and down give me an advantage,try,1.0
4014.5,4018.5,its a strike for,normal_play,0.0
4018.0,4022.0,for argentina magical play by bofelli im,normal_play,0.0
4021.5,4025.5,bofelli im not sure why we have an injured player here lets just,normal_play,0.0
4025.0,4029.0,lets just check the try first shall we pete its a,normal_play,0.0
4028.5,4032.5,its a loose disguise emilio bofelli,normal_play,0.0
4032.0,4036.0,emilio bofelli its number nine finishes on the whip the play under,normal_play,0.0
4035.5,4039.5,the play under advantage and how slick was this great hands from the nine,normal_play,0.0
4039.0,4043.0,the nine gonzalo virchino,normal_play,0.0
4042.5,4046.5,slips it to malia he puts,normal_play,0.0
4046.0,4050.0,he puts his winger away draws the last man,normal_play,0.0
4049.5,4053.5,last man lomacki cant get there,goal_kick,0.8688
4053.0,4057.0,i think i still feel comfortable staying on this side of the scum,goal_kick,0.8688
4056.5,4060.5,this side of the scum unless you need me on that side jimmy a classy connection,goal_kick,0.8688
4060.0,4064.0,connection bofelli over for his 14th try,goal_kick,0.8688
4063.5,4067.5,try such an important one for argentina,goal_kick,0.8688
4067.0,4071.0,for argentina 27 20 their lead,goal_kick,0.8688
4070.5,4074.5,their lead nearly one hour play,goal_kick,0.5672
4081.0,4085.0,well its worked out,goal_kick,0.8688
4084.5,4088.5,out bofelli converts his own try,goal_kick,0.8688
4088.0,4092.0,29 20 argentina lead,normal_play,0.0
4091.5,4095.5,lead weve had a change in the hearts for argentina,normal_play,0.0
4095.0,4099.0,for argentina nico sanchez has come on for santiago carreres,normal_play,0.0
4098.5,4102.5,carreres latoro bazinbales has also come on to,normal_play,0.0
4102.0,4106.0,come on to the field the first half of the game the first half of the game the first,normal_play,0.0
4105.5,4109.5,the first half of the game the first half of the game the first half of the game,normal_play,0.0
4109.0,4113.0,that was such good execution for that,normal_play,0.0
4112.5,4116.5,execution for that try they played right on the line the timing of the wraparound,normal_play,0.0
4116.0,4120.0,of the wraparound run on malia was perfect we can restart,normal_play,0.0
4119.5,4123.5,restart not a bad option to bring sanchez,normal_play,0.0
4123.0,4127.0,option to bring sanchez off the bench with all his mouse all his wisdom,normal_play,0.0
4126.5,4130.5,wisdom 100 games,normal_play,0.0
4130.0,4134.0,100 games he reached last time baru nods against chile,normal_play,0.0
4133.5,4137.5,against chile thats latoro bazinbales the olympian as well,normal_play,0.0
4137.0,4141.0,as well so is this man,kick_off,0.5159
4140.5,4144.5,man played against latoro bazinbales did la manila,kick_off,0.5159
4144.0,4148.0,did la manila make but an awkward one,normal_play,0.0
4147.5,4151.5,one will come to work for japan,normal_play,0.0
4151.0,4155.0,and the,normal_play,0.0
4154.5,4158.5,and the despair of the argentinian commentators next to us theyve got hands,normal_play,0.0
4158.0,4162.0,theyve got hands on heads they cant believe it back and forth i dont see,normal_play,0.0
4161.5,4165.5,dont see a live going everyone in this stadium theyre,normal_play,0.0
4165.0,4169.0,theyre not going everyone in,normal_play,0.0
4168.5,4172.5,everyone in this stadium is living the emotions,normal_play,0.0
4175.5,4179.5,argentina invite japan straight back into the game,normal_play,0.0
4179.0,4183.0,the game hes just confirmed as well we do not look at the screen,normal_play,0.0
4186.0,4190.0,keep it up the side,normal_play,0.0
4189.5,4193.5,coach,scrum,0.4877
4193.0,4197.0,coach boys,scrum,0.4877
4196.5,4200.5,boys sis,scrum,0.3182
4203.5,4207.5,johnny nakambula in the fray replaces lom ki,scrum,0.4877
4207.0,4211.0,replaces lom ki the pass doesnt connect straight away and then,normal_play,0.0
4210.5,4214.5,and then bounces to that far side and,normal_play,0.0
4214.0,4218.0,and thats good defense from argentina,normal_play,0.0
4217.5,4221.5,inaccurate and clunky from japan on that occasion,normal_play,0.0
4221.0,4225.0,johnny nakambula taking it first you,normal_play,0.0
4224.5,4228.5,first you see if its a dangerous run to bring on another dangerous,normal_play,0.0
4228.0,4232.0,another dangerous run of matsushima has taken a seat on the bench the feet,normal_play,0.0
4231.5,4235.5,the feet to stay out there you must stay there youre on the line a,normal_play,0.0
4235.0,4239.0,the line a couple of physical outside backs,normal_play,0.0
4238.5,4242.5,come on out from the side come,normal_play,0.0
4242.0,4246.0,come down,normal_play,0.0
4245.5,4249.5,come on,normal_play,0.0
4249.0,4253.0,argentina who conceded just two try at this rugby,lineout,0.4726
4252.5,4256.5,at this rugby world cup before this game theyve made in a couple,lineout,0.4726
4256.0,4260.0,couple still have a nine point buffer as their mall goes,normal_play,0.0
4259.5,4263.5,mall goes upfield,normal_play,0.0
4263.0,4267.0,and thats off it again second little knock,normal_play,0.0
4266.5,4270.5,second little knock on thats kept in here for argentina advanced knock on,normal_play,0.0
4270.0,4274.0,on pedro rubiano,normal_play,0.0
4273.5,4277.5,hell be filthy in the south just shelling that one no real pressure last,normal_play,0.0
4277.0,4281.0,real pressure last one was good so look up,normal_play,0.0
4280.5,4284.5,warner derns in front,normal_play,0.0
4284.0,4288.0,derns in front of him set to make that hit again theyve just given japan,normal_play,0.0
4287.5,4291.5,given japan a chance,normal_play,0.0
4291.0,4295.0,just look at the,normal_play,0.0
4294.5,4298.5,just look at the standings as it stands right now argentina will lock in their place,normal_play,0.0
4298.0,4302.0,place and the runners up in this pool and they will play wales,normal_play,0.0
4301.5,4305.5,will play wales in the quarter finals you can see how close it is,normal_play,0.0
4305.0,4309.0,is japans able to get in front theyll be the ones booking their,normal_play,0.0
4308.5,4312.5,booking their ticket and staying on another week its winner takes all,normal_play,0.0
4312.0,4316.0,takes all its a shoot out its a showdown thats how we like it,scrum,0.4253
4315.5,4319.5,how we like it,scrum,0.4253
4319.0,4323.0,it second time penalty japan,penalty,0.6128
4322.5,4326.5,penalty japan number three its the second time nothing guys,penalty,0.6128
4326.0,4330.0,nothing guys its okay,penalty,0.6128
4329.5,4333.5,tight head pulls back straight to ground,normal_play,0.0
4333.0,4337.0,to ground,normal_play,0.0
4340.0,4344.0,theyre going to the,normal_play,0.2337
4343.5,4347.5,theyre going to the corner keep me on your side next time paul ill come,normal_play,0.2337
4347.0,4351.0,yeah,normal_play,0.0
4350.5,4354.5,yeah yeah i can see his arse up from my side as well,normal_play,0.0
4354.0,4358.0,as well hes potec close for me argentina have,normal_play,0.0
4357.5,4361.5,argentina have had the better of this battle at line out on more time,normal_play,0.0
4361.0,4365.0,more time but lets see what japan can manufacture from 10 metres out,normal_play,0.0
4364.5,4368.5,metres out its a good start ten metres,lineout,0.2891
4368.0,4372.0,metres stay,lineout,0.2891
4371.5,4375.5,to the front to leach and the five,normal_play,0.0
4375.0,4379.0,five what have they got up their sleeve,maul,0.5412
4382.0,4386.0,more still going for japan argentina piling in,maul,0.5412
4385.5,4389.5,in looking to drive that towards the touch line its but three,maul,0.5412
4389.0,4393.0,three big bump from fafita the battering,normal_play,0.0
4392.5,4396.5,the battering ram gets within three water jones,normal_play,0.0
4396.0,4400.0,jones the big replacement japan,normal_play,0.0
4399.5,4403.5,japan with advantage as well theyre on,normal_play,0.0
4403.0,4407.0,theyre on the brink of another score,normal_play,0.0
4406.5,4410.5,matsuda links it away riley,normal_play,0.0
4410.0,4414.0,head space to the right hand side,normal_play,0.0
4413.5,4417.5,nakamura comes in fafitas there as well its over the top,normal_play,0.0
4417.0,4421.0,over the top beautiful footwork from nakamura,normal_play,0.0
4420.5,4424.5,but argentina equal to the task simon blue,penalty,0.6128
4424.0,4428.0,blue,penalty,0.6128
4427.5,4431.5,well they missed out there pretty criminal from dylan riley,normal_play,0.0
4431.0,4435.0,dylan riley he had nakamura outside him plus,normal_play,0.0
4434.5,4438.5,him plus another japanese attacker,normal_play,0.0
4438.0,4442.0,look like theyre walking in in the corner underneath us wow,normal_play,0.0
4441.5,4445.5,wow play and play on were playing on so if youre going to be on the line now they come back,normal_play,0.0
4445.0,4449.0,they come back for the penalty kremer lying on the wrong side of the tackle,normal_play,0.0
4452.0,4456.0,time off time off,normal_play,0.0
4459.0,4463.0,hes checked,normal_play,0.0
4462.5,4466.5,hes checked theres no foul play,normal_play,0.0
4466.0,4470.0,its all right weve got time off,normal_play,0.0
4469.5,4473.5,weve got time off this for me its got to go through the hands its lemeke with,normal_play,0.0
4473.0,4477.0,lemeke with nakamura hes desperate for it he,normal_play,0.0
4476.5,4480.5,he was already celebrating like a man i reckon he knew that was a guaranteed one,normal_play,0.0
4480.0,4484.0,guaranteed one,normal_play,0.0
4483.5,4487.5,one,normal_play,0.0
4487.0,4491.0,what an occasion for an early taste of rugby union,normal_play,0.0
4490.5,4494.5,taste of rugby union ill let you know ill let you know ok ill let you know,normal_play,0.0
4494.0,4498.0,know wait until i go,normal_play,0.0
4497.5,4501.5,japan set up,normal_play,0.0
4501.0,4505.0,up for a tap here,normal_play,0.0
4504.5,4508.5,here julien were about to restart ok now to the side talk,normal_play,0.0
4508.0,4512.0,we dont hear time off huge moment in the game for japan,normal_play,0.0
4511.5,4515.5,japan and the hopes of a second ever quarter final place,try,1.0
4515.0,4519.0,quarter final place michael leach carries well nakamura turns,try,1.0
4518.5,4522.5,nakamura turns it back now theres space again nakamura for,try,1.0
4522.0,4526.0,nakamura for the corner hes there,try,1.0
4525.5,4529.5,japan a red heart,try,1.0
4536.0,4540.0,well you cannot keep them,try,1.0
4539.5,4543.5,cannot keep them down its a set play they hit up they wrap the same,try,1.0
4543.0,4547.0,wrap the same way and this time it does find its way through the hands of,normal_play,0.0
4546.5,4550.5,hands of lemeke to nakamura and he uses his,normal_play,0.0
4550.0,4554.0,he uses his power and is scoring for os to get this one,normal_play,0.0
4553.5,4557.5,to get this one over in the corner you cannot keep japan down,normal_play,0.0
4557.0,4561.0,japan down,normal_play,0.0
4560.5,4564.5,the,normal_play,0.0
4564.0,4568.0,the look on montages face,normal_play,0.0
4567.5,4571.5,argentina concede their third try johnny,normal_play,0.0
4571.0,4575.0,johnny nakamura the 29 year old,normal_play,0.0
4574.5,4578.5,originally from fiji as the fans cant,normal_play,0.0
4578.0,4582.0,fans cant watch,normal_play,0.0
4581.5,4585.5,rekia matsuda,normal_play,0.0
4585.0,4589.0,matsuda the fly for her to hand in that try,normal_play,0.0
4602.5,4606.5,it,goal_kick,0.8688
4606.0,4610.0,it is a massive conversion over,goal_kick,0.8688
4609.5,4613.5,over 90 strike rate a vital extra,normal_play,0.0
4613.0,4617.0,vital extra two and its 29 27 argentina lead,normal_play,0.0
4616.5,4620.5,argentina lead just seeing,normal_play,0.0
4620.0,4624.0,just seeing the joy on jamie josephs face after that try hes,normal_play,0.0
4623.5,4627.5,try hes leaving the team after this world cup does not want this,normal_play,0.0
4627.0,4631.0,not want this to be his last game,kick_off,0.5159
4630.5,4634.5,they want to keep marching in,kick_off,0.5159
4634.0,4638.0,in this epic tournament,kick_off,0.5159
4637.5,4641.5,quarter finals for their first time last time they topped the,normal_play,0.0
4641.0,4645.0,they topped the pool in 2019 in japan but argentina,normal_play,0.0
4644.5,4648.5,but argentina may have other things to say about this so dangerous with,normal_play,0.0
4648.0,4652.0,dangerous with aerial ball bassan valdez,normal_play,0.2142
4651.5,4655.5,bassan valdez moves it to the right hand side rubiolo carries,normal_play,0.2142
4655.0,4659.0,carries sanchez fires,normal_play,0.0
4658.5,4662.5,sanchez fires a ball in midfield to alemano,normal_play,0.4032
4662.0,4666.0,bassan valdez again sanchez looking up nicely malia looking up,normal_play,0.4032
4665.5,4669.5,looking up bofeli has some space to operate ameliana bofeli,normal_play,0.4032
4669.0,4673.0,ameliana bofeli spored one in this game already into the 22,normal_play,0.4032
4672.5,4676.5,22 the forwards now look for work alemano carries,normal_play,0.4032
4676.0,4680.0,carries,normal_play,0.0
4679.5,4683.5,pedro rubiolo,normal_play,0.4032
4683.0,4687.0,and now gonzalez darnage,normal_play,0.4032
4686.5,4690.5,darnage advanis just time for the los pumas,try,1.0
4690.0,4694.0,the los pumas side malia carreras gets the fan,try,1.0
4693.5,4697.5,gets the fan he will go through what a dive what a score,try,1.0
4697.0,4701.0,what a score alhantrik for mateo,try,1.0
4700.5,4704.5,for mateo carreras at the biggest stage,try,1.0
4704.0,4708.0,stage,try,1.0
4714.5,4718.5,he is,try,1.0
4718.0,4722.0,is having quite the afternoon they were playing,try,1.0
4721.5,4725.5,they were playing under advantage again and he pinballs through,normal_play,0.0
4725.0,4729.0,through the speed with which he carries into the contact is,normal_play,0.0
4728.5,4732.5,contact is sublime and its so difficult to stop,normal_play,0.0
4732.0,4736.0,stop gets the fan in the chest,normal_play,0.0
4735.5,4739.5,in the chest and accelerates away alhantrik,normal_play,0.0
4739.0,4743.0,alhantrik nico sorry its here,normal_play,0.0
4742.5,4746.5,three try in,normal_play,0.0
4746.0,4750.0,try in a single match for that winger,normal_play,0.0
4749.5,4753.5,he had scored a total of,normal_play,0.0
4753.0,4757.0,a total of three in 13 appearances before this,goal_kick,0.8688
4756.5,4760.5,this the replacement,goal_kick,0.8688
4760.0,4764.0,replacement nicolas sanchez hes 101st game for,goal_kick,0.8688
4763.5,4767.5,game for argentina fourth rugby world cup,goal_kick,0.8688
4767.0,4771.0,world cup,goal_kick,0.8688
4770.5,4774.5,their crowd appreciate what,goal_kick,0.8688
4774.0,4778.0,what their side has just done,goal_kick,0.8688
4781.0,4785.0,the crowd,normal_play,0.0
4784.5,4788.5,the crowd is excited well the kind of game,normal_play,0.0
4788.0,4792.0,of game well they just want to get the ball to mateo carreras,normal_play,0.0
4791.5,4795.5,mateo carreras,normal_play,0.0
4798.5,4802.5,argentina have eyes on the quarterfinals,kick_off,0.213
4802.0,4806.0,on the quarterfinals next week but 10 minutes to go still,kick_off,0.213
4805.5,4809.5,go still japan big drop,kick_off,0.213
4809.0,4813.0,big drop kick from lemecky its been dropped again,normal_play,0.0
4812.5,4816.5,dropped again and so this will be japan on attack,normal_play,0.0
4816.0,4820.0,attack,normal_play,0.0
4819.5,4823.5,its familiar weve seen this before after argentinas last,normal_play,0.0
4823.0,4827.0,argentinas last score number 12 inviting japan into the game 13 argentina substitution,normal_play,0.0
4826.5,4830.5,into the game 13 argentina substitution times up giving japan the opportunity,normal_play,0.0
4830.0,4834.0,the opportunity to keep it close theyve come back once can they do it again,normal_play,0.0
4833.5,4837.5,do it again theyre bringing yamanaka onto the,normal_play,0.0
4837.0,4841.0,onto the field they also have a substitution as well,normal_play,0.0
4840.5,4844.5,no your 12 was,normal_play,0.0
4844.0,4848.0,your 12 was substituted,normal_play,0.0
4847.5,4851.5,and number 7 white,normal_play,0.0
4851.0,4855.0,number 7 white as well fight,normal_play,0.0
4858.0,4862.0,and what a delight it has been,normal_play,0.0
4861.5,4865.5,delight it has been this afternoon to watch mateo carreras go about his business,normal_play,0.0
4865.0,4869.0,business one of the best finishes mateo scored,normal_play,0.0
4868.5,4872.5,mateo scored one of the best try weve ever seen in the english premiership last season,normal_play,0.0
4872.0,4876.0,last season and three,normal_play,0.0
4875.5,4879.5,and three very important ones for his country tonight but its,normal_play,0.0
4879.0,4883.0,its not over 10 minutes to,normal_play,0.0
4882.5,4886.5,10 minutes to play a few changes,normal_play,0.0
4889.5,4893.5,we all catch our breath before the final,normal_play,0.0
4893.0,4897.0,before the final 10 quarter final,normal_play,0.0
4896.5,4900.5,quarter final spot on the line dullan its nervy its 10 francisco,normal_play,0.0
4900.0,4904.0,francisco what i liked about your first half is that you stayed down on,normal_play,0.0
4903.5,4907.5,you stayed down on the square so,normal_play,0.0
4907.0,4911.0,so tense indeed francisco gomesco de la back on the field,normal_play,0.0
4910.5,4914.5,the field no head on here the crowd,normal_play,0.0
4914.0,4918.0,the crowd theyre nervous theyre anxious,normal_play,0.0
4917.5,4921.5,anxious,normal_play,0.0
4928.0,4932.0,crowds so 9 points to difference japan fines,scrum,0.4877
4931.5,4935.5,fines have an attacking scruple,scrum,0.3622
4935.0,4939.0,an attacking scruple at the 22,scrum,0.3622
4938.5,4942.5,down the short side night cambola,scrum,0.4877
4942.0,4946.0,night cambola firm tackle brings him to the deck,scrum,0.4877
4945.5,4949.5,to the deck saito takes this one out himuna,normal_play,0.0
4949.0,4953.0,himuna still going strong is the number 8 with the toyota verbalet,normal_play,0.4032
4952.5,4956.5,toyota verbalet side,normal_play,0.4032
4956.0,4960.0,tackle come in forcing a turnover there,normal_play,0.0
4959.5,4963.5,there and shosh clavy all over it,normal_play,0.0
4966.5,4970.5,its an almighty collision in,normal_play,0.0
4970.0,4974.0,collision in the midfield this is the,normal_play,0.0
4973.5,4977.5,this is the set play its not the biggest,normal_play,0.0
4977.0,4981.0,the biggest of mens progette team its sanchez and latorre bazambale is,normal_play,0.0
4980.5,4984.5,bazambale is putting a good shot in on night cambola but it was this one that made the,normal_play,0.0
4984.0,4988.0,the force the knock on,normal_play,0.0
5001.5,5005.5,crowds,normal_play,0.0
5008.5,5012.5,time off its,normal_play,0.0
5012.0,5016.0,its the end ball stick to it,normal_play,0.0
5036.5,5040.5,we love you argentina we love you japan,normal_play,0.0
5040.0,5044.0,you japan fines they bring,scrum,0.1952
5043.5,5047.5,they bring so much to the game,scrum,0.1952
5047.0,5051.0,theres their action heroes do battle on the field,scrum,0.2225
5050.5,5054.5,field play the ball latorre bazambale taking back,normal_play,0.4032
5054.0,5058.0,taking back fines his fullback big kick from malia,normal_play,0.4032
5057.5,5061.5,from malia japan return,normal_play,0.4032
5061.0,5065.0,japan return the favour japan now here 10 metres,normal_play,0.0
5064.5,5068.5,this is where argentina look to exploit so,normal_play,0.0
5068.0,5072.0,to exploit so well moves to get the fullback one cruise malia,normal_play,0.4032
5071.5,5075.5,theyre barreled down low,normal_play,0.4032
5075.0,5079.0,the san bale is fine sanchez he goes to the sky matias,normal_play,0.0
5078.5,5082.5,matias moroni is chasing scored two try last time the sides met back in 2017,normal_play,0.4032
5082.0,5086.0,back in 2017 night cambola great timing from,normal_play,0.4032
5085.5,5089.5,timing from the winger saito matsuda,normal_play,0.4032
5089.0,5093.0,matsuda again looking to link up and stretch the defence,normal_play,0.4032
5092.5,5096.5,defence good switch trying to unlock something in front,normal_play,0.4032
5096.0,5100.0,unlock something in front of that far side river on the ball moroni comes in miller,normal_play,0.4032
5099.5,5103.5,in miller just on the body,normal_play,0.4032
5103.0,5107.0,japan needs something special,normal_play,0.4032
5106.5,5110.5,special driven back in the tackle,normal_play,0.4032
5110.0,5114.0,in the tackle theres yamanaka sip sip,normal_play,0.4032
5113.5,5117.5,saito then have to look for a kick through matsuda,normal_play,0.4032
5117.0,5121.0,through matsuda,normal_play,0.4032
5120.5,5124.5,again good feet from malia,normal_play,0.4032
5124.0,5128.0,malia bazambale to karema,normal_play,0.4032
5127.5,5131.5,karema sanchez flying into open spaces off the,normal_play,0.0
5131.0,5135.0,the ball,normal_play,0.0
5134.5,5138.5,a nice strike but will come back to,normal_play,0.0
5138.0,5142.0,come back to the original penalty lets just get this mark right,normal_play,0.0
5141.5,5145.5,this mark right,penalty,0.6128
5145.0,5149.0,tackle off the ball by,penalty,0.6128
5148.5,5152.5,off the ball by 18 red 18 red,normal_play,0.0
5152.0,5156.0,a fair bit of smarts required from argentina now so,normal_play,0.0
5155.5,5159.5,argentina now so much of this game would have been about the passion,normal_play,0.0
5159.0,5163.0,nows the time for cool heads,normal_play,0.0
5162.5,5166.5,what are we going to do because the times moving thats what the penalty,normal_play,0.0
5166.0,5170.0,thats what the penalty was for tackle off the ball on chocobares,normal_play,0.0
5169.5,5173.5,its about a meter,normal_play,0.0
5173.0,5177.0,a meter or so into the japanese half,normal_play,0.0
5176.5,5180.5,half,normal_play,0.0
5197.5,5201.5,game nicholas,normal_play,0.0
5201.0,5205.0,nicholas sanchez,goal_kick,0.8688
5204.5,5208.5,to try to lock up this game,goal_kick,0.8688
5208.0,5212.0,up this game for argentina,goal_kick,0.8688
5215.0,5219.0,and hes absolutely nailed it,goal_kick,0.8688
5218.5,5222.5,it match 101 for his country but,normal_play,0.0
5222.0,5226.0,but a very important three points has him up,normal_play,0.0
5225.5,5229.5,him up 39 points to 27 well,normal_play,0.0
5229.0,5233.0,well youd bank on him hes not missed a kick of goal in this,normal_play,0.0
5232.5,5236.5,in this world cup all eight shots coming into this game,normal_play,0.0
5236.0,5240.0,love the way the crowd just,kick_off,0.3555
5239.5,5243.5,the crowd just hushed went from party to respect in an instant,kick_off,0.3555
5243.0,5247.0,in an instant contest will come down here,normal_play,0.0
5246.5,5250.5,come down here to argentina japan needed that with five minutes,normal_play,0.3251
5250.0,5254.0,five minutes to go couple of scores,normal_play,0.3251
5253.5,5257.5,couple of scores certainly capable of that,normal_play,0.3251
5257.0,5261.0,but los famos want to ice this game so is latorre,normal_play,0.4032
5260.5,5264.5,is latorre bazanbelez bronze medalist from tokyo with the los famos sevens,normal_play,0.4032
5264.0,5268.0,los famos sevens puts it to the sky naik mboula,normal_play,0.4032
5267.5,5271.5,naik mboula reads it well again two beautiful takes in a row,normal_play,0.4032
5271.0,5275.0,takes in a row from the winger saito to craig miller the,normal_play,0.4032
5274.5,5278.5,craig miller the 32 year old plays with the panasonic wild knights,normal_play,0.4032
5278.0,5282.0,knights but for japan their hopes,normal_play,0.4032
5281.5,5285.5,their hopes are slowly slipping away unless they can make something,normal_play,0.0
5285.0,5289.0,can make something of this yamanaka the 35 year old,normal_play,0.4032
5288.5,5292.5,35 year old second rugby world cup what a turn,normal_play,0.4032
5292.0,5296.0,what a turn with a beautiful half break here comes japan,normal_play,0.0
5295.5,5299.5,saito look at the link up matsuda,normal_play,0.0
5299.0,5303.0,matsuda just a few defenders up front,normal_play,0.0
5302.5,5306.5,yamanaka riley flies up field,normal_play,0.0
5306.0,5310.0,off the,normal_play,0.0
5309.5,5313.5,off the knee play on good skills derns yet again he was the,normal_play,0.0
5313.0,5317.0,again he was the one that had the break up lemecky,normal_play,0.4032
5316.5,5320.5,lemecky falls to the deck support is there himano chooses a,normal_play,0.4032
5320.0,5324.0,chooses a good line advantage for,normal_play,0.0
5323.5,5327.5,for japan here come the brave blossoms theyre flowing over the,normal_play,0.0
5327.0,5331.0,over the top for fita nice pass,normal_play,0.0
5330.5,5334.5,pass ryohei yamanaka again,normal_play,0.0
5334.0,5338.0,yamanaka again carries well hes good back to the pinnacle,normal_play,0.0
5337.5,5341.5,getting very very close japan,normal_play,0.0
5341.0,5345.0,they are but they need a quick score number 8 if they got any chance,normal_play,0.0
5344.5,5348.5,got any chance,normal_play,0.0
5348.0,5352.0,in front of the post theres a few tired,penalty,0.6128
5351.5,5355.5,theres a few tired bodies out there theyve got to keep pushing on japan if theyre going,penalty,0.6128
5355.0,5359.0,if theyre going to salvage anything in this game,normal_play,0.0
5358.5,5362.5,himanos kept running hes,normal_play,0.0
5362.0,5366.0,hes picked some beautiful lines back on the angle towards the rock off his scrum half,normal_play,0.0
5365.5,5369.5,his scrum half hes going to pop this one into the corner matsuda,normal_play,0.0
5369.0,5373.0,into the corner matsuda,normal_play,0.0
5376.0,5380.0,theyre going to want to get on the move here theyve got to get,normal_play,0.0
5379.5,5383.5,theyve got to get two scores,normal_play,0.0
5386.5,5390.5,number 2 julian,normal_play,0.0
5390.0,5394.0,subs,normal_play,0.0
5393.5,5397.5,montauga,normal_play,0.0
5397.0,5401.0,leaves the field alphysine kirby who overtakes marona,normal_play,0.0
5400.5,5404.5,overtakes marona dismas rugby world cup most capped record,normal_play,0.0
5404.0,5408.0,capped record there he goes just slip off the line off the line 19 matches now,normal_play,0.0
5407.5,5411.5,19 matches now but its japan the light,lineout,0.4726
5411.0,5415.0,the light shines on them this their moment,lineout,0.4726
5414.5,5418.5,line up comes back down,normal_play,0.0
5418.0,5422.0,back down to leach japan need to score now,normal_play,0.0
5421.5,5425.5,need to score now to stay in the home for the quarterfinals,normal_play,0.0
5425.0,5429.0,bounce ball behind the back not the best one,normal_play,0.0
5428.5,5432.5,one and it has been knocked on japan in front,normal_play,0.0
5432.0,5436.0,front their chances slip away no its accidental,normal_play,0.0
5435.5,5439.5,accidental between the feet offside accidental,normal_play,0.0
5439.0,5443.0,offside accidental the,normal_play,0.0
5442.5,5446.5,the referees ready the argentinian fans,normal_play,0.0
5446.0,5450.0,not so jamie joseph,normal_play,0.0
5449.5,5453.5,joseph perhaps its time to see the right on the wall,normal_play,0.0
5453.0,5457.0,wall less than two minutes to play just like we see it argentina,normal_play,0.0
5456.5,5460.5,argentina ball see what,normal_play,0.0
5460.0,5464.0,what it means,normal_play,0.0
5463.5,5467.5,means to fans here and around the world,normal_play,0.0
5470.5,5474.5,cards,scrum,0.4877
5474.0,5478.0,argentina,scrum,0.4877
5477.5,5481.5,argentina didnt make the knockout stages four years ago,scrum,0.3023
5481.0,5485.0,ago,scrum,0.3023
5488.0,5492.0,reset no one going forward,normal_play,0.0
5491.5,5495.5,forward time off as we reset,normal_play,0.0
5498.5,5502.5,pancriss,normal_play,0.0
5502.0,5506.0,firing the crowd up as well,normal_play,0.0
5505.5,5509.5,well stay square time back,normal_play,0.0
5509.0,5513.0,time back on stay square,normal_play,0.0
5512.5,5516.5,square time back on time back,normal_play,0.0
5516.0,5520.0,back on time back on,normal_play,0.0
5519.5,5523.5,back on argentina,scrum,0.4877
5523.0,5527.0,argentina scored five try in this game three,scrum,0.4877
5526.5,5530.5,three from mateo carrara to put them off final,scrum,0.4877
5530.0,5534.0,final 45 seconds,scrum,0.4877
5533.5,5537.5,45 seconds and advantage they,scrum,0.4877
5537.0,5541.0,they pick at the back chocobanes,normal_play,0.0
5540.5,5544.5,chocobanes like a house on fire,normal_play,0.0
5544.0,5548.0,sanchez to his full back,normal_play,0.0
5547.5,5551.5,back boffelli,normal_play,0.4032
5551.0,5555.0,boffelli to sanbelez,normal_play,0.4032
5554.5,5558.5,sanbelez referee o,normal_play,0.0
5558.0,5562.0,referee o keefe back to the mark,normal_play,0.0
5561.5,5565.5,long way back to the mark straight and lucid,normal_play,0.0
5565.0,5569.0,straight and lucid a bit of advice,normal_play,0.0
5568.5,5572.5,time off anything now would,normal_play,0.0
5572.0,5576.0,anything now would have been too little too late for japan its victory handshakes,normal_play,0.0
5575.5,5579.5,handshakes and the argentina coaching box and a smirk from,normal_play,0.0
5579.0,5583.0,smirk from michael checa,normal_play,0.0
5586.0,5590.0,argentina are officially,normal_play,0.0
5589.5,5593.5,are officially in the rugby world cup quarter finals,normal_play,0.0
5593.0,5597.0,they have beaten a very big team they,normal_play,0.0
5596.5,5600.5,they have a very brave japanese side they will face wales,normal_play,0.0
5600.0,5604.0,face wales and marseille october 14th for argentina,normal_play,0.0
5603.5,5607.5,what a performance as we say arigato,normal_play,0.0
5607.0,5611.0,arigato to japan,normal_play,0.0
