start_time,end_time,text,event_class,highlight_score
0,5,four years of toil pain and sacrifice boil down to one almighty evening under the parisian floodlights ireland in the green through the great johnny johnny sexton kick off what could be a rugby world cup night for the ages,kick_off,0.5159
4.5,9.5,four years of toil pain and sacrifice boil down to one almighty evening under the parisian floodlights ireland in the green through the great johnny johnny sexton kick off what could be a rugby world cup night for the ages,kick_off,0.5159
9.0,14.0,four years of toil pain and sacrifice boil down to one almighty evening under the parisian floodlights ireland in the green through the great johnny johnny sexton kick off what could be a rugby world cup night for the ages,normal_play,0.0054
13.5,18.5,four years of toil pain and sacrifice boil down to one almighty evening under the parisian floodlights ireland in the green through the great johnny johnny sexton kick off what could be a rugby world cup night for the ages,normal_play,0.0054
18.0,23.0,four years of toil pain and sacrifice boil down to one almighty evening under the parisian floodlights ireland in the green through the great johnny johnny sexton kick off what could be a rugby world cup night for the ages,normal_play,0.0054
22.5,27.5,four years of toil pain and sacrifice boil down to one almighty evening under the parisian floodlights ireland in the green through the great johnny johnny sexton kick off what could be a rugby world cup night for the ages and the first relieving kick made by ali price in for ben white and asking hugo hugo keenan to run from deep,normal_play,0.0054
27.0,32.0,and the first relieving kick made by ali price in for ben white and asking hugo hugo keenan to run from deep key man in the ireland side that has won 16 matches on the spin a national record two more victories and the equal the most ever,normal_play,0.0054
31.5,36.5,key man in the ireland side that has won 16 matches on the spin a national record two more victories and the equal the most ever,normal_play,0.0054
36.0,41.0,key man in the ireland side that has won 16 matches on the spin a national record two more victories and the equal the most ever,normal_play,0.0054
40.5,45.5,key man in the ireland side that has won 16 matches on the spin a national record two more victories and the equal the most ever i hope we refer to often as tier one teams in the international game ireland getting into their shape hugo keenan again thats a touch,normal_play,0.0054
45.0,50.0,i hope we refer to often as tier one teams in the international game ireland getting into their shape hugo keenan again thats a touch,normal_play,0.0054
49.5,54.5,i hope we refer to often as tier one teams in the international game ireland getting into their shape hugo keenan again thats a touch johnny sexton this is ringrow is running the arc ireland looking for possession ringrow slices scotland open hanson james lowe for the corner,try,1.0
54.0,59.0,johnny sexton this is ringrow is running the arc ireland looking for possession ringrow slices scotland open hanson james lowe for the corner,try,1.0
58.5,63.5,johnny sexton this is ringrow is running the arc ireland looking for possession ringrow slices scotland open hanson james lowe for the corner,try,1.0
63.0,68.0,johnny sexton this is ringrow is running the arc ireland looking for possession ringrow slices scotland open hanson james lowe for the corner 63 seconds gone ireland stupefied the scots with first base poison in the parisian cauldron,try,1.0
67.5,72.5,63 seconds gone ireland stupefied the scots with first base poison in the parisian cauldron,try,1.0
72.0,77.0,63 seconds gone ireland stupefied the scots with first base poison in the parisian cauldron,try,1.0
76.5,81.5,63 seconds gone ireland stupefied the scots with first base poison in the parisian cauldron so many weapons in this irish arsenal that was gary ringrow who opened it up not looking like much was on here but scotland just ran out of defenders,try,1.0
81.0,86.0,so many weapons in this irish arsenal that was gary ringrow who opened it up not looking like much was on here but scotland just ran out of defenders,try,1.0
85.5,90.5,so many weapons in this irish arsenal that was gary ringrow who opened it up not looking like much was on here but scotland just ran out of defenders,normal_play,0.0054
90.0,95.0,so many weapons in this irish arsenal that was gary ringrow who opened it up not looking like much was on here but scotland just ran out of defenders some indecision there as ringrow squared upfield and then heaps of options going through the hands lowe getting crucial blow,normal_play,0.0054
94.5,99.5,some indecision there as ringrow squared upfield and then heaps of options going through the hands lowe getting crucial blow,normal_play,0.0054
99.0,104.0,some indecision there as ringrow squared upfield and then heaps of options going through the hands lowe getting crucial blow that would be a huge test for the mental side for this scottish team beautifully executed by the irish players hard running good distribution,normal_play,0.0054
103.5,108.5,that would be a huge test for the mental side for this scottish team beautifully executed by the irish players hard running good distribution,normal_play,0.0054
108.0,113.0,that would be a huge test for the mental side for this scottish team beautifully executed by the irish players hard running good distribution again so many options available for every irish player on the field what a start,normal_play,0.0054
112.5,117.5,again so many options available for every irish player on the field what a start james lowe was a try scorer in irelands most recent win over scotland in march he suffered from debilitating juvenile arthritis as a teenager,normal_play,0.0054
117.0,122.0,james lowe was a try scorer in irelands most recent win over scotland in march he suffered from debilitating juvenile arthritis as a teenager,normal_play,0.0054
121.5,126.5,james lowe was a try scorer in irelands most recent win over scotland in march he suffered from debilitating juvenile arthritis as a teenager,goal_kick,0.8688
126.0,131.0,james lowe was a try scorer in irelands most recent win over scotland in march he suffered from debilitating juvenile arthritis as a teenager he may never have dreamed he would reach this pinnacle of rugby union,goal_kick,0.8688
130.5,135.5,he may never have dreamed he would reach this pinnacle of rugby union,goal_kick,0.8688
135.0,140.0,johnny johnny sexton irelands ultimate points machine hes missed just once from the tee in 15 attempts in this competition,goal_kick,0.8688
139.5,144.5,johnny johnny sexton irelands ultimate points machine hes missed just once from the tee in 15 attempts in this competition,goal_kick,0.8688
144.0,149.0,johnny johnny sexton irelands ultimate points machine hes missed just once from the tee in 15 attempts in this competition hes missed another but that is a rippling beginning from this irish machine,goal_kick,0.8688
148.5,153.5,hes missed another but that is a rippling beginning from this irish machine,goal_kick,0.8688
153.0,158.0,well such is the respect and the understanding of both these great rivals absolute silence for that kick but this was far too easy,goal_kick,0.6259
157.5,162.5,well such is the respect and the understanding of both these great rivals absolute silence for that kick but this was far too easy,goal_kick,0.8688
162.0,167.0,just running out of numbers i said off the top if scotland had any chance they had to plant some seeds in the ground,goal_kick,0.8688
166.5,171.5,just running out of numbers i said off the top if scotland had any chance they had to plant some seeds in the ground that kind of defending is not going to do it the number one team in the world are off and running,normal_play,0.0054
171.0,176.0,that kind of defending is not going to do it the number one team in the world are off and running,kick_off,0.5159
175.5,180.5,the round of scotland must win by eight points tonight before we start thinking about bonus points and the like,kick_off,0.5159
180.0,185.0,the round of scotland must win by eight points tonight before we start thinking about bonus points and the like we havent beaten ireland by more than eight points in a competitive match since 2001 22 years ago,kick_off,0.5159
184.5,189.5,we havent beaten ireland by more than eight points in a competitive match since 2001 22 years ago coach gregor townsend started at fly half that day,kick_off,0.5159
189.0,194.0,coach gregor townsend started at fly half that day we havent beaten ireland by more than eight points in a competitive match since 2001 22 years ago,normal_play,0.0054
193.5,198.5,we havent beaten ireland by more than eight points in a competitive match since 2001 22 years ago,normal_play,0.0054
198.0,203.0,coach gregor townsend started at fly half that day thats a fine take,normal_play,0.0054
202.5,207.5,thats a fine take that left back right left very much loose taking back,normal_play,0.0054
207.0,212.0,that left back right left very much loose taking back put some puck into the sky kim warn comes forward and thats a fine take,normal_play,0.0054
211.5,216.5,put some puck into the sky kim warn comes forward and thats a fine take,normal_play,0.0054
216.0,221.0,in the six foot five inch full back nearly two meters tall gilchrist 33 year old war horse in the second row,normal_play,0.0054
220.5,225.5,gilchrist 33 year old war horse in the second row whistled his hands on goal for the first time and introduces sione dupu lothu,normal_play,0.0054
225.0,230.0,whistled his hands on goal for the first time and introduces sione dupu lothu australian born with common and scottish blood in his veins schumann,normal_play,0.0054
229.5,234.5,australian born with common and scottish blood in his veins schumann,normal_play,0.0054
234.0,239.0,he was caught high so scotland have a free play here russell,normal_play,0.0054
238.5,243.5,he was caught high so scotland have a free play here russell passed by to dempsey on the touch line hanson sends him,normal_play,0.0054
243.0,248.0,passed by to dempsey on the touch line hanson sends him russell again picking his options finding schumann,normal_play,0.0054
247.5,252.5,russell again picking his options finding schumann,normal_play,0.0054
252.0,257.0,russell richard the captain,normal_play,0.0054
256.5,261.5,picks that one on to kinghorn stepping inside to jones,normal_play,0.0054
261.0,266.0,stepping inside to jones split them up towards the irish 22,normal_play,0.0054
265.5,270.5,still have that penalty advantage as they go from touch line to touch line russell lovely ball on to zander fegerson scotland searching for a quick response,penalty,0.6128
270.0,275.0,lovely ball on to zander fegerson scotland searching for a quick response ireland steal it,penalty,0.6128
274.5,279.5,ireland steal it and macberry will bring them back,penalty,0.6128
279.0,284.0,much better play from the scots really confident on the ball,penalty,0.6128
283.5,288.5,russell controlling the ship a few concerns there,penalty,0.6128
288.0,293.0,but again the irish they bent a little bit there but they didnt break as they look at the review guy easterby the defence coach,normal_play,0.0054
292.5,297.5,but again the irish they bent a little bit there but they didnt break as they look at the review guy easterby the defence coach,normal_play,0.0054
297.0,302.0,becker townsend 74th test in charge of scotland,normal_play,0.0054
301.5,306.5,becker townsend 74th test in charge of scotland his face style was eight times in the coaching box hes been on the losing side on every occasion,normal_play,0.0054
306.0,311.0,hes been on the losing side on every occasion that was the high tackle there,normal_play,0.0054
310.5,315.5,that was the high tackle there back around doris right out of the gates,normal_play,0.0054
315.0,320.0,right out of the gates dont think they could quite believe their luck,normal_play,0.0054
319.5,324.5,rob recommended neither could the coach thats how you start the game incredible isnt it,normal_play,0.0054
324.0,329.0,this is exactly the tactic that ireland are looking for the majority of their try will be coming from these punching phases,normal_play,0.0054
328.5,333.5,the majority of their try will be coming from these punching phases getting in to these scottish defenders scotland conversely love possession as well,normal_play,0.0054
333.0,338.0,scotland conversely love possession as well and like russell will relish having ball in hand,normal_play,0.0054
337.5,342.5,on me and that decision there a reflection of the circumstances they said they need a win and they need to win by a margin,normal_play,0.0054
342.0,347.0,they said they need a win and they need to win by a margin so taking the line out rather than possible kickable three points,normal_play,0.0054
346.5,351.5,so taking the line out rather than possible kickable three points yes five i need you two metres please,lineout,0.4726
351.0,356.0,i need you two metres please i need you two metres you fancy george turner can clearly hear the call from his forwards at this line out,lineout,0.4726
355.5,360.5,you fancy george turner can clearly hear the call from his forwards at this line out such as the din inside scuddy falls,lineout,0.4726
360.0,365.0,such as the din inside scuddy falls turner breaks away and hugh jones makes a beeline,lineout,0.4726
364.5,369.5,and hugh jones makes a beeline for johnny johnny sexton price,normal_play,0.0054
369.0,374.0,rory darge the young open side wrapped up by bandiaki,normal_play,0.0054
373.5,378.5,ritchie on the blind scotland must make the most of these,normal_play,0.0054
378.0,383.0,attacking opportunities russell lips around to the left,normal_play,0.0054
382.5,387.5,heres jones fandamerva static but still steps out of two tackle,normal_play,0.0054
387.0,392.0,steps out of two tackle hanson chops the giant down ireland have the penalty,penalty,0.4455
391.5,396.5,ireland have the penalty over the goal listen,penalty,0.4455
396.0,401.0,big tackle from hanson,penalty,0.4455
400.5,405.5,fandamerva came back in field there and i have no doubt that the playbook is very much for the scots around,normal_play,0.0054
405.0,410.0,and i have no doubt that the playbook is very much for the scots around,normal_play,0.0054
409.5,414.5,to bilotto and hugh jones running hard not the legend that is johnny johnny sexton,normal_play,0.0054
414.0,419.0,hes hit it twice from jones there is those so called red zone opportunities when a team is attacking in the 22,normal_play,0.0054
418.5,423.5,there is those so called red zone opportunities when a team is attacking in the 22,normal_play,0.0054
423.0,428.0,but the ruthlessness of their attack is measured,normal_play,0.0054
427.5,432.5,by how many try they score from those positions and scotland have let one slip through their fingers,normal_play,0.0054
432.0,437.0,and scotland have let one slip through their fingers number,normal_play,0.0054
436.5,441.5,five guys there is the reaction from andy farrell,normal_play,0.0054
441.0,446.0,there is the reaction from andy farrell hes overseen 41 matches as i have seen hes only lost seven,lineout,0.3834
445.5,450.5,hes only lost seven 83 win success rates the best,lineout,0.3834
450.0,455.0,in the professional era josh fandaflea finds cale and doris,lineout,0.3834
454.5,459.5,josh fandaflea finds cale and doris to the,lineout,0.3834
459.0,464.0,to the lansdowne and dublin but a little knock on the floor,normal_play,0.0054
463.5,468.5,will give scotland another attacking foothold yes well theyre going to have to go to the bench early here,normal_play,0.0054
468.0,473.0,well theyre going to have to go to the bench early here thats all i think its going to be an h i s assessment,normal_play,0.0054
472.5,477.5,the independent doctors on the sideline have seen something and theyre going to have a little look to make sure,normal_play,0.0054
477.0,482.0,theyre well for the center thats the black kinghorn is ok make sure theres a space before the set,normal_play,0.0054
481.5,486.5,make sure theres a space before the set looking home will shoot down the tunnel with dr jones and hes going to be able to get the ball,normal_play,0.0054
486.0,491.0,and hes going to be able to get the ball and hes going to be able to get the ball and hes going to be able to get the ball,normal_play,0.0054
490.5,495.5,and hes going to be able to get the ball and hes going to be able to get the ball they dont want the hands of the kinghorn will truth down the tunnel with dr james robson,normal_play,0.0054
495.0,500.0,will truth down the tunnel with dr james robson very longstanding very respected,normal_play,0.0054
499.5,504.5,its not the doctor all this is on for him for the time being and this is the table as things stand a win for ireland,normal_play,0.0054
504.0,509.0,and this is the table as things stand a win for ireland wed send them top and wed put a place in the quarterfinals,normal_play,0.0054
508.5,513.5,wed send them top and wed put a place in the quarterfinals where they would face the all blacks next weekend,scrum,0.4877
513.0,518.0,so thats because were staying seconds and they would take on the whole nation,scrum,0.4877
517.5,522.5,whatever the upshots whatever the outcome monumental showdowns in these knockout fixtures,scrum,0.4877
522.0,527.0,monumental showdowns in these knockout fixtures well has there ever been a worse reward for winning a big match like this than to get the oblacks,scrum,0.4877
526.5,531.5,well has there ever been a worse reward for winning a big match like this than to get the oblacks at a world cup quarterfinal stage yeah yeah no no okay,scrum,0.4877
531.0,536.0,yeah yeah no no okay you heard the call please dont stand up okay massive opportunity now for scotland in this scrum ireland have only conceded three try in the rupert world cup,normal_play,0.0054
535.5,540.5,massive opportunity now for scotland in this scrum ireland have only conceded three try in the rupert world cup each of them have been from first phase and two of them have been from scrum so this is,normal_play,0.0054
540.0,545.0,massive opportunity now for scotland in this scrum ireland have only conceded three try in the rupert world cup each of them have been from first phase and two of them have been from scrum so this is an opportunity that scotland will have to try and take to them,normal_play,0.0054
544.5,549.5,an opportunity that scotland will have to try and take to them,scrum,0.3066
549.0,554.0,these are two of the best defences anywhere in world rugby,scrum,0.3066
553.5,558.5,these are two of the best defences anywhere in world rugby two teams with the top defensive statistics in europes six nations championship earlier this year,scrum,0.3066
558.0,563.0,two teams with the top defensive statistics in europes six nations championship earlier this year,scrum,0.3066
562.5,567.5,two teams with the top defensive statistics in europes six nations championship earlier this year fields of aachen rhein reverberates around stade de france,scrum,0.3066
567.0,572.0,fields of aachen rhein reverberates around stade de france godhead,scrum,0.3066
571.5,576.5,godhead straight down onto your knee okay you heard our referee there nick berry saying the irish front row player went straight down onto his knee,penalty,0.4706
576.0,581.0,you heard our referee there nick berry saying the irish front row player went straight down onto his knee,penalty,0.4706
580.5,585.5,you heard our referee there nick berry saying the irish front row player went straight down onto his knee so another opportunity for scotland yeah theyre gonna go for the corner,normal_play,0.0054
585.0,590.0,so another opportunity for scotland yeah theyre gonna go for the corner keep the pressure on thats right head went down to his knee as you said jamie last time in the red zone nothing to show for it,normal_play,0.0054
589.5,594.5,as you said jamie last time in the red zone nothing to show for it they want to change that,normal_play,0.0054
598.5,603.5,i reckon you went early on the second call and then the tight head went to his knee okay so a bit more control okay,lineout,0.4726
603.0,608.0,okay so a bit more control okay okay pierre schumann leads the charge for scotland hes built like a whiskey barrel,lineout,0.4726
607.5,612.5,pierre schumann leads the charge for scotland hes built like a whiskey barrel chest that must be 64 inches,lineout,0.4726
612.0,617.0,chest that must be 64 inches big steal from ireland but gibson park has to take it over the touchline,lineout,0.4726
616.5,621.5,big steal from ireland but gibson park has to take it over the touchline and scotland will gain a few meters here and a reprieve,normal_play,0.0054
621.0,626.0,and scotland will gain a few meters here and a reprieve well just some good insight into the conversation that goes on with the referee and the players,normal_play,0.0054
625.5,630.5,well just some good insight into the conversation that goes on with the referee and the players rob you picked up a little question there its quite revealing,normal_play,0.0054
630.0,635.0,rob you picked up a little question there its quite revealing yeah really good both teams great with discipline less than 10 penalty for both of them reach is getting a bit of tension but the conversation with the referee was about what can we do better,normal_play,0.0054
634.5,639.5,less than 10 penalty for both of them reach is getting a bit of tension but the conversation with the referee was about what can we do better the props know that scrim time is so important as line out is,normal_play,0.0054
639.0,644.0,the props know that scrim time is so important as line out is ireland havent been functioning well in their line out throughout this tournament,normal_play,0.0054
643.5,648.5,ireland havent been functioning well in their line out throughout this tournament so thats a welcome sight for peter omahony,normal_play,0.0054
648.0,653.0,the scots do have a very good defensive line up themselves so itd definitely be an area that ireland addressed before this game,normal_play,0.0054
652.5,657.5,the scots do have a very good defensive line up themselves so itd definitely be an area that ireland addressed before this game i was just going to say earlier as well on that set dont anticipate it,normal_play,0.0054
657.0,662.0,i was just going to say earlier as well on that set dont anticipate it just listen in again here the referee is still talking to the irish front row boys,normal_play,0.0054
661.5,666.5,just listen in again here the referee is still talking to the irish front row boys,normal_play,0.0054
666.0,671.0,thank you,normal_play,0.0054
670.5,675.5,jamie you good okay guys water off,normal_play,0.0054
675.0,680.0,okay guys water off water off guys well get going,normal_play,0.0054
679.5,684.5,jordan just up in front please it was peter omahony who got irish fingertips on that last scottish throw ahead of richie gray,lineout,0.2732
684.0,689.0,it was peter omahony who got irish fingertips on that last scottish throw ahead of richie gray,lineout,0.2732
688.5,693.5,scotland can knock at the irish door again here they go to the captain richie at the tail,lineout,0.2732
693.0,698.0,they go to the captain richie at the tail and they set the drive,lineout,0.2732
697.5,702.5,and they set the drive ireland not budging an inch so far so scotland must play,maul,0.4029
702.0,707.0,ireland not budging an inch so far so scotland must play theres two for all two russell playing out the back,maul,0.4029
706.5,711.5,theres two for all two russell playing out the back olly smith darcy graham darts in the inside but hes well chopped down by hugo keenan,maul,0.4029
711.0,716.0,olly smith darcy graham darts in the inside but hes well chopped down by hugo keenan and ireland piling off their feets,penalty,0.4606
715.5,720.5,i think ireland happy to concede out wide they were exposed momentarily,penalty,0.4606
720.0,725.0,i think ireland happy to concede out wide they were exposed momentarily theyve got enough bodies over there,penalty,0.4606
724.5,729.5,theyve got enough bodies over there yeah and thats why you didnt get penalty for offside did you get that finned okay so the conversation is the line out went past the,normal_play,0.0054
729.0,734.0,did you get that finned okay so the conversation is the line out went past the 15 metre line so it ceases to be a line out and both sets of backs can come up and play,normal_play,0.0054
733.5,738.5,15 metre line so it ceases to be a line out and both sets of backs can come up and play and russell perhaps with some frustration they didnt score on that place,normal_play,0.0054
738.0,743.0,and russell perhaps with some frustration they didnt score on that place sticks it deep into the stands knowing its time for his forwards to get to work,normal_play,0.0054
742.5,747.5,sticks it deep into the stands knowing its time for his forwards to get to work,normal_play,0.0054
747.0,752.0,scotland nudging towards 60 possession and theyre opening another minute,lineout,0.3115
751.5,756.5,scotland nudging towards 60 possession and theyre opening another minute this is their fourth line out inside the irish 22 richie again is the target,lineout,0.3115
756.0,761.0,this is their fourth line out inside the irish 22 richie again is the target,lineout,0.3115
760.5,765.5,try to take on this irish juggernaut hes not going to use it i need to see it moving forward,lineout,0.3115
765.0,770.0,hes not going to use it i need to see it moving forward okay nine get going now theyre not shifting so price releasing tui polotu who,maul,0.271
769.5,774.5,theyre not shifting so price releasing tui polotu who touched the ball under a meaty bicep and carries,maul,0.271
774.0,779.0,touched the ball under a meaty bicep and carries russell standing flats well taken by olly smith anson stands up to the physical challenge,normal_play,0.0054
778.5,783.5,anson stands up to the physical challenge price to darts cant escape the clutches of ian henderson,normal_play,0.0054
783.0,788.0,price to darts cant escape the clutches of ian henderson,normal_play,0.0054
787.5,792.5,turner running direct straight into his opposite man sheehan russell a lot of blue jerseys off to the right tui polotu to smith who,normal_play,0.0054
792.0,797.0,russell a lot of blue jerseys off to the right tui polotu to smith who i just saw a glimmer of space opening up lost his footing,normal_play,0.0054
796.5,801.5,russell a lot of blue jerseys off to the right tui polotu to smith who i just saw a glimmer of space opening up lost his footing,normal_play,0.0054
801.0,806.0,depsey now former australian international tye burn comes through and sacks price,normal_play,0.0054
805.5,810.5,tye burn comes through and sacks price price bounces clear and gets it onto darcy graham,normal_play,0.0054
810.0,815.0,price bounces clear and gets it onto darcy graham ireland detonating to that breakdown harry stay back its a blue ball,normal_play,0.0054
814.5,819.5,harry stay back its a blue ball stay there please keep your leg down scotland have gone 10 metres backwards russell has to get it away quickly to depsey,normal_play,0.0054
819.0,824.0,russell has to get it away quickly to depsey smith stepping,normal_play,0.0054
823.5,828.5,its hugh jones in fact the dancing footwork darge xander fegerson,normal_play,0.0054
828.0,833.0,darge xander fegerson tackle release what a chennai ish lie thank you well done,normal_play,0.0054
832.5,837.5,what a chennai ish lie thank you well done one of only four players in this team to have beaten ireland gilchrist juggles,normal_play,0.0054
837.0,842.0,one of only four players in this team to have beaten ireland gilchrist juggles just about holds on eleven phases now for scotland,normal_play,0.0054
841.5,846.5,eleven phases now for scotland stay down stay down,normal_play,0.0054
846.0,851.0,stay down stay down ireland withstanding the onslaught russell pulls it back for hugh jones,normal_play,0.0054
850.5,855.5,russell pulls it back for hugh jones again cutting on the inside again shackled all these green demons,normal_play,0.0054
855.0,860.0,all these green demons even pierre schumann with all his bulk cant get any go forward,normal_play,0.0054
859.5,864.5,even pierre schumann with all his bulk cant get any go forward russell trying to nick between two tackle sheehan with a big one,normal_play,0.0054
864.0,869.0,trying to nick between two tackle sheehan with a big one darge enough of the footwork from the open side,normal_play,0.0054
868.5,873.5,enough of the footwork from the open side fifteen phases now for the scots,normal_play,0.0054
873.0,878.0,fifteen phases now for the scots if ireland can hold them out it would be a huge psychological boost,normal_play,0.0054
877.5,882.5,if ireland can hold them out it would be a huge psychological boost russell again for schumann all squads clear its all a bit chaotic now as russell moves it for dui purotu,normal_play,0.0054
882.0,887.0,all squads clear its all a bit chaotic now as russell moves it for dui purotu from the melbourne riding side saddle but hakee deals with the scottish centre,normal_play,0.0054
886.5,891.5,from the melbourne riding side saddle but hakee deals with the scottish centre,normal_play,0.0054
891.0,896.0,from the melbourne riding side saddle but hakee deals with the scottish centre gilchrist back to fegerson very very loose there its very unstructured,normal_play,0.0054
895.5,900.5,very very loose there its very unstructured,normal_play,0.0054
900.0,905.0,and its not on by scotland he lost the ball he didnt play the ball,normal_play,0.0054
904.5,909.5,he didnt play the ball its illegal cant work and youve missed the ball on eighteen phases scotland pummel away,normal_play,0.0054
909.0,914.0,scotland pummel away ireland smash the door in their faces,normal_play,0.0054
913.5,918.5,well the irish fans let you know what they think about that the scottish team have forced ireland to make three times as many tackle as the scots,normal_play,0.0054
918.0,923.0,the scottish team have forced ireland to make three times as many tackle as the scots so great possession for scotland but theyre not able to break it down,normal_play,0.0054
922.5,927.5,so great possession for scotland but theyre not able to break it down,normal_play,0.0054
927.0,932.0,russell wrapped up there some big double tackle going in as well there the balls pop loose,normal_play,0.0054
931.5,936.5,there the balls pop loose and as you said it got a little bit loose there and rob thats got to be very encouraging,normal_play,0.0054
936.0,941.0,and rob thats got to be very encouraging retirement needs to be in the irish defence system,normal_play,0.0054
940.5,945.5,absolutely we talked about how much possession scotland like to play with thats why its getting celebrated,normal_play,0.0054
945.0,950.0,thats why its getting celebrated they did not budge past their 22 finn russell is not a fly out that likes going for drop goals,normal_play,0.0054
949.5,954.5,finn russell is not a fly out that likes going for drop goals but in those situations you do wonder if he slips into the pocket and builds a score,normal_play,0.0054
954.0,959.0,but in those situations you do wonder if he slips into the pocket and builds a score it would be a very interesting proposition scotland looking encouraging with the ball at hand but that is a win for irelands attack,normal_play,0.0054
958.5,963.5,scotland looking encouraging with the ball at hand but that is a win for irelands attack just look at the defence sorry look at these numbers,normal_play,0.0054
963.0,968.0,sorry look at these numbers massive amount of tackle from them in that phases,normal_play,0.0054
967.5,972.5,you know and scotland have to manage the game as well we said its not going to be one or lost in the first 20 30 minutes here,normal_play,0.0054
972.0,977.0,we said its not going to be one or lost in the first 20 30 minutes here that kind of work theyre forcing the irish to do may pay off down the road,normal_play,0.0054
976.5,981.5,that kind of work theyre forcing the irish to do may pay off down the road so they wont be overly concerned but they would like to see some incursion into that green wall,normal_play,0.0054
981.0,986.0,so they wont be overly concerned but they would like to see some incursion into that green wall,normal_play,0.0054
985.5,990.5,the british team has pride themselves on the attacking innovation and incision of his scottish team,normal_play,0.0054
990.0,995.0,the british team has pride themselves on the attacking innovation and incision of his scottish team so far they have no answer to the tsunami of green that is swamping and engulfing them with each passing carry,normal_play,0.0054
994.5,999.5,so far they have no answer to the tsunami of green that is swamping and engulfing them with each passing carry,normal_play,0.0054
999.0,1004.0,so far they have no answer to the tsunami of green that is swamping and engulfing them with each passing carry toms on,normal_play,0.0054
1017.0,1022.0,crowds,scrum,0.4877
1021.5,1026.5,crowds five,scrum,0.4877
1026.0,1031.0,six,scrum,0.4877
1030.5,1035.5,penalty ireland at scrumpton i think its their time here,scrum,0.4877
1035.0,1040.0,i think its their time here i need you to keep your feet up underneath you this time scottish tight head,penalty,0.6128
1039.5,1044.5,this time scottish tight head he needs to bring his feet up deemed to have gone down not taking his own weight,penalty,0.6128
1044.0,1049.0,deemed to have gone down not taking his own weight so not only that defensive stand but now the relief and territory that will be gained,normal_play,0.0054
1048.5,1053.5,so not only that defensive stand but now the relief and territory that will be gained through johnny johnny sextons right boot he takes his time,normal_play,0.0054
1053.0,1058.0,through johnny johnny sextons right boot he takes his time and this set piece to set piece with big defensive effort in play is right up,normal_play,0.0054
1057.5,1062.5,and this set piece to set piece with big defensive effort in play is right up irelands there you go on the near side the slip down,normal_play,0.0054
1062.0,1067.0,and this set piece to set piece with big defensive effort in play is right up irelands there you go on the near side the slip down nick perry in no doubt,normal_play,0.0054
1066.5,1071.5,nick perry in no doubt,normal_play,0.0054
1071.0,1076.0,the perplexed look that adorns every front row whos ever been penalty in the history of rugby union,lineout,0.4726
1075.5,1080.5,the perplexed look that adorns every front row whos ever been penalty in the history of rugby union but large across xander fegersons mug,lineout,0.4726
1080.0,1085.0,but large across xander fegersons mug north ireland he can attack omani rules the skies,lineout,0.4726
1084.5,1089.5,north ireland he can attack omani rules the skies johnny sexton for bundy bundee aki johnny sexton on the run around,lineout,0.4726
1089.0,1094.0,johnny sexton on the run around matt hansons off his wing here he needs to pause habit thats where the opening try came from,normal_play,0.0054
1093.5,1098.5,he needs to pause habit thats where the opening try came from gillian pulls it back for bundy bundee aki,normal_play,0.0054
1098.0,1103.0,gillian pulls it back for bundy bundee aki two mastercard player of the match awards in three games,normal_play,0.0054
1102.5,1107.5,two mastercard player of the match awards in three games dan sheehan with his first start of this rugby world cup after a ligament issue,normal_play,0.0054
1107.0,1112.0,dan sheehan with his first start of this rugby world cup after a ligament issue,normal_play,0.0054
1111.5,1116.5,dan sheehan with his first start of this rugby world cup after a ligament issue big shot from the scots and that forces the knock on from ty burne,normal_play,0.0054
1116.0,1121.0,big shot from the scots and that forces the knock on from ty burne,normal_play,0.0054
1125.0,1130.0,this is off the top line up ball meaning they dont catch it they release it quickly,normal_play,0.0054
1129.5,1134.5,this is off the top line up ball meaning they dont catch it they release it quickly and look at all those options again for the irish,normal_play,0.0054
1134.0,1139.0,and look at all those options again for the irish this time scotland get enough bodies across just the air ultimately as theyre trying to offload in tight quarters,normal_play,0.0054
1138.5,1143.5,just the air ultimately as theyre trying to offload in tight quarters so thatll be a little bit of a boost to the men in blue,normal_play,0.0054
1143.0,1148.0,so thatll be a little bit of a boost to the men in blue,normal_play,0.0054
1147.5,1152.5,grant gilchrist dislodging the ball from the grasp of ty burne,normal_play,0.0054
1152.0,1157.0,grant gilchrist dislodging the ball from the grasp of ty burne the big lock the man whos captained scotland on many occasions including against romania last weekend,normal_play,0.0054
1156.5,1161.5,the man whos captained scotland on many occasions including against romania last weekend hes also afraid of mice incidentally an unfortunate trait for a 6 8 inch bloke,scrum,0.4877
1161.0,1166.0,an unfortunate trait for a 6 8 inch bloke anyone suggested that mice might be afraid of him,scrum,0.4877
1165.5,1170.5,anyone suggested that mice might be afraid of him steady,scrum,0.4877
1170.0,1175.0,steady nine up,scrum,0.4877
1174.5,1179.5,dempsey breaks for ali price he changes direction and oli smiths left boot,scrum,0.4877
1179.0,1184.0,he changes direction and oli smiths left boot cant go straight to touch oli smith and he hasnt hugo keenan twinkle toes floating with that white paint,normal_play,0.0054
1183.5,1188.5,cant go straight to touch oli smith and he hasnt hugo keenan twinkle toes floating with that white paint just managed to avoid grazing the chalk,normal_play,0.0054
1188.0,1193.0,just managed to avoid grazing the chalk russell,normal_play,0.0054
1192.5,1197.5,russell end of it in the landward style taken cleanly by james low who can kick the ball a country mile,normal_play,0.0054
1197.0,1202.0,taken cleanly by james low who can kick the ball a country mile and he has laced that to within a metre of the scottish 22,normal_play,0.0054
1201.5,1206.5,and he has laced that to within a metre of the scottish 22 thats a bopper its a massive kick,normal_play,0.0054
1206.0,1211.0,thats a bopper its a massive kick this one does he put a foot in touch here as he slides over whoa,normal_play,0.0054
1210.5,1215.5,whoa the fans of the stadium have just seen that view up where the feed is,normal_play,0.0054
1215.0,1220.0,up where the feed is got it to back of the stand i think the referees going to have a look,normal_play,0.0054
1219.5,1224.5,i think the referees going to have a look the duggars seen it hes checked it and hes not clearly in touch,normal_play,0.0054
1224.0,1229.0,hes checked it and hes not clearly in touch i told the boys of that grown in the television match official he said hes not clearly in touch,normal_play,0.0054
1228.5,1233.5,i told the boys of that grown in the television match official he said hes not clearly in touch yeah time off just give me a second okay with the time off,normal_play,0.0054
1233.0,1238.0,yeah time off just give me a second okay with the time off not the end of it sorry im speaking to my timekeeper my tmos checked that okay hes not clearly out,normal_play,0.0054
1237.5,1242.5,my tmos checked that okay hes not clearly out so were going to play the line out here,normal_play,0.0054
1242.0,1247.0,loads of big calls to see hes not clearly out there ill tell you when times off okay,normal_play,0.0054
1246.5,1251.5,ill tell you when times off okay i dont want to keep talking to you are we outside here,normal_play,0.0054
1251.0,1256.0,are we outside here guys were outside gregor townsend is flabbergasted,normal_play,0.0054
1255.5,1260.5,gregor townsend is flabbergasted hugo hugo keenan did appear to stuttle over the white line,lineout,0.313
1260.0,1265.0,hugo hugo keenan did appear to stuttle over the white line,lineout,0.313
1264.5,1269.5,the officials happy theres no clear evidence that he was in touch,lineout,0.313
1269.0,1274.0,so scotland attack on set with 80m out,maul,0.2976
1273.5,1278.5,so scotland attack on set with 80m out george turner has to break off on his own tagburn very good in those positions,maul,0.2976
1278.0,1283.0,george turner has to break off on his own tagburn very good in those positions and tagburn has pilfered it back through ireland,normal_play,0.0054
1282.5,1287.5,and tagburn has pilfered it back through ireland and now the green machine can crank into gear again with bundy bundee aki,normal_play,0.0054
1287.0,1292.0,and now the green machine can crank into gear again with bundy bundee aki more carries more meters made than any player in this competition heading into round four,normal_play,0.0054
1291.5,1296.5,fadifler,normal_play,0.0054
1296.0,1301.0,fadifler,normal_play,0.0054
1300.5,1305.5,getson park 6th in assessing his options lovely pass omalleys galloping away gets it to hanson,normal_play,0.0054
1305.0,1310.0,lovely pass omalleys galloping away gets it to hanson and hanson cant get it hanson cant hold on with the line beckoning,normal_play,0.0054
1309.5,1314.5,hanson cant hold on with the line beckoning,normal_play,0.0054
1314.0,1319.0,well the fairytale ending might have been written there on his 100th cap omalley was into space,normal_play,0.0054
1318.5,1323.5,omalley was into space,normal_play,0.0054
1323.0,1328.0,just spilled that final pass good footwork nice angle of run stepping inside the defender,normal_play,0.0054
1327.5,1332.5,good footwork nice angle of run stepping inside the defender that left arm frees up the ball,normal_play,0.0054
1332.0,1337.0,but hanson cant hold on hes a big moment and despite that shot,normal_play,0.0054
1336.5,1341.5,hes a big moment and despite that shot that shocking start in the first minute by the scots youve got to give them credit,normal_play,0.0054
1341.0,1346.0,youve got to give them credit theyve hung on in absolute anguish for the irish as they look to put in their second try,normal_play,0.0054
1345.5,1350.5,as they look to put in their second try,normal_play,0.0054
1350.0,1355.0,a real point of difference so far in this first 20 minutes is how ireland really dont accept that tackle theyre running through the contacts,normal_play,0.0054
1354.5,1359.5,is how ireland really dont accept that tackle theyre running through the contacts theyre keeping that ball alive which creates a quick ball it seems ireland are doubling up on their tackle,normal_play,0.0054
1359.0,1364.0,it seems ireland are doubling up on their tackle and its proving very efficient in how theyre defending,normal_play,0.0054
1363.5,1368.5,rob talk to us about accepting the tackle what does that phrase mean to a rugby league person watching at home,normal_play,0.0054
1368.0,1373.0,what does that phrase mean to a rugby league person watching at home its known as the ardis sarvaius statistic how far you can run beyond that first point of contact,normal_play,0.0054
1372.5,1377.5,how far you can run beyond that first point of contact that extra two three metres really has absorbed more players in the defensive line and creates more space,normal_play,0.0054
1381.5,1386.5,jamie ritchie is walking wounded right now,normal_play,0.0054
1386.0,1391.0,he missed scotlands win over romania up with a head injury,normal_play,0.0054
1390.5,1395.5,hes now nursing what appears to be a rather sore midriff and matt fegerson is on in his stead,normal_play,0.0054
1395.0,1400.0,and matt fegerson is on in his stead and we may not see the scotland captain again this evening,normal_play,0.0054
1399.5,1404.5,well not in the first 18 minutes he wanted to see,normal_play,0.0054
1404.0,1409.0,well not in the first 18 minutes he wanted to see side down such a great competitor 80 appearances for edinburgh rugby,normal_play,0.0054
1408.5,1413.5,such a great competitor 80 appearances for edinburgh rugby great that he was cleared all precautions taken about a head injury,normal_play,0.0054
1413.0,1418.0,all precautions taken about a head injury that last one was really good alright sam again ok,normal_play,0.0054
1417.5,1422.5,alright sam again ok alright lets find out times on well the word is jamie ritchies done,normal_play,0.0054
1422.0,1427.0,well the word is jamie ritchies done and finn russell is the new scotland captain,normal_play,0.0054
1426.5,1431.5,so much rest in his unflustered unflappable shoulders,scrum,0.4877
1431.0,1436.0,so much rest in his unflustered unflappable shoulders,scrum,0.4877
1435.5,1440.5,look at those action areas 46 of this,scrum,0.4877
1440.0,1445.0,46 of this 19 minutes played inside the irish 22,scrum,0.4877
1444.5,1449.5,but contrast that stat with the one in the top left corner of your screen 5 points to nil,scrum,0.4877
1449.0,1454.0,5 points to nil jack dempsey looks to make some meters for the scots,normal_play,0.0054
1453.5,1458.5,jack dempsey looks to make some meters for the scots another press can affect the clearance now,normal_play,0.0054
1458.0,1463.0,another press can affect the clearance now and she has keenened back and thats nicely done by scotland,normal_play,0.0054
1462.5,1467.5,and thats nicely done by scotland great energy from the scots,normal_play,0.0054
1467.0,1472.0,great energy from the scots dempsey doing what he needs to do from the back of the scrum and the wee man in the 9 jersey putting his left boot to it,normal_play,0.0054
1471.5,1476.5,and the wee man in the 9 jersey putting his left boot to it absolute despair from the skipper,normal_play,0.0054
1476.0,1481.0,absolute despair from the skipper sometimes a picture doesnt take any words,normal_play,0.0054
1480.5,1485.5,for some of these players jamie ritchie included this will be the biggest game of their lives,lineout,0.3208
1485.0,1490.0,this will be the biggest game of their lives and its so cruel that the scotland captain invalidated out with weston porter gone,lineout,0.3208
1489.5,1494.5,invalidated out with weston porter gone clean ball for ireland,lineout,0.3208
1494.0,1499.0,clean ball for ireland johnny johnny sexton introduces bundee aki and doris to punch some holes in the first line of scottish defence,lineout,0.3208
1498.5,1503.5,to punch some holes in the first line of scottish defence gibson park and that cancels,lineout,0.3208
1503.0,1508.0,gibson park and that cancels and mark hanson,normal_play,0.0054
1507.5,1512.5,and mark hanson tap back by ireland so if under three can play cale and doris,normal_play,0.0054
1512.0,1517.0,so if under three can play cale and doris much back in the tackle gibson park,normal_play,0.0054
1516.5,1521.5,gibson park he saw that olly smith was out of position and graeme,normal_play,0.0054
1521.0,1526.0,and graeme hes got his back quickly enough calls for the mark,normal_play,0.0054
1525.5,1530.5,calls for the mark it appeared to be in his 22 when he caught that ball which is why the irish crowd on that far side are voicing their disapproval,normal_play,0.0054
1530.0,1535.0,which is why the irish crowd on that far side are voicing their disapproval and just to let you know,normal_play,0.0054
1534.5,1539.5,whats happened there because hes in his 22 meter and i think he probably was,normal_play,0.0054
1539.0,1544.0,and i think he probably was just puts out the bad arm and hes allowed to mark the ball a fair catch if you will,normal_play,0.0054
1543.5,1548.5,a fair catch if you will now hes been able to clear i think that ball was in touch,normal_play,0.0054
1548.0,1553.0,i think that ball was in touch there wont be a knock on there,normal_play,0.0054
1552.5,1557.5,yeah yeah send him off then,normal_play,0.0054
1557.0,1562.0,yeah yeah send him off then a little bit closer than i thought there maybe he was jumping back in,normal_play,0.0054
1561.5,1566.5,maybe he was jumping back in hes quite substantial matt hanson the latest,normal_play,0.0054
1566.0,1571.0,matt hanson the latest to require some medical attention and on comes stuart mccloskey,normal_play,0.0054
1570.5,1575.5,and on comes stuart mccloskey who although in unfortunate circumstances will savour his opportunity,normal_play,0.0054
1575.0,1580.0,will savour his opportunity to compete at this stage have been kicked out of this ireland back line by just this year fully by,normal_play,0.0054
1579.5,1584.5,have been kicked out of this ireland back line by just this year fully by talik and andy farrell and joe schmidt before him have had with ringrose and bundee aki and robbie henshaw,normal_play,0.0054
1584.0,1589.0,with ringrose and bundee aki and robbie henshaw whos injured tonight and not playing and theyve been able to get a little bit of a break,normal_play,0.0054
1588.5,1593.5,and theyve been able to get a little bit of a break and theyve been able to get a little bit of a break a chance for mccloskey to make his mark,normal_play,0.0054
1593.0,1598.0,a chance for mccloskey to make his mark and i think that is a big feature and andy farrells team there is so much depth,normal_play,0.0054
1597.5,1602.5,and andy farrells team there is so much depth but quality depth real depth players that can perform at this level,normal_play,0.0054
1602.0,1607.0,real depth players that can perform at this level that will rise to the occasion and wont let the side down and you need that when youre the number one team in the world,lineout,0.2332
1606.5,1611.5,and wont let the side down and you need that when youre the number one team in the world and youre trying to go further than the nairs teams ever gone before in a rugby world cup,lineout,0.2332
1611.0,1616.0,in a rugby world cup and the crowd is just uncontested,lineout,0.2332
1615.5,1620.5,and the crowd is just uncontested,lineout,0.2332
1620.0,1625.0,news now again gibson park tests,normal_play,0.0054
1624.5,1629.5,news now again gibson park tests the strippers back three of the year darcy graham cant take it,normal_play,0.0054
1629.0,1634.0,darcy graham cant take it and ireland can choose squam or line out here,normal_play,0.0054
1633.5,1638.5,squam or line out here,normal_play,0.0054
1638.0,1643.0,well i see it green jerseys there trying to get to darcy grahams head,normal_play,0.0054
1642.5,1647.5,green jerseys there trying to get to darcy grahams head this unfortunate doesnt quite time it right,normal_play,0.0054
1647.0,1652.0,doesnt quite time it right theyre going to choose the line out of the irish its both full try,normal_play,0.0054
1651.5,1656.5,its both full try thats good okay graham come on in please darcy graham up to five in the rugby world cup,lineout,0.1669
1656.0,1661.0,darcy graham up to five in the rugby world cup only being outstripped by damjan puno and put italy to the sword,lineout,0.1669
1660.5,1665.5,and put italy to the sword and lyon last night for france ireland are on the attack again,lineout,0.1669
1665.0,1670.0,ireland are on the attack again mikloskis first touch into bundy bundee aki big meeting of muscle,lineout,0.1669
1669.5,1674.5,into bundy bundee aki big meeting of muscle in the middle finn russell with the good shots sheehan,normal_play,0.0054
1674.0,1679.0,sheehan he really is the prototype for the modern hooker six foot three,normal_play,0.0054
1678.5,1683.5,six foot three 110 kilos butts turned over and russell can push ireland back deep,normal_play,0.0054
1683.0,1688.0,and russell can push ireland back deep he looks for the 50 22,normal_play,0.0054
1687.5,1692.5,he looks for the 50 22 hugo keenan saves the day its great coming from hugo hugo keenan,normal_play,0.0054
1692.0,1697.0,its great coming from hugo hugo keenan he ran half way across paris to get there but thats a big moment for the scots and for gregor townsend,normal_play,0.0054
1696.5,1701.5,he ran half way across paris to get there but thats a big moment for the scots and for gregor townsend well what could have been,normal_play,0.0054
1701.0,1706.0,well what could have been had that kick rolled into touch of course with the 50 22,lineout,0.4541
1705.5,1710.5,with the 50 22 law kicking from one side theyve still got possession a bit further out,lineout,0.4541
1710.0,1715.0,theyve still got possession a bit further out see if they can build something here they took meters please number two,lineout,0.4541
1714.5,1719.5,they took meters please number two theyre not messing around at line out time but ireland steal a second and the set piece of walls,lineout,0.4541
1719.0,1724.0,but ireland steal a second and the set piece of walls the ghosts of so many matches in this fixture coming back to hog george turner,normal_play,0.0054
1723.5,1728.5,coming back to hog george turner and the scottish line out,normal_play,0.0054
1728.0,1733.0,okay use it now please lyon,normal_play,0.0054
1732.5,1737.5,okay use it now please lyon gibson park huffs it,normal_play,0.0054
1737.0,1742.0,huffs it william again catches that one cleanly and a significant due rest,normal_play,0.0054
1741.5,1746.5,and a significant due rest price has to squirt around some heavy carriers at the base,normal_play,0.0054
1746.0,1751.0,price has to squirt around some heavy carriers at the base thuy pallottu looking up a bit for scotland here thuy pallottu straightened and took the contact,normal_play,0.0054
1750.5,1755.5,thuy pallottu straightened and took the contact russell again probing the corners,normal_play,0.0054
1755.0,1760.0,russell again probing the corners that one easily dealt with by jameson gibson park,normal_play,0.0054
1759.5,1764.5,that one easily dealt with by jameson gibson park james low is down injured on half way so ireland attacking with 14 now defending,normal_play,0.0054
1764.0,1769.0,so ireland attacking with 14 now defending russell sizing up his options,normal_play,0.0054
1768.5,1773.5,russell sizing up his options this is a bit of space in behind gary ringrose cute footballing work from gary ringrose not bad with ball in hand either,normal_play,0.0054
1773.0,1778.0,cute footballing work from gary ringrose not bad with ball in hand either and ali price being harried by ringrose lashes it out,normal_play,0.0054
1777.5,1782.5,lashes it out and its a good yardage game for the irish and can he play from gary ringrose,normal_play,0.0054
1782.0,1787.0,and can he play from gary ringrose well there i say with a gala coming in there managing the football,normal_play,0.0054
1786.5,1791.5,managing the football the odd shape of the net and the ball and the ball,normal_play,0.0054
1791.0,1796.0,and the ball and the ball and the ball,normal_play,0.0054
1795.5,1800.5,the odd shaped football in rugby world cups case watch the touch of the left foot just traps the ball,normal_play,0.0054
1800.0,1805.0,watch the touch of the left foot just traps the ball he knows what hes doing there absolute class and then he gets the bounce,normal_play,0.0054
1804.5,1809.5,absolute class and then he gets the bounce come back and play at the parc des princes for paris saint germain with skills like that,normal_play,0.0054
1809.0,1814.0,come back and play at the parc des princes for paris saint germain with skills like that times up guys times up james lows eyes being split,normal_play,0.0054
1813.5,1818.5,james lows eyes being split just gets a finger from his own team mate looks like maybe some friendly fire there but rob the atmosphere here is still remarkable,normal_play,0.0054
1818.0,1823.0,looks like maybe some friendly fire there but rob the atmosphere here is still remarkable and youve got to say after that start scotland will be happy to still be only 1 1,normal_play,0.0054
1822.5,1827.5,and youve got to say after that start scotland will be happy to still be only 1 1 the contests are all over the park this is a great one building,normal_play,0.0054
1827.0,1832.0,this is a great one building james low and darcy gray but the kicking battle for me is whats exceptional,normal_play,0.0054
1831.5,1836.5,but the kicking battle for me is whats exceptional finn russell nailing spirals into the corner low just nursing the eye from a stray finger,normal_play,0.0054
1836.0,1841.0,low just nursing the eye from a stray finger okay guys were going to get going eh battles everywhere and youve got to feel for blair keighon who will not be taking part,normal_play,0.0054
1840.5,1845.5,battles everywhere and youve got to feel for blair keighon who will not be taking part failed as hia absolutely devastating on the sideline,normal_play,0.0054
1845.0,1850.0,absolutely devastating on the sideline the ball and the ball,normal_play,0.0054
1849.5,1854.5,and the ball and the ball you can see the tears swelling in blair keighons eyes,normal_play,0.0054
1854.0,1859.0,you can see the tears swelling in blair keighons eyes its his 50th cap but player welfare is paramount,normal_play,0.0054
1858.5,1863.5,but player welfare is paramount any suspicion of concussion any symptom of concussion,normal_play,0.0054
1863.0,1868.0,any symptom of concussion and the player plays no further part in the match just to fill you in thats a process,normal_play,0.0054
1867.5,1872.5,just to fill you in thats a process theyve gone in with an independent doctor theyve set questions,try,1.0
1872.0,1877.0,theyve set questions they have standards they need to meet so theres no guessing in this,try,1.0
1876.5,1881.5,so theres no guessing in this and again its all about player welfare and richie as well will be joining him,try,1.0
1881.0,1886.0,and richie as well will be joining him and scott is trying to get back into this match that could be crucial as well,lineout,0.1985
1885.5,1890.5,that could be crucial as well scotland only have two backs on the bench now theyve got one,try,1.0
1890.0,1895.0,now theyve got one oli smith is already on as ireland weave their attacking tapestry and bundee aki frees the hands,try,1.0
1894.5,1899.5,as ireland weave their attacking tapestry and bundee aki frees the hands heres an opportunity its hugo keighon,try,1.0
1899.0,1904.0,its hugo keighon,try,1.0
1903.5,1908.5,ireland cleaves scotland to ribbons hugo keighon sears over the corner,try,1.0
1908.0,1913.0,hugo keighon sears over the corner and scotland to the mountain a familiar proportions to scale now,normal_play,0.0054
1912.5,1917.5,a familiar proportions to scale now first phase attacking brilliance from the number one team in the world ball out the back,normal_play,0.0054
1917.0,1922.0,ball out the back short ball but the hands are free so that keeps it alive and again the off load,normal_play,0.0054
1921.5,1926.5,but the hands are free so that keeps it alive and again the off load keighon gets the try but what execution from the irish back line,normal_play,0.0054
1926.0,1931.0,but what execution from the irish back line perfection and the irish back line,normal_play,0.0054
1930.5,1935.5,and the irish back line and the irish back line perfection,normal_play,0.0054
1935.0,1940.0,perfection and the irish back line perfection,normal_play,0.0054
1939.5,1944.5,perfection and the irish back line perfection hugo keighon in the program,normal_play,0.0054
1944.0,1949.0,perfection hugo keighon in the program always the best put back,normal_play,0.0054
1948.5,1953.5,he wasnt picked up by the leicester province they didnt offer him a contract,goal_kick,0.8688
1953.0,1958.0,they didnt offer him a contract he hired his own sprint coach he worked like a beast on the field,goal_kick,0.8688
1957.5,1962.5,he worked like a beast on the field and in the paddocks at home and now he is a world cup try scorer again world cup try scorer again,goal_kick,0.8688
1962.0,1967.0,and now he is a world cup try scorer again world cup try scorer again,goal_kick,0.8688
1966.5,1971.5,johnny sexton from wide on the left once more,goal_kick,0.8688
1971.0,1976.0,johnny sexton from wide on the left once more,goal_kick,0.8349
1975.5,1980.5,this one sails down the middle,goal_kick,0.8349
1980.0,1985.0,this one sails down the middle and in a game scotland had to win by 8 points,goal_kick,0.8349
1984.5,1989.5,and in a game scotland had to win by 8 points they trail 12 0,goal_kick,0.8349
1989.0,1994.0,they trail 12 0 great win and watch johnny sexton hes going to get the ball back again he handles twice,normal_play,0.0054
1993.5,1998.5,he handles twice the team scores bundee aki doing his job probably the most impactful player in this whole world cup,normal_play,0.0054
1998.0,2003.0,probably the most impactful player in this whole world cup and hugo keenan the former seventh player gets the reward in the far corner,normal_play,0.0054
2002.5,2007.5,and hugo keenan the former seventh player gets the reward in the far corner,kick_off,0.5159
2007.0,2012.0,ireland have a firm grip on this match,kick_off,0.5159
2011.5,2016.5,ireland have a firm grip on this match and an even firmer one on top spots in rugby world cup pool b,kick_off,0.5159
2016.0,2021.0,and an even firmer one on top spots in rugby world cup pool b which would set up a mouth watering quarter final against the all blacks,kick_off,0.5159
2020.5,2025.5,which would set up a mouth watering quarter final against the all blacks ollie smith scotland have time but they have fired so few meaningful shots at this irish defence as yet,normal_play,0.0054
2025.0,2030.0,scotland have time but they have fired so few meaningful shots at this irish defence as yet,normal_play,0.0054
2029.5,2034.5,scotland have time but they have fired so few meaningful shots at this irish defence as yet will that go forwards thats come off a green hand no it didnt say the referees,normal_play,0.0054
2034.0,2039.0,thats come off a green hand no it didnt say the referees its about nothing clear xander fegerson flung onto by ty gurn,normal_play,0.0054
2038.5,2043.5,flung onto by ty gurn pitching great hes in the water,normal_play,0.0054
2043.0,2048.0,pitching great hes in the water his father tuifohe will be watching back in melbourne with his little brother davi,normal_play,0.0054
2047.5,2052.5,his father tuifohe will be watching back in melbourne with his little brother davi pride rugby family the tuikolotus,normal_play,0.0054
2052.0,2057.0,pride rugby family the tuikolotus his little brother mosece with the warrataj in australia russell inside too farnham ervyn,normal_play,0.0054
2056.5,2061.5,russell inside too farnham ervyn and ireland hold him up farnham ervyn manages to free a big arm and hit russell,normal_play,0.0054
2061.0,2066.0,farnham ervyn manages to free a big arm and hit russell jones what a tackle by ndiaki,normal_play,0.0054
2065.5,2070.5,jones what a tackle by ndiaki jones clears it away in the nick of time schumann a lot of men outside him,normal_play,0.0054
2070.0,2075.0,schumann a lot of men outside him schumann takes the more industrial approach,normal_play,0.0054
2074.5,2079.5,russell gail crist dips his enormous shoulders into cailan doris,normal_play,0.0054
2079.0,2084.0,russell gail crist dips his enormous shoulders into cailan doris again scotland building phases and pressure but once more this fabulous ireland defence,normal_play,0.0054
2083.5,2088.5,again scotland building phases and pressure but once more this fabulous ireland defence holding firm,penalty,0.4581
2088.0,2093.0,holding firm russell side ball jones again marauding ireland over the ball,penalty,0.4581
2092.5,2097.5,ireland over the ball ireland win the penalty,penalty,0.4581
2097.0,2102.0,look at andrew porter another one side on the ball,penalty,0.4581
2101.5,2106.5,another one side on the ball 120 kilo boulder wedging himself over that ball,penalty,0.4581
2106.0,2111.0,120 kilo boulder wedging himself over that ball karathriss how do you move this man,normal_play,0.0054
2110.5,2115.5,karathriss how do you move this man well fantastic tackle and look what it means to him this is what team defence is all about doing your job and when the opportunity presents,normal_play,0.0054
2115.0,2120.0,well fantastic tackle and look what it means to him this is what team defence is all about doing your job and when the opportunity presents,normal_play,0.0054
2119.5,2124.5,this is what team defence is all about doing your job and when the opportunity presents as it did there because the scottish player was isolated you do your work you win the penalty and the team advances down the field,normal_play,0.0054
2124.0,2129.0,you do your work you win the penalty and the team advances down the field through the right boot of your captain,normal_play,0.0054
2128.5,2133.5,through the right boot of your captain ireland winning every battle that matters,normal_play,0.0054
2133.0,2138.0,ireland winning every battle that matters,normal_play,0.0054
2137.5,2142.5,jamie we talked about it rob interesting to see if you picked up any vibes down there but the problem with being down two scores is that scotland now have to actually start to chase the game,normal_play,0.0054
2142.0,2147.0,jamie we talked about it rob interesting to see if you picked up any vibes down there but the problem with being down two scores is that scotland now have to actually start to chase the game,normal_play,0.0054
2146.5,2151.5,but the problem with being down two scores is that scotland now have to actually start to chase the game they get out of their own game plan they know they need at least a score in this half,normal_play,0.0054
2151.0,2156.0,they know they need at least a score in this half and ireland are supremely good at maintaining the lead,normal_play,0.0054
2155.5,2160.5,and ireland are supremely good at maintaining the lead they dont often give it up thats their stronghold thats what they look to do it just looks as though theyre playing with a different level of intensity,lineout,0.3568
2160.0,2165.0,it just looks as though theyre playing with a different level of intensity both with and without the ball at the moment,lineout,0.3568
2164.5,2169.5,once more puker omahony the centurion claims the ball,lineout,0.3568
2169.0,2174.0,once more puker omahony the centurion claims the ball and sheen its lifted up by george turner,lineout,0.3568
2173.5,2178.5,and sheen its lifted up by george turner bit of hooker on hooker tete a tete and now three,lineout,0.3568
2178.0,2183.0,bit of hooker on hooker tete a tete and now three fours just here four just here just open up if you can thank you just keep your arm there,normal_play,0.0054
2182.5,2187.5,just open up if you can thank you just keep your arm there gibson park the motion addicted out from everything mighty fame of xander faberson,normal_play,0.0054
2187.0,2192.0,gibson park the motion addicted out from everything mighty fame of xander faberson ireland change direction gibson park for stuart mccloskey,normal_play,0.0054
2191.5,2196.5,ireland change direction gibson park for stuart mccloskey who takes some stopping hes a huge man gibson park the one two is johnny sexton,normal_play,0.0054
2196.0,2201.0,who takes some stopping hes a huge man gibson park the one two is johnny sexton a little irish sprite the pace setter,normal_play,0.0054
2200.5,2205.5,a little irish sprite the pace setter moves ireland deeper and deeper into the scottish 22,normal_play,0.0054
2205.0,2210.0,moves ireland deeper and deeper into the scottish 22 third try for ireland could be terminal for the scots even at this stage in proceedings,normal_play,0.0054
2209.5,2214.5,third try for ireland could be terminal for the scots even at this stage in proceedings,normal_play,0.0054
2214.0,2219.0,gibson park away kygburn the munsterman caught on the five metre line,normal_play,0.0054
2218.5,2223.5,the munsterman caught on the five metre line gibson park cailan doris theyve got an overlap down the left,normal_play,0.0054
2223.0,2228.0,gibson park cailan doris theyve got an overlap down the left shuman holds up doris then has to let him go,normal_play,0.0054
2227.5,2232.5,shuman holds up doris then has to let him go ireland so close to an all important third score,try,1.0
2232.0,2237.0,ireland so close to an all important third score irish fruit wedged on scottish throats,try,1.0
2236.5,2241.5,irish fruit wedged on scottish throats gibson park dummies of darts,try,1.0
2241.0,2246.0,gibson park dummies of darts cotchs shorts irelands at the penalty advantage,try,1.0
2245.5,2250.5,cotchs shorts irelands at the penalty advantage ireland can smell scottish blood and theyre in again,try,1.0
2250.0,2255.0,ireland can smell scottish blood and theyre in again,try,0.7663
2254.5,2259.5,this is emerald supremacy,try,1.0
2259.0,2264.0,this is emerald supremacy and its ian henderson who batters through,normal_play,0.0054
2263.5,2268.5,and its ian henderson who batters through this faltering failing scottish defence,normal_play,0.0054
2268.0,2273.0,this faltering failing scottish defence and theyre almost out of sight,normal_play,0.0054
2272.5,2277.5,and theyre almost out of sight well the man with two world cups under his belt gets the try in the end but to a man every green jersey is firing into rocks recognising the need,normal_play,0.0054
2277.0,2282.0,well the man with two world cups under his belt gets the try in the end but to a man every green jersey is firing into rocks recognising the need,normal_play,0.0054
2281.5,2286.5,but to a man every green jersey is firing into rocks recognising the need look the scrimmage gets isolated and the boys are piling in making sure they can win that rock unselfish play,goal_kick,0.8688
2286.0,2291.0,making sure they can win that rock unselfish play then it comes to henderson,goal_kick,0.8688
2290.5,2295.5,then it comes to henderson just real intensity being applied at all the right moments by the irish,goal_kick,0.8688
2295.0,2300.0,just real intensity being applied at all the right moments by the irish,goal_kick,0.8688
2299.5,2304.5,ireland score 22 points against scotland in march theyre almost up to that tally,goal_kick,0.8688
2304.0,2309.0,theyre almost up to that tally its seven and a half minutes of this first 40 left,goal_kick,0.8688
2308.5,2313.5,its seven and a half minutes of this first 40 left,goal_kick,0.7178
2317.5,2322.5,johnny sexton slots the extras and ireland can practically chase the quarter finals,goal_kick,0.5809
2322.0,2327.0,johnny sexton slots the extras and ireland can practically chase the quarter finals,goal_kick,0.5809
2326.5,2331.5,well for me its when gibson park has a go at the line the boys get there henderson wisely ducks under the scottish tackle and reaches out,normal_play,0.0054
2331.0,2336.0,well for me its when gibson park has a go at the line the boys get there henderson wisely ducks under the scottish tackle and reaches out and so much to cheer about for these fans in the first 30 minutes here,normal_play,0.0054
2335.5,2340.5,and so much to cheer about for these fans in the first 30 minutes here,kick_off,0.4228
2340.0,2345.0,brilliant shots coming in from our many many talented camera operators around the ground,kick_off,0.4228
2344.5,2349.5,brilliant shots coming in from our many many talented camera operators around the ground capturing the emotion the contrast irish arms in the air scottish backsides glued to the seats,kick_off,0.4228
2349.0,2354.0,capturing the emotion the contrast irish arms in the air scottish backsides glued to the seats,kick_off,0.4228
2353.5,2358.5,irish arms in the air scottish backsides glued to the seats johnny sexton camera away,kick_off,0.4228
2358.0,2363.0,johnny sexton camera away finn russell wants to play,normal_play,0.0054
2362.5,2367.5,finn russell wants to play scotland already need a miracle oliver smith stepping through the middle,normal_play,0.0054
2367.0,2372.0,oliver smith stepping through the middle,normal_play,0.0054
2371.5,2376.5,bryce which is really on the side to pierre schumann call him the sheriff of the scottish camp,normal_play,0.0054
2376.0,2381.0,call him the sheriff of the scottish camp hes in charge of dishing out the punishments and the fines but leightoness seems to be wearing the wrong kit,normal_play,0.0054
2380.5,2385.5,but leightoness seems to be wearing the wrong kit tackle down matt faberson running down a blind alley try to find a chink of light,normal_play,0.0054
2385.0,2390.0,matt faberson running down a blind alley try to find a chink of light but all scotland are facing is green,normal_play,0.0054
2389.5,2394.5,but all scotland are facing is green,normal_play,0.0054
2394.0,2399.0,chris releasing through kaloutu steps and then cant find hugh jones,normal_play,0.0054
2398.5,2403.5,chris releasing through kaloutu steps and then cant find hugh jones but cries of obstruction from ireland not feeded by nick berry,normal_play,0.0054
2403.0,2408.0,but cries of obstruction from ireland not feeded by nick berry richie gray the glasgow lighthouse,penalty,0.3271
2407.5,2412.5,richie gray the glasgow lighthouse neck roll blue seven neck roll blue seven scotland will have a penalty here because loli darge with illegal clearance,penalty,0.3271
2412.0,2417.0,scotland will have a penalty here because loli darge with illegal clearance,penalty,0.3271
2416.5,2421.5,theres a neck roll by blue seven and a previous rock,penalty,0.3271
2421.0,2426.0,theres a neck roll by blue seven and a previous rock that was the voice of brett cronin the australian television match official,normal_play,0.0054
2425.5,2430.5,that was the voice of brett cronin the australian television match official who came in not only to your broadcast here but also to referee nick berry,normal_play,0.0054
2430.0,2435.0,who came in not only to your broadcast here but also to referee nick berry letting you know there was a neck roll which is a clean out technique,normal_play,0.0054
2434.5,2439.5,letting you know there was a neck roll which is a clean out technique thats no longer allowed to the scots in trying to secure possession,normal_play,0.0054
2439.0,2444.0,thats no longer allowed to the scots in trying to secure possession of the neck roll just roll here and see if we got it from our cue yeah there it is you cant pull from the shoulder,normal_play,0.0054
2443.5,2448.5,yeah there it is you cant pull from the shoulder i think its andrew porter again being the pest in there getting rolled out,normal_play,0.0054
2448.0,2453.0,i think its andrew porter again being the pest in there getting rolled out,normal_play,0.0054
2452.5,2457.5,hes had a big first half well that answers our question how do you shift andrew porter you have to do it illegally sometimes,normal_play,0.0054
2457.0,2462.0,how do you shift andrew porter you have to do it illegally sometimes its a good spot by brett cronin our television match official,normal_play,0.0054
2461.5,2466.5,its a good spot by brett cronin our television match official he does perform that roll hell feed in little bits of insight and information to nick berry,normal_play,0.0054
2466.0,2471.0,hell feed in little bits of insight and information to nick berry the officials on the pitch are running the touchline havent seen,normal_play,0.0054
2470.5,2475.5,the officials on the pitch are running the touchline havent seen,lineout,0.2017
2475.0,2480.0,what will gregor townsend be thinking hes got to somehow rouse his troops at half time,lineout,0.2017
2479.5,2484.5,hes got to somehow rouse his troops at half time into some kind of revival,lineout,0.2017
2484.0,2489.0,into some kind of revival things could yet get worse,lineout,0.2017
2488.5,2493.5,theyre going forward they still miss side more,maul,0.4379
2493.0,2498.0,theyre going forward they still miss side more and slowly deliberately,maul,0.5137
2497.5,2502.5,painfully marching scotland backwards and backwards again,maul,0.4753
2502.0,2507.0,painfully marching scotland backwards and backwards again theyve got a penalty advantage as well dan sheehan breaks off hits gibson park,maul,0.4753
2506.5,2511.5,dan sheehan breaks off hits gibson park this is relentless irish attack van der vleer porter,normal_play,0.0054
2511.0,2516.0,this is relentless irish attack van der vleer porter on the line on the line they hold them up a metre out but ireland come again,penalty,0.6128
2515.5,2520.5,they hold them up a metre out but ireland come again ireland always come again come around there its the same old,penalty,0.6128
2520.0,2525.0,ireland always come again come around there its the same old george turners mall infringements,penalty,0.6128
2524.5,2529.5,george turners mall infringements no hes come around well give him another shot its the same mall so hes got to join from behind those folks,penalty,0.6128
2529.0,2534.0,its the same mall so hes got to join from behind those folks thats what i saw i cant im not going to have an argument about it,normal_play,0.0054
2533.5,2538.5,thats what i saw i cant im not going to have an argument about it five penalty now considered by the scots yeah i didnt see it like that,normal_play,0.0054
2538.0,2543.0,yeah i didnt see it like that,normal_play,0.0054
2542.5,2547.5,so difference of opinion there finn russell acting as the captain,normal_play,0.0054
2547.0,2552.0,so difference of opinion there finn russell acting as the captain the lone voice to be able to have a discussion with nick berry,normal_play,0.0054
2551.5,2556.5,the lone voice to be able to have a discussion with nick berry the hubbard the irish team theyre not getting attached so keep your eyes open,normal_play,0.0054
2556.0,2561.0,theyre not getting attached so keep your eyes open irish pack throw down the gauntlet,normal_play,0.0054
2560.5,2565.5,irish pack throw down the gauntlet dan sheehan tucks and trundles porter change of direction,normal_play,0.0054
2565.0,2570.0,dan sheehan tucks and trundles porter change of direction and poor old nick berry has run the most convincing of w lines,normal_play,0.0054
2569.5,2574.5,and poor old nick berry has run the most convincing of w lines nick youve ruined it mate,normal_play,0.0054
2574.0,2579.0,nick youve ruined it mate come on a former professional strongman,normal_play,0.0054
2578.5,2583.5,come on a former professional strongman youve got to anticipate that pass mr berry well thats how good the deception was,normal_play,0.0054
2583.0,2588.0,youve got to anticipate that pass mr berry well thats how good the deception was five of them on the move and berrys the only one who could stop them,normal_play,0.0054
2587.5,2592.5,five of them on the move and berrys the only one who could stop them that is pretty much a try,normal_play,0.0054
2592.0,2597.0,well the irony of this from a scottish point of view is that nick berry has made the most telling try saving intervention,normal_play,0.0054
2596.5,2601.5,well the irony of this from a scottish point of view is that nick berry has made the most telling try saving intervention wow they were looking good there,normal_play,0.0054
2601.0,2606.0,wow they were looking good there but jamie how about the diversity of threats this team holds theyve done it through driving line out theyre off a set piece move,scrum,0.415
2605.5,2610.5,theyve done it through driving line out theyre off a set piece move the backs have carved open an open play and off set piece,scrum,0.415
2610.0,2615.0,the backs have carved open an open play and off set piece this has been fairly comprehensive with two and a half minutes to go,scrum,0.415
2614.5,2619.5,this has been fairly comprehensive with two and a half minutes to go theyve pretty much done it in every way possible,scrum,0.415
2623.5,2628.5,and the sway of the green,scrum,0.415
2628.0,2633.0,scotland and fringe again second strong penalty conceded by scotland,normal_play,0.0054
2632.5,2637.5,second strong penalty conceded by scotland walking round blue sixth penalty in total yeah and they deemed that they were walking around,normal_play,0.0054
2637.0,2642.0,sixth penalty in total yeah and they deemed that they were walking around scotland cant pull that scrum around to the side,normal_play,0.0054
2641.5,2646.5,scotland cant pull that scrum around to the side see as the scrum sits here great shot from the cable cam,normal_play,0.0054
2646.0,2651.0,see as the scrum sits here great shot from the cable cam as they walk it around and pulled it around said the referee,normal_play,0.0054
2650.5,2655.5,as they walk it around and pulled it around said the referee now gibson park try to keep it alive playing advantage theyre going again,normal_play,0.0054
2655.0,2660.0,theyre going again ireland assemble their monsters for another mighty raid on the scottish line,normal_play,0.0054
2659.5,2664.5,ireland assemble their monsters for another mighty raid on the scottish line,normal_play,0.0054
2664.0,2669.0,ireland assemble their monsters for another mighty raid on the scottish line porter feeds it out short on the line,normal_play,0.0054
2668.5,2673.5,short on the line ireland inches away from a bonus point try by advantage blue offside,try,1.0
2673.0,2678.0,by advantage blue offside scotland offside ireland have the penalty should they need it,try,1.0
2677.5,2682.5,scotland offside ireland have the penalty should they need it johnny sexton flings it wide kierans away can he catch him now they catch,try,1.0
2682.0,2687.0,johnny sexton flings it wide kierans away can he catch him now they catch,try,1.0
2686.5,2691.5,ireland a see right towards the knockout rounds,try,1.0
2691.0,2696.0,ireland a see right towards the knockout rounds this is a first half annihilation by the men in green,normal_play,0.0054
2695.5,2700.5,this is a first half annihilation by the men in green,normal_play,0.0054
2700.0,2705.0,this is a first half annihilation by the men in green wow they hit away at the line,normal_play,0.0054
2704.5,2709.5,wow they hit away at the line they ship it wide johnny sexton a little bit of hesitation but great take from kieran,normal_play,0.0054
2709.0,2714.0,johnny sexton a little bit of hesitation but great take from kieran maybe some question whether he got it down,normal_play,0.0054
2713.5,2718.5,maybe some question whether he got it down johnny sexton realize he was unmarked good finish here getting his body low,normal_play,0.0054
2718.0,2723.0,good finish here getting his body low does he get the ball down he bounces once,normal_play,0.0054
2722.5,2727.5,going to be interesting i wonder if the television artificial may have a second look there,normal_play,0.0054
2727.0,2732.0,going to be interesting i wonder if the television artificial may have a second look there looks like kieran just slid over and got the ball to the line,normal_play,0.0054
2731.5,2736.5,looks like kieran just slid over and got the ball to the line ireland with the bonus point try,normal_play,0.0054
2736.0,2741.0,ireland with the bonus point try that means scotland too,normal_play,0.0054
2740.5,2745.5,try to take the bonus points,normal_play,0.0054
2745.0,2750.0,try to take the bonus points that seems very very fateful right now,goal_kick,0.8688
2749.5,2754.5,that seems very very fateful right now game clock has got 39 40 to go its 39 40 gone,goal_kick,0.8688
2754.0,2759.0,its 39 40 gone,goal_kick,0.8688
2758.5,2763.5,2016 he wipes the sweat from his brown,goal_kick,0.8688
2763.0,2768.0,2016 he wipes the sweat from his brown,goal_kick,0.862
2767.5,2772.5,takes all of his 60 seconds hes kicked it before the clock is up,goal_kick,0.862
2772.0,2777.0,hes kicked it before the clock is up and rattles it between the posts ireland 26,goal_kick,0.862
2776.5,2781.5,ireland 26 scotland 0,goal_kick,0.8688
2785.5,2790.5,and this is what the current score means for rugby world cup pool b,normal_play,0.0054
2790.0,2795.0,and this is what the current score means for rugby world cup pool b ireland at the moment recording a bonus point victory they move from 14 points to 19,kick_off,0.3685
2794.5,2799.5,they move from 14 points to 19 from second place to first and set up a quarter final against the all blacks,kick_off,0.3685
2799.0,2804.0,from second place to first and set up a quarter final against the all blacks in south africa in second facing france,kick_off,0.3685
2803.5,2808.5,in south africa in second facing france it almost feels like the job is done for ireland,kick_off,0.3685
2808.0,2813.0,it almost feels like the job is done for ireland well the springboks analysis team have got an extra 40 minutes i think,normal_play,0.0054
2812.5,2817.5,well the springboks analysis team have got an extra 40 minutes i think to work on preparing for their quarter final,normal_play,0.0054
2817.0,2822.0,to work on preparing for their quarter final,normal_play,0.0054
2821.5,2826.5,this was billed as a clash for the ages right now its one way traffic,normal_play,0.0054
2826.0,2831.0,right now its one way traffic just a remarkable step out of the gates in behind him,kick_off,0.5159
2830.5,2835.5,just a remarkable step out of the gates in behind him tim russell with the short and restarts,kick_off,0.5159
2835.0,2840.0,tim russell with the short and restarts picks the second half underway,kick_off,0.5159
2839.5,2844.5,picks the second half underway and mission improbable for scotland looks very much like mission impossible,kick_off,0.5159
2844.0,2849.0,looks very much like mission impossible hugh jones try to score over west island back in march,normal_play,0.0054
2848.5,2853.5,try to score over west island back in march pierre schumann ireland heading for a ninth win in a row over scotland,normal_play,0.0054
2853.0,2858.0,ireland heading for a ninth win in a row over scotland theyve played 30 times since the turn of the millennium,normal_play,0.0054
2857.5,2862.5,theyve played 30 times since the turn of the millennium ireland have won 24 of those matches richard gray one of only four scots in the team,normal_play,0.0054
2862.0,2867.0,richard gray one of only four scots in the team to have tasted victory against ireland,normal_play,0.0054
2866.5,2871.5,to have tasted victory against ireland the last time that happened was 2017 under vern cotters aegis as head coach,normal_play,0.0054
2871.0,2876.0,under vern cotters aegis as head coach bryce,normal_play,0.0054
2875.5,2880.5,bryce matt fagerson takes the way from big brother xander who came on early in the first half for jamie ritchie,normal_play,0.0054
2880.0,2885.0,who came on early in the first half for jamie ritchie the captains stricken and invalidated out of this match,normal_play,0.0054
2884.5,2889.5,the captains stricken and invalidated out of this match dempsey hardly been seen as scotlands primary ball carrier,normal_play,0.0054
2889.0,2894.0,hardly been seen as scotlands primary ball carrier xander fagerson again,normal_play,0.0054
2893.5,2898.5,xander fagerson again scotland saw plenty of possession in the first half a lot of it in this middle third,normal_play,0.0054
2898.0,2903.0,a lot of it in this middle third were unable to escape the clutches,normal_play,0.0054
2902.5,2907.5,the tendrils of this far reaching long lasting irish defence,normal_play,0.0054
2907.0,2912.0,long lasting irish defence darcy graham even he cant unshackle himself,normal_play,0.0054
2911.5,2916.5,even he cant unshackle himself eleven phases now for the scots,normal_play,0.0054
2916.0,2921.0,eleven phases now for the scots russell sees a gap flings it away to gilchrist,normal_play,0.0054
2920.5,2925.5,flings it away to gilchrist and theres johnny dupouloutou jack dempsey again onto duran fandemerba just the second touch of the game,normal_play,0.0054
2925.0,2930.0,onto duran fandemerba just the second touch of the game in the forty second minute,normal_play,0.0054
2929.5,2934.5,the reds have kept him as quiet as a mouse,normal_play,0.0054
2934.0,2939.0,russell lashed the crossfield away to darcy graham,normal_play,0.0054
2938.5,2943.5,lashed the crossfield away to darcy graham he took it well but he was in touch,normal_play,0.0054
2943.0,2948.0,he took it well but he was in touch and even the innovation the trick plays are not coming off for scotland,normal_play,0.0054
2947.5,2952.5,are not coming off for scotland johnny johnny sexton fuming that he was tripped up off the ball,normal_play,0.0054
2952.0,2957.0,and the tempers you suspect will fray in the scottish team,normal_play,0.0054
2956.5,2961.5,and the tempers you suspect will fray in the scottish team theyve been given a battering of the rugby peter schumann might win the wrestling match,normal_play,0.0054
2961.0,2966.0,theyve been given a battering of the rugby peter schumann might win the wrestling match,normal_play,0.0054
2970.0,2975.0,two proud nations youd expect them to stand out for themselves,normal_play,0.0054
2974.5,2979.5,two proud nations youd expect them to stand out for themselves actually when texans one of the players,normal_play,0.0054
2979.0,2984.0,nick berry has referred it up to the team he says were going to have to check this,normal_play,0.0054
2983.5,2988.5,he says were going to have to check this its just a referee wayne barnes is right in there amongst it,normal_play,0.0054
2988.0,2993.0,well johnny johnny sexton felt he was tripped off the ball after darcy graham was caught in touch,normal_play,0.0054
2992.5,2997.5,after darcy graham was caught in touch its kicking off again,normal_play,0.0054
2997.0,3002.0,its like chucking out time in the bastille region theres really not much here but in this cauldron that weve created here,normal_play,0.0054
3001.5,3006.5,theres really not much here but in this cauldron that weve created here this incredible atmosphere every push every stumble,normal_play,0.0054
3006.0,3011.0,this incredible atmosphere every push every stumble and when that man omani is involved,normal_play,0.0054
3010.5,3015.5,hes trying to get the players to break up here why not if youre scotland,normal_play,0.0054
3015.0,3020.0,hes trying to get the players to break up here why not if youre scotland why not change the dynamic mix it up,normal_play,0.0054
3019.5,3024.5,mix it up youve got to do something peter omani never takes a backwards step and hes not about to start in this one under the test match,normal_play,0.0054
3024.0,3029.0,and hes not about to start in this one under the test match thats what starts all this way just take him back and pull everyone down,normal_play,0.0054
3028.5,3033.5,just take him back and pull everyone down and its now 23 blue okay greg well just give him a chance to pull down mate so its the trip from ollie smith,normal_play,0.0054
3033.0,3038.0,okay greg well just give him a chance to pull down mate so its the trip from ollie smith do you want to show us what that was yeah sure,tmo_replay,0.85
3037.5,3042.5,yeah sure so the first thing that happens is 23 blue puts his leg out and trips green 10 green 10 has a retaliation to him with a push,tmo_replay,0.85
3042.0,3047.0,green 10 has a retaliation to him with a push and 3 blue comes in and flares everything up so that is whats happened,tmo_replay,0.85
3046.5,3051.5,so that is whats happened ill call it a day ill call it a day and its been a fantastic game,tmo_replay,0.85
3051.0,3056.0,and its been a fantastic game its been a fantastic game and its been a fantastic game so that is whats happened i can show you a replay of it now,tmo_replay,0.85
3055.5,3060.5,i can show you a replay of it now were going to have a look ollie smith has come on as a sub its deemed to have tripped,tmo_replay,0.85
3060.0,3065.0,its deemed to have tripped the irish captain johnny johnny sexton and then it all sort of kicks off from there,tmo_replay,0.85
3064.5,3069.5,and then it all sort of kicks off from there okay your first camera angle is going to come now nick so its after dyson green kicks the ball in,tmo_replay,0.85
3069.0,3074.0,so its after dyson green kicks the ball in theres ollie smith the yellow card in football so thats the first action,tmo_replay,0.85
3073.5,3078.5,so thats the first action thats number 23 blue that puts his foot out for 10 green yep,tmo_replay,0.85
3078.0,3083.0,yep,tmo_replay,0.5732
3082.5,3087.5,and the second player in there from scotland is number 3 blue,tmo_replay,0.5732
3087.0,3092.0,and the second player in there from scotland is number 3 blue,tmo_replay,0.6475
3091.5,3096.5,its not number 3 blue thats sandra fegerson whos very slowly making his move,tmo_replay,0.6475
3096.0,3101.0,thats sandra fegerson whos very slowly making his move number 3 blue is the first guy that comes in but there are plenty of blue jerseys,tmo_replay,0.6475
3100.5,3105.5,but there are plenty of blue jerseys and then ive reviewed everything else after that and theres nothing else to look at,tmo_replay,0.6475
3105.0,3110.0,yeah,tmo_replay,0.85
3109.5,3114.5,yeah this is the initial action that started it nick,tmo_replay,0.85
3114.0,3119.0,this is the initial action that started it nick yeah mate its taken exception to the trip,tmo_replay,0.85
3118.5,3123.5,its taken exception to the trip yeah thats fine johnny okay youre going to come back on screen now nick,tmo_replay,0.85
3123.0,3128.0,johnny okay youre going to come back on screen now nick yeah thanks mate so what started it all is hes taken exception to the trip,tmo_replay,0.85
3127.5,3132.5,so what started it all is hes taken exception to the trip okay so thats what started the whole thing i didnt need what everything else happened afterwards,tmo_replay,0.85
3132.0,3137.0,so thats what started the whole thing i didnt need what everything else happened afterwards okay all the push and shove so 23 blue is going to go to the bend,tmo_replay,0.85
3136.5,3141.5,so 23 blue is going to go to the bend he was the one who started it for the trip okay but talk to the guys we dont want everyone coming in,tmo_replay,0.85
3141.0,3146.0,okay but talk to the guys we dont want everyone coming in okay weve still got 35 minutes of foot in play thanks alright so 23 blues going to the bend,card_event,1.0
3145.5,3150.5,alright so 23 blues going to the bend wow,card_event,1.0
3150.0,3155.0,things go from bad to worse for the scots,card_event,1.0
3154.5,3159.5,ollysmiths act of petulance punished with a yellow card hes off to the naughty step,card_event,1.0
3159.0,3164.0,punished with a yellow card hes off to the naughty step i dont know if i can agree with that its obviously not something you want to see in the game,card_event,1.0
3163.5,3168.5,its obviously not something you want to see in the game its a penalty definitely how this is a yellow card i dont know,card_event,1.0
3168.0,3173.0,its a penalty definitely how this is a yellow card i dont know yeah,normal_play,0.0054
3172.5,3177.5,alright ill try mine this is when it got a bit more tasty,normal_play,0.0054
3177.0,3182.0,this is when it got a bit more tasty a bit more wwf over there rob right in front of you,normal_play,0.0054
3181.5,3186.5,right in front of you it was right in front of me triple h and the rock wasnt it it was my earthquake and typhoon with those guys,normal_play,0.0054
3186.0,3191.0,triple h and the rock wasnt it it was my earthquake and typhoon with those guys it was my earthquake and typhoon with those two,normal_play,0.0054
3190.5,3195.5,it was my earthquake and typhoon with those two well thats the first yellow card scotland have had in this world cup that disciplines been great can you please stay with your front,normal_play,0.0054
3195.0,3200.0,that disciplines been great can you please stay with your front youve been crowding a little bit just stay with your front seven penalty now conceded by the scots,lineout,0.2434
3199.5,3204.5,seven penalty now conceded by the scots and a yellow card to boot and ireland will lap this up,lineout,0.2434
3204.0,3209.0,and ireland will lap this up they look to continue their dominance,lineout,0.2434
3208.5,3213.5,they look to continue their dominance that sheen nick berry almost getting in the way of the rampaging hooker,lineout,0.2434
3213.0,3218.0,nick berry almost getting in the way of the rampaging hooker morrie inside tag burn bundy bundee aki blasting into the 22,normal_play,0.0054
3217.5,3222.5,bundy bundee aki blasting into the 22 ireland attacking the 14 men of scotland,normal_play,0.0054
3222.0,3227.0,ireland attacking the 14 men of scotland johnny sexton sliding away from turners tackle tackle now open up,normal_play,0.0054
3226.5,3231.5,tackle now open up cornemarie whos on at scrum half into ian henderson,normal_play,0.0054
3231.0,3236.0,cornemarie whos on at scrum half into ian henderson tackle release no no no,normal_play,0.0054
3235.5,3240.5,no no no morrie funnily johnny johnny sexton,normal_play,0.0054
3240.0,3245.0,funnily johnny johnny sexton keen in the line hunting the hat trick right they go heres trouble,normal_play,0.0054
3244.5,3249.5,heres trouble this is gibson park darcy graham cuts down the scrum half masquerading as a winger,try,1.0
3249.0,3254.0,darcy graham cuts down the scrum half masquerading as a winger,try,1.0
3253.5,3258.5,scrain foot morrie gary rynrose johnny sexton standing deep,try,1.0
3258.0,3263.0,gary rynrose johnny sexton standing deep ireland menacing again gibson park injecting the pace sheens on the wing,try,1.0
3262.5,3267.5,sheens on the wing sheens in for the try,try,1.0
3271.5,3276.5,there is no let up theres no respite,try,1.0
3276.0,3281.0,theres no respite there is no mercy from ireland,try,1.0
3280.5,3285.5,ben jinn gets the try,try,1.0
3285.0,3290.0,ben jinn gets the try the hooker held the whip watch the work wave from jameson gibson park,normal_play,0.0054
3289.5,3294.5,watch the work wave from jameson gibson park this is a classic in timing,normal_play,0.0054
3294.0,3299.0,this is a classic in timing the lines angles are excellent this one goes wide gibson park steps infield keeps the play alive,normal_play,0.0054
3298.5,3303.5,gibson park steps infield keeps the play alive does well lots of support out there then he pops up,normal_play,0.0054
3303.0,3308.0,lots of support out there then he pops up and watch as nine moves into the space hes moving now he keeps going,normal_play,0.0054
3307.5,3312.5,he keeps going and then the final pass is his to give to his hooker who stretched the scottish defence we only have 14 on the park,normal_play,0.0054
3312.0,3317.0,and then the final pass is his to give to his hooker who stretched the scottish defence we only have 14 on the park,normal_play,0.0054
3316.5,3321.5,trys all clear how important gareth was the speed of ball that ireland generated there they thrive off that quick rock recycling,normal_play,0.0054
3321.0,3326.0,how important gareth was the speed of ball that ireland generated there they thrive off that quick rock recycling weve got this incredible stat that the irish despite their dominance have only got four offload,goal_kick,0.8688
3325.5,3330.5,weve got this incredible stat that the irish despite their dominance have only got four offload and thats because theyre passing before they engage the tackler,goal_kick,0.8688
3330.0,3335.0,and thats because theyre passing before they engage the tackler so their timing and their lines of run are just literally very very very good,goal_kick,0.8688
3334.5,3339.5,so their timing and their lines of run are just literally very very very good and its unstoppable right now,goal_kick,0.8688
3339.0,3344.0,and its unstoppable right now,goal_kick,0.8688
3348.0,3353.0,thank you johnny sexton pulls this one just wide to the left,goal_kick,0.8688
3352.5,3357.5,johnny sexton pulls this one just wide to the left 31 0 ireland leads,goal_kick,0.8688
3357.0,3362.0,the scottish defence looking fractured because its all about speed of ball you mentioned it but 70 of the speed for ireland is less than three seconds,goal_kick,0.8688
3361.5,3366.5,you mentioned it but 70 of the speed for ireland is less than three seconds that goes up to 78 in the oppositions 22 flat this tournament,goal_kick,0.8688
3366.0,3371.0,that goes up to 78 in the oppositions 22 flat this tournament,normal_play,0.0054
3370.5,3375.5,and that man curates most of it,kick_off,0.5159
3375.0,3380.0,ireland have decided they can do without johnny johnny sexton for the last 35 minutes,kick_off,0.5159
3379.5,3384.5,ireland have decided they can do without johnny johnny sexton for the last 35 minutes the captain the totem withdrawn,kick_off,0.5159
3384.0,3389.0,ireland have decided they can do without johnny johnny sexton for the last 35 minutes the captain the totem withdrawn jack crowley the young man from munster on in his stead,kick_off,0.5159
3388.5,3393.5,jack crowley the young man from munster on in his stead what an ovation the great man has received,normal_play,0.0054
3393.0,3398.0,what an ovation the great man has received his job is done for the evening,normal_play,0.0054
3397.5,3402.5,so too virtually as irelands what a luxury for head coach andy farrell to take his 38 year old talisman off the park and put him in cotton wool,normal_play,0.0054
3402.0,3407.0,what a luxury for head coach andy farrell to take his 38 year old talisman off the park and put him in cotton wool,normal_play,0.0054
3406.5,3411.5,what a luxury for head coach andy farrell to take his 38 year old talisman off the park and put him in cotton wool the bubble wrapping johnny sexton on the bench,normal_play,0.0054
3411.0,3416.0,the bubble wrapping johnny sexton on the bench she has bigger challenges ahead of him in this rugby world cup,normal_play,0.0054
3415.5,3420.5,she has bigger challenges ahead of him in this rugby world cup a date with the all blacks in the quarterfinals next weekend looms for ireland,normal_play,0.0054
3420.0,3425.0,a date with the all blacks in the quarterfinals next weekend looms for ireland no hes missed it,normal_play,0.0054
3424.5,3429.5,hes got to have scored 19 try in this rugby world cup but with trialus against south africa,normal_play,0.0054
3429.0,3434.0,hes got to have scored 19 try in this rugby world cup but with trialus against south africa scoreless thus far in close to 50 minutes against the irish juggernaut,normal_play,0.0054
3433.5,3438.5,scoreless thus far in close to 50 minutes against the irish juggernaut scott cummings whos just come on for grant gilchrist in the second row carries,normal_play,0.0054
3438.0,3443.0,scott cummings whos just come on for grant gilchrist in the second row carries schumann russell,normal_play,0.0054
3442.5,3447.5,schumann russell russell theres richie gray six foot ten inches over two meters tall,normal_play,0.0054
3447.0,3452.0,six foot ten inches over two meters tall stay there,normal_play,0.0054
3451.5,3456.5,russell sionekepulotu facing mpakee introducing darcy graham,normal_play,0.0054
3456.0,3461.0,russell sionekepulotu facing mpakee introducing darcy graham price schumann again carries into heavy traffic,normal_play,0.0054
3460.5,3465.5,price schumann again carries into heavy traffic faster ball for scotland russell heres hugh jones running the arc,normal_play,0.0054
3465.0,3470.0,russell heres hugh jones running the arc richie gray with him jones good handling but when its knocked down by doan fundimereva who couldnt hold on,normal_play,0.0054
3469.5,3474.5,jones good handling but when its knocked down by doan fundimereva who couldnt hold on and tye ferlong is lulloping out of a desperate scottish challenge,normal_play,0.0054
3474.0,3479.0,and tye ferlong is lulloping out of a desperate scottish challenge,normal_play,0.0054
3478.5,3483.5,stay there its like a falling buffalo but tye ferlong then its from the knock on over,normal_play,0.0054
3483.0,3488.0,then its from the knock on over crowley has an age to pick his spot,normal_play,0.0054
3487.5,3492.5,on the bounce outfoxes finn russell,normal_play,0.0054
3492.0,3497.0,russell that languid relaxed style,normal_play,0.0054
3496.5,3501.5,russell that languid relaxed style with a deception to darcy graham who cant get away from doris,normal_play,0.0054
3501.0,3506.0,with a deception to darcy graham who cant get away from doris price russell only two men outside him,normal_play,0.0054
3505.5,3510.5,price russell only two men outside him hugh jones is one of them bundy bundee aki has watched that every time,normal_play,0.0054
3510.0,3515.0,bundy bundee aki has watched that every time he stood up to that classic jones step and break on the outside,normal_play,0.0054
3514.5,3519.5,step and break on the outside schumann scotlands most prolific carrier,penalty,0.4397
3519.0,3524.0,schumann scotlands most prolific carrier thats his tenth of the game and then price interfered with it at the base,penalty,0.4397
3523.5,3528.5,and then price interfered with it at the base yeah schumanns doing his work almost 50 meters made for the prop,penalty,0.4397
3528.0,3533.0,almost 50 meters made for the prop thats the one bright note for gregor townsend,penalty,0.4397
3532.5,3537.5,thats the one bright note for gregor townsend and they do have a penalty here ireland are planning to bring on a battalion of five substitutions up front,normal_play,0.0054
3537.0,3542.0,ireland are planning to bring on a battalion of five substitutions up front,normal_play,0.0054
3541.5,3546.5,ireland are planning to bring on a battalion of five substitutions up front as russell goes for a broke and hugo keenan keeps it in,normal_play,0.0054
3546.0,3551.0,as russell goes for a broke and hugo keenan keeps it in that is scotlands knight in michael cosum,normal_play,0.0054
3550.5,3555.5,that is scotlands knight in michael cosum hugo keenan goes to touch and now andy farrell will unleash his own irish bomb squad,normal_play,0.0054
3555.0,3560.0,and now andy farrell will unleash his own irish bomb squad look at the talent and the beef in shot,normal_play,0.0054
3559.5,3564.5,look at the talent and the beef in shot our camera lens is barely wide enough james ryan grand slam european champion is on in the second row,normal_play,0.0054
3564.0,3569.0,james ryan grand slam european champion is on in the second row,normal_play,0.0054
3568.5,3573.5,james ryan grand slam european champion is on in the second row ronan kelliher is on at hooker finlay bealham and dave kilcoyne come on in the props,normal_play,0.0054
3573.0,3578.0,finlay bealham and dave kilcoyne come on in the props and british and irish lion jack conan wearing number 20,normal_play,0.0054
3577.5,3582.5,and british and irish lion jack conan wearing number 20 makes this first rugby world cup appearance of the competition,normal_play,0.0054
3582.0,3587.0,makes this first rugby world cup appearance of the competition and what an ovation peter omahony is getting,lineout,0.4726
3586.5,3591.5,and what an ovation peter omahony is getting there are a few men who have given so much for the irish cause,lineout,0.4726
3591.0,3596.0,there are a few men who have given so much for the irish cause who have nursed every grudge and strained every sinew,lineout,0.4726
3595.5,3600.5,who have nursed every grudge and strained every sinew and the centurion troops off with another opposition back row,lineout,0.4726
3600.0,3605.0,and the centurion troops off with another opposition back row well and truly sickened scottish line outs malfunctioned,normal_play,0.0054
3604.5,3609.5,scottish line outs malfunctioned george turner of all people is back there well that was pretty nifty,normal_play,0.0054
3609.0,3614.0,well that was pretty nifty sliding and skating and then smashing no no no its still under,normal_play,0.0054
3613.5,3618.5,no no no its still under russell james ryan hunts him down but the captain moves it away quickly,normal_play,0.0054
3618.0,3623.0,russell james ryan hunts him down but the captain moves it away quickly its really about pride at this point for scotland,normal_play,0.0054
3622.5,3627.5,its really about pride at this point for scotland theyre beaten 27 3 by ireland in the rugby world cup in japan four years ago,normal_play,0.0054
3627.0,3632.0,theyre beaten 27 3 by ireland in the rugby world cup in japan four years ago that was the first match of the pool and left them,normal_play,0.0054
3631.5,3636.5,that was the first match of the pool and left them heeding to beat japan they couldnt do that they crashed out at the pool stage,normal_play,0.0054
3636.0,3641.0,heeding to beat japan they couldnt do that they crashed out at the pool stage and they are well and truly blowing their way out of this competition as well,normal_play,0.0054
3640.5,3645.5,and they are well and truly blowing their way out of this competition as well,normal_play,0.0054
3658.5,3663.5,russell has not been able to unpick this magnificent irish defence yet,normal_play,0.0054
3663.0,3668.0,russell has not been able to unpick this magnificent irish defence yet but he has come up with a 50 22 and that will mean a scottish throw in at the line out,normal_play,0.0054
3667.5,3672.5,but he has come up with a 50 22 and that will mean a scottish throw in at the line out well not very many bright spots but that is pure class,normal_play,0.0054
3672.0,3677.0,well not very many bright spots but that is pure class because hes in his own half he just hammers it hard and low,normal_play,0.0054
3676.5,3681.5,because hes in his own half he just hammers it hard and low it takes the bounce a little bit of territory for scotland but i dont think if ive seen rob a greater sort of picture of job done as the legion of green jerseys the impact players storm onto the field,normal_play,0.0054
3681.0,3686.0,a little bit of territory for scotland but i dont think if ive seen rob a greater sort of picture of job done as the legion of green jerseys the impact players storm onto the field,normal_play,0.0054
3685.5,3690.5,a little bit of territory for scotland but i dont think if ive seen rob a greater sort of picture of job done as the legion of green jerseys the impact players storm onto the field some hurting scottish bodies out there,normal_play,0.0054
3690.0,3695.0,some hurting scottish bodies out there this is a problem for scotland because they went 6 2 forwards and backs on the bench,normal_play,0.0054
3694.5,3699.5,this is a problem for scotland because they went 6 2 forwards and backs on the bench ollie smith on early for blair kinghorn meaning only scrum half george horn is left,normal_play,0.0054
3699.0,3704.0,ollie smith on early for blair kinghorn meaning only scrum half george horn is left so horn is going to have to come on and play on the wing for the second darcy graham,lineout,0.4726
3703.5,3708.5,so horn is going to have to come on and play on the wing for the second darcy graham four try against romania and hes scarcely had a sniff tonight,lineout,0.4726
3708.0,3713.0,four try against romania and hes scarcely had a sniff tonight,lineout,0.4726
3712.5,3717.5,george horn the seventh specialist hes on is a makeshift winner,lineout,0.4726
3717.0,3722.0,george horn the seventh specialist hes on is a makeshift winner back in his hour price must play the full 80 at scrum half 2,maul,0.2655
3721.5,3726.5,back in his hour price must play the full 80 at scrum half 2 to the pull out two back for russell,maul,0.2655
3726.0,3731.0,to the pull out two back for russell hammond watching in closely from the nerve again clattered,maul,0.2655
3730.5,3735.5,again clattered richard gray running shots running alone,normal_play,0.0054
3735.0,3740.0,richard gray running shots running alone,normal_play,0.0054
3739.5,3744.5,russell not vigorous in this time thats a goal,normal_play,0.0054
3744.0,3749.0,thats a goal dempsey one out carries for scotland,normal_play,0.0054
3748.5,3753.5,dempsey one out carries for scotland finally making a little headway cummings dummies and then falls into the tackle,normal_play,0.0054
3753.0,3758.0,cummings dummies and then falls into the tackle,normal_play,0.0054
3757.5,3762.5,russell again threatening this time q jones again cant get beyond bundy bundee aki,normal_play,0.0054
3762.0,3767.0,q jones again cant get beyond bundy bundee aki hes over that ball out keep your feet back,normal_play,0.0054
3766.5,3771.5,out keep your feet back its a big pause on it zander fagerson neatly onto pierre schumann,normal_play,0.0054
3771.0,3776.0,zander fagerson neatly onto pierre schumann dempsey russell taking on the defence,normal_play,0.0054
3775.5,3780.5,dempsey russell taking on the defence russell dummies cant do it all on his own,normal_play,0.0054
3780.0,3785.0,russell dummies cant do it all on his own no no 21 theres been a run paul omurrays ordered off it,normal_play,0.0054
3784.5,3789.5,paul omurrays ordered off it price dummy in ireland hold him out,normal_play,0.0054
3789.0,3794.0,this is as close as scotland have come its taken them the guts of an hour,normal_play,0.0054
3793.5,3798.5,its taken them the guts of an hour penalty advantage scotland matt fagerson carries around the corner,normal_play,0.0054
3798.0,3803.0,penalty advantage scotland matt fagerson carries around the corner,normal_play,0.0054
3802.5,3807.5,scotland continue to keep it tight amused are forwards well try for schumann this time,normal_play,0.0054
3807.0,3812.0,amused are forwards well try for schumann this time irish players offside,penalty,0.6128
3811.5,3816.5,irish players offside but credit this scottish outfit down to 14 men theyre pounding away at the line,penalty,0.6128
3816.0,3821.0,but credit this scottish outfit down to 14 men theyre pounding away at the line thats all they can do at this stage,penalty,0.6128
3820.5,3825.5,elizabeths sin bidding period is over they wont be able to come back on until theres a definitive break in play,penalty,0.6128
3825.0,3830.0,they wont be able to come back on until theres a definitive break in play scotland tap and run,normal_play,0.0054
3829.5,3834.5,scotland tap and run elizabeth reintroduced theyre back to 15 and ireland have castled them ransacked them forced them off on,normal_play,0.0054
3834.0,3839.0,and ireland have castled them ransacked them forced them off on listen to this place,normal_play,0.0054
3838.5,3843.5,listen to this place,normal_play,0.0054
3847.5,3852.5,well the players congratulate and this educated irish rugby crowd too they know what this means,normal_play,0.0054
3852.0,3857.0,well the players congratulate and this educated irish rugby crowd too they know what this means theres any sort of technical eye had passed over this,normal_play,0.0054
3856.5,3861.5,theres any sort of technical eye had passed over this this scottish attack is just a little bit too deep often russell theyre not really separating the irish defenders,normal_play,0.0054
3861.0,3866.0,often russell theyre not really separating the irish defenders,normal_play,0.0054
3865.5,3870.5,often russell theyre not really separating the irish defenders something to look at but havent really been able to break it down at all,normal_play,0.0054
3870.0,3875.0,something to look at but havent really been able to break it down at all as the big man goes off and hes put in a fine chef 11 carries 63 meters made ball in hand by piers schumann,normal_play,0.0054
3874.5,3879.5,11 carries 63 meters made ball in hand by piers schumann and a losing cause but individual effort nonetheless,normal_play,0.0054
3879.0,3884.0,and a losing cause but individual effort nonetheless rory sutherland,normal_play,0.0054
3883.5,3888.5,we finished last season in northern ireland with ulster comes on for him,normal_play,0.0054
3888.0,3893.0,comes on for him there is princess anne,normal_play,0.0054
3892.5,3897.5,she will be impressed by the irish display if a little disheartened by what scotland have served up,normal_play,0.0054
3897.0,3902.0,if a little disheartened by what scotland have served up princess royal the patron of scottish rugby,normal_play,0.0054
3901.5,3906.5,doesnt that picture tell the tale four years apart two world cups apart,normal_play,0.0054
3906.0,3911.0,four years apart two world cups apart scotland being torn apart,normal_play,0.0054
3910.5,3915.5,scotland being torn apart by the repressible ireland i was once captain at canadian side at murrayfield,normal_play,0.0054
3915.0,3920.0,i was once captain at canadian side at murrayfield and the sleet started to happen as princess royal was supposed to beat all the players,normal_play,0.0054
3919.5,3924.5,and the sleet started to happen as princess royal was supposed to beat all the players and she wisely showed a great touch and said lets get on with this lets get on with the rugby,normal_play,0.0054
3924.0,3929.0,and she wisely showed a great touch and said lets get on with this lets get on with the rugby not a day that we want to celebrate,normal_play,0.0054
3928.5,3933.5,not a day that we want to celebrate scotland still yet to cross the whitewash make sure hes got a spot to go into please,normal_play,0.0054
3933.0,3938.0,scotland still yet to cross the whitewash make sure hes got a spot to go into please make sure hes got a spot to go down into,normal_play,0.0054
3937.5,3942.5,spray that solder up thats good look at andrew porter,scrum,0.301
3942.0,3947.0,look at andrew porter portrait of a warrior,scrum,0.301
3946.5,3951.5,and like all good athletes he knows where the camera is and jamie were now getting to a stage where this is a statement performance,scrum,0.301
3951.0,3956.0,and jamie were now getting to a stage where this is a statement performance theyre now sending messages to the other teams left in the quarterfinals,scrum,0.301
3955.5,3960.5,theyre now sending messages to the other teams left in the quarterfinals about where ireland are at the moment set,scrum,0.301
3960.0,3965.0,set set,scrum,0.301
3964.5,3969.5,set time off,normal_play,0.0054
3973.5,3978.5,of course weve seen that from the all blacks and weve seen that from the french this weekend,normal_play,0.0054
3978.0,3983.0,of course weve seen that from the all blacks and weve seen that from the french this weekend a great weekend for rugby but for this irish team in what is an incredibly fierce contest,normal_play,0.0054
3982.5,3987.5,but for this irish team in what is an incredibly fierce contest we thought it was going to be,normal_play,0.0054
3987.0,3992.0,we thought it was going to be they have just dismantled the scots still 27 minutes to break in this match,scrum,0.2941
3991.5,3996.5,still 27 minutes to break in this match,scrum,0.2941
3996.0,4001.0,cross,scrum,0.2941
4000.5,4005.5,and those eight successive ireland victories over scotland the average score is ireland 25 scotland 11,scrum,0.2941
4005.0,4010.0,the average score is ireland 25 scotland 11 its looking a lot prettier for ireland,scrum,0.2941
4009.5,4014.5,a lot uglier for scotland right now use that plenty of time left on the clock,scrum,0.2941
4014.0,4019.0,plenty of time left on the clock theres jack crowley the quarter backed monster for the united rugby championship title players,normal_play,0.0054
4018.5,4023.5,the quarter backed monster for the united rugby championship title players scotland go fast,normal_play,0.0054
4023.0,4028.0,scotland go fast ollie smith back in the thick of things after a sin been in cross,normal_play,0.0054
4027.5,4032.5,cross jack dempsey escapes past the challenge of lennon keller and fimli bielum,normal_play,0.0054
4032.0,4037.0,jack dempsey escapes past the challenge of lennon keller and fimli bielum and so runs it into richie gray,normal_play,0.0054
4036.5,4041.5,this will be his last appearance at the world cup and hes been turned over ireland steal it back thats the narrative for so many of the men out there,normal_play,0.0054
4041.0,4046.0,and hes been turned over ireland steal it back thats the narrative for so many of the men out there they may not get back here again,normal_play,0.0054
4045.5,4050.5,players on both teams know that this could be their last shot at the rugby world cup,normal_play,0.0054
4050.0,4055.0,players on both teams know that this could be their last shot at the rugby world cup for ireland theres still a long way to go potentially,normal_play,0.0054
4054.5,4059.5,for ireland theres still a long way to go potentially for scotland its all ending in tears play advantage for a take off from blue 4,normal_play,0.0054
4059.0,4064.0,play advantage for a take off from blue 4 tackle off the ball from richie gray on the 10 bit line midfield,penalty,0.6111
4063.5,4068.5,on the 10 bit line midfield right corner of the tmo coming in on the 10 meter line yes,penalty,0.6111
4068.0,4073.0,on the 10 meter line yes blue 4 thats correct number 4,penalty,0.6111
4072.5,4077.5,thats correct number 4 richie gray is not going to go down without a fight maybe some frustration coming in there,penalty,0.6111
4077.0,4082.0,maybe some frustration coming in there and rob the wave starts to swing around here and its largely a green wave as we look at this incredible stadium,normal_play,0.0054
4081.5,4086.5,and rob the wave starts to swing around here and its largely a green wave as we look at this incredible stadium i dont know who it was to be honest i just got a call from the tmo,normal_play,0.0054
4086.0,4091.0,i just got a call from the tmo the atmosphere really building blue on 7 green,normal_play,0.0054
4090.5,4095.5,blue on 7 green scotland now looking at another replacement i didnt have my name on the card its been atritional for them,normal_play,0.0054
4095.0,4100.0,its been atritional for them finn russell tried to create something but this is very much a difficult task on every single facet of this game at the moment,normal_play,0.0054
4099.5,4104.5,finn russell tried to create something but this is very much a difficult task on every single facet of this game at the moment were just going to go quiet here and let you take in this atmosphere with television sets at home,normal_play,0.0054
4104.0,4109.0,were just going to go quiet here and let you take in this atmosphere with television sets at home its special,normal_play,0.0054
4108.5,4113.5,its special,normal_play,0.0054
4113.0,4118.0,yeah its a bit of a surprise its special,normal_play,0.0054
4117.5,4122.5,its special,normal_play,0.0054
4135.5,4140.5,the bars of paris and saint genevi ve will be doing a roaring trade tonight you fancy,normal_play,0.0054
4140.0,4145.0,the bars of paris and saint genevi ve will be doing a roaring trade tonight you fancy thank you,normal_play,0.0054
4144.5,4149.5,thank you irelands line is a picture of perfection and they still on the third of the scottish throws too,lineout,0.3157
4149.0,4154.0,and they still on the third of the scottish throws too they look to keep the scoreboard ticking,lineout,0.3157
4153.5,4158.5,once again murray ringrose throws the dummy,lineout,0.3157
4158.0,4163.0,ringrose throws the dummy kelleher,lineout,0.3157
4162.5,4167.5,such competition for places in this irish team ronan kelleher finlay bealham vying with sheehan and tadhg furlong,normal_play,0.0054
4167.0,4172.0,ronan kelleher finlay bealham vying with sheehan and tadhg furlong james ryan too,normal_play,0.0054
4171.5,4176.5,james ryan too captain ireland captain leinster crowley pulling it back for bundy bundee aki who is sitting down as scuttling opponents,normal_play,0.0054
4176.0,4181.0,crowley pulling it back for bundy bundee aki who is sitting down as scuttling opponents,normal_play,0.0054
4180.5,4185.5,jack devsie rocked by big bad bundy,normal_play,0.0054
4185.0,4190.0,rocked by big bad bundy murray goes blind,normal_play,0.0054
4189.5,4194.5,crowley i am venice we are penalty in venice,normal_play,0.0054
4194.0,4199.0,we are penalty in venice scotland in fringe again ireland can rampage again,try,1.0
4198.5,4203.5,scotland in fringe again ireland can rampage again crowley stabs the kick over the top,try,1.0
4203.0,4208.0,stabs the kick over the top thats a peach,try,1.0
4207.5,4212.5,artistry sheer magnificent artistry,try,1.0
4212.0,4217.0,sheer magnificent artistry,normal_play,0.0054
4216.5,4221.5,ireland masters of innovation and so wonderfully kill a kill,normal_play,0.0054
4221.0,4226.0,and so wonderfully kill a kill gary ringrose the try scorer jack crowleys gilded fingerprints,normal_play,0.0054
4225.5,4230.5,jack crowleys gilded fingerprints all over this this doesnt happen without the go forward from those forwards,normal_play,0.0054
4230.0,4235.0,this doesnt happen without the go forward from those forwards the 23 year old puts the outside of his right boot to that,normal_play,0.0054
4234.5,4239.5,the 23 year old puts the outside of his right boot to that perfectly weighted great finish as well,normal_play,0.0054
4239.0,4244.0,great finish as well and ringrose who started this match look at the youngster he knows it looks good,normal_play,0.0054
4243.5,4248.5,look at the youngster he knows it looks good hes hoping and yes it is ringrose in for five,normal_play,0.0054
4248.0,4253.0,ringrose in for five gary ringrose in amongst the try again,normal_play,0.0054
4252.5,4257.5,gary ringrose in amongst the try again jack crowley ireland have a worthy successor to johnny johnny sexton,normal_play,0.0054
4257.0,4262.0,ireland have a worthy successor to johnny johnny sexton another off the academy production line,normal_play,0.0054
4261.5,4266.5,another off the academy production line,normal_play,0.0054
4266.0,4271.0,its a great big party at gary ringroses parents house in dublin when ireland won the six nations grand slam,goal_kick,0.8688
4270.5,4275.5,when ireland won the six nations grand slam just over seven months ago i reckon the ringrose household will be a buzz just now,goal_kick,0.8688
4275.0,4280.0,i reckon the ringrose household will be a buzz just now,goal_kick,0.8688
4279.5,4284.5,as crowley lines up the conversion,goal_kick,0.8688
4284.0,4289.0,off the post,goal_kick,0.8326
4288.5,4293.5,no luck for jack crowley but irelands move on to 36 unanswered points,goal_kick,0.8326
4293.0,4298.0,but irelands move on to 36 unanswered points lee dewey is going to take a shot here,goal_kick,0.6075
4297.5,4302.5,lee dewey is going to take a shot here just taps it with the outside of his right foot the weight and the distance was perfect,goal_kick,0.8688
4302.0,4307.0,the weight and the distance was perfect,goal_kick,0.8688
4306.5,4311.5,and the second half the first half,goal_kick,0.8688
4311.0,4316.0,the first half the second half the third half the fourth half,normal_play,0.0054
4315.5,4320.5,the fourth half that physically sums up the frustration,kick_off,0.5159
4320.0,4325.0,that physically sums up the frustration the scottish team,kick_off,0.5159
4324.5,4329.5,a terrific take in the air,kick_off,0.5159
4329.0,4334.0,a terrific take in the air ireland seizing upon it and ireland are far from done yet,kick_off,0.5159
4333.5,4338.5,and ireland are far from done yet ringrose footed wide to gibson park,normal_play,0.0054
4338.0,4343.0,footed wide to gibson park hes got the legs whirring again pocket battleship duel with george horn,normal_play,0.0054
4342.5,4347.5,pocket battleship duel with george horn,normal_play,0.0054
4347.0,4352.0,tackle now his knees on the ground,normal_play,0.0054
4351.5,4356.5,tackle now his knees on the ground crowley,normal_play,0.0054
4356.0,4361.0,hugo keenan into a thunder flea or world play of the year tackle open up 20 in 2022,normal_play,0.0054
4360.5,4365.5,in 2022 ireland,normal_play,0.0054
4365.0,4370.0,ireland leaving those patterns tackle open up and those beautiful attacking pictures,normal_play,0.0054
4369.5,4374.5,and those beautiful attacking pictures crowley another little kick this time,normal_play,0.0054
4374.0,4379.0,crowley another little kick this time that one harder for ringrose to get after scotland win it back,normal_play,0.0054
4378.5,4383.5,scotland win it back nolly smith throws it way beyond to poulotu doan fandemaver has to try and bake a kick with crumbs,normal_play,0.0054
4383.0,4388.0,doan fandemaver has to try and bake a kick with crumbs but they can tackle the monstrous winger,normal_play,0.0054
4387.5,4392.5,but they can tackle the monstrous winger and thats the way theyve kicked doan fandemaver out of this match,normal_play,0.0054
4392.0,4397.0,and thats the way theyve kicked doan fandemaver out of this match,normal_play,0.0054
4396.5,4401.5,russell saw space looking for the penalty doesnt get it,normal_play,0.0054
4401.0,4406.0,looking for the penalty doesnt get it and ireland on the counter with hugo hugo keenan he drills it back through the arms of olly smith,normal_play,0.0054
4405.5,4410.5,he drills it back through the arms of olly smith hes been bamboozled by the ball and hes knocked it on at the second time of asking,normal_play,0.0054
4410.0,4415.0,hes been bamboozled by the ball and hes knocked it on at the second time of asking and that is,normal_play,0.0054
4414.5,4419.5,a summation of scotlands nights and look at bundy bundee aki,normal_play,0.0054
4419.0,4424.0,and look at bundy bundee aki he sounds the battle cry russell try to get the call here,normal_play,0.0054
4423.5,4428.5,russell try to get the call here the referee is right on top it says nolly ran straight into him,normal_play,0.0054
4428.0,4433.0,and then again just summing up whats been going on for scotland the bounce not going their way,normal_play,0.0054
4432.5,4437.5,the bounce not going their way lets go guys look at bundee aki hes been outstanding all tournament today,normal_play,0.0054
4437.0,4442.0,look at bundee aki hes been outstanding all tournament today hes got all the go forward for ireland and rob such an impressive player on both sides of the ball,normal_play,0.0054
4441.5,4446.5,and rob such an impressive player on both sides of the ball defense and attack yeah if youre picking up four players theyll be well cooked,normal_play,0.0054
4446.0,4451.0,yeah if youre picking up four players theyll be well cooked bundy bundee aki is really good and attack yeah if youre picking up four players theyll be well cooked,normal_play,0.0054
4450.5,4455.5,yeah if youre picking up four players theyll be well cooked bundy bundee aki is right at the top of that list everything he does is just power driven goes forward gets the game line and then creates opportunities for those around him,normal_play,0.0054
4455.0,4460.0,everything he does is just power driven goes forward gets the game line and then creates opportunities for those around him,normal_play,0.0054
4459.5,4464.5,everything he does is just power driven goes forward gets the game line and then creates opportunities for those around him,normal_play,0.0054
4464.0,4469.0,its worth noting as well irelands record victory over scotland,normal_play,0.0054
4468.5,4473.5,its by a margin of 30 points that came in a six nations drubbing in 2015 when ireland were going for the title,normal_play,0.0054
4473.0,4478.0,that came in a six nations drubbing in 2015 when ireland were going for the title clinched it on the final day at murrayfield in edinburgh,scrum,0.4877
4477.5,4482.5,clinched it on the final day at murrayfield in edinburgh without stripping that margin just now,scrum,0.4877
4482.0,4487.0,without stripping that margin just now i wonder if those two senior heads there that we just saw in shot know that stat,scrum,0.4877
4486.5,4491.5,i wonder if those two senior heads there that we just saw in shot know that stat fine,scrum,0.4877
4491.0,4496.0,fine what a gift the irish team have given peter omani six,scrum,0.4877
4495.5,4500.5,six hes hung his cap seven,scrum,0.4877
4500.0,4505.0,little solace to scrum pantley going against ireland,penalty,0.491
4504.5,4509.5,little solace to scrum pantley going against ireland russell again gambling,penalty,0.491
4509.0,4514.0,russell again gambling tripling that ball towards the corner but ruinrose watches it all the way,penalty,0.491
4513.5,4518.5,tripling that ball towards the corner but ruinrose watches it all the way keeps it in,normal_play,0.0054
4518.0,4523.0,keeps it in v p mel leading the chase for scotland the 37 year old prop whos just come off the bench,normal_play,0.0054
4522.5,4527.5,the 37 year old prop whos just come off the bench russell might as well chance his arm at this stage,normal_play,0.0054
4527.0,4532.0,russell might as well chance his arm at this stage hope foxes ruinrose flings the medical ball away and its well scooped up by jack dempsey,normal_play,0.0054
4531.5,4536.5,flings the medical ball away and its well scooped up by jack dempsey,normal_play,0.0054
4536.0,4541.0,bryce to gray dupu lottu looping around,normal_play,0.0054
4540.5,4545.5,dupu lottu looping around cummings theres the dummy ewan ashman goes in to help,try,1.0
4545.0,4550.0,ewan ashman goes in to help scotland desperate to avoid the ignominy of being nailed,try,1.0
4549.5,4554.5,all the pre match talk from the scots was talk of belief gregor townsend said we believe said this is our moment,try,1.0
4554.0,4559.0,gregor townsend said we believe said this is our moment this is ewan ashmans moment scotland are on the boards,try,1.0
4558.5,4563.5,scotland are on the boards 63 brutal mortifying trialous pointless minutes,try,1.0
4563.0,4568.0,63 brutal mortifying trialous pointless minutes scotland at last have troubled the scoreboard,try,1.0
4567.5,4572.5,scotland at last have troubled the scoreboard ewan ashman gets their opening try,try,1.0
4572.0,4577.0,yeah you sense the scottish werent going to leave this stadium without something to show for it and finn russell gets the initial break,try,1.0
4576.5,4581.5,and finn russell gets the initial break nice pick up there and some finally some go forward from the scots,try,1.0
4581.0,4586.0,and some finally some go forward from the scots shifting out to the second half and some go forward from the scots,normal_play,0.0054
4585.5,4590.5,and some go forward from the scots shifting out to the side,normal_play,0.0054
4590.0,4595.0,shifting out to the side nice hands from the centre there dupu lottu does well and puts away the replacement hooker,normal_play,0.0054
4594.5,4599.5,dupu lottu does well and puts away the replacement hooker 23 year old ewan ashman,goal_kick,0.8688
4599.0,4604.0,23 year old ewan ashman,goal_kick,0.8688
4603.5,4608.5,ewan ashman born in toronto canada,goal_kick,0.8688
4608.0,4613.0,ewan ashman born in toronto canada his father was working his father a proud scot he plays in north of england but very much a scotsman,goal_kick,0.8688
4612.5,4617.5,he plays in north of england but very much a scotsman and finn russell steers that one between the posts,goal_kick,0.732
4617.0,4622.0,and finn russell steers that one between the posts 36 points to seven and those fans have something to shout about at long last,goal_kick,0.732
4621.5,4626.5,and those fans have something to shout about at long last yeah they perhaps knew they werent favourites but they thought they were going to be in it for a bit longer i feel,normal_play,0.0054
4626.0,4631.0,yeah they perhaps knew they werent favourites but they thought they were going to be in it for a bit longer i feel,normal_play,0.0054
4630.5,4635.5,yeah they perhaps knew they werent favourites but they thought they were going to be in it for a bit longer i feel,normal_play,0.0054
4635.0,4640.0,scotland have used their eighth and final replacement,normal_play,0.0054
4639.5,4644.5,scotland have used their eighth and final replacement jodie darge is off luke crosby tough customer from a town of livingston,kick_off,0.1313
4644.0,4649.0,luke crosby tough customer from a town of livingston and central scotland is on wearing jersey 21,kick_off,0.1313
4648.5,4653.5,and central scotland is on wearing jersey 21 the full complement of scottish replacement is on,kick_off,0.1313
4653.0,4658.0,the full complement of scottish replacement is on and if this match does play many more injured victims scotland will go down to 14,kick_off,0.1313
4657.5,4662.5,and if this match does play many more injured victims scotland will go down to 14,kick_off,0.1313
4662.0,4667.0,russell scotland look to move it from inside there in 22,try,1.0
4666.5,4671.5,russell scotland look to move it from inside there in 22 george horn thrives an open play rate,try,1.0
4671.0,4676.0,george horn thrives an open play rate and suddenly its opened up for hugh jones away from bundee aki,try,1.0
4675.5,4680.5,the inside ball knocked back by an irish hand and steering away is olly smith,try,1.0
4680.0,4685.0,and steering away is olly smith hes got support scotland are in again,try,1.0
4684.5,4689.5,it may be a forlorn hope right now but that is one of the try of the tournament,try,1.0
4689.0,4694.0,it may be a forlorn hope right now but that is one of the try of the tournament,try,1.0
4693.5,4698.5,finished by ali price and you wonder where this scotland has been for the past 65 minutes,try,1.0
4698.0,4703.0,and you wonder where this scotland has been for the past 65 minutes well finally some return for the scottish outfit for going wide,try,1.0
4702.5,4707.5,well finally some return for the scottish outfit for going wide,goal_kick,0.8459
4707.0,4712.0,try all clear try been cleared by the tmo a little regroup for the irish team,goal_kick,0.8459
4711.5,4716.5,try been cleared by the tmo a little regroup for the irish team its not what they expected russell adds two more,goal_kick,0.8459
4716.0,4721.0,its not what they expected russell adds two more but from deep in their own end they back themselves,goal_kick,0.8459
4720.5,4725.5,but from deep in their own end they back themselves theyve been commenting on the up and down to break down the irish this time they go around the outside great pace exhibited,goal_kick,0.8459
4725.0,4730.0,this time they go around the outside great pace exhibited by the scottish backs hugh jones stepping out of the tackle,normal_play,0.0054
4729.5,4734.5,by the scottish backs hugh jones stepping out of the tackle unselfish play here the show and go,normal_play,0.0054
4734.0,4739.0,unselfish play here the show and go and ali price the man whos been the talk of the town all week gets a nice try,normal_play,0.0054
4738.5,4743.5,and ali price the man whos been the talk of the town all week gets a nice try this is the kind of rugby scotland have longed to play,normal_play,0.0054
4743.0,4748.0,this is the kind of rugby scotland have longed to play this is when theyre at their best,normal_play,0.0054
4747.5,4752.5,taking opportunities manipulating defences,normal_play,0.0054
4752.0,4757.0,but it looks like much too little far too late as ali price gets his second in as many matches,normal_play,0.0054
4756.5,4761.5,as ali price gets his second in as many matches,normal_play,0.0054
4765.5,4770.5,matt fegerson takes care of his restart,kick_off,0.3542
4770.0,4775.0,scotland this time shaped to kick,kick_off,0.3542
4774.5,4779.5,cannon off an irish paw zubokinen has it back,normal_play,0.0054
4779.0,4784.0,zubokinen has it back crowley ian henderson,normal_play,0.0054
4783.5,4788.5,its one of the violence third try third of six they muster tonight,normal_play,0.0054
4788.0,4793.0,third of six they muster tonight ronan kelleher caught by vipianel,normal_play,0.0054
4792.5,4797.5,caught by vipianel,normal_play,0.0054
4797.0,4802.0,scott cummings loop for that turnover,normal_play,0.0054
4801.5,4806.5,scott cummings loop for that turnover couldnt get it ian henderson off on the rampage once more,normal_play,0.0054
4806.0,4811.0,ian henderson off on the rampage once more murray,normal_play,0.0054
4810.5,4815.5,murray jack conan big moment for him suffered a nasty foot injury that kept him out of the early matches,normal_play,0.0054
4815.0,4820.0,suffered a nasty foot injury that kept him out of the early matches scotland with the penalty,normal_play,0.0054
4819.5,4824.5,scotland with the penalty there is a momentum shift inside stade de france,penalty,0.4434
4824.0,4829.0,and russell again wastes no time,penalty,0.4434
4828.5,4833.5,the ball is in the net stade de france and russell again wastes no time,penalty,0.4434
4833.0,4838.0,and russell again wastes no time and on this occasion does make touch,penalty,0.4434
4837.5,4842.5,and on this occasion does make touch the referee is going to kill that momentum for the moment,normal_play,0.0054
4842.0,4847.0,the referee is going to kill that momentum for the moment as he wants to see,normal_play,0.0054
4846.5,4851.5,james ryan looked at his injured behind the play yeah big shout going out for scotland as they got hands on that rock ball,normal_play,0.0054
4851.0,4856.0,yeah big shout going out for scotland as they got hands on that rock ball theres the big carry,normal_play,0.0054
4855.5,4860.5,from conan and hes driven back and look immediately over the ball supporting his own weight,normal_play,0.0054
4860.0,4865.0,and hes driven back and look immediately over the ball supporting his own weight great technique from luke crosby,normal_play,0.0054
4873.5,4878.5,james ryan was panning an injury into this match thats one of the reasons andy farrell selected ian henderson ahead of him,normal_play,0.0054
4878.0,4883.0,thats one of the reasons andy farrell selected ian henderson ahead of him he had big concern to lose him,normal_play,0.0054
4882.5,4887.5,such an important player such an ever present member of this squad,normal_play,0.0054
4887.0,4892.0,such an ever present member of this squad and there you see,normal_play,0.0054
4891.5,4896.5,and there you see all eight replacements on for the scots,normal_play,0.0054
4896.0,4901.0,luke crosby rearing jersey 21 with the all important penalty,normal_play,0.0054
4900.5,4905.5,luke crosby rearing jersey 21 with the all important penalty and they look to salvage a crumb of solace,normal_play,0.0054
4905.0,4910.0,and they look to salvage a crumb of solace in the final dozen minutes,normal_play,0.0054
4909.5,4914.5,well i think its fitting for the scottish health and they have at least this moment here two try on the board,normal_play,0.0054
4914.0,4919.0,two try on the board the stadium is pumping a bit here were in a very difficult pool with the world number one team and the current world champions in south africa,normal_play,0.0054
4918.5,4923.5,were in a very difficult pool with the world number one team and the current world champions in south africa its always going to be tough,normal_play,0.0054
4923.0,4928.0,its always going to be tough they didnt have the first half they wanted the first phase of the defense is really let them down,lineout,0.2348
4927.5,4932.5,but at least now a chance to show the world how good they are and how they can play,lineout,0.2348
4932.0,4937.0,well that goes to the front and to glasgows scott cummings,lineout,0.2348
4936.5,4941.5,okay stop once,lineout,0.2348
4941.0,4946.0,okay stop once yes,maul,0.3217
4945.5,4950.5,to the first receiver dummy the past the russell then thunder for,maul,0.3217
4950.0,4955.0,thunder for richie gray still full of running,normal_play,0.0054
4954.5,4959.5,richie gray still full of running he knows this could be his last world cup match because its been a rock,normal_play,0.0054
4959.0,4964.0,because its been a rock you know ditto for him at 37 years old,normal_play,0.0054
4963.5,4968.5,sutherland russell delayed the pass and pulled it back behind sonny to pull out to,normal_play,0.0054
4968.0,4973.0,and pulled it back behind sonny to pull out to who cant take it cleanly,normal_play,0.0054
4972.5,4977.5,while screwing out of an irish tour,normal_play,0.0054
4977.0,4982.0,all right so theres no knock on the tackle,normal_play,0.0054
4981.5,4986.5,okay cool chat with the referees russell seems to think hes seen it,normal_play,0.0054
4986.0,4991.0,russell seems to think hes seen it i didnt see anything disappointment for the man who started this match as captain,normal_play,0.0054
4990.5,4995.5,disappointment for the man who started this match as captain,normal_play,0.0054
4995.0,5000.0,robbie sent a bit of buzz here,normal_play,0.0054
4999.5,5004.5,scottish side showing their pride theyre going to get a bit of a clow into the midway through,lineout,0.4726
5004.0,5009.0,theyre going to get a bit of a clow into the midway through the fourth quarter here very much a case of looking for that unstructured play,lineout,0.4726
5008.5,5013.5,very much a case of looking for that unstructured play thats what scotland wanted all the way through this game,lineout,0.4726
5013.0,5018.0,thats what scotland wanted all the way through this game unfortunately it took 63 minutes to really see that that is the suppression that ireland can really get on games,lineout,0.4726
5017.5,5022.5,that is the suppression that ireland can really get on games scotland move it softly away from the line out,lineout,0.4726
5022.0,5027.0,scotland move it softly away from the line out to equal or two again trying to blast,normal_play,0.0054
5026.5,5031.5,chasm in the irish midfield unsuccessfully nell back to russell and finally george horn who,normal_play,0.0054
5031.0,5036.0,nell back to russell and finally george horn who the smallest man in the world cup and the hardest to shackle as well,normal_play,0.0054
5035.5,5040.5,and the hardest to shackle as well and ashman pops it up drops it cold and ireland can punish the scots here,normal_play,0.0054
5040.0,5045.0,drops it cold and ireland can punish the scots here pump and tunnel from beelan jack conan can maraud over halfway,normal_play,0.0054
5044.5,5049.5,jack conan can maraud over halfway dragged down by sutherland,normal_play,0.0054
5049.0,5054.0,dave kilcoyne,normal_play,0.0054
5053.5,5058.5,that goal 34 years of age the crossfield bomb,normal_play,0.0054
5058.0,5063.0,the crossfield bomb on dohan fandemervas side he leaves it for olliv smith,normal_play,0.0054
5062.5,5067.5,he is caught and support though fandemerva,normal_play,0.0054
5067.0,5072.0,fandemerva wrapped up hes not been able to get those giant thighs free,normal_play,0.0054
5071.5,5076.5,hes not been able to get those giant thighs free and stampeding at any point today charge from jack dempsey,normal_play,0.0054
5076.0,5081.0,charge from jack dempsey russell cummins,normal_play,0.0054
5080.5,5085.5,sutherland what a hemsen puck wow,normal_play,0.0054
5085.0,5090.0,wow about half a ton in body weight sits the big prop down,normal_play,0.0054
5089.5,5094.5,sits the big prop down russell now hugh jones,normal_play,0.0054
5094.0,5099.0,hugh jones introducing olliv smith,normal_play,0.0054
5098.5,5103.5,fandemerva the left handed pass to vipionel,normal_play,0.0054
5103.0,5108.0,the left handed pass to vipionel into the final ten minutes,normal_play,0.0054
5107.5,5112.5,russell wide and flat sutherland again hes created a bit of space for himself,normal_play,0.0054
5112.0,5117.0,hes created a bit of space for himself and from proud town of hoyk in the scottish borders,normal_play,0.0054
5116.5,5121.5,more scotland internationals than any other town as you will see then well call the mark,normal_play,0.0054
5121.0,5126.0,as you will see then well call the mark and take the sting out of this attack,normal_play,0.0054
5125.5,5130.5,a smart play from hugo keenan they dont need to rush this theyve got this game in control,normal_play,0.0054
5130.0,5135.0,theyve got this game in control side air plays yep theyve got their quarter final plays booked,normal_play,0.0054
5134.5,5139.5,theyve got their quarter final plays booked i can step on cant i yeah you can,normal_play,0.0054
5139.0,5144.0,yeah you can the emotional intensity of playing against a team you know this well,normal_play,0.0054
5143.5,5148.5,knowing how much is on the line knowing your world cup can end in the evening really does have a toll on the players,normal_play,0.0054
5148.0,5153.0,really does have a toll on the players,normal_play,0.0054
5152.5,5157.5,russell moves it quickly away to fandemerva,normal_play,0.0054
5157.0,5162.0,fandemerva who in turn asks olliv smith to make the first cut,normal_play,0.0054
5161.5,5166.5,first man whos fine and will steal it back,normal_play,0.0054
5166.0,5171.0,and its irish ball its bundy akeys ball,normal_play,0.0054
5170.5,5175.5,as it has been on so many occasions at this rugby world cup,normal_play,0.0054
5175.0,5180.0,jemison gibson park out of shot is hugging the left touch line,normal_play,0.0054
5179.5,5184.5,he wants the cross kick here it comes from hugo keenan,normal_play,0.0054
5184.0,5189.0,here it comes from hugo keenan ryan crowley now,normal_play,0.0054
5188.5,5193.5,crowley now there is that delicate little boot this one folded by finn russell,normal_play,0.0054
5193.0,5198.0,this one folded by finn russell conor murray wraps him up russell somehow frees up an arm,normal_play,0.0054
5197.5,5202.5,octopus style to two pull or two still going on,normal_play,0.0054
5202.0,5207.0,still going on finn russell has got conor murray pinned for three counts,normal_play,0.0054
5206.5,5211.5,heres russell again,normal_play,0.0054
5211.0,5216.0,heres russell again standing captain ashman,normal_play,0.0054
5215.5,5220.5,smothered over the first scottish try bryce,normal_play,0.0054
5220.0,5225.0,bryce sutherland,normal_play,0.0054
5224.5,5229.5,the atmosphere inside stade de france is quiet as its been all evening irish supporters content but subdued the scotland attack,normal_play,0.0054
5229.0,5234.0,irish supporters content but subdued the scotland attack the spanish fans just hoping for a little more cheer before the final whistle,normal_play,0.0054
5233.5,5238.5,the spanish fans just hoping for a little more cheer before the final whistle russell calls the mark,normal_play,0.0054
5238.0,5243.0,russell calls the mark russell searching for a 50 22 finding only jemison gibson park,normal_play,0.0054
5242.5,5247.5,finding only jemison gibson park,normal_play,0.0054
5247.0,5252.0,that would almost wound up in the parisian flight path,normal_play,0.0054
5251.5,5256.5,it was so high price has found a lot of unguarded space looking for the 50 22,normal_play,0.0054
5256.0,5261.0,looking for the 50 22 the balls going to hold up on the five metre line crowley tracking back,normal_play,0.0054
5260.5,5265.5,crowley tracking back green white hes dropped out of the field,normal_play,0.0054
5265.0,5270.0,hes dropped out of the field i was just going to say theres some men walking out there but you can totally understand at the pace of this game,normal_play,0.0054
5269.5,5274.5,i was just going to say theres some men walking out there but you can totally understand at the pace of this game almost unrelenting,normal_play,0.0054
5274.0,5279.0,almost unrelenting past few minutes the balls scaling the balls going to be a bit more aggressive,normal_play,0.0054
5278.5,5283.5,the balls going to be a bit more aggressive almost unrelenting past few minutes the balls scarcely been off the pitch,normal_play,0.0054
5283.0,5288.0,past few minutes the balls scarcely been off the pitch its hardly been a peep out of nick berrys whistle but theres a light blast there for another irish penalty,normal_play,0.0054
5287.5,5292.5,its hardly been a peep out of nick berrys whistle but theres a light blast there for another irish penalty,penalty,0.6128
5292.0,5297.0,and its jemison gibson park over the ball winning the turnover penalty,penalty,0.6128
5296.5,5301.5,winning the turnover penalty he has been everywhere,penalty,0.6128
5301.0,5306.0,he has been everywhere,penalty,0.6128
5305.5,5310.5,yeah the little man working hard look at him he knows hes not going to get the ball,normal_play,0.0054
5310.0,5315.0,he knows hes not going to get the ball he just wants the penalty for his club it just seems rob that so much has happened in front of this irish defensive wall,normal_play,0.0054
5314.5,5319.5,it just seems rob that so much has happened in front of this irish defensive wall the scottish couldnt get him behind and when they did they didnt get the off post they needed,normal_play,0.0054
5319.0,5324.0,the scottish couldnt get him behind and when they did they didnt get the off post they needed and its played into the hands of the irish team,normal_play,0.0054
5323.5,5328.5,and its played into the hands of the irish team quite enjoyed the secondary tackle as well from ireland,normal_play,0.0054
5328.0,5333.0,quite enjoyed the secondary tackle as well from ireland and theyre not just content with that first up hit theyre looking to try and secure the ball,normal_play,0.0054
5332.5,5337.5,stop that off load and look the runners track them all the way through and its been brilliant how theyve done it even at the point of absolute exhaustion they still look organised,normal_play,0.0054
5337.0,5342.0,even at the point of absolute exhaustion they still look organised,normal_play,0.0054
5341.5,5346.5,that pe a baiona rings around stade de france,normal_play,0.0054
5346.0,5351.0,that pe a baiona rings around stade de france the adopted anthem of the french people,normal_play,0.0054
5350.5,5355.5,the adopted anthem of the french people,normal_play,0.0054
5355.0,5360.0,look at those stats ireland making the vast majority of the tackle,lineout,0.4726
5359.5,5364.5,ireland making the vast majority of the tackle theyve been asked to,lineout,0.4726
5364.0,5369.0,its under five,lineout,0.4726
5368.5,5373.5,okay thats stop lines,lineout,0.4726
5373.0,5378.0,final five minutes of the match,maul,0.2536
5377.5,5382.5,contest dominated by ireland tackle release,maul,0.2536
5382.0,5387.0,tackle release five minutes from the quarterfinals and from another blockbuster date with new zealand and the all blacks,normal_play,0.0054
5386.5,5391.5,five minutes from the quarterfinals and from another blockbuster date with new zealand and the all blacks,normal_play,0.0054
5391.0,5396.0,irelands attack has been excellent,normal_play,0.0054
5395.5,5400.5,irelands attack has been excellent irelands defence too they conceded 13 try in 11 matches in 2023,normal_play,0.0054
5400.0,5405.0,they conceded 13 try in 11 matches in 2023 its up to 15 and 12 now,normal_play,0.0054
5404.5,5409.5,its up to 15 and 12 now its been so impressive and for once the attack,normal_play,0.0054
5409.0,5414.0,and for once the attack thwarted by scotland who set up the ball,normal_play,0.0054
5413.5,5418.5,and its been a great match irelands defence has been excellent irelands defence too,normal_play,0.0054
5418.0,5423.0,irelands defence too they conceded 13 try in 11 matches in 2023,normal_play,0.0054
5422.5,5427.5,they conceded 13 try in 11 matches in 2023 theyve got them all might have to put in at this scrimmage,normal_play,0.0054
5427.0,5432.0,might have to put in at this scrimmage not that many people have played test rugby,normal_play,0.0054
5431.5,5436.5,not that many people have played test rugby less have played it at a world cup venue in a crucial must win pool stage,normal_play,0.0054
5436.0,5441.0,less have played it at a world cup venue in a crucial must win pool stage you cant really fault either side theyve just put in so much work here,normal_play,0.0054
5440.5,5445.5,theyve just put in so much work here but obviously the irish have just showed that class just showed that cohesion i think,normal_play,0.0054
5445.0,5450.0,just showed that cohesion i think they seem to have more options in the opposition,normal_play,0.0054
5449.5,5454.5,they seem to have more options in the opposition theyve carved up the scots early on its a really really tight outfit right now rob brickham,normal_play,0.0054
5454.0,5459.0,its a really really tight outfit right now rob brickham the other teams were looking in as to how to get in amongst this irish team,normal_play,0.0054
5458.5,5463.5,the other teams were looking in as to how to get in amongst this irish team so many senior vets like that who are leading the charge,normal_play,0.0054
5463.0,5468.0,so many senior vets like that who are leading the charge quality throughout the side and i think thats whats key to it all,normal_play,0.0054
5467.5,5472.5,they are so comfortable in how they play ireland you know their formations you know their structures you can analyse them until youve got no time left in the week,normal_play,0.0054
5472.0,5477.0,you can analyse them until youve got no time left in the week hes just trying to stop it,normal_play,0.0054
5476.5,5481.5,players in motion their efficiency and interplay is what is setting them aside at the moment and their strength and depth is just ridiculous,normal_play,0.0054
5481.0,5486.0,and their strength and depth is just ridiculous yeah that efficiency they dont seem to waste much energy out there,normal_play,0.0054
5485.5,5490.5,they dont seem to waste much energy out there and their lines have run its such a well rehearsed team,normal_play,0.0054
5490.0,5495.0,its such a well rehearsed team its a credit its a journey this irish team has been on jamie,normal_play,0.0054
5494.5,5499.5,as you know youve been watching it from across the water there theyve put in so much work for such a long time to get to this stage,normal_play,0.0054
5499.0,5504.0,theyve put in so much work for such a long time to get to this stage there were bleak days in the 80s and the 90s for irish rugby,normal_play,0.0054
5503.5,5508.5,there were bleak days in the 80s and the 90s for irish rugby when they lost to all manner of teams from all manner of countries,scrum,0.4877
5508.0,5513.0,when they lost to all manner of teams from all manner of countries,scrum,0.4877
5512.5,5517.5,they lost two out of two to namibia they lost ten out of eleven to scotland,scrum,0.4877
5517.0,5522.0,they lost ten out of eleven to scotland eleven out of eleven to england they lost to samoa to italy,scrum,0.4877
5521.5,5526.5,no longer no longer,scrum,0.4877
5526.0,5531.0,no longer so many people have contributed and know our colleague hugo mcneil talks about the school system,scrum,0.4877
5530.5,5535.5,so many people have contributed and know our colleague hugo mcneil talks about the school system particularly the register school system,scrum,0.4877
5535.0,5540.0,particularly the register school system the likes of david musa for us i work with stephen aboud who put a lot of time in that program,normal_play,0.0054
5539.5,5544.5,i work with stephen aboud who put a lot of time in that program so many have built this up,normal_play,0.0054
5544.0,5549.0,so many have built this up school teachers academy teachers and this is the result,normal_play,0.0054
5548.5,5553.5,theyre the best team in the world and for me theyve got to be the favourites going into these quarterfinals,normal_play,0.0054
5566.5,5571.5,crouch,scrum,0.3423
5571.0,5576.0,crouch fine,scrum,0.3423
5575.5,5580.5,fine set,scrum,0.3423
5580.0,5585.0,set ireland penalty,penalty,0.4031
5584.5,5589.5,elbow down hinge youre lucid elbow down hinge,penalty,0.4031
5589.0,5594.0,youre lucid elbow down hinge elbow down hinge,penalty,0.4031
5593.5,5598.5,just to explain hinging is at the waist holding that weight,normal_play,0.0054
5598.0,5603.0,holding that weight probably some important minutes here for the substitute there,normal_play,0.0054
5602.5,5607.5,probably some important minutes here for the substitute there the youngster jack crowley,normal_play,0.0054
5607.0,5612.0,the youngster jack crowley hasnt all gone his way since hes been on there but you cant replicate this environment and the importance of it,normal_play,0.0054
5611.5,5616.5,but you cant replicate this environment and the importance of it looking at some of the stats on our monitor in front of us,normal_play,0.0054
5616.0,5621.0,looking at some of the stats on our monitor in front of us some of the tackle numbers from ireland 21 apiece made by josh fundeflair and cailan dorris in the irish back row,normal_play,0.0054
5620.5,5625.5,21 apiece made by josh fundeflair and cailan dorris in the irish back row most of the pack well into double figures,lineout,0.2467
5625.0,5630.0,most of the pack well into double figures bundy bundee aki too and now they have a chance to drive another dagger between scottish ribs,lineout,0.2467
5629.5,5634.5,and now they have a chance to drive another dagger between scottish ribs,lineout,0.2467
5634.0,5639.0,and now they have a chance to drive another dagger between scottish ribs here goes the splinter group,lineout,0.2467
5638.5,5643.5,fundeflair and kelliher in there scotland dragging towards the touch line,normal_play,0.0054
5643.0,5648.0,scotland dragging towards the touch line and the ball is available so murray plays it away,normal_play,0.0054
5647.5,5652.5,ireland on the hunt for their seventh try of the night murray dorris,normal_play,0.0054
5652.0,5657.0,murray dorris tackle release,normal_play,0.0054
5656.5,5661.5,tackle release met hard and met early on the game line murray plays once more to fundeflair,normal_play,0.0054
5661.0,5666.0,murray plays once more to fundeflair massive power to weight ratio,penalty,0.4057
5665.5,5670.5,the explosive flanker and another scottish penalty conceded,penalty,0.4057
5670.0,5675.0,and another scottish penalty conceded tackle is complete and he still played the ball there hes got to release the tackler,penalty,0.4057
5674.5,5679.5,hes got to release the tackler ireland managing the clock here,penalty,0.4057
5679.0,5684.0,ireland managing the clock here you mentioned the back rowers fundeflair and dorris,try,1.0
5683.5,5688.5,you cant do what ireland done here tonight without those men doing the work,try,1.0
5688.0,5693.0,without those men doing the work the body of work hes had 42 tackle between them constant work and theyre still going to pound away at the scottish line,try,1.0
5692.5,5697.5,constant work and theyre still going to pound away at the scottish line here we go lorden kelliher a little false start,try,1.0
5697.0,5702.0,lorden kelliher a little false start now he goes this has been a pummeling from the irish pack,try,1.0
5701.5,5706.5,this has been a pummeling from the irish pack and they are hungry for more,try,1.0
5706.0,5711.0,and they are hungry for more finlay bealham hoovers up another irish try,try,1.0
5710.5,5715.5,finlay bealham hoovers up another irish try,try,1.0
5715.0,5720.0,finlay bealham hoovers up another irish try the demolition job is complete,normal_play,0.0054
5719.5,5724.5,there is a clear knock on by green beforehand clear knock on no need to review or not,normal_play,0.0054
5724.0,5729.0,clear knock on no need to review or not there was a knock on in the back beforehand were going to have to play the strum,normal_play,0.0054
5728.5,5733.5,were going to have to play the strum stop the music stop the commentator finlay bealham denied the try,normal_play,0.0054
5733.0,5738.0,finlay bealham denied the try its not going to matter in the grand scheme of things,normal_play,0.0054
5737.5,5742.5,but there was a little fumble of an irish fingertip,normal_play,0.0054
5742.0,5747.0,of an irish fingertip in the build up im not sure who it was,normal_play,0.0054
5746.5,5751.5,so a couple of minutes left in fact the clock is about to tick into the red garrison time to anoint your master card player of the match,normal_play,0.0054
5751.0,5756.0,time to anoint your master card player of the match yeah outstanding work,normal_play,0.0054
5755.5,5760.5,started at scrum half for all the key moments then moved out to the wing jamison gibson park your master card player of the match,normal_play,0.0054
5760.0,5765.0,jamison gibson park your master card player of the match,normal_play,0.0054
5764.5,5769.5,saw his attacking stats there one of his most impressive interventions was,normal_play,0.0054
5769.0,5774.0,one of his most impressive interventions was belt in rory sutherland big beefy scottish proper full tilt,scrum,0.4877
5773.5,5778.5,big beefy scottish proper full tilt one v one on the wing andy farrell knows the job is done,scrum,0.4877
5778.0,5783.0,andy farrell knows the job is done claps and his features appearing on the big screen,scrum,0.4877
5782.5,5787.5,and his features appearing on the big screen has met with a ripple of approval,scrum,0.4877
5787.0,5792.0,has met with a ripple of approval from this huge irish crowd clock is red,scrum,0.4877
5791.5,5796.5,clock is red last act for scotland at the rugby world cup 2023,scrum,0.4877
5796.0,5801.0,last act for scotland at the rugby world cup 2023 theyve got to go from 90 metres just for a consolation try,normal_play,0.0054
5800.5,5805.5,just for a consolation try how much do they want it,normal_play,0.0054
5805.0,5810.0,how much do they want it how much energy do they have left sutherland again fandem erba,normal_play,0.0054
5809.5,5814.5,sutherland again fandem erba still plenty of running left in those big legs the first time he makes metres its coming to eighty first minute,normal_play,0.0054
5814.0,5819.0,the first time he makes metres its coming to eighty first minute and then scotland throw it away,normal_play,0.0054
5818.5,5823.5,and then scotland throw it away ireland have it back and ireland end the match,normal_play,0.0054
5823.0,5828.0,and ireland end the match,normal_play,0.0054
