start_time,end_time,text,event_class,highlight_score
0.0,4.0,a referee has been on team from new,kick_off,0.3936
3.5,7.5,on team from new zealand touch judges matthew rannell james dolman,kick_off,0.3936
7.0,11.0,dolman brendan pickle is a tv match official,normal_play,0.0
10.5,14.5,number one in the world ireland take on the defending,normal_play,0.4032
14.0,18.0,take on the defending champion south africa its a poobee match which could,normal_play,0.4032
17.5,21.5,which could easily be as tight as a facelift welcome to start the france,normal_play,0.4032
21.0,25.0,to start the france straight away its damian villainsa into the fray hes upended south,normal_play,16.0
24.5,28.5,upended south africa in their white jersey their third strip at this rugby,normal_play,16.0
28.0,32.0,strip at this rugby will come bafta klack looking to go wide early on and its been,normal_play,16.0
31.5,35.5,and its been spilt on that far side by ches and,normal_play,32.0
35.0,39.0,colby,normal_play,32.0
38.5,42.5,ambitious from south africa straight off the,normal_play,32.0
42.0,46.0,straight off the start the kick from milan coming straight down the middle i think bafta klack,normal_play,32.0
45.5,49.5,bafta klack just a little bit of extra nervous energy in that pass probably overcooked,normal_play,32.0
49.0,53.0,pass probably overcooked a little bit normally,normal_play,48.0
52.5,56.5,normally so efficient getting out of this part of,normal_play,48.0
56.0,60.0,of the game lets go,normal_play,56.0
59.5,63.5,time off,normal_play,56.0
63.0,67.0,off look at this for a statement off the opening chase,normal_play,56.0
66.5,70.5,opening chase thumbs off its kalliar gets what a technique in,normal_play,56.0
70.0,74.0,a technique in the tackle drives villainsa back weve got a little bit,normal_play,56.0
73.5,77.5,weve got a little bit of an early issue for josh vandevleer,normal_play,48.0
77.0,81.0,vandevleer here hes getting a bit of treatment chalking,normal_play,48.0
80.5,84.5,chalking it over head coach took the role in 2020 he needs his position off,normal_play,80.0
84.0,88.0,needs his position off of this to replace stuart lancaster as leinsters head coach,normal_play,80.0
87.5,91.5,head coach andy farrell there since 2016 as an,normal_play,80.0
91.0,95.0,2016 as an assistant but head coach since 2019 hes 33,normal_play,80.0
94.5,98.5,hes 33 out of 40 tests and that is an outstanding record hes going very,normal_play,0.0
98.0,102.0,hes going very smartly indeed but this is the biggest test of all,normal_play,0.0
101.5,105.5,all rugby world cup,normal_play,0.0
105.0,109.0,this crowd is absolutely electric ill tell you what,normal_play,104.0
108.5,112.5,tell you what irelands warm up song,normal_play,104.0
112.0,116.0,warm up song today was a smoke on the water by deep purple but in this stadium at the moment,lineout,0.4726
115.5,119.5,stadium at the moment it is a sea of green they were expecting around 30 0,lineout,0.4726
119.0,123.0,around 30 0 irish fans to come to start to france today but it certainly,normal_play,112.0
122.5,126.5,it certainly sounds like more it is absolutely incredible,normal_play,0.4032
126.0,130.0,incredible the pitch side hes undone stanford with olympia time mitchell,normal_play,0.4032
129.5,133.5,olympia time mitchell pinch at the line of time for south africa,normal_play,0.4032
133.0,137.0,he comes away though for ireland down the,normal_play,128.0
136.5,140.5,ireland down the right they go gibson park shifts it fords,normal_play,0.4032
140.0,144.0,it fords looking for some work around the fringes,normal_play,0.4032
143.5,147.5,ty burne such an experienced player puts his head down,normal_play,0.0
147.0,151.0,puts his head down does the monster man gibson park yet again to the left,normal_play,0.4032
150.5,154.5,again to the left thats our centre gary ringrose cuts it nicely into the,normal_play,0.4032
154.0,158.0,nicely into the 22 its ireland now that are building their phases,normal_play,0.4032
157.5,161.5,building their phases nicely early on burne again for the second carry,normal_play,0.0
161.0,165.0,johnny sexton finds his full back hugo hugo keenan one day,normal_play,0.4032
164.5,168.5,hugo keenan one day for the fox such a cunning player with advantage to the,normal_play,0.4032
168.0,172.0,advantage to the irish side now tadhg furlong turns it to vande bundee aki,penalty,0.6128
171.5,175.5,vande bundee aki hes 50th international for his country,penalty,0.6128
175.0,179.0,ireland go to the right its a big pass and a lot of time,normal_play,0.0
178.5,182.5,a lot of time for the copy to react hell stay,normal_play,0.0
182.0,186.0,stay with ireland,normal_play,0.0
185.5,189.5,an early look at that ireland attack the deception at play is quite fantastic,normal_play,0.0
189.0,193.0,is quite fantastic already weve seen those passes fizzed across the front of,normal_play,0.4032
192.5,196.5,the front of players as a defender it looks like theyre going to receive it and,normal_play,0.4032
196.0,200.0,it and then it goes to the next man keeping on their rock speed as well,normal_play,0.1639
199.5,203.5,well irelands rock speed so far fastest in the tournament,normal_play,0.1639
203.0,207.0,tournament less than three seconds per rock,normal_play,0.0
206.5,210.5,per rock and they are here to play,normal_play,0.0
210.0,214.0,play johnny sexton will pop this one in the corner,normal_play,0.0
213.5,217.5,corner jimmy good space good set up one of,normal_play,0.0
217.0,221.0,one of the 7 0 irish bars around the,lineout,0.4726
220.5,224.5,around the globe certainly enjoying this endeavour from the irish side,lineout,0.4726
224.0,228.0,irish side how many 20 try in the opening,normal_play,0.4032
227.5,231.5,try in the opening two matches more passes in,normal_play,0.4032
231.0,235.0,passes in those two games than they did in the whole of the last rugby world,normal_play,0.4032
234.5,238.5,of the last rugby world cup to the front they go ty burne clon pinch and its hoofed downfield,normal_play,0.4032
238.0,242.0,and its hoofed downfield by colby not out,normal_play,0.4032
241.5,245.5,left behind from matt hanson,normal_play,0.4032
245.0,249.0,and so im going to go quickly,normal_play,0.4032
248.5,252.5,fafnuklaj spots a bit of space and its an awkward bounce but,normal_play,0.4032
252.0,256.0,awkward bounce but its good for south africa kirk lee aronson has it look out,normal_play,0.4032
255.5,259.5,out creels on the inside big jesse creel into the 22,normal_play,0.4032
259.0,263.0,22 and a clean up from dlendy through the legs it goes,normal_play,0.4032
262.5,266.5,goes seven style play there from fafnuklaj game back,normal_play,0.0
266.0,270.0,game back on just bevissa,normal_play,0.0
269.5,273.5,south east big step damian villamse,normal_play,0.4032
273.0,277.0,does well inside the 22 the ball is now for the spring box,normal_play,0.4032
276.5,280.5,the spring box declare works the short,normal_play,0.4032
280.0,284.0,works the short side to his captain sia konlisi,normal_play,0.4032
283.5,287.5,got the penalty,normal_play,0.4032
287.0,291.0,blungie in the non beats big carry from the,normal_play,0.4032
290.5,294.5,from the hooker vissar again for the second time irelands,normal_play,0.4032
294.0,298.0,irelands wall holding strong here comes,normal_play,0.4032
297.5,301.5,comes yvonne etzeved man thats built like a,penalty,0.6128
301.0,305.0,like a bulgarian vending machine to the right it goes again creel trying to skip,penalty,0.6128
304.5,308.5,creel trying to skip through knock back to peter step datoit,penalty,0.6128
308.0,312.0,peter step datoit and it will be a penalty for,penalty,0.6128
311.5,315.5,penalty for south africa what an entertaining opening for minutes,normal_play,312.0
315.0,319.0,minutes,normal_play,312.0
318.5,322.5,dream straight at the top off feet to me you know a shot there,normal_play,312.0
322.0,326.0,you know a shot there datoit we just saw hes getting some treatment on the ground now he,normal_play,312.0
325.5,329.5,now he got hit a little bit late yeah i think james ryan went straight through him there,normal_play,312.0
329.0,333.0,straight through him there,normal_play,320.0
332.5,336.5,there,normal_play,320.0
336.0,340.0,and the eyes up to the coaching box to see what kind of traffic,normal_play,336.0
339.5,343.5,of traffic lights are flashing on shots called two,normal_play,336.0
343.0,347.0,two meters theres the ambition,normal_play,336.0
346.5,350.5,theres the ambition from south africa its a pretty loose kick but the bounce,normal_play,336.0
350.0,354.0,but the bounce did aronsson a bit of a favour were,normal_play,336.0
353.5,357.5,were roniners he dished it back inside to creel who,normal_play,0.0
357.0,361.0,to creel who was supporting ringrose with the scramble,normal_play,0.0
360.5,364.5,with the scramble tackle and nearly on the pinch we didnt see anything,normal_play,360.0
364.0,368.0,see anything he was furious wasnt it,normal_play,360.0
367.5,371.5,it from south africa and theres a little look at bit of afters,normal_play,360.0
371.0,375.0,bit of afters so there we go area which theyve struggled in this,normal_play,360.0
374.5,378.5,theyve struggled in this rugby world cup 10 out of 18 kicks theyve used,goal_kick,0.8688
378.0,382.0,theyve used it monty leboc can picture its,goal_kick,0.8688
381.5,385.5,its a big part of winning,goal_kick,0.8688
385.0,389.0,of winning rugby world cup matches,goal_kick,0.6467
388.5,392.5,so the fly off from the stormers,goal_kick,0.6467
392.0,396.0,stormers south africas first shot at goal,normal_play,0.0
395.5,399.5,at goal,normal_play,0.0
399.0,403.0,monty leboc,normal_play,0.0
402.5,406.5,monty leboc turns the,normal_play,0.0
406.0,410.0,the ball around hes got it three nothing off the fly,normal_play,0.0
409.5,413.5,fly,normal_play,0.0
413.0,417.0,theres the look at the infringement nice,kick_off,0.2729
416.5,420.5,infringement nice one for monty leboc to set himself in hes been backed by coach and,kick_off,0.2729
420.0,424.0,coach and captain in terms of his kicking hes only on 40 kicking,normal_play,0.0
423.5,427.5,kicking thats a nice one to get off the,normal_play,0.3417
427.0,431.0,the board sexta down,normal_play,0.3417
430.5,434.5,sexta down the middle,normal_play,432.0
434.0,438.0,the middle franco mustard is there places rugby with,normal_play,432.0
437.5,441.5,rugby with the heat in japan cant use it,normal_play,0.4032
441.0,445.0,cant use it crack the crack 50th cap against scotland,normal_play,0.4032
444.5,448.5,against scotland during this rugby world cup six season with the spring box he,normal_play,0.4032
448.0,452.0,the spring box he goes to the air colby comes down,normal_play,0.4032
451.5,455.5,down a bunch of green jerseys hanson does really well does the right wing,normal_play,0.4032
455.0,459.0,the right wing up for ireland they have it at the half way line no,normal_play,0.4032
458.5,462.5,jamison gibson park theres scrumhoff one of,normal_play,0.0
462.0,466.0,scrumhoff one of 11 blenstam in the,normal_play,0.0
465.5,469.5,the starting side,penalty,0.6128
469.0,473.0,very familiar with their team at johnny sexton try to get it away,penalty,0.6128
472.5,476.5,it away f the crack comes flying in penalty ireland,normal_play,0.0
476.0,480.0,ireland no,normal_play,0.2795
479.5,483.5,no attempt to catch the ball hes just hit that on the short pass,normal_play,0.2795
483.0,487.0,short pass apparently only players,normal_play,0.0
486.5,490.5,apparently only players outside,normal_play,488.0
493.5,497.5,its a really fascinating little tactical,normal_play,488.0
497.0,501.0,little tactical battle ireland playing with that flat attack,normal_play,488.0
500.5,504.5,flat attack johnny sexton taking it right close to the line and against the,normal_play,488.0
504.0,508.0,and against the line speed of south africa its a real challenge see,lineout,0.4726
507.5,511.5,see he holds his feet stands still to try and play around the line speed,lineout,0.4726
511.0,515.0,the line speed after the crack absolutely flies off the line doesnt,normal_play,0.0
514.5,518.5,off the line doesnt he such an acceleration,normal_play,0.0
518.0,522.0,an acceleration as the scrumhoff and now its ronan kelleher,normal_play,0.0
521.5,525.5,ronan kelleher again theyve had a trouble at line up time,normal_play,0.0
525.0,529.0,two knock ons first by ireland at the line up,normal_play,0.0
528.5,532.5,up johnny sexton south africa south africa scrum two loose,normal_play,0.0
532.0,536.0,two loose ones thought the battle at scrum and line up would,normal_play,0.0
535.5,539.5,and line up would be fascinating tonight i actually thought it would be an area where ireland might get a bit of change,normal_play,0.0
539.0,543.0,a bit of change james ryan will be,normal_play,0.0
542.5,546.5,be making the calls in there first scrum stability,normal_play,0.0
546.0,550.0,scrum stability at the bind good weight at the sit balance lost one at the front,normal_play,0.0
549.5,553.5,at the front it was dutoy getting up south africa earlier on great speed,normal_play,0.0
553.0,557.0,great speed and that one would look like it was just an overthrow when youre trying to throw it,scrum,0.4877
556.5,560.5,youre trying to throw it between jumpers like etzabeth and dutoy,scrum,0.4877
560.0,564.0,and dutoy and the likes of them youve got to be on your money,scrum,0.4877
563.5,567.5,many intriguing match ups we see scrum,scrum,0.4877
567.0,571.0,scrum time there we get,normal_play,560.0
570.5,574.5,there we get they won 34 scrum this year coming into this tournament out of,normal_play,560.0
574.0,578.0,tournament out of 34 but they lost one of their own against romania and one against scotland,normal_play,560.0
577.5,581.5,one against scotland ireland a quarter,normal_play,0.0
581.0,585.0,ireland a quarter back he went early next one is a penalty wait for michael a kick to the spring box,normal_play,0.0
584.5,588.5,box,normal_play,0.0
588.0,592.0,another scrum we all came in early,normal_play,0.0
591.5,595.5,all came in early wait for the call,normal_play,0.0
595.0,599.0,im next,normal_play,0.0
598.5,602.5,im next ones a penalty waits for the timing of,normal_play,0.0
602.0,606.0,of the call kiczof wants to go again id say furlough,normal_play,0.0
605.5,609.5,id say furlough wouldnt mind a bit of that theyll look to right or wrong in this one,normal_play,0.0
609.0,613.0,one take two,scrum,0.4588
619.5,623.5,coach,scrum,0.4588
623.0,627.0,boyne cid,normal_play,0.4032
626.5,630.5,keep it up now,normal_play,0.4032
630.0,634.0,chesman colby lurking behind faf de klaag,normal_play,0.4032
633.5,637.5,faf de klaag its come time visser picks up,normal_play,0.0
637.0,641.0,bashes his way upfield here here here,normal_play,0.3502
640.5,644.5,de klaag looks for peter steffert to tweet,normal_play,0.3502
644.0,648.0,stadapikas rugby player of the year three times,normal_play,0.0
647.5,651.5,okay use it bring on some,normal_play,0.4032
651.0,655.0,bring on some dude box one high again,normal_play,0.4032
654.5,658.5,again another excellent take and an absolutely,penalty,0.6128
658.0,662.0,take and an absolutely eaten on the ground is mack hanson,penalty,0.6128
661.5,665.5,hanson violent,normal_play,648.0
665.0,669.0,youre fine youre on the wrong side youve got to roll quicker if i want,normal_play,0.0
668.5,672.5,if i want a reward too youre okay its just fours on the wrong side,normal_play,0.0
672.0,676.0,nice,normal_play,0.0
675.5,679.5,nice explain by ben o keefe the jackal bongi on benambi,normal_play,0.4032
679.0,683.0,bongi on benambi on the jackal which was legit i was really happy with that contest i thought,normal_play,0.4032
682.5,686.5,contest i thought he was off your arm i thought your elbow was up as well but it was,normal_play,680.0
686.0,690.0,but it was even etz tabeth just lying on the wrong side deemed,normal_play,680.0
689.5,693.5,side deemed to be creating a hurdle for the clearers were playing guys were going to keep,normal_play,0.0803
693.0,697.0,guys were going to keep playing what about that scrum,normal_play,0.0803
700.0,704.0,the irish forwards reckon that they took,normal_play,0.4032
703.5,707.5,that they took great confidence from that win against south africa back in,normal_play,0.4032
707.0,711.0,back in november even a couple of the backs have attended the scrum sessions this,normal_play,0.0
710.5,714.5,sessions this week so some education in the dark arts of course south africa poses,normal_play,0.0
714.0,718.0,south africa poses such a physical challenge but theyre also technically smart,normal_play,0.0
717.5,721.5,technically smart so this is going to be a huge challenge for ireland,normal_play,0.0
724.5,728.5,yeah now there in their look on,lineout,0.4726
728.0,732.0,some of the extras 11 players from ireland 11 from south africa who played,normal_play,0.0
731.5,735.5,africa who played in that last game well here,normal_play,0.4032
735.0,739.0,well here tonight 1960 was a score there ireland winning by three traditionally been very,normal_play,0.4032
738.5,742.5,traditionally been very close encounters over the top the fourth line up,normal_play,0.0
742.0,746.0,line up goes to the right for andy farrells side,normal_play,0.0
745.5,749.5,farrells side a worrying point for them so far in this game,normal_play,0.4032
749.0,753.0,franco mustard is at the back there,normal_play,0.4032
752.5,756.5,there,normal_play,0.0
756.0,760.0,declack for the touch line this time nice clearance from,normal_play,0.0
759.5,763.5,clearance from the scrum off yes,normal_play,0.0
763.0,767.0,yes lovely techers from fafter clerk there he managed,normal_play,0.0
766.5,770.5,he managed to get his side up towards the 10 from that position hes admirable,normal_play,768.0
770.0,774.0,hes admirable real concern for this ireland line up though,normal_play,768.0
773.5,777.5,up though and perhaps south africa wont mind pumping the ball at the sideline,normal_play,0.4032
777.0,781.0,sideline hes seen five continues to put threat theyre going to go for a,normal_play,0.4032
780.5,784.5,theyre going to go for a five man line out see if they can get,lineout,0.2811
784.0,788.0,can get it right this time pressure on kelleher,normal_play,776.0
787.5,791.5,25 year old hes 24th cap for,normal_play,0.4032
791.0,795.0,24th cap for ireland can he find his mark,normal_play,0.4032
794.5,798.5,mark yes is the answer pidoh mani with a great,normal_play,768.0
798.0,802.0,pidoh mani with a great take in his 100th appearance and now flat ball in the middle from,normal_play,768.0
801.5,805.5,the middle from johnny sexton changes direction ringrose throws a dummy,normal_play,0.4032
808.5,812.5,ireland carry with james ryan,normal_play,0.4032
812.0,816.0,ryan players play over here for ireland in 2019,normal_play,0.4032
815.5,819.5,2019 khaleesi a real nuisance around the,normal_play,0.4032
819.0,823.0,nuisance around the breakdown johnny sexton nice dummy,normal_play,0.4032
822.5,826.5,nice dummy couple of fakes and they go over the top here comes ireland now,normal_play,0.4032
826.0,830.0,comes ireland now beautiful bit of work hugo keenan,normal_play,0.4032
829.5,833.5,the fox gets very close does hugo hugo keenan akir,normal_play,0.4032
833.0,837.0,akir is in there as well kelleher to the right here,normal_play,0.4032
836.5,840.5,here come the irish now kaylen doris,normal_play,0.4032
840.0,844.0,they get very very,normal_play,0.4032
843.5,847.5,very very close,normal_play,0.4032
850.5,854.5,thats off the back of a fabulous sequence,normal_play,832.0
854.0,858.0,sequence of attack they managed to get the line out right this,normal_play,832.0
857.5,861.5,line out right this time and then they were off and running what about the throw over the top,normal_play,832.0
861.0,865.0,the top and then that perfectly great ball and its hugo keenan with,normal_play,832.0
864.5,868.5,hugo keenan with the fend the pirouette and so close,normal_play,0.0
868.0,872.0,guys times all up lets go please,normal_play,0.0
871.5,875.5,speaking to andy farrell pre match even he wasnt sure if they,normal_play,0.0
875.0,879.0,sure if they were going to be able to play that attacking attractive rugby that they have played,normal_play,0.0
878.5,882.5,that they have played in the third leg it was two games given the physicality of the south african side,normal_play,0.0
882.0,886.0,south african side but its pretty clear the intent is there already as we see andre handre pollard,normal_play,0.0
885.5,889.5,we see andre handre pollard there hes gone come back into the south african squad officially,normal_play,0.0
889.0,893.0,squad officially as a replacement for malcolm marks,normal_play,0.0
899.5,903.5,good hide the side,scrum,0.2592
903.0,907.0,great audio there from the crowd as you see it andre handre pollard,scrum,0.2592
906.5,910.5,it andre handre pollard amazing addition,penalty,0.6128
910.0,914.0,amazing addition for cherabagasite kick 22 points to the rugby world,penalty,0.6128
913.5,917.5,the rugby world cup final in 2019 against england recover from his past,penalty,0.6128
917.0,921.0,from his past injury penalty south africa,normal_play,0.0
920.5,924.5,penalty south africa at scrum time hes gone again twice its now a penalty,normal_play,920.0
924.0,928.0,now a penalty yes wait for my call please,normal_play,920.0
931.0,935.0,another early engagement identification from referee ben,normal_play,0.209
934.5,938.5,referee ben akeed i dont think theres a problem when theyre down scrumaging at the moment its just,normal_play,0.0
938.0,942.0,moment its just the process obviously not quite o f a,normal_play,0.0
941.5,945.5,with mr o qus calls or something i need,normal_play,0.0
945.0,949.0,i need you to be able to adapt to the call its slow im waiting for balance and then you can go,normal_play,0.0
948.5,952.5,can go i saw green,lineout,0.3014
952.0,956.0,saw green come first please adapt thank you,lineout,0.3014
955.5,959.5,often its because theyre so desperate to meet the hit against the strong scrumaging side,normal_play,0.0
959.0,963.0,scrumaging side they dont want to lose that initial hit but at the moment theyre going early,normal_play,0.0
962.5,966.5,early the,normal_play,0.0
966.0,970.0,the south african get their line with eben etzebeth in the front,normal_play,0.0
969.5,973.5,front khaleesi now in midfield with courageous captain tackle,normal_play,0.0
973.0,977.0,captain tackle got his knee on the ground tackle,normal_play,0.4032
976.5,980.5,good turnover good being pinched,normal_play,0.4032
980.0,984.0,pinched up the middle come ireland tight burn and then,normal_play,976.0
983.5,987.5,and then ireland lose it did well to stop the south african captain,normal_play,976.0
987.0,991.0,south african captain knee was on the ground so tackle didnt you get a turnover you get a good turnover knock,normal_play,976.0
990.5,994.5,good turnover knock on try to get my wrist,normal_play,976.0
994.0,998.0,were giving it to you girl,normal_play,976.0
997.5,1001.5,its a crisp seed from le vaux to his skipper,normal_play,976.0
1001.0,1005.0,to his skipper talk to ronan timing he was met pretty smartly by kalan,normal_play,976.0
1004.5,1008.5,smartly by kalan doris they try and do the hold up eventually it ends up being a ruck,normal_play,976.0
1008.0,1012.0,a ruck time off and then burn gets the steal,normal_play,0.0
1011.5,1015.5,gets the steal and its the off line i think he might have dropped one close,normal_play,0.0
1015.0,1019.0,have dropped one close to the line hes shelled another its not going on ill keep working,normal_play,0.0
1018.5,1022.5,ill keep working it was good defensive work theyll be encouraged by that turnover first phase,normal_play,0.0
1022.0,1026.0,first phase the bomb,normal_play,0.0
1025.5,1029.5,the bomb squad seven and one split on the bench so much chat about that of course,normal_play,0.0
1029.0,1033.0,that of course since they use it against new zealand in the warm ups okay ireland,normal_play,0.0
1032.5,1036.5,ups okay ireland yeah seating at a premium on,normal_play,0.0
1036.0,1040.0,premium on that bench with seven forwards taking up all the space,normal_play,0.0
1039.5,1043.5,the space tobias reinhardt the only lucky back to make the cut,normal_play,0.0
1043.0,1047.0,make the cut but i love it i think it reminds us that rugby is about,normal_play,0.0
1046.5,1050.5,that rugby is about the skill set not just the number on your back i think thats a useful thing to,normal_play,0.0
1050.0,1054.0,thing to remind youngsters of you know dont think too much about the position,normal_play,0.0
1053.5,1057.5,about the position youre playing its as much just what you bring to the,normal_play,0.0
1057.0,1061.0,what you bring to the game you bring that wherever you play okay were ready to go,normal_play,0.0
1060.5,1064.5,opposition fans question the decision so im sad,normal_play,0.0
1064.0,1068.0,the but is nervous as a long tailed cat in a room filled with,normal_play,1064.0
1067.5,1071.5,filled with rocking chairs but it worked for them in the past,normal_play,1064.0
1071.0,1075.0,ireland wait for the call its a good thing,normal_play,1064.0
1074.5,1078.5,the call its a good thing innovation its good for the game breaking the mould as weve seen,normal_play,1064.0
1078.0,1082.0,as weve seen the south africa team do before its creative well,normal_play,1064.0
1081.5,1085.5,well see how it goes over the course of this game,normal_play,0.0
1085.0,1089.0,game jacques nineber admit that there was an element of,normal_play,0.0
1088.5,1092.5,was an element of risk to picking a 7 1 split on the,scrum,0.4377
1092.0,1096.0,split on the bench but there was an element of risk in everything in rugby you could get a red card early,scrum,0.2502
1095.5,1099.5,red card early so it was a risk they were willing to take yeah you saw that,scrum,0.2502
1099.0,1103.0,yeah you saw that thats true nineber and,scrum,0.4377
1102.5,1106.5,the brain stress of,normal_play,1104.0
1106.0,1110.0,the springboks who of course won the last one,normal_play,1104.0
1109.5,1113.5,one played in seven of the nine rugby world cups up the clack,normal_play,1104.0
1113.0,1117.0,the clack comes to willemsa played fly off as well,normal_play,1104.0
1116.5,1120.5,well early in this tournament both full backs having some strong feet,normal_play,1104.0
1120.0,1124.0,some strong feet here comes the giant frame of eben etzebeth that,normal_play,1120.0
1123.5,1127.5,eben etzebeth that takes his shot as well to the ground the,normal_play,1120.0
1127.0,1131.0,the clack wanting a quicker ball for livock to,penalty,0.6128
1130.5,1134.5,for livock to attack with here comes umbenami nineber on the ball,penalty,0.6128
1134.0,1138.0,nineber on the ball wide ball from pfaff,penalty,0.6128
1137.5,1141.5,pfaff finds adensep good tackle low gets,normal_play,0.0
1141.0,1145.0,tackle low gets in as well its ireland that stopped this attack and,normal_play,0.0
1144.5,1148.5,attack and draw the penalty as well,normal_play,0.4032
1151.5,1155.5,i always think back three players get particularly fired up when,normal_play,0.0
1155.0,1159.0,particularly fired up when they get a turnover james does really good over the ball hes also,normal_play,0.0
1158.5,1162.5,hes also got an absolutely monster boot on him,normal_play,0.0
1162.0,1166.0,hes pretty smart with ball in hand as well,normal_play,0.0
1165.5,1169.5,well such a weapon for this irish side the,normal_play,0.1712
1169.0,1173.0,the defence has been good the opening 16,normal_play,0.1712
1172.5,1176.5,opening 16 or so minutes of this game,normal_play,0.0
1176.0,1180.0,game works,normal_play,0.0
1179.5,1183.5,works hard on the step here met you everyone at the front cross over back,normal_play,0.0
1183.0,1187.0,back successful time tonight hes got a receiver,normal_play,0.0
1186.5,1190.5,hes got a receiver two metres hes in villain style gets his naughty feet out theres,normal_play,0.0
1190.0,1194.0,out theres the turnover manages to get a hand on the ball supporting,normal_play,0.0
1193.5,1197.5,supporting his own weight nice and low great technique,normal_play,0.0
1197.0,1201.0,here we go can ronan kelleher,normal_play,0.0
1200.5,1204.5,kelleher andrew come down,normal_play,1200.0
1204.0,1208.0,come down continue to get line of possession here,normal_play,1200.0
1207.5,1211.5,its the irish side that have won 27 of 29,lineout,0.4726
1211.0,1215.0,of 29 games in the last two years only losing to new zealand and france sit up,lineout,0.4726
1214.5,1218.5,up off the mark managed to work a five man line up earlier with a bit,normal_play,0.0
1218.0,1222.0,earlier with a bit of movement and that was the key,normal_play,0.0
1221.5,1225.5,again its movement this time they come,penalty,0.6128
1225.0,1229.0,this time they come right to the front secure ball kelleher rips it away,penalty,0.6128
1228.5,1232.5,rips it away bundee aki steaming in what a bulldozer,normal_play,0.0
1232.0,1236.0,what a bulldozer he is for the irish side but its south africa,normal_play,0.0
1235.5,1239.5,africa that are all over this one as well,normal_play,0.0
1239.0,1243.0,both sides winning breakdown penalty sevens on the good side,normal_play,0.0
1242.5,1246.5,on the good side nine careful youve got the penalty here it is,normal_play,0.0
1246.0,1250.0,it is side drop the ball a little raff,normal_play,0.0
1249.5,1253.5,a little raff on the wrist for fafta clark for rubbing it in were having a penalty here,normal_play,1248.0
1253.0,1257.0,penalty here expect nothing less from your nine,normal_play,0.1443
1256.5,1260.5,dont get involved youve got the penalty yeah,normal_play,0.1443
1260.0,1264.0,yeah i agree so bandi,normal_play,1248.0
1263.5,1267.5,so bandi bundee aki coming on that hard line i mean he has been ridiculous so,normal_play,0.0
1267.0,1271.0,ridiculous so far theyve had two fairly comfortable games but in,normal_play,0.0
1270.5,1274.5,but in those games hes gone for about 268 metres,lineout,0.3524
1274.0,1278.0,268 metres just top of the tree i think hes been,lineout,0.3524
1277.5,1281.5,hes been praised by anyone whos had him in their fantasy team because hes been scoring,lineout,0.3524
1281.0,1285.0,hes been scoring points wholesale in that,normal_play,0.0
1284.5,1288.5,hes a player you do not look past,normal_play,0.0
1288.0,1292.0,johnny sexton also collecting a ton of points for the irish,normal_play,0.0
1291.5,1295.5,for the irish side last time lebrooke finds arun sir flat ball jesse,normal_play,0.0
1295.0,1299.0,ball jesse krilcum flying in the clack again,normal_play,0.4032
1298.5,1302.5,the clack again nice ball on the inside peter steff the toy,normal_play,0.4032
1302.0,1306.0,toy and its a spring box now they,normal_play,0.4032
1305.5,1309.5,they find themselves on the front foot no no no and benanvi,normal_play,0.4032
1309.0,1313.0,no and benanvi and eben etzebeth in there as well between the legs,normal_play,0.4032
1312.5,1316.5,lebrooke behind the back to dielendi puts,normal_play,0.0
1316.0,1320.0,dielendi puts one to the ground and the inside centre hes,normal_play,0.4032
1319.5,1323.5,hes a bulky frame as well the hands down the chain,normal_play,0.4032
1323.0,1327.0,chain a kick through from damian willemse,normal_play,0.0
1326.5,1330.5,and he has timed that to perfection,normal_play,1328.0
1333.5,1337.5,no it was okay,normal_play,1328.0
1337.0,1341.0,okay real celebration the perfect kick just,normal_play,1328.0
1340.5,1344.5,kick just staying the right side of that flag in the corner come on down,normal_play,1328.0
1344.0,1348.0,corner come on down,normal_play,1328.0
1347.5,1351.5,trouble for gary ringrose,normal_play,1328.0
1351.0,1355.0,hes out of the line out hes out of the line out keep going,lineout,0.1718
1354.5,1358.5,out keep going jimmy line outs on,lineout,0.1718
1358.0,1362.0,on,lineout,0.1718
1361.5,1365.5,islands line out five out,normal_play,0.4032
1365.0,1369.0,five out again shortened numbers to secure,normal_play,0.4032
1368.5,1372.5,to secure possession,normal_play,0.4032
1372.0,1376.0,james ryan is accurate gibson park moves it away here,normal_play,0.0
1375.5,1379.5,here comes cailan doris 25 year old,normal_play,0.4032
1379.0,1383.0,year old island set up the edge of strategy,normal_play,0.4032
1382.5,1386.5,no its not great bearer island in new zealand,normal_play,0.0
1386.0,1390.0,island in new zealand that one charged down,normal_play,0.0
1389.5,1393.5,down he was onside,normal_play,0.0
1393.0,1397.0,was onside the whole time thank you jimmy,normal_play,0.0
1400.0,1404.0,its,lineout,0.1829
1403.5,1407.5,its a big obstacle isnt it when youre trying to box out of there,lineout,0.3827
1407.0,1411.0,portman okay for two hes offside but just about right side of,normal_play,0.0
1410.5,1414.5,about right side of the line two minutes its a real nuisance of line out time as well,normal_play,0.0
1414.0,1418.0,as well,normal_play,0.0
1417.5,1421.5,inaccuracy at line,normal_play,0.0
1421.0,1425.0,inaccuracy at line out time for island could be very costly in this game,normal_play,0.0
1424.5,1428.5,game this is,normal_play,0.0
1428.0,1432.0,this is the last attack for south africa that angle,normal_play,0.0
1431.5,1435.5,angle krills coming on there its really nice,normal_play,0.0
1435.0,1439.0,the slight of hands from marni labot,normal_play,0.0
1438.5,1442.5,from marni labot thats the one that left gary ringrose,normal_play,1440.0
1442.0,1446.0,gary ringrose feeling a little bit rusty tried,normal_play,1440.0
1445.5,1449.5,tried to put the big shot on damian d alandi,normal_play,1440.0
1449.0,1453.0,alandi not easy to do okay 13 green,normal_play,1440.0
1452.5,1456.5,green sub hia,normal_play,1440.0
1456.0,1460.0,in fact ringrose is going off for an hia,normal_play,0.0
1459.5,1463.5,try to hit d alandi,normal_play,0.0
1463.0,1467.0,hit d alandi 106kg or so,normal_play,0.0
1466.5,1470.5,in the,normal_play,0.0
1470.0,1474.0,in the mould of jean de villiers you might say who sat behind us here in the coventry,normal_play,0.0
1473.5,1477.5,in the coventry box not a bad replacement in,normal_play,0.0
1477.0,1481.0,replacement in robbie henshaw there as well for gary ringrose,normal_play,0.0
1480.5,1484.5,same message timing we also have rainer justeco the great,scrum,0.3786
1484.0,1488.0,justeco the great irish legend thats here as well didnt bring his boots he said,scrum,0.3786
1487.5,1491.5,still a rugby world cup record holder with the,scrum,0.3786
1491.0,1495.0,holder with the irish side who have never got past the quarter finals in fact,scrum,0.3596
1494.5,1498.5,fact i wouldnt believe that team to form with this irish side robbie,scrum,0.3596
1498.0,1502.0,robbie henshaw coming in hell need all 70 caps experience,scrum,0.3596
1501.5,1505.5,experience now 71 to defend this scrum,normal_play,0.0
1505.0,1509.0,scrum,normal_play,0.0
1508.5,1512.5,the clap feeds for south africa theyre up 3 0,normal_play,0.0
1512.0,1516.0,21 minutes gone d alandi goes up,normal_play,1512.0
1515.5,1519.5,goes up for the olders damian d alandi within 3,normal_play,1512.0
1519.0,1523.0,within 3 metres south africa on the verge of scoring,normal_play,1512.0
1522.5,1526.5,he just hit the toy stop and the balls been pitched as,normal_play,1512.0
1526.0,1530.0,pitched as well that is excellent from ireland,normal_play,1512.0
1533.0,1537.0,south africa,normal_play,0.0
1536.5,1540.5,south africa scrum taking back south africa scrum,normal_play,0.0
1540.0,1544.0,no its been ripped by green 11 and its gone back,normal_play,0.0
1543.5,1547.5,and its gone back into end goal,normal_play,0.0
1547.0,1551.0,damian d alandi is taking out ireland players,normal_play,0.0
1550.5,1554.5,ireland players one by one,normal_play,0.0
1554.0,1558.0,jimmy moulin leboc pre calling im,normal_play,0.0
1557.5,1561.5,pre calling im pretty sure he was saying you come back against the angle and he almost pre called the,normal_play,0.0
1561.0,1565.0,pre called the step running into johnny johnny sexton he put a good,normal_play,0.0
1564.5,1568.5,put a good shoulder contact but its come off second best,normal_play,0.0
1568.0,1572.0,james low in there again doing a bit of back row work,normal_play,0.0
1571.5,1575.5,maybe save the score,normal_play,0.0
1575.0,1579.0,score you know what will happen thank you real,normal_play,0.0
1578.5,1582.5,real worrying times for johnny johnny sexton the captain of ireland,normal_play,0.0
1582.0,1586.0,one of the most decorated players in the world hes,normal_play,0.0
1585.5,1589.5,hes for cranky world cup,normal_play,0.0
1592.5,1596.5,okay south africa time to go back on please,normal_play,0.0
1596.0,1600.0,please ireland time to go back on please,normal_play,0.0
1599.5,1603.5,please well in the balls live this game is being played,normal_play,1600.0
1603.0,1607.0,is being played at a brilliant pace a great tempo the ball is gone,normal_play,1600.0
1606.5,1610.5,tempo the ball is gone but you see theyre putting their hands in the ground so were going to go for second,normal_play,1600.0
1610.0,1614.0,go for second i agree but were not going to have the ball in the back ill say use it,normal_play,1600.0
1613.5,1617.5,say use it french legend no no,normal_play,1600.0
1617.0,1621.0,no its taken back into end goal by green,normal_play,1616.0
1620.5,1624.5,ive heard you ive heard you,normal_play,1616.0
1624.0,1628.0,theres the marcus in the middle other legends in the house rory mcilroy from,normal_play,1616.0
1627.5,1631.5,rory mcilroy from ireland michael flatley the celebrated irish dancer is,normal_play,1616.0
1631.0,1635.0,irish dancer is here as well,normal_play,0.0
1634.5,1638.5,hes on the back,normal_play,0.0
1638.0,1642.0,hes on the back see the way marnie lebarc has just got his eyes a widened,normal_play,0.0
1641.5,1645.5,eyes a widened at this area of the park when he knows hes getting the chance to create something,scrum,0.3046
1645.0,1649.0,something just at his fast pace energising,scrum,0.1912
1648.5,1652.5,energising presence in this south african back line hes got villams in behind,scrum,0.1912
1652.0,1656.0,got villams in behind him here goal,scrum,0.3046
1655.5,1659.5,goal goal goal goal,normal_play,0.0
1659.0,1663.0,goal goal,normal_play,0.0
1662.5,1666.5,goal,normal_play,0.0
1666.0,1670.0,goal goal,normal_play,0.0
1669.5,1673.5,goal goal,normal_play,0.4032
1673.0,1677.0,sherwood sherwood,normal_play,0.4032
1676.5,1680.5,sherwood no no,normal_play,0.0
1680.0,1684.0,no,normal_play,0.4032
1683.5,1687.5,no van is over,normal_play,0.4032
1687.0,1691.0,no no life big step of his left,normal_play,1688.0
1690.5,1694.5,step of his left gets rid of one does the fullback for south africa,normal_play,0.4032
1694.0,1698.0,south africa vissar skips mostad goes to,normal_play,0.4032
1697.5,1701.5,goes to steven kitschoff the one they call the angry plump,normal_play,0.4032
1701.0,1705.0,plump khaleesi takes goes low,normal_play,1688.0
1704.5,1708.5,bounces out of a couple and a spill has come in there as well,normal_play,1680.0
1708.0,1712.0,there as well,normal_play,1680.0
1715.0,1719.0,i did not see him move,normal_play,0.0
1718.5,1722.5,not see him move this is the set piece its creel again piercing,normal_play,0.0
1722.0,1726.0,again piercing through the middle what a tackle from bandi bundee aki,normal_play,0.0
1725.5,1729.5,bundee aki chops him down eyes on gets low takes the legs,normal_play,0.0
1729.0,1733.0,takes the legs that is fabulous from both centres,normal_play,0.0
1732.5,1736.5,from both centres for all money that was going to,normal_play,0.0
1736.0,1740.0,money that was going to be a score heres the turnover knock on in there,normal_play,0.0
1739.5,1743.5,there james os fired up and why not,normal_play,0.0
1743.0,1747.0,the ireland defence keeping them out just about at the,normal_play,1744.0
1746.5,1750.5,about at the moment the timings much better ireland good patience,normal_play,1744.0
1750.0,1754.0,good patience thats the call,normal_play,1744.0
1767.5,1771.5,five,normal_play,1768.0
1774.5,1778.5,six,normal_play,0.4032
1781.5,1785.5,last side full noise here its dr france johnny sexton,normal_play,1768.0
1785.0,1789.0,france johnny sexton whoops and why k9 hold kick downfield by hugo,normal_play,0.4032
1788.5,1792.5,downfield by hugo hugo keenan the former sevens international,normal_play,0.4032
1792.0,1796.0,ireland work their way up the field jimmy control,normal_play,1792.0
1795.5,1799.5,jimmy control that out,normal_play,1792.0
1799.0,1803.0,thats nifty yeah it is now,normal_play,1792.0
1802.5,1806.5,it is now okay he must have good space south african back throwers are starting back to cover,normal_play,1792.0
1806.0,1810.0,starting back to cover the kick but as the back is the back shift it,normal_play,1792.0
1809.5,1813.5,back shift it means the back three of south africa have to come up which then leaves,lineout,0.3027
1813.0,1817.0,which then leaves that backfield space i actually think hugo hugo keenan is so skillful he,lineout,0.3027
1816.5,1820.5,skillful he probably would have wanted that to roll into the 22 by his own standards,normal_play,1816.0
1820.0,1824.0,standards hes been so impressive really making that 15 jersey his own,normal_play,1816.0
1823.5,1827.5,his own south africa,normal_play,0.4032
1827.0,1831.0,south africa solid with khaleesi,normal_play,0.4032
1830.5,1834.5,so tackle no your hands it no,normal_play,0.4032
1834.0,1838.0,hands it no yeah thank you clack monty leboc goes,normal_play,0.4032
1837.5,1841.5,leboc goes to the sky kirtley arunso comes down,normal_play,0.4032
1841.0,1845.0,what a contest that is arunso wins it,normal_play,0.4032
1844.5,1848.5,wins it another international sevens player lining it up here at the rugby,normal_play,0.4032
1848.0,1852.0,at the rugby world cup low thought about a,normal_play,0.0
1851.5,1855.5,a ireland under pressure in,normal_play,0.4032
1855.0,1859.0,under pressure in their 22,normal_play,0.4032
1858.5,1862.5,josh vanderfleet with a head chair is there as well world rugby,normal_play,1856.0
1862.0,1866.0,well world rugby player of the year in 2022,normal_play,1856.0
1865.5,1869.5,johnny sexton just telling,normal_play,0.2487
1869.0,1873.0,telling his forwards and back no take a step five five,normal_play,0.2487
1872.5,1876.5,five four jamison gibson park use it nine,normal_play,0.0
1876.0,1880.0,no youre still off take a step behind the foot thats,normal_play,0.4032
1879.5,1883.5,foot thats fine thats fine eben etzebeth gets,normal_play,0.4032
1883.0,1887.0,eben etzebeth gets close puts under pressure,normal_play,0.0
1886.5,1890.5,pressure on the ground knocked on by south africa,normal_play,0.0
1890.0,1894.0,goes forward in the air,normal_play,0.0
1893.5,1897.5,in the air thats his 14 almost,normal_play,0.0
1897.0,1901.0,almost feel how nerve racking that must be for gibson park trying,normal_play,0.0
1900.5,1904.5,gibson park trying to box kick under that pressure,normal_play,0.0
1904.0,1908.0,that pressure eben etzebeth yes,normal_play,1904.0
1907.5,1911.5,hugo keane potentially,normal_play,1904.0
1911.0,1915.0,playing arunso in the air there thats pressure i mean that,normal_play,1904.0
1914.5,1918.5,mean that causes gibson park to have to put thumbs off different trajectory,normal_play,1904.0
1918.0,1922.0,different trajectory on his kicks hes got to almost go straight up in the air which is why the ball dropped,normal_play,1904.0
1921.5,1925.5,the ball dropped only about 10 meters ahead of where the rock was,normal_play,0.0
1925.0,1929.0,was but iris chase is able to get up and make a mess of it,normal_play,0.0
1928.5,1932.5,a mess of it yes so electric to see kirtley,normal_play,0.0
1932.0,1936.0,see kirtley 12 try in 12 games,normal_play,0.0
1935.5,1939.5,games brad did you mention hugo keane,normal_play,0.0
1939.0,1943.0,hugo keane hes been 10 try on the score for his country,normal_play,0.0
1942.5,1946.5,country,normal_play,0.0
1946.0,1950.0,cross the olympic games coming here next,normal_play,0.0
1949.5,1953.5,coming here next year to france to this very stadium sevens will be played here inside,normal_play,0.0
1953.0,1957.0,here inside start de france,normal_play,0.0
1956.5,1960.5,what an occasion absolutely okay,normal_play,0.0
1960.0,1964.0,okay were going to restart with the scrum ollumbo,normal_play,0.0
1967.0,1971.0,hell be here watching the sevens in the olympics next year no doubt hes going,normal_play,1968.0
1970.5,1974.5,doubt hes going to be absolutely rocking hes going to be kicking off the olympics feet under,normal_play,1968.0
1974.0,1978.0,under his feet need to come under your elbow needs to come up thats,normal_play,1968.0
1977.5,1981.5,to come up thats the message okay willie larue is not in the,normal_play,1968.0
1981.0,1985.0,is not in the 22 today the 23 today i should say but he is running the water for,normal_play,1968.0
1984.5,1988.5,the water for south africa a couple of experienced,normal_play,0.0
1988.0,1992.0,of experienced water carriers out there its keith earls i think,normal_play,0.0
1991.5,1995.5,keith earls i think down there as well running water for ireland so a couple of,normal_play,1992.0
1995.0,1999.0,so a couple of useful wise old heads guys we need,normal_play,1992.0
1998.5,2002.5,guys we need to run the water on both teams,scrum,0.4877
2002.0,2006.0,lets go this is it please weve been waiting too long,scrum,0.4877
2005.5,2009.5,too long lets hit the scrum weve got the ball,scrum,0.4877
2009.0,2013.0,the ball nearly half an hour play 3 0 south african lead,scrum,0.4877
2012.5,2016.5,south african lead ireland typically low affairs only once,scrum,0.4877
2016.0,2020.0,only once in the 117 year history of this fixture as the team produced,scrum,0.4877
2019.5,2023.5,as the team produced more than 50 points its back in 2016,normal_play,0.4032
2023.0,2027.0,2016 may 2 26 south africa,normal_play,0.4032
2026.5,2030.5,south africa won that one their last time theyve beaten the,normal_play,2024.0
2030.0,2034.0,beaten the irish gets in park rolls it backwards bundee aki again bursts through the line,normal_play,2024.0
2033.5,2037.5,through the line bundy bundee aki looking to go over halfway line bundee aki is,normal_play,0.4032
2037.0,2041.0,bundee aki is a sensation in this game into the 22 for,normal_play,0.4032
2040.5,2044.5,22 for ireland gibson park saw,normal_play,2016.0
2044.0,2048.0,park saw a bunch of watchers hes flying up on the right hand side,normal_play,0.3647
2047.5,2051.5,side the right hand side numbers to the left,normal_play,0.3647
2051.0,2055.0,porter for ireland,normal_play,0.0
2054.5,2058.5,for ireland can they capitalise on their break by bundy bundee aki he carries,normal_play,0.4032
2058.0,2062.0,bundee aki he carries again delayed ball you know manny is there,normal_play,0.4032
2061.5,2065.5,manny is there much better from this irish side,normal_play,0.4032
2065.0,2069.0,irish side a second carry again from andrew porter,normal_play,0.0
2068.5,2072.5,debut in 2017 johnny sexton crunched,normal_play,0.4032
2072.0,2076.0,johnny sexton crunched as he gives the inside ball to james lowe,normal_play,0.4032
2075.5,2079.5,james lowe porter for,normal_play,0.4032
2079.0,2083.0,porter for the third time the hits keep coming,normal_play,0.3888
2082.5,2086.5,gibson park shifts it to the right as ireland,normal_play,0.3888
2086.0,2090.0,as ireland try to make some progress here in the 22,normal_play,0.3888
2089.5,2093.5,22 johnny sexton just at wall of white jerseys,normal_play,2088.0
2093.0,2097.0,wall of white jerseys with dutoy again,normal_play,0.3642
2096.5,2100.5,behind the back ball trying,normal_play,0.3642
2100.0,2104.0,ball trying to unlock josh vanderfleet,normal_play,0.4032
2103.5,2107.5,vanderfleet,normal_play,0.4032
2107.0,2111.0,johnny sexton over the top he goes bundy bundee aki yet again,normal_play,0.3705
2110.5,2114.5,yet again beautiful ball to lowe on the inside,normal_play,0.3705
2114.0,2118.0,needs help theres mustards all over,normal_play,0.3705
2117.5,2121.5,mustards all over it an advantage for the irish side,normal_play,0.4032
2121.0,2125.0,porter nice dummy from the front row,normal_play,0.4032
2124.5,2128.5,from the front row forward from leinster,normal_play,0.4032
2128.0,2132.0,a free play here for the irish side with advantage gibson park,normal_play,0.4032
2131.5,2135.5,across theyll go the cross kick from,normal_play,0.4032
2135.0,2139.0,kick from henshaw,penalty,0.6128
2138.5,2142.5,and ireland will come back,penalty,0.6128
2142.0,2146.0,youre always in contact with the tackler goes to ground,penalty,0.6128
2145.5,2149.5,goes to ground no clear release so even if he stays,normal_play,0.0
2149.0,2153.0,even if he stays on his feet as the tackle assist there hes throwing the guy to ground he has to release,normal_play,0.0
2152.5,2156.5,has to release before he can get on the ball bundy bundee aki have that for a carry,normal_play,0.0
2156.0,2160.0,a carry down the middle i thought he was going to go all the way showed a clean set,normal_play,0.0
2159.5,2163.5,showed a clean set of heels the south african defence got back in numbers and,normal_play,0.4032
2163.0,2167.0,numbers and quickly so they could get off the line and start putting their typical,normal_play,0.4032
2166.5,2170.5,typical shots in there were some brilliant tackle in there,normal_play,0.0
2170.0,2174.0,tackle in there franz malhauver upending andrew porter amongst many,normal_play,0.0
2173.5,2177.5,amongst many others,normal_play,0.0
2177.0,2181.0,we knew it was going to be a tight affair,normal_play,0.0
2180.5,2184.5,affair weve only got three points on the scoreboard so far,normal_play,0.0
2184.0,2188.0,we get a look at the penalty there to,normal_play,0.0
2187.5,2191.5,penalty there to see he went all never released the tackle player before he then got,normal_play,0.0
2191.0,2195.0,before he then got on the ball good spot from ben o keefe,lineout,0.2763
2194.5,2198.5,ben o keefe very quick theres some good news for,lineout,0.2763
2198.0,2202.0,some good news for ireland gary ringrose has passed his hia and will return to the,lineout,0.2763
2201.5,2205.5,return to the field shortly that is great news for the irish,normal_play,0.0
2205.0,2209.0,for the irish side they crowd love that they kick for the corner because here,normal_play,0.4032
2208.5,2212.5,because here comes callaghan now to the front van der vleer peels around,normal_play,0.4032
2212.0,2216.0,peels around itzebeth hasnt,normal_play,0.0
2215.5,2219.5,bundy bundee aki their,normal_play,0.0
2219.0,2223.0,their most dangerous runner tonight still,normal_play,0.4032
2222.5,2226.5,still the irish wave comes at south africa,normal_play,0.4032
2226.0,2230.0,africa gibson park to the right,normal_play,0.4032
2229.5,2233.5,right forwards,normal_play,0.0
2233.0,2237.0,forwards quickly regathering themselves for the next wave,normal_play,0.0
2236.5,2240.5,peter omahony,normal_play,0.0
2240.0,2244.0,gibson park looks both ways,normal_play,0.0
2243.5,2247.5,ways again its van der vleer,normal_play,0.0
2247.0,2251.0,ireland inching their way closer to the springbok trial line,try,1.0
2250.5,2254.5,trial line beautiful play johnny sexton throws a dummy,try,1.0
2254.0,2258.0,dummy he gets so close to johnny johnny sexton,try,1.0
2257.5,2261.5,johnny johnny sexton no there it is hes behind,try,1.0
2261.0,2265.0,to the right no the numbers there,try,1.0
2264.5,2268.5,there ireland will score and they put it down,normal_play,0.0
2268.0,2272.0,it down mack hanson rubs one,normal_play,0.0
2271.5,2275.5,rubs one in for the irish and the crowd erupts,normal_play,0.0
2275.0,2279.0,the crowd erupts its got the bronze,normal_play,0.0
2282.0,2286.0,well thats a beautiful bit of play,normal_play,0.0
2285.5,2289.5,play johnny johnny sexton gets so close to scramble from south africa and,normal_play,0.0
2289.0,2293.0,south africa and it goes wide into the hands of the mustachioed mack hanson,normal_play,0.0
2292.5,2296.5,mustachioed mack hanson who gets over for irelands first score,normal_play,0.0
2296.0,2300.0,score seven points if johnny sexton,normal_play,0.0
2299.5,2303.5,if johnny sexton can pop this one over what,normal_play,0.0
2303.0,2307.0,what a moment for mack hanson born and bred in canberra australia he played,normal_play,0.0
2306.5,2310.5,australia he played super rugby for the brumbies he was actually convinced to come playing,normal_play,0.0
2310.0,2314.0,to come playing or go play in ireland by iconic coach andy friend,normal_play,0.0
2313.5,2317.5,andy friend he qualifies for ireland through his irish born and he has another,normal_play,0.0
2317.0,2321.0,he has another try on the big stage hes head of,normal_play,0.0
2320.5,2324.5,hes head of the head of this game these type of games its probably everything you,normal_play,0.0
2324.0,2328.0,everything you dream of growing up well he might have to,normal_play,0.0
2327.5,2331.5,he might have to pitch himself okay thank you so sit up and just keep working,goal_kick,0.8688
2331.0,2335.0,and just keep working johnny johnny sexton from the right hand side,goal_kick,0.8688
2334.5,2338.5,side i think weve got the right pitches at scrum,goal_kick,0.8688
2338.0,2342.0,he gave it in,goal_kick,0.8688
2341.5,2345.5,gave it in 20 and nine in dublin for his country,goal_kick,0.8688
2345.0,2349.0,country four six nations titles,normal_play,0.0
2348.5,2352.5,there are too many other titles to list right now as,normal_play,0.0
2352.0,2356.0,as he lines up the extra two does johnny sexton,normal_play,0.0
2355.5,2359.5,its straight through the middle its irelands seventh south africa three,normal_play,0.0
2359.0,2363.0,south africa three and the flags,normal_play,0.0
2362.5,2366.5,the flags offline at 35 minutes,kick_off,0.5159
2366.0,2370.0,its a fifth pass to james lowe across the face of the defenders it cut,kick_off,0.5159
2369.5,2373.5,defenders it cut out about three defenders that pass james lowe just holding his feet,kick_off,0.5159
2373.0,2377.0,feet good hands the catch and pass he,kick_off,0.5159
2376.5,2380.5,he felt like they earned that score some brilliant attack,kick_off,0.5159
2380.0,2384.0,attack really nice from the guys in,normal_play,2376.0
2383.5,2387.5,in the line ups as,normal_play,0.4032
2387.0,2391.0,line ups as well hes paid full value for,normal_play,0.4032
2390.5,2394.5,for their seven points khaleesi has it for south africa,normal_play,0.0
2394.0,2398.0,africa and yelendi puts a kick over the top a one bounce,normal_play,0.0
2397.5,2401.5,a one bounce and just like that the spring box,normal_play,0.0
2401.0,2405.0,box putting on the pressure against ireland,normal_play,0.0
2404.5,2408.5,okay south africa well weve seen some bullish,normal_play,0.0
2408.0,2412.0,some bullish touches from yelendi with ball in hand that,normal_play,2408.0
2411.5,2415.5,that was a delicate one lovely little touch over the top i dont,lineout,0.4327
2415.0,2419.0,i dont mind that you know currently arun is out there hell,lineout,0.4327
2418.5,2422.5,hell chase anything and hes,normal_play,2408.0
2422.0,2426.0,hes quick,normal_play,2408.0
2425.5,2429.5,ronan kalaher to the middle,penalty,0.6128
2429.0,2433.0,middle uncontested gibson park ireland running,penalty,0.6128
2432.5,2436.5,ireland running upfield now doris,normal_play,0.0
2436.0,2440.0,penalty ireland this will help them get down the field,normal_play,0.0
2439.5,2443.5,field,normal_play,0.0
2443.0,2447.0,a fabulous carry from doris it,normal_play,0.1356
2446.5,2450.5,it was dutoy who was lying on the wrong side thats,normal_play,0.1356
2450.0,2454.0,wrong side thats what can happen if you get the dominant carries so you get through the contact like,normal_play,0.1356
2453.5,2457.5,the contact like that you can often leave tacklers,normal_play,0.0
2457.0,2461.0,leave tacklers stranded on the wrong side and theyre always liable to get penalty,normal_play,2456.0
2460.5,2464.5,get penalty the irish forwards on a,normal_play,2456.0
2464.0,2468.0,on a 52 on their gain line success so,normal_play,2456.0
2467.5,2471.5,success so far in this tournament coming into this game talk about gain line,normal_play,2456.0
2471.0,2475.0,talk about gain line success what a joy to have bandi bundee aki in the centers,normal_play,0.0
2474.5,2478.5,bundee aki in the centers what a joy to be watching him lovely,lineout,0.4726
2478.0,2482.0,him lovely little change of pace on the width there,lineout,0.4726
2481.5,2485.5,one of the standout performers of this world cup so far bandi bundee aki,lineout,0.4726
2485.0,2489.0,bandi bundee aki what a venue for this cliffhanger,normal_play,0.0
2488.5,2492.5,for this cliffhanger ireland in the 15th match windstreak,normal_play,0.0
2492.0,2496.0,windstreak currently johnny sexton theres bundee aki again flies into the,normal_play,0.4032
2495.5,2499.5,flies into the line doris loops around gets a good,normal_play,0.4032
2499.0,2503.0,gets a good ball and a good tackle in from khaleesi,normal_play,0.0
2502.5,2506.5,gibson park changes direction bandi bundee aki again,normal_play,0.0
2506.0,2510.0,bundee aki again this time dierlendis there two of the,normal_play,0.0
2509.5,2513.5,two of the bulkier inside centers in world cup use it,normal_play,0.0
2513.0,2517.0,okay no down now,normal_play,0.4032
2516.5,2520.5,down now javison gibson park and replaces connor murray its come off the,normal_play,0.4032
2520.0,2524.0,its come off the only change its a good ball thank you,normal_play,0.0
2523.5,2527.5,ardenseur,normal_play,0.4032
2527.0,2531.0,lets go backwards and david villimsa is,normal_play,0.4032
2530.5,2534.5,david villimsa is there the fullback to tidy up for south africa,normal_play,0.0
2534.0,2538.0,first receiver juven eben etzebeth takes in,normal_play,0.0
2537.5,2541.5,takes in a couple irish players,normal_play,0.4032
2541.0,2545.0,monnie leboc on the left boot down the field,normal_play,0.4032
2544.5,2548.5,down the field trons for a counter here,normal_play,0.2967
2548.0,2552.0,hugo keenan does really well theres a fullback,normal_play,0.2967
2551.5,2555.5,fullback so hes upended ringrose again,normal_play,0.0
2555.0,2559.0,eben etzebeth has him such a ferocious battle,normal_play,0.4032
2558.5,2562.5,ferocious battle at the breakdown big ball over the top,normal_play,0.4032
2562.0,2566.0,top james lowe puts a kick through,normal_play,0.4032
2565.5,2569.5,through and this,normal_play,0.0
2569.0,2573.0,and this one will go out the back door options,normal_play,0.0
2572.5,2576.5,see ya he mentioned it during,normal_play,0.0
2576.0,2580.0,mentioned it during that passage down the battle of the breakdown,normal_play,0.0
2579.5,2583.5,its been so good already,normal_play,0.0
2583.0,2587.0,already so many strikes in the jackal which means that everyone technically,normal_play,0.0
2586.5,2590.5,that everyone technically and in terms of their urgency has got to be so good in attack as well,normal_play,0.0
2590.0,2594.0,attack as well such a great contest,normal_play,0.0
2593.5,2597.5,contest this is what hugo keenan gives you the roaming,normal_play,0.0
2597.0,2601.0,roaming runner,normal_play,0.0
2604.0,2608.0,youre watching the best players,normal_play,0.0
2607.5,2611.5,watching the best players in the world here tonight,scrum,0.4877
2618.0,2622.0,quarter,scrum,0.4877
2621.5,2625.5,quarter finals will take place here october 14th and 15th,scrum,0.4877
2625.0,2629.0,14th and 15th fine,scrum,0.4877
2628.5,2632.5,fine,normal_play,0.0
2635.5,2639.5,spong goes down the middle side still with south,normal_play,0.4032
2639.0,2643.0,still with south africa here comes odense behind the back,normal_play,2632.0
2642.5,2646.5,the back and the bock close and wide to cheslin colby,penalty,0.6128
2646.0,2650.0,to cheslin colby he spins out good tackle on him,penalty,0.6128
2649.5,2653.5,him score to try in the rugby world cup final in,penalty,0.6128
2653.0,2657.0,final in japan last year the clock and that,normal_play,0.0
2656.5,2660.5,and that breakdown has been run by ireland and,normal_play,2656.0
2660.0,2664.0,and the crowd will let you know that,normal_play,2656.0
2663.5,2667.5,what a case in point thats jasper wieser on,normal_play,0.4032
2667.0,2671.0,jasper wieser on the carry yeah i know,normal_play,0.4032
2670.5,2674.5,yeah i know exactly what you mean i saw the same picture hes at 60 cant believe it,normal_play,0.0
2674.0,2678.0,cant believe it yeah im watching it im watching it but hes not,normal_play,0.0
2677.5,2681.5,hes not an easy man to take down by any stretch of the imagination,normal_play,0.0
2681.0,2685.0,imagination and yet he got shot there van der,normal_play,0.0
2684.5,2688.5,van der vleer ended up sneaking in on the pill and robbing it,normal_play,0.0
2688.0,2692.0,robbing it,normal_play,0.0
2691.5,2695.5,guys is it the final team,normal_play,0.0
2695.0,2699.0,timekeeper,normal_play,0.0
2698.5,2702.5,well there he is gets underneath but just before that was a,normal_play,0.0
2702.0,2706.0,before that was a brilliant display of tackling the back row just working together,normal_play,0.0
2705.5,2709.5,working together so nicely steven steven,lineout,0.4726
2709.0,2713.0,its pretty similar to johnny johnny sextons reaction in back play you,lineout,0.4726
2712.5,2716.5,back play you can just see exactly what it means to irelands leaders peter omahony,normal_play,0.4032
2716.0,2720.0,peter omahony gave them a stirring pump up before the game they,normal_play,0.4032
2719.5,2723.5,the game they are here to play today they really are and so far,normal_play,0.4032
2723.0,2727.0,far the scoreboard shows that as well vandee aake,normal_play,2720.0
2726.5,2730.5,again goes in that middle channel,normal_play,0.4032
2730.0,2734.0,channel behind the backboard to van der vleer,normal_play,0.4032
2733.5,2737.5,van der vleer ireland back to the right hand side they go,normal_play,0.4032
2737.0,2741.0,they go porter is there just to skip ireland,normal_play,0.0
2740.5,2744.5,to skip ireland tackle just for this up gibson park,normal_play,0.4032
2744.0,2748.0,johnny sexton quick hands ty curlong,normal_play,0.4032
2747.5,2751.5,ty curlong the oxford bull is there,normal_play,0.0
2751.0,2755.0,james ryan catches forward ryan is not gone,normal_play,0.0
2754.5,2758.5,ryan is not gone peter stepter tour has it difficult pass for,normal_play,0.0
2758.0,2762.0,pass for khaleesi to take almost its half time,normal_play,0.0
2761.5,2765.5,half time ireland coming through here and that is the first 40,normal_play,0.2652
2765.0,2769.0,first 40 minutes gone theyre in saint denis north of paris,normal_play,0.2652
2768.5,2772.5,north of paris its the full b battle at the 2023 rugby,normal_play,0.0
2772.0,2776.0,2023 rugby world cup we knew it would be close and it is the half time score sees ireland,kick_off,0.5159
2775.5,2779.5,score sees ireland lead south africa 7 3 from a packed start to,kick_off,0.5159
2779.0,2783.0,start to france last time ireland played south,normal_play,0.4032
2782.5,2786.5,ireland played south africa both countries scored two try each in the second half,normal_play,0.4032
2786.0,2790.0,second half the difference being a single penalty by johnny johnny sexton tonight,normal_play,0.4032
2789.5,2793.5,tonight its stuck to france its 7 3 ireland lead,normal_play,0.0
2793.0,2797.0,ireland lead south africa mack hansen on the board for this irish side a big,normal_play,0.3546
2796.5,2800.5,side a big second 40 awaits us metchie well we knew,normal_play,0.3546
2800.0,2804.0,well we knew it was going to be close previous meetings limited to a,penalty,0.6128
2803.5,2807.5,limited to a gap of six at max and the,normal_play,2800.0
2807.0,2811.0,the crowd here stand to their feet,normal_play,2808.0
2810.5,2814.5,the balance in the crowds like tipped towards the irish perhaps,normal_play,2808.0
2817.5,2821.5,theres this african legend,normal_play,2808.0
2821.0,2825.0,african legend familiar face we see him around,normal_play,2808.0
2824.5,2828.5,we see him around the world in the 7th circuit brian havana one of the best to have,normal_play,0.4032
2828.0,2832.0,of the best to have done it out there on the ding a ling,normal_play,0.4032
2831.5,2835.5,record try scorer for south africa he watches,normal_play,0.0
2835.0,2839.0,he watches on bongi mbenumbi,normal_play,0.0
2838.5,2842.5,mbenumbi gears up for our second half,normal_play,0.0
2842.0,2846.0,ringrose is good hes,normal_play,0.0
2845.5,2849.5,is good hes back on his feet mosta,normal_play,0.0
2849.0,2853.0,mosta a big imposing south african forwards,normal_play,0.0
2852.5,2856.5,on this irish side stacked with talented players,lineout,0.4254
2856.0,2860.0,talented players johnny sexton their leader,lineout,0.4254
2859.5,2863.5,their leader,lineout,0.4254
2863.0,2867.0,all,normal_play,0.4032
2866.5,2870.5,all good see ya andy farrell looks on from ireland,normal_play,0.4032
2870.0,2874.0,youre watching the second half between ireland and south africa,normal_play,0.4032
2873.5,2877.5,south africa from studying start to france at the 2023 rugby world,normal_play,0.0
2877.0,2881.0,2023 rugby world cup ireland on the left lead 7 3 against south africa,normal_play,0.0
2880.5,2884.5,against south africa mandiaki with a take welcome to the thrilling pooleby,normal_play,0.0
2884.0,2888.0,thrilling pooleby matchup and down the staff a pitch side natunidie is the right side,normal_play,0.0
2887.5,2891.5,is the right side great britain olympia tom mitchell and here comes bissa for south africa straight,normal_play,0.0
2891.0,2895.0,africa straight away so what pinori a quick pinch mosta,normal_play,0.0
2894.5,2898.5,mosta pinori to the line for the spring box,normal_play,2896.0
2898.0,2902.0,and hold on,normal_play,2896.0
2901.5,2905.5,fawes on the wrong side it kicks the ball coming out its a bit,normal_play,2896.0
2905.0,2909.0,its a bit again in trouble fawes white yeah i saw that in the ruck fawes youre on,lineout,0.4726
2908.5,2912.5,the ruck fawes youre on the wrong side you impact the ball coming out comes out on your side,lineout,0.4726
2912.0,2916.0,side we saw that penalty in the first half the tackle line in the wrong side,normal_play,0.0
2915.5,2919.5,in the wrong side i think he probably is a good call from the referee,normal_play,0.0
2919.0,2923.0,call from the referee or from his assistant it did,normal_play,0.4032
2922.5,2926.5,it did disrupt that ruckball for ireland even hesterbeith came,normal_play,0.4032
2926.0,2930.0,even hesterbeith came from a hell of a long way to make that first tackle he started on their,normal_play,0.4032
2929.5,2933.5,started on their own ten meet line so that he could hit the half way running just watching two people whos got a,normal_play,0.0
2933.0,2937.0,running just watching two people whos got a different ball just hoping theyre going to take it quick,normal_play,0.4032
2936.5,2940.5,so hes running at full tilt and he was the first to arrive to make the hit on,normal_play,0.4032
2940.0,2944.0,to make the hit on bundy bundee aki but then slightly earlier than that,normal_play,0.0
2943.5,2947.5,earlier than that okay lets start with good spaces half there he is lying on the wrong side see,normal_play,0.0
2947.0,2951.0,side see disrupting the ireland ruck its a bit,normal_play,0.0
2950.5,2954.5,bit his ideal holiday isnt to the beaches of greece but to the jump,normal_play,0.0
2954.0,2958.0,jump heres coach jop he number looks on,normal_play,0.0
2957.5,2961.5,on gallowhead to the back thats a great line up,normal_play,0.0
2961.0,2965.0,a great line up from ireland bundee aki throws a short ball to his centre partner ringrose,normal_play,0.0
2964.5,2968.5,centre partner ringrose and then gibson park puts one over the top,lineout,0.4383
2968.0,2972.0,over the top its a very good kick from the irish,lineout,0.4383
2971.5,2975.5,from the irish number nine and its south africa that are capped in their 22,normal_play,0.0
2975.0,2979.0,in their 22 lets go please,normal_play,0.0
2978.5,2982.5,please no,normal_play,0.0
2982.0,2986.0,no changes to either side at half time so the south african bomb,normal_play,0.0
2985.5,2989.5,african bomb sport theyre lying in wait its never a ball,normal_play,2984.0
2989.0,2993.0,a ball confirmed it it doesnt already out,normal_play,2984.0
2992.5,2996.5,out the,normal_play,2984.0
2996.0,3000.0,the suggestion was peter armani saying that hit fast on his nose,normal_play,2984.0
2999.5,3003.5,on his nose before it went out i think it might have done you know looked like it did catch,lineout,0.4726
3003.0,3007.0,looked like it did catch him maybe it was just a lock of hair,lineout,0.4726
3006.5,3010.5,thats bound to get in the way the fuf the clack,normal_play,0.4032
3010.0,3014.0,clack most of takes is the captain siakalisi,normal_play,0.4032
3013.5,3017.5,siakalisi goes upfield south african player here at 20 21,normal_play,0.4032
3017.0,3021.0,20 21 captain south africa to a series win of the british and irish line some,normal_play,3008.0
3020.5,3024.5,line some of these players were playing against south africa,normal_play,0.4032
3024.0,3028.0,hanson throws it to his full back hugo keenan,normal_play,0.4032
3027.5,3031.5,hugo keenan cuts back in nicely they link well and then he runs it to his own player it,normal_play,0.4032
3031.0,3035.0,own player it was porter that wont count as a tackle but ireland still with,normal_play,0.4032
3034.5,3038.5,ireland still with possession playing on peter armani johnny sexton,normal_play,0.4032
3038.0,3042.0,johnny sexton that is a nice kick yet again two,normal_play,0.4032
3041.5,3045.5,again two in a row from the irish halfbacks and hes,normal_play,0.0
3045.0,3049.0,and hes saying its touched so he wants a piece of this line out,normal_play,0.0
3048.5,3052.5,out whether they get it or not,lineout,0.4726
3052.0,3056.0,it or not thats threaded that like a noodle down the touch line,lineout,0.4726
3055.5,3059.5,the touch line theres not really much on there look at the space hes aiming for there,maul,0.5412
3059.0,3063.0,for there hes pinned on an absolute sixpence so that bounces out,maul,0.5412
3062.5,3066.5,ok youve,normal_play,0.4032
3066.0,3070.0,ok youve got to stay out as we see they dont have one 65 caps for,normal_play,0.4032
3069.5,3073.5,65 caps for south africa interference close by in the line up ireland getting,normal_play,0.4032
3073.0,3077.0,up ireland getting involved now against south africas,normal_play,0.4032
3076.5,3080.5,africas attack,normal_play,0.4032
3080.0,3084.0,hes got it off south africa through,normal_play,0.3842
3087.0,3091.0,fives the call,penalty,0.6128
3090.5,3094.5,its never a five,penalty,0.6128
3094.0,3098.0,armani getting up in front of esabet in,normal_play,0.0
3097.5,3101.5,of esabet in that occasion easy task fighting fire with,normal_play,0.0
3101.0,3105.0,fighting fire with fire line out time a massive opportunity for the,normal_play,0.0
3104.5,3108.5,opportunity for the irish here mossard returns the favour,normal_play,0.0
3108.0,3112.0,favour peter steps it to a hazard for south africa never on the ball just,normal_play,0.0
3111.5,3115.5,on the ball just the body for the contest weve seen from the big men,normal_play,0.0
3115.0,3119.0,men ok use it hold here foster clack,normal_play,0.4032
3118.5,3122.5,clack plays alongside jesse creel in japan inside,normal_play,0.4032
3122.0,3126.0,inside glass downtown is the kick to,normal_play,0.4032
3125.5,3129.5,is the kick to the halfway line pinpoint from south africa the side of the,normal_play,0.0
3129.0,3133.0,the side of the half to me,normal_play,0.0
3136.0,3140.0,its an absolute master class in line out jump,goal_kick,0.8688
3139.5,3143.5,in line out jump here at the moment the way the lifters are getting the speed with which those jumpers,goal_kick,0.8688
3143.0,3147.0,with which those jumpers are getting the air the lifters are throwing them getting right close together,goal_kick,0.8688
3146.5,3150.5,close together so theyre getting the jumper to the maximum height,goal_kick,0.8688
3150.0,3154.0,look at that though six line outs lost for ireland,goal_kick,0.8688
3153.5,3157.5,ireland kelleher improves,goal_kick,0.6723
3157.0,3161.0,kelleher improves his stats hes through the middle,goal_kick,0.6723
3160.5,3164.5,middle on the flip bundee aki,goal_kick,0.8688
3164.0,3168.0,bundee aki comes in down to the halfway line,normal_play,0.4032
3167.5,3171.5,the halfway line for the irish side kelleher again,normal_play,0.4032
3171.0,3175.0,takes on kicsoff,normal_play,0.3621
3174.5,3178.5,khaleesi comes in wants the pill stays with,normal_play,3176.0
3178.0,3182.0,stays with the ball lemenning green,normal_play,3176.0
3181.5,3185.5,green use it sex them to the right hand,normal_play,3176.0
3185.0,3189.0,to the right hand side he lets his forwards attack a bit more,normal_play,3176.0
3188.5,3192.5,penalty south africa,normal_play,3176.0
3192.0,3196.0,hes well out of the way holding on,normal_play,0.0
3195.5,3199.5,holding on five,normal_play,0.0
3199.0,3203.0,weve got some changes coming for south africa,normal_play,0.0
3202.5,3206.5,south africa rg snimons coming on so too is quagga smith and so is,normal_play,0.0
3206.0,3210.0,and so is jean klein who has previously played at international,normal_play,0.0
3209.5,3213.5,at international level for ireland so this is going to be a very interesting,normal_play,0.0
3213.0,3217.0,very interesting experience for him coming up against his old nation,normal_play,0.0
3216.5,3220.5,old nation three members of,normal_play,0.0
3220.0,3224.0,of the bomb squad about to take the field here and theres khaleesi getting over,normal_play,0.0
3223.5,3227.5,khaleesi getting over it well he just hesitated a little bit on that one,normal_play,0.0
3227.0,3231.0,little bit on that one because he wasnt sure if he was legal but there was nothing illegal about this,normal_play,0.0
3230.5,3234.5,this visa getting his legs nice and wide,normal_play,0.0
3234.0,3238.0,nice and wide to allow himself to get low over that rock,normal_play,0.0
3237.5,3241.5,theres the light you mentioned no water,normal_play,0.0
3241.0,3245.0,water fafder klack will line up this penalty attempt,normal_play,0.0
3244.5,3248.5,third most capped,normal_play,0.0
3248.0,3252.0,most capped so hes been scum off of all time behind the lake youre still the best azen,normal_play,3248.0
3251.5,3255.5,and fareed dupriya the rugby world cup winner,normal_play,3248.0
3255.0,3259.0,from inside hes off fafder,normal_play,3256.0
3258.5,3262.5,hes off fafder klack its,normal_play,3256.0
3262.0,3266.0,its hit the upright its come bouncing back and flying up,normal_play,3256.0
3265.5,3269.5,and flying up there with cheslin colby force on africa,normal_play,3256.0
3269.0,3273.0,somehow the spring box have it grill goes to the right umber nubbys,normal_play,3256.0
3272.5,3276.5,the right umber nubbys there this may work out better for the,scrum,0.4877
3276.0,3280.0,better for the spring box if they do score a try,scrum,0.34
3279.5,3283.5,jasper visser crunches forward the klack,scrum,0.34
3283.0,3287.0,the klack finds etzibet whos picked up that is,normal_play,0.2697
3286.5,3290.5,that is a pilot reel for social media yeah the nets of it,normal_play,0.0
3290.0,3294.0,the nets of it its been thrown out of the,normal_play,0.0
3293.5,3297.5,thrown out of the party,penalty,0.6128
3297.0,3301.0,damian,normal_play,0.0
3300.5,3304.5,damian,normal_play,0.0
3304.0,3308.0,time is a monster,normal_play,0.0
3307.5,3311.5,is a monster boot from the klack four five and eight subs four five,normal_play,0.0
3311.0,3315.0,four five and eight bounce back absolute chaos,normal_play,0.0
3314.5,3318.5,but how about this the big tree uprooted,normal_play,0.0
3318.0,3322.0,uprooted,normal_play,0.0
3321.5,3325.5,and its going to be his last play of the match because hes coming off,normal_play,0.0
3325.0,3329.0,off hes going to be angry hell be very angry,normal_play,0.0
3328.5,3332.5,be very angry about that will he ever at etzibet,normal_play,0.0
3332.0,3336.0,but the replacements are on you mentioned that earlier,normal_play,0.0
3335.5,3339.5,oxancher is also coming on as well,normal_play,0.0
3339.0,3343.0,so thats four replacements on the bench jean klein,normal_play,0.0
3342.5,3346.5,klein and gere sneijmen and fafder smith as well there goes,scrum,0.4877
3346.0,3350.0,as well there goes etzibet the viking they call him,scrum,0.4877
3349.5,3353.5,they call him and heres sneijmen plays his rugby monster,scrum,0.4877
3353.0,3357.0,new prop nice and square hes been lethal,scrum,0.4877
3356.5,3360.5,lethal both defence but also an attack hes offloading,scrum,0.3105
3360.0,3364.0,hes offloading tight hit feet underneath a little injury oj sneijmen,scrum,0.3105
3363.5,3367.5,oj sneijmen since 2019 but made an,normal_play,0.0
3367.0,3371.0,but made an impressive impact on this world cup already and theres kwaka smith,normal_play,0.0
3370.5,3374.5,smith i love watching him play the game an all rounder,normal_play,0.0
3374.0,3378.0,rounder he might seem slot in a few different positions today we,normal_play,0.0
3377.5,3381.5,we have the olympian kwaka smith and steven kitzhoff goes,normal_play,3376.0
3381.0,3385.0,steven kitzhoff goes off the field so now seven months to mid two first of all were,normal_play,3376.0
3384.5,3388.5,first of all were going five for ireland big jump,normal_play,3384.0
3388.0,3392.0,jump from the spring box ireland pick it up the back,normal_play,3384.0
3391.5,3395.5,they hit the deck and south africa reward it,normal_play,3384.0
3395.0,3399.0,it with a penalty five out,normal_play,3384.0
3398.5,3402.5,there it is number 12,scrum,0.3534
3402.0,3406.0,12 sealing hands on the ground,scrum,0.3534
3405.5,3409.5,scrum,scrum,0.3534
3409.0,3413.0,scrum and the iq puts his hands up to,scrum,0.3534
3412.5,3416.5,his hands up to seal it off were going to go again at scrum time,scrum,0.3004
3416.0,3420.0,at scrum time the south african engine,scrum,0.3004
3419.5,3423.5,african engine room fight out full force,try,1.0
3423.0,3427.0,full force timing they put the island pack on,try,1.0
3426.5,3430.5,island pack on roller skates there what a hit what a shove,try,1.0
3430.0,3434.0,a shove theyve substituted south africa doing the business,try,1.0
3433.5,3437.5,business,try,1.0
3447.5,3451.5,what a hit go,normal_play,0.0
3451.0,3455.0,go fine,normal_play,0.0
3454.5,3458.5,six its a sport that,normal_play,0.0
3458.0,3462.0,its a sport that means so much to these two countries,normal_play,0.0
3461.5,3465.5,countries resit down far side,normal_play,0.0
3465.0,3469.0,side,normal_play,0.0
3468.5,3472.5,were down the far side were going to move,normal_play,0.0
3472.0,3476.0,were going to move it over here very good keep that,normal_play,3472.0
3475.5,3479.5,keep that up,normal_play,3472.0
3482.5,3486.5,same message weve got to keep the height to the side the both,normal_play,3472.0
3486.0,3490.0,to the side the both of you,normal_play,3472.0
3489.5,3493.5,100 metres to go watching the scrum and being in,normal_play,3488.0
3493.0,3497.0,in them,normal_play,3488.0
3496.5,3500.5,ches and colby right here in front of us on the far touchline but,normal_play,3488.0
3500.0,3504.0,touchline but i think the action initially at least is going to be up front,normal_play,3488.0
3503.5,3507.5,be up front for the springboks,normal_play,0.0
3507.0,3511.0,crouch fine,normal_play,0.0
3510.5,3514.5,fine sit,normal_play,0.0
3514.0,3518.0,elbow up,normal_play,0.0
3517.5,3521.5,vantage leeson collapsing elbow ibonics for south,normal_play,0.0
3521.0,3525.0,ibonics for south africa with four of their bomb squad members on the field the,normal_play,0.0
3524.5,3528.5,field the elendi beautiful ball on the outside,normal_play,0.0
3528.0,3532.0,south africa will power over,normal_play,0.0
3531.5,3535.5,cheslin colby whats a try,normal_play,0.0
3535.0,3539.0,forget loadshilling,goal_kick,0.8688
3538.5,3542.5,loadshilling hes electric 24 7,goal_kick,0.8688
3552.5,3556.5,well we saw,goal_kick,0.8688
3556.0,3560.0,we saw we hoped it would come to him eventually,goal_kick,0.8688
3559.5,3563.5,and it was marnie lebart that delivered the,goal_kick,0.8688
3563.0,3567.0,that delivered the goods im happy with that the pass was good cheslin colby,goal_kick,0.8688
3566.5,3570.5,cheslin colby the olympian hes magic in open space,normal_play,0.0
3570.0,3574.0,space and there was plenty of it down on this touchline the only easier,normal_play,0.0
3573.5,3577.5,the only easier one in to have please can you go back thank you,normal_play,0.0
3577.0,3581.0,he dots down its,normal_play,0.0
3580.5,3584.5,dots down its a statement score for the springboks after those two,kick_off,0.3175
3584.0,3588.0,those two scrum where they absolutely pushed ireland back towards their own try line,kick_off,0.3175
3587.5,3591.5,own try line and you called it the wood from colby,normal_play,0.0
3591.0,3595.0,colby just lurking on this left hand touchline,normal_play,0.0
3594.5,3598.5,touchline south africa have the lead now 8 7,normal_play,0.0
3598.0,3602.0,referee benno,normal_play,0.0
3601.5,3605.5,referee benno keith sorry i just lost you just checking something,normal_play,0.4032
3605.0,3609.0,something yep,normal_play,0.4032
3608.5,3612.5,yep thank you all good,normal_play,0.0
3612.0,3616.0,all good shot clock back on please all good heres the call for,normal_play,0.0
3615.5,3619.5,call for benno keith,normal_play,3616.0
3619.0,3623.0,marnie lebart lines this one up,normal_play,0.4032
3622.5,3626.5,this one up urc,normal_play,0.4032
3626.0,3630.0,urc record point scorer in triasis in recent times for,normal_play,0.4032
3629.5,3633.5,times for the stormers from cape town,normal_play,3624.0
3633.0,3637.0,thank you,normal_play,0.4032
3636.5,3640.5,bibi just test your confidence in me after this,normal_play,0.4032
3654.0,3658.0,lebart taking his time the clock ticks,normal_play,0.0
3657.5,3661.5,ticks five seconds to take the kick just pulls,normal_play,0.4032
3661.0,3665.0,just pulls it to the left hand side so there we go on front,normal_play,0.4032
3664.5,3668.5,go on front 8 7 thanks to this try from chesman colby,normal_play,3664.0
3668.0,3672.0,chesman colby two and five two and five we can restart we just,normal_play,3664.0
3671.5,3675.5,we just saw out of picture there i think it was mack hanson probably,normal_play,3664.0
3675.0,3679.0,probably thought he was taking out off the ball a little bit with the running lines,normal_play,3664.0
3678.5,3682.5,with the running lines but south africa wont mind,normal_play,0.0
3682.0,3686.0,some really big changes for both,normal_play,0.0
3685.5,3689.5,changes for both sides marco van staten has come on for the skipper sia khaleesi,normal_play,0.0
3689.0,3693.0,khaleesi while ian henderson and dan sheehan have both come on for ireland,lineout,0.4726
3692.5,3696.5,thanks matt thats a lot of changes indeed as,lineout,0.4726
3696.0,3700.0,as ireland look to run it back with their number 8,normal_play,0.0
3699.5,3703.5,8 kaylin doris studying psychology at university college,normal_play,0.0
3703.0,3707.0,at university college dublin sexta pulls one up,normal_play,0.2625
3706.5,3710.5,up well fielded in,normal_play,0.2625
3710.0,3714.0,fielded in the end give him space 10 metres dan in for lamsak,normal_play,0.2625
3713.5,3717.5,lamsak sia khaleesi will look from the sideline now,normal_play,3712.0
3717.0,3721.0,the sideline now after being replaced,normal_play,0.4032
3720.5,3724.5,inside feels kind of early to make,normal_play,0.4032
3724.0,3728.0,of early to make that change,penalty,0.6128
3727.5,3731.5,sexta again to the heavens with that kick his full,normal_play,3728.0
3731.0,3735.0,that kick his full back chases hugo hugo keenan is there against lamsak,normal_play,3728.0
3734.5,3738.5,lamsak and it stays with the south african side,normal_play,3728.0
3738.0,3742.0,dr klack try to dig in,normal_play,3728.0
3741.5,3745.5,finds his fly off under pressure krill has it,normal_play,3728.0
3745.0,3749.0,has it jesse krill cuts in does the outside centre,normal_play,0.0
3748.5,3752.5,to klack to oxnchek behind the back he goes,normal_play,0.1928
3752.0,3756.0,back he goes labeck finds lamsak with a beautiful step,normal_play,0.1928
3755.5,3759.5,step damian lamsak with some fancy,normal_play,0.0
3759.0,3763.0,some fancy footwork for south africa,normal_play,0.0
3762.5,3766.5,keep watching,normal_play,0.0
3766.0,3770.0,keep watching maybe great presence,normal_play,0.0
3769.5,3773.5,great presence of mind to let that one go krill on the charge,normal_play,0.0
3773.0,3777.0,and theres lamsak on you,normal_play,0.0
3776.5,3780.5,fancy footwork indeed,normal_play,0.0
3780.0,3784.0,steps out of it its beautiful,normal_play,0.0
3787.0,3791.0,such poise for,lineout,0.4726
3790.5,3794.5,such poise for a big man damian lamsak,normal_play,3792.0
3794.0,3798.0,good take ian henderson the replacement,normal_play,3792.0
3797.5,3801.5,replacement and the player turns it in beautifully dan sheenan,normal_play,3792.0
3801.0,3805.0,dan sheenan his rugby world cup debut hasnt played for ireland,normal_play,3792.0
3804.5,3808.5,hasnt played for ireland since he cant use it hes put in the warm up game against england but hes on,normal_play,0.4032
3808.0,3812.0,but hes on the park on this mammoth stage in this mammoth,normal_play,0.4032
3811.5,3815.5,in this mammoth game charge down is there from anthony snamon,normal_play,0.0
3815.0,3819.0,snamon advantage low with a kick offside play,normal_play,3816.0
3818.5,3822.5,offside play despite being as tall as the upper tower,normal_play,3816.0
3822.0,3826.0,sorry i didnt see that offside guys,normal_play,3816.0
3825.5,3829.5,guys perhaps ireland have made a couple,normal_play,3816.0
3829.0,3833.0,ireland have made a couple of those changes down to sheenan ian henderson jamison,normal_play,3816.0
3832.5,3836.5,jamison its a bolster dont dummy,normal_play,0.0
3836.0,3840.0,because he might go the other way worked,normal_play,0.0
3839.5,3843.5,worked on that occasion they came away with it someones holding someones hand,normal_play,3840.0
3843.0,3847.0,hand but im just seeing it weve got the penalty here,normal_play,3840.0
3846.5,3850.5,here,normal_play,3840.0
3857.0,3861.0,stance now johnny sexton might just want to,scrum,0.416
3860.5,3864.5,to steer this control this a little bit in irelands favour feels like,scrum,0.2288
3864.0,3868.0,feels like as so often the case with the springboks when they make those changes,scrum,0.2288
3867.5,3871.5,make those changes it always dials the momentum in their favour,penalty,0.6128
3871.0,3875.0,favour,penalty,0.6128
3874.5,3878.5,everyones side on that,normal_play,3872.0
3878.0,3882.0,charge down round by the ruck,normal_play,3872.0
3881.5,3885.5,did that guy make the catch hats off to him i think he,normal_play,3872.0
3885.0,3889.0,i think he did brilliant skill from this wonderful crowd,normal_play,3872.0
3888.5,3892.5,wonderful crowd to the front bidai manny,normal_play,3872.0
3892.0,3896.0,here come ireland now bundee aki releases johnny sexton,normal_play,3872.0
3895.5,3899.5,johnny sexton an intricate move brings in low that,normal_play,3872.0
3899.0,3903.0,that beats one in short space,normal_play,3872.0
3902.5,3906.5,former basketball player now rugby star here comes,normal_play,3904.0
3906.0,3910.0,here comes doris again the 25 year old carries well for ireland yeah good counter,normal_play,3904.0
3909.5,3913.5,counter counter there port for smith getting heavily involved,normal_play,3904.0
3913.0,3917.0,getting heavily involved south africa hes,normal_play,3904.0
3916.5,3920.5,hes the macgyver of rugby can solve any issue,normal_play,3904.0
3920.0,3924.0,any issue can pop up could have been,normal_play,3904.0
3923.5,3927.5,could have been accuracy from ireland but the breakdown,normal_play,3904.0
3927.0,3931.0,this was the set piece play,normal_play,3904.0
3930.5,3934.5,play with the wrap around the little inside ball but safka pretty,normal_play,3904.0
3934.0,3938.0,but safka pretty wise to it,normal_play,3904.0
3937.5,3941.5,james low making a few metres theres a carry at the back of this,normal_play,3936.0
3941.0,3945.0,back of this doris with the post contact metres then they were inaccurate,normal_play,3936.0
3944.5,3948.5,then they were inaccurate theyre still at the breakdown,goal_kick,0.6755
3948.0,3952.0,big counter up coming in for safka you really feel now theyve got,goal_kick,0.6755
3951.5,3955.5,theyve got the fire underneath them one point the difference on,normal_play,3936.0
3955.0,3959.0,the difference on the scoreboard plenty of time to go and thank goodness because im enjoying,normal_play,3936.0
3958.5,3962.5,goodness because im enjoying this alan first off shot by,normal_play,3936.0
3962.0,3966.0,by and the same continues here this is full beat,normal_play,3936.0
3965.5,3969.5,beat number one and two side in the world,normal_play,3936.0
3969.0,3973.0,world happens to collide here penalty to ireland,normal_play,0.0
3972.5,3976.5,to ireland what a,normal_play,0.0
3976.0,3980.0,what a scrub careful careful careful,kick_off,0.3236
3979.5,3983.5,careful,kick_off,0.3236
3983.0,3987.0,guys tight head fully overextended tight head,normal_play,3984.0
3986.5,3990.5,tight head fully overextended collapsing,normal_play,3984.0
3990.0,3994.0,you heard from referee,normal_play,3984.0
3993.5,3997.5,referee the tight head,normal_play,3984.0
3997.0,4001.0,head overextending,normal_play,0.3033
4000.5,4004.5,now herbert,normal_play,0.3033
4004.0,4008.0,looks like he did go down there,normal_play,4000.0
4007.5,4011.5,down there too long,normal_play,0.1581
4011.0,4015.0,long his body shape,normal_play,0.1581
4014.5,4018.5,under the pressure there from,normal_play,0.0
4018.0,4022.0,from andrew porter,normal_play,0.0
4021.5,4025.5,crowd,normal_play,0.4032
4025.0,4029.0,crowd hushes as johnny johnny sexton,normal_play,0.4032
4028.5,4032.5,world rugby player of the year a few years ago,normal_play,0.4032
4032.0,4036.0,ago lines up a potential lead for his country,normal_play,0.4032
4049.5,4053.5,johnny sexton is a smooth operator,normal_play,0.4032
4053.0,4057.0,operator and ireland go back in the lead ten,normal_play,0.0
4056.5,4060.5,ten eight as we approach the hour mark,normal_play,0.4032
4060.0,4064.0,hour mark johnny johnny sexton indeed no lights,normal_play,0.4032
4063.5,4067.5,no lights needed from the island coaching box you might as,normal_play,0.0
4067.0,4071.0,you might as well have a coach out there run around the tension the 38 year old,normal_play,0.0
4070.5,4074.5,old so consistent so sharp hes used to winning,normal_play,0.0
4074.0,4078.0,winning six nations championships with ireland but boy hed love a world cup,normal_play,0.0
4077.5,4081.5,cup you wonder is this a precursor for whats to come for ireland,normal_play,0.0
4081.0,4085.0,unbelievable stat they have never got out of the quarterfinals at,normal_play,0.0
4084.5,4088.5,quarterfinals at a rugby world cup nice take from the irish side,normal_play,0.0
4088.0,4092.0,the irish side can this be there yet twenty ninety in japan the lost two,normal_play,0.0
4091.5,4095.5,japan the lost two years in falls out gipson park,normal_play,0.0
4095.0,4099.0,has to pick quickly and scoot theres the scum off,normal_play,0.0
4098.5,4102.5,off okay that battle continues thats a conscious here,normal_play,0.0
4102.0,4106.0,continues thats a conscious here guys youre fine use it blundee bundee aki no,normal_play,0.0
4105.5,4109.5,blundee bundee aki no he relieves it as ian henderson has,normal_play,0.0
4109.0,4113.0,ian henderson has a go hes third rugby world cup what experience he brings,normal_play,0.0
4112.5,4116.5,experience he brings gap number 78 use it nine,normal_play,0.0
4116.0,4120.0,timing gipson park we just,normal_play,0.0
4119.5,4123.5,park we just put everyone on to villamsa,scrum,0.422
4123.0,4127.0,villamsa damian villamsa takes well and drives upfield,scrum,0.422
4126.5,4130.5,drives upfield for the spring box buff the clock throws a dummy,scrum,0.2878
4130.0,4134.0,throws a dummy theyve got numbers wide no hand,scrum,0.2878
4133.5,4137.5,no hand off he just left the tweet,scrum,0.2878
4137.0,4141.0,turning around the back was john clank going against his,normal_play,0.0
4140.5,4144.5,against his teammates currently,normal_play,0.0
4144.0,4148.0,currently again he carries hard,normal_play,4144.0
4147.5,4151.5,what a story playing both for ireland and south africa,normal_play,4144.0
4151.0,4155.0,africa in his career kurt lee aronson with a lot of,normal_play,4144.0
4154.5,4158.5,with a lot of traffic in front of him monty lobach,normal_play,4144.0
4158.0,4162.0,monty lobach finds villamsa left,normal_play,4144.0
4161.5,4165.5,left behind by dielendi and thats frustration for south,normal_play,4160.0
4165.0,4169.0,for south africa,normal_play,4160.0
4172.0,4176.0,time off well theres,normal_play,4160.0
4175.5,4179.5,well theres his aerial skill,normal_play,0.0
4179.0,4183.0,and hes so good you dont expect errors,normal_play,0.0
4182.5,4186.5,errors a little dummy a little pump,normal_play,0.0
4186.0,4190.0,pump dielendi was about to come underneath i think on the cut line,normal_play,0.0
4189.5,4193.5,cut line i think villamsas frustrated with himself the hesitation,normal_play,0.0
4193.0,4197.0,that got the irish crowd on their feet,normal_play,0.0
4196.5,4200.5,crowd on their feet here at the start to france new crop just timing high,normal_play,0.0
4200.0,4204.0,just timing high another change for south africa trevor inyakar and he has,normal_play,0.0
4203.5,4207.5,inyakar and he has come onto the field for france malheurva,normal_play,0.0
4207.0,4211.0,malheurva another forward,normal_play,0.0
4210.5,4214.5,forward taking part third rugby world cup,normal_play,0.0
4214.0,4218.0,world cup with racing 92 his traffic inyakar,normal_play,0.0
4217.5,4221.5,thats villamsa,normal_play,0.0
4221.0,4225.0,villamsa coach,normal_play,0.0
4224.5,4228.5,finds,scrum,0.1382
4228.0,4232.0,finds six,scrum,0.1382
4231.5,4235.5,and his possession is their crowd,scrum,0.1382
4235.0,4239.0,resets charizondas were in atmosphere,penalty,0.601
4238.5,4242.5,were in atmosphere weve seen,penalty,0.601
4242.0,4246.0,its a dinner dummy guys hold the weights its tense for everyone lads,penalty,0.601
4245.5,4249.5,lads dont worry about that times off for the,normal_play,0.0
4249.0,4253.0,times off for the shoot ok guys hold it hold it,normal_play,0.0
4252.5,4256.5,hold it hold it,normal_play,0.0
4256.0,4260.0,no because they went down their time,normal_play,0.0
4277.0,4281.0,ok,normal_play,0.0
4280.5,4284.5,ok guys ok youre going to restart,normal_play,0.0
4308.5,4312.5,ok times on reset,goal_kick,0.8688
4312.0,4316.0,reset what an interlude listening to fields of atenrai,goal_kick,0.5916
4315.5,4319.5,of atenrai ring out in this stadium,goal_kick,0.5916
4322.5,4326.5,coach,normal_play,0.0
4326.0,4330.0,coach,normal_play,0.0
4329.5,4333.5,finds six,normal_play,0.0
4333.0,4337.0,and half the hard minute rugby,normal_play,0.0
4336.5,4340.5,minute rugby for forwards,normal_play,4336.0
4340.0,4344.0,and the spring blocks call one back theyre staying straight,normal_play,4336.0
4343.5,4347.5,straight pushing straight theyre not staying straight,normal_play,4344.0
4350.5,4354.5,wow,normal_play,4344.0
4354.0,4358.0,wow the combo of porter and tadhg furlong,normal_play,4344.0
4357.5,4361.5,the props,normal_play,4344.0
4361.0,4365.0,props of the island scrum so warner just for,normal_play,4336.0
4364.5,4368.5,warner just for the kicker now being demolished on this occasion,normal_play,4336.0
4368.0,4372.0,you can see its power gets underneath,normal_play,0.0
4371.5,4375.5,underneath i think its oxencher,normal_play,0.0
4375.0,4379.0,its oxencher getting underneath the chest there,normal_play,0.0
4378.5,4382.5,chest there tadhg furlong driving,normal_play,0.0
4382.0,4386.0,driving him up and in,normal_play,0.0
4385.5,4389.5,kicks supposed to be good with pepe,normal_play,0.1926
4389.0,4393.0,ronnie le boc from south africa with his country,normal_play,0.1926
4392.5,4396.5,with his country watching dressed,penalty,0.6128
4396.0,4400.0,dressed in such brilliant colour the,penalty,0.6128
4399.5,4403.5,the rainbow nation,normal_play,0.0
4403.0,4407.0,this to take back the,normal_play,0.0
4406.5,4410.5,the lead staying still,normal_play,0.0
4410.0,4414.0,staying still,normal_play,0.0
4417.0,4421.0,the red numbers getting very low as marnie,normal_play,4416.0
4420.5,4424.5,as marnie le boc looks on,normal_play,4416.0
4424.0,4428.0,unsuccessful,normal_play,4424.0
4427.5,4431.5,subs the question marks,normal_play,4424.0
4431.0,4435.0,question marks remain theyre on the goal kicker south africa the worst goal kicker record,goal_kick,0.8688
4434.5,4438.5,goal kicker record at this world cup of any team,goal_kick,0.8688
4438.0,4442.0,theyve slotted into this just 10 out of 18 attempts,goal_kick,0.8688
4441.5,4445.5,18 attempts and unfortunately,goal_kick,0.8688
4445.0,4449.0,unfortunately marnie le boc only 40 kicking coming into this,goal_kick,0.8608
4448.5,4452.5,coming into this so the questions mark remain,goal_kick,0.8608
4452.0,4456.0,mark remain have you seen the ball as well please,goal_kick,0.8688
4455.5,4459.5,a host of changes coming from both sides finlay bealham ryan,goal_kick,0.8688
4459.0,4463.0,ryan baird and robbie henshaw have all come onto the field marnie,goal_kick,0.8688
4462.5,4466.5,field marnie and rick rose both coming off the island while for south africa,normal_play,0.0
4466.0,4470.0,for south africa dionne furey has come onto the field horson mbongi,normal_play,0.0
4469.5,4473.5,field horson mbongi mbongi nabi,normal_play,0.0
4473.0,4477.0,so big changes,kick_off,0.5159
4476.5,4480.5,so big changes at both sides who can finish off strongly,kick_off,0.5159
4480.0,4484.0,strongly here comes kwacha smith loves eating green millies,kick_off,0.5159
4483.5,4487.5,green millies hes not scared is smith no wait wait,normal_play,4472.0
4487.0,4491.0,first touch for dionne furey he came the eldest test,normal_play,0.0
4490.5,4494.5,the eldest test debbie tuntin south african history his first cap,normal_play,0.4032
4494.0,4498.0,his first cap is nearly 36 years of age and south africa have a penalty,normal_play,0.4032
4497.5,4501.5,penalty at the halfway line matthew,normal_play,0.4032
4501.0,4505.0,okay guys,normal_play,0.4032
4504.5,4508.5,okay guys 16 green was offside 16,normal_play,0.4032
4508.0,4512.0,16 azir azims barking orders right on the side,normal_play,0.4032
4511.5,4515.5,the side down the microphone down the walkie talkie i should say to,normal_play,0.4032
4515.0,4519.0,should say to the touch line and we saw the traffic light again,normal_play,0.4032
4518.5,4522.5,light again youve got to,normal_play,0.4032
4522.0,4526.0,youve got to wonder a look,normal_play,0.4032
4525.5,4529.5,on andrew porters face going into that,normal_play,0.4032
4529.0,4533.0,into that collision with kwacha smith,normal_play,0.0
4532.5,4536.5,the grimace the determination,normal_play,0.0
4536.0,4540.0,perfect kwachas going to need more determination to steer this,normal_play,0.0
4539.5,4543.5,determination to steer this one between the uprights and boy this team could do with,normal_play,0.0
4543.0,4547.0,team could do with it now,normal_play,0.0
4546.5,4550.5,the 31 year old,normal_play,0.0
4550.0,4554.0,bangs it downfield,normal_play,0.0
4553.5,4557.5,and misses thats two,normal_play,0.0
4557.0,4561.0,thats two different attempts from south africa,normal_play,0.0
4560.5,4564.5,south africa keeps on in the lead 10 8,normal_play,0.0
4564.0,4568.0,change of substitution,normal_play,0.0
4567.5,4571.5,substitution for ireland time back on,scrum,0.3861
4571.0,4575.0,and thats a change of scrum halves for ireland,scrum,0.3861
4574.5,4578.5,halves for ireland and jamison park gibson park coming off the field,scrum,0.218
4578.0,4582.0,the field conor murray the very experienced conor murray is coming off,scrum,0.218
4581.5,4585.5,coming off 119 total caps for murray hes on the field,scrum,0.218
4585.0,4589.0,hes on the field now here comes kwacha smith yet again into the freight,normal_play,4576.0
4588.5,4592.5,the freight nicknamed by his brother the,normal_play,4576.0
4592.0,4596.0,the extinct subspecies of zebra known as the kwacha to the right comes,normal_play,0.4032
4595.5,4599.5,right comes villamse the electric damian villamse,normal_play,0.4032
4599.0,4603.0,always such a,normal_play,0.0
4602.5,4606.5,always such a threat on attack jean klein carries now,normal_play,0.4032
4606.0,4610.0,now born in krugerstorp near johannesburg,normal_play,0.4032
4609.5,4613.5,dielendi cut down at the halfway line big rough ball,normal_play,0.4032
4613.0,4617.0,big rough ball for fafder klagdau villamse,normal_play,4608.0
4616.5,4620.5,villamse to the sky low is there for ireland misses,normal_play,4608.0
4620.0,4624.0,ireland misses it thats a large hookup will,normal_play,4608.0
4623.5,4627.5,hookup will pick up a bit of territory theyre in their way,normal_play,4624.0
4627.0,4631.0,theyre in their way theyre in their way knock on,normal_play,4624.0
4634.0,4638.0,massively in the balance this game isnt it,normal_play,4624.0
4637.5,4641.5,villamse has had a pretty all court game today,normal_play,4624.0
4641.0,4645.0,weve seen him running into contact weve seen him stepping around,lineout,0.4022
4644.5,4648.5,him stepping around it on that occasion he felt boot to ball like youre,lineout,0.4022
4648.0,4652.0,youre doing referee,normal_play,4624.0
4651.5,4655.5,referee gunnoke nearly taken out by cracker smith itll probably take more than a swinging arm,normal_play,4624.0
4655.0,4659.0,than a swinging arm to put smith down moving forward,normal_play,0.4032
4658.5,4662.5,players like smith allow him to do the 7 1 split on the bench,normal_play,0.4032
4662.0,4666.0,split on the bench hes got an outstanding skill set honed in the game of sevens,normal_play,0.4032
4665.5,4669.5,sevens he can carry can pass can do high balls,normal_play,0.4032
4669.0,4673.0,high balls coach,normal_play,0.4032
4672.5,4676.5,five six,normal_play,0.4032
4676.0,4680.0,from sevens to fifteens,normal_play,0.4032
4679.5,4683.5,fifteens okay so there we go three,normal_play,0.4032
4683.0,4687.0,there we go three time world cup champions,normal_play,0.4032
4686.5,4690.5,we trail now you have great work great work the,normal_play,0.0
4690.0,4694.0,work the only champion to lose a cool game happened in 2019 against,normal_play,0.0
4693.5,4697.5,2019 against new zealand they lost early in the stages,normal_play,0.0
4697.0,4701.0,carried in from ox and check the plays are jumping for,normal_play,0.0
4700.5,4704.5,the plays are jumping for the sharks ireland good turn over pitch the swipe,normal_play,0.0
4704.0,4708.0,thats why theyre the top side in the world we,normal_play,0.0
4707.5,4711.5,we like to do things like that,normal_play,0.0
4714.5,4718.5,lets go lets go lets go,normal_play,4712.0
4718.0,4722.0,go what a good carry,normal_play,4712.0
4721.5,4725.5,good carry from ox and che backed up by trevor,normal_play,4712.0
4725.0,4729.0,trevor neer karnik times up lets go please,normal_play,4712.0
4728.5,4732.5,were good okay were good time back on fab lively as ever,normal_play,0.0
4732.0,4736.0,lively as ever isnt he fab de klaap getting in there trying to make the difference for his team charging,normal_play,0.0
4735.5,4739.5,for his team charging that one down and deflecting it out for this line up,normal_play,0.0
4739.0,4743.0,up ireland will throw in just outside their 22 an error thats been problematic,normal_play,0.0
4742.5,4746.5,been problematic in this game and these are important moments now,normal_play,0.0
4746.0,4750.0,now down cheyenne,normal_play,0.0
4749.5,4753.5,down cheyenne he was well nominated for world rugby breakthrough player of the year in,normal_play,0.0
4753.0,4757.0,in 2022 bundee akis there okay,normal_play,0.0
4756.5,4760.5,okay thats good now inside their half taking back,normal_play,0.0
4760.0,4764.0,back holden france finds the boot of james,normal_play,0.0
4763.5,4767.5,of james lowe down the throat of damien villeneuve,normal_play,0.0
4767.0,4771.0,will he kick or will he run,normal_play,0.0
4770.5,4774.5,he run throws the big left footed step,normal_play,0.0
4774.0,4778.0,pass there from markovic,normal_play,0.0
4777.5,4781.5,markovic south,normal_play,0.0
4781.0,4785.0,south africa working their way upfield playing,normal_play,0.0
4784.5,4788.5,lovock does well and here comes erkje snaver on the burst,normal_play,4784.0
4788.0,4792.0,the burst the viking sailing towards the 22 south,lineout,0.2227
4791.5,4795.5,22 south africa with numbers on the right hand side lovock,lineout,0.2227
4795.0,4799.0,lovock creel peter steff the toy,maul,0.4599
4798.5,4802.5,loses possession and its a good tackle as well,maul,0.4599
4802.0,4806.0,well in from konamari do we not have a knock on or,maul,0.4599
4805.5,4809.5,a knock on or a touch by south africa,maul,0.4785
4809.0,4813.0,well it looked like,normal_play,4784.0
4812.5,4816.5,well it looked like he knocked that on in the tackle time off,normal_play,4784.0
4816.0,4820.0,guys south africa ball south africa ball,normal_play,0.0
4819.5,4823.5,south africa ball was touched by greenfield another chance for a bit of crap a lot of looks and things,penalty,0.6128
4823.0,4827.0,things its been late bom also getting a look,penalty,0.6128
4826.5,4830.5,also getting a look over touched by greenhand in the tackle,normal_play,0.0
4830.0,4834.0,timo confirmed it great hands from,normal_play,0.0
4833.5,4837.5,hands from lovock and a great line from snimon,normal_play,0.0
4837.0,4841.0,the big striding second row,normal_play,0.0
4840.5,4844.5,second row,normal_play,0.0
4844.0,4848.0,and i think de toy was just trying to lift it to his winger,normal_play,0.0
4847.5,4851.5,to his winger outside him was arensthe,normal_play,0.0
4854.5,4858.5,its party time at the rugby world cup okay were going to restart,normal_play,0.0
4858.0,4862.0,to restart lets go please its party time in the stands its a little bit more tense from the pitch,normal_play,0.0
4861.5,4865.5,the pitch going into the ten minutes to go mark,lineout,0.4726
4865.0,4869.0,its so important now these players coming into it,lineout,0.4726
4868.5,4872.5,coming into it was a lot made of this game i spanked the irish management beforehand and they were saying yes there,normal_play,4864.0
4872.0,4876.0,saying yes there is but the consequences are less than they will be in the future,normal_play,4864.0
4875.5,4879.5,in the future in this competition so hopefully the players are allowed to feel the,normal_play,4864.0
4879.0,4883.0,to feel the freedom of play two points difference on the scoreboard one versus,normal_play,4880.0
4882.5,4886.5,one versus two this is going to be tense and its about their ability to stay in the,normal_play,4880.0
4886.0,4890.0,to stay in the moment stay processed stay composed,normal_play,4880.0
4889.5,4893.5,i dont need the pool currently ten points to nine over sarabaget,normal_play,4880.0
4893.0,4897.0,over sarabaget as well the take for,normal_play,4880.0
4896.5,4900.5,take for the springbok sean koy nearly 140 matches for,normal_play,0.0
4900.0,4904.0,140 matches for munster going against friends,normal_play,0.0
4903.5,4907.5,friends in this rugby world cup pool game,normal_play,0.0
4907.0,4911.0,pool game advantage the take for the springboks theyre inside the,normal_play,0.0
4910.5,4914.5,theyre inside the 22 buster clack pushing,normal_play,0.0
4914.0,4918.0,buster clack pushing a few bodies away little advantage under flea comes it here comes,normal_play,0.0
4917.5,4921.5,it here comes kockersma hes hit hard,normal_play,0.0
4921.0,4925.0,no no over here its the ireland player,normal_play,4920.0
4924.5,4928.5,its the ireland player ireland comes around the side changes bind side,scrum,0.4877
4928.0,4932.0,side entry no it was the same all,scrum,0.4877
4931.5,4935.5,was the same all the whole time i dont know if it was,normal_play,4920.0
4935.0,4939.0,it was tyburn initially with the infringement around,normal_play,4936.0
4938.5,4942.5,around the side in the mall,normal_play,4936.0
4942.0,4946.0,thats one mall we might see,normal_play,4936.0
4945.5,4949.5,we might see another one rolling there he is initially it looked,normal_play,4936.0
4949.0,4953.0,initially it looked like he came through the middle which would have been fine i actually thought he pulled out perhaps,normal_play,4936.0
4952.5,4956.5,pulled out perhaps under the referees instruction but penalty,normal_play,4928.0
4959.5,4963.5,south africas chance would,normal_play,0.0
4963.0,4967.0,chance would tend to go theyre five metres,normal_play,0.0
4966.5,4970.5,theyre five metres up dionne farik,normal_play,0.0
4973.5,4977.5,not accurate,normal_play,0.0
4977.0,4981.0,well ireland line up coach paul o connor was asked before,normal_play,0.0
4980.5,4984.5,was asked before this whether they thought the introduction of dionne farik would be,normal_play,0.0
4984.0,4988.0,be a weakness and he kind of played it down but,normal_play,0.0
4987.5,4991.5,but farik is it back row,normal_play,0.0
4991.0,4995.0,is it back row flow also plays shuka transferred and,normal_play,0.4032
4994.5,4998.5,transferred and gives him that variety,normal_play,0.4032
4998.0,5002.0,its got plenty of life experience coming in at 36 but not,normal_play,0.4032
5001.5,5005.5,but not a huge amount of game experience at this level thats our mark keep the white,normal_play,0.4032
5005.0,5009.0,our mark keep the white come on for his ninth today pressure,normal_play,0.4032
5008.5,5012.5,pressure in these moments starting to boil,normal_play,0.4032
5012.0,5016.0,it knew it would be an issue when malcolm marks was injured,normal_play,0.4032
5015.5,5019.5,hell no longer take part with the,normal_play,5008.0
5019.0,5023.0,with the south african side of this world cup,normal_play,5008.0
5022.5,5026.5,ireland coach chance for them to clear their,normal_play,0.4032
5026.0,5030.0,to clear their lines six,normal_play,0.4032
5029.5,5033.5,six,normal_play,0.4032
5033.0,5037.0,side relief perhaps,normal_play,5008.0
5036.5,5040.5,perhaps big forward,normal_play,5008.0
5040.0,5044.0,big forward pack piling in ireland theyre able to kick towards,normal_play,0.0
5043.5,5047.5,to kick towards the touchline using james lowe,normal_play,0.0
5047.0,5051.0,lowe,normal_play,0.0
5050.5,5054.5,that is a stunning kick from,normal_play,0.4032
5054.0,5058.0,kick from the irish winger,normal_play,0.4032
5061.0,5065.0,that is huge bigger step in for,normal_play,0.213
5064.5,5068.5,huge bigger step in for ireland now that was absolute giant nudge,normal_play,0.213
5068.0,5072.0,huge change coming for ireland here johnny johnny sexton is,normal_play,0.4032
5071.5,5075.5,johnny sexton is coming off the field of course he is a fan favourite he is,normal_play,5064.0
5075.0,5079.0,he is a legend of irish rugby hes been the heart and soul of this,normal_play,5064.0
5078.5,5082.5,soul of this team all night hes going to come off for the last eight,normal_play,0.3942
5082.0,5086.0,last eight minutes of this absolute nail biter jack crowley,normal_play,0.3942
5085.5,5089.5,jack crowley is going his way johnny sexton leaves his country with a,normal_play,0.3942
5089.0,5093.0,country with a lead can they hold on to that here comes south africa up,normal_play,0.0
5092.5,5096.5,africa up the middle van staden gets a beautiful ball,normal_play,0.4032
5096.0,5100.0,beautiful ball from kurt lee arnser who had that break for,normal_play,0.4032
5099.5,5103.5,that break for the springboks attempts finish were in,normal_play,0.0
5103.0,5107.0,finish were in for beautiful ball back to kockersmith from arje sneyman,normal_play,0.4032
5106.5,5110.5,sneyman and it comes to clark lebock,normal_play,0.4032
5110.0,5114.0,unchamp steams upfield for,normal_play,0.4032
5113.5,5117.5,for south africa trevon,normal_play,5104.0
5117.0,5121.0,trevon yacany with possession,normal_play,5104.0
5120.5,5124.5,possession back to clark cant get it ireland pile in,normal_play,5120.0
5124.0,5128.0,in whos there go on,normal_play,5120.0
5127.5,5131.5,and then its been left behind and hoofed downfield from ireland,normal_play,5120.0
5131.0,5135.0,a stunning steal and they drive back to springboks,normal_play,5120.0
5134.5,5138.5,back to springboks jesse creel beats,normal_play,5136.0
5138.0,5142.0,beats one,normal_play,5136.0
5141.5,5145.5,south africa theyve got,normal_play,5136.0
5145.0,5149.0,theyve got turnover at the last break time may have lost it,normal_play,5136.0
5148.5,5152.5,may have lost it again ireland un attacked here they come ball spits,normal_play,5136.0
5152.0,5156.0,ball spits free to the left hand side,normal_play,0.0
5155.5,5159.5,now they look for some magic hugo keenan,normal_play,0.0
5159.0,5163.0,the fullback brought down inside the 22,normal_play,0.0
5162.5,5166.5,22 here they go release conor murray,normal_play,0.0
5166.0,5170.0,conor murray with this crowd urging him on,normal_play,0.0
5169.5,5173.5,urging him on good ball again jack crowley on the field,normal_play,0.0
5173.0,5177.0,the cheers continue ian henderson the oesterman,normal_play,0.0
5176.5,5180.5,the oesterman behind the back ball,normal_play,0.0
5180.0,5184.0,behind the back ball just held on there from hugo hugo keenan,normal_play,0.0
5183.5,5187.5,hugo keenan lebocks doing well,normal_play,0.0
5187.0,5191.0,porter takes a strong hit,normal_play,0.0
5190.5,5194.5,a strong hit theres robbie henshaw looks,normal_play,0.0
5194.0,5198.0,henshaw looks to attack,normal_play,0.0
5197.5,5201.5,ireland looking at the options here ty burne carries,normal_play,0.0
5201.0,5205.0,burne carries well again from the urc with munster they go to the,normal_play,0.0
5204.5,5208.5,go to the pocket,normal_play,0.0
5208.0,5212.0,the pocket sakenbeck not successful attempt but they needed to have a go,normal_play,0.0
5211.5,5215.5,go scrum sakenbeck its going to be a five,normal_play,0.0
5215.0,5219.0,going to be a five meter scrum because hes charged down been touched in the air,normal_play,5216.0
5218.5,5222.5,the air scrum did,normal_play,5216.0
5222.0,5226.0,yeah,normal_play,5216.0
5225.5,5229.5,yeah there it is touched in the end,normal_play,5224.0
5229.0,5233.0,touched in the end there good work,normal_play,5224.0
5232.5,5236.5,good work to charge it down but its actually in the back right it,normal_play,5224.0
5236.0,5240.0,it really broke up creel got scragged,normal_play,5224.0
5239.5,5243.5,got scragged and caught and invited ireland,normal_play,5216.0
5243.0,5247.0,ireland to counteract,normal_play,5216.0
5257.0,5261.0,another change,normal_play,0.0
5260.5,5264.5,another change for ireland andrew porter coming off the field hes been instrumental,normal_play,0.0
5264.0,5268.0,hes been instrumental today in that set piece such has been the physicality,scrum,0.4877
5267.5,5271.5,has been the physicality of this game i think its a well deserved break for,scrum,0.4877
5271.0,5275.0,deserved break for him yeah really has been a thick and heavy game give it,scrum,0.4877
5274.5,5278.5,it hes on the clock hes dead too kovac,penalty,0.6128
5278.0,5282.0,too kovac rynaf as well great shot there in the rsi were talking about out,penalty,0.6128
5281.5,5285.5,were talking about out porn compose yourselves in these moments were just over five,penalty,0.6128
5285.0,5289.0,just over five to play theyre there in a huddle breathing in unison,normal_play,0.0
5288.5,5292.5,unison and south africa have made the final change of their bench,normal_play,0.0
5292.0,5296.0,of their bench their lone back kovac rynaf is onto the field,normal_play,0.0
5295.5,5299.5,onto the field factor clark coming off a new rynaf was going to get on the field and,normal_play,5296.0
5299.0,5303.0,on the field and sometimes hes said the only back fan favorite three,normal_play,5296.0
5302.5,5306.5,three years at northampton saints before he moved to france but hes actually,normal_play,5296.0
5306.0,5310.0,but hes actually instrumental the second quickest in rugby world cup history behind the one he set in,normal_play,5296.0
5309.5,5313.5,he set in 2019 against canada,normal_play,5296.0
5316.5,5320.5,come on,normal_play,5312.0
5327.0,5331.0,can arlo put this,goal_kick,0.8688
5330.5,5334.5,put this game away five minutes,goal_kick,0.8688
5334.0,5338.0,five minutes to play their lead south africa 10 8,goal_kick,0.8688
5337.5,5341.5,come up times off,goal_kick,0.8688
5341.0,5345.0,straight down dont use your head on the shoulder okay its your ball dont,goal_kick,0.8688
5344.5,5348.5,dont use your head on the shoulder,goal_kick,0.8688
5348.0,5352.0,lets reset please time will go when were ready its tense its,goal_kick,0.8688
5351.5,5355.5,its tense its head and hands time you can barely watch just keep,goal_kick,0.7202
5355.0,5359.0,watch just keep your weight there two points on the scoreboard five minutes to play,goal_kick,0.7202
5358.5,5362.5,play ireland setting up camp at the scrum five meters off its,normal_play,0.0
5362.0,5366.0,off its an african line the experience of conor murray to put into,normal_play,0.0
5365.5,5369.5,to put into this scrum coach,normal_play,0.0
5369.0,5373.0,coach fine here we go,normal_play,0.0
5372.5,5376.5,we go as the world watches,normal_play,0.0
5376.0,5380.0,tell,kick_off,0.3629
5379.5,5383.5,tell the ireland,kick_off,0.3629
5383.0,5387.0,you can hear the roar,normal_play,0.0
5386.5,5390.5,the roar,normal_play,0.0
5397.0,5401.0,shot called on the line please instability,normal_play,0.0
5400.5,5404.5,instability mac hansen just came up to this near side to fire the crowd up i dont think they,normal_play,0.4032
5404.0,5408.0,i dont think they need it mac theyre all on their feet theyre loving life,normal_play,0.4032
5407.5,5411.5,life,normal_play,0.4032
5418.0,5422.0,substitute,normal_play,0.4032
5421.5,5425.5,substitute front back jack crow for ireland will be very very pleased to get,normal_play,0.4032
5425.0,5429.0,to get one over on the box pack a,normal_play,0.3108
5428.5,5432.5,a massive moment in the game for ireland,normal_play,0.3108
5432.0,5436.0,jack crowley pivotal,normal_play,0.4032
5435.5,5439.5,pivotal roll for the munster side winning the urc this year,normal_play,0.4032
5439.0,5443.0,year from close range,normal_play,0.4032
5442.5,5446.5,range,normal_play,0.4032
5446.0,5450.0,to make it,normal_play,0.4032
5449.5,5453.5,it a five point lead and its,normal_play,0.4032
5453.0,5457.0,its a three point lead,normal_play,0.4032
5456.5,5460.5,crowley has his name in the books,normal_play,0.4032
5460.0,5464.0,in the books its 13 points to rate ireland lead south,normal_play,0.4032
5463.5,5467.5,ireland lead south africa with three minutes to play,normal_play,0.4032
5467.0,5471.0,minutes to play,normal_play,0.4032
5470.5,5474.5,colby looks to the sky,penalty,0.5575
5474.0,5478.0,the sky a hint of despair in this african eyes now,penalty,0.5575
5477.5,5481.5,now,penalty,0.5575
5481.0,5485.0,down the middle goes south africa nice,normal_play,0.0
5484.5,5488.5,africa nice lift from ireland can they close out,normal_play,0.0
5488.0,5492.0,they close out this game okay green,normal_play,0.0
5491.5,5495.5,its a big kick yet again two in a row,normal_play,0.0
5495.0,5499.0,row monty leboc launches,normal_play,0.0
5498.5,5502.5,launches the counter the flowers being had and theres a bunch,normal_play,0.4032
5502.0,5506.0,theres a bunch of green jerseys around there,normal_play,0.4032
5505.5,5509.5,rana retains position for south africa,normal_play,0.4032
5512.5,5516.5,villains up magic needed from some of,normal_play,0.0
5516.0,5520.0,from some of the playmakers cheslin and colby,normal_play,0.0
5519.5,5523.5,cant get free on this occasion to the halfway line turnover,normal_play,0.0
5523.0,5527.0,turnover good a pinch and another steal from ireland,normal_play,0.0
5526.5,5530.5,from ireland unbelievable from bundy bundee aki,normal_play,0.0
5530.0,5534.0,bundee aki turnover good storming with ball in hand and on,normal_play,0.0
5533.5,5537.5,and on the other side of the ball low again chips this one whos put him on,lineout,0.331
5537.0,5541.0,put him on colby hes on there hes opposite number,lineout,0.331
5540.5,5544.5,opposite number 90 seconds left,normal_play,0.0
5544.0,5548.0,south africas chance with ball,maul,0.5232
5547.5,5551.5,chance with ball in hand big hit as well rana juans position,maul,0.5232
5551.0,5555.0,rana juans position inche waits theres a behind the back,normal_play,0.0
5554.5,5558.5,behind the back leboc by jesse creel,normal_play,0.0
5558.0,5562.0,jesse creel to the halfway line the tackle keep coming from ireland,normal_play,0.0
5561.5,5565.5,ireland vantage second man hands on,normal_play,5560.0
5565.0,5569.0,hands on pindy vantage ball side out,normal_play,5560.0
5568.5,5572.5,willemse almost got the pass away in,normal_play,5560.0
5572.0,5576.0,in the tackle and ended eventually,normal_play,5560.0
5575.5,5579.5,okay you got two pindolies one pindoli here for off,normal_play,5568.0
5579.0,5583.0,here for off feet,normal_play,5568.0
5582.5,5586.5,cheers,normal_play,5568.0
5586.0,5590.0,cheers one here and one over there from the south african side,normal_play,5568.0
5589.5,5593.5,side off feet theyre not a group short of the leaf,normal_play,5568.0
5593.0,5597.0,leaf they said coming into this they love the pressure cooker,normal_play,5592.0
5596.5,5600.5,its dolled right up now,normal_play,5596.0
5600.0,5604.0,marnie leboc,normal_play,5596.0
5603.5,5607.5,leboc so much said about his kicking in this game,normal_play,5592.0
5607.0,5611.0,game and his shots at goal have been questionable hes missed a few,normal_play,5608.0
5610.5,5614.5,few well thats a nice nudge hes giving his back and,normal_play,5608.0
5614.0,5618.0,back and inviting blackpool into play here,normal_play,5608.0
5621.0,5625.0,the drama unfolding,normal_play,5620.0
5624.5,5628.5,unfolding in front of us at start to france,normal_play,5620.0
5628.0,5632.0,to france final play,normal_play,5616.0
5631.5,5635.5,play,normal_play,5632.0
5635.0,5639.0,ireland lead 13 8 farid,normal_play,5632.0
5638.5,5642.5,farid goes to peterseft to tweit,normal_play,5640.0
5642.0,5646.0,tweit south africa mourning towards,normal_play,5640.0
5645.5,5649.5,mourning towards the top ireland the alendi is in there as well,normal_play,5640.0
5649.0,5653.0,tyburn the irish defender on the side,normal_play,0.0
5652.5,5656.5,the side,normal_play,0.0
5656.0,5660.0,theyve defended superbly where is it theyre,normal_play,0.0
5659.5,5663.5,theyre going to try to dig this out its there has it come out,normal_play,0.0
5663.0,5667.0,its over ireland,normal_play,0.0
5666.5,5670.5,ireland have done it,normal_play,0.0
5670.0,5674.0,done it the number one team in the world,normal_play,0.0
5673.5,5677.5,in the world,normal_play,0.0
5677.0,5681.0,irish eyes are smiling tonight,normal_play,0.0
5680.5,5684.5,theyve taken one step closer to their rugby world cup dream,normal_play,0.0
5684.0,5688.0,world cup dream theyve beaten the springboks,normal_play,0.0
5687.5,5691.5,its been an extraordinary evening,normal_play,0.0
5691.0,5695.0,extraordinary evening in paris therell be tears therell be celebrations,normal_play,0.0
5694.5,5698.5,be celebrations 80 0 fans yeah millions,normal_play,0.0
5698.0,5702.0,fans yeah millions around the world have witnessed one of,normal_play,0.0
5701.5,5705.5,witnessed one of the great battles in rugby world cup history,normal_play,0.0
5705.0,5709.0,history for more information visit w fema gov,normal_play,0.0
