start_time,end_time,text,event_class,highlight_score
0.0,4.0,jaco piper takes charge of the world cup open his 64th test,normal_play,0.4032
3.5,7.5,64th test match he also refereed the opening game at the 2015,normal_play,0.4032
7.0,11.0,2015 event at twickenham,normal_play,0.0
10.5,14.5,allez allez the rugby,kick_off,0.4562
14.0,18.0,the rugby world cup is underway french flair,kick_off,0.4562
17.5,21.5,french flair and all black excellence,kick_off,0.4562
21.0,25.0,new zealand all in black france in their,normal_play,0.0
24.5,28.5,france in their white shirts and tomas ramos has found touch,normal_play,0.0
28.0,32.0,has found touch up near the halfway off the restart a blockbuster,normal_play,0.0
31.5,35.5,a blockbuster premier of the greatest rugby show on earth,normal_play,0.0
35.0,39.0,on earth and to the sounds of allez allez,normal_play,0.0
38.5,42.5,allez allez codie taylor will throw the,normal_play,0.0
42.0,46.0,will throw the first lineout of,normal_play,0.0
45.5,49.5,of the match,normal_play,0.0
49.0,53.0,he,lineout,0.183
52.5,56.5,he takes his time and he finds the double world cup winner sam whitelock,lineout,0.183
56.0,60.0,sam whitelock in midfield and theres a short ball to rico ioanni,lineout,0.183
59.5,63.5,ioanni bursting through the middle into the french 22 what a,normal_play,0.0
63.0,67.0,what a start for new zealand hold on attack already anton leonard brown,normal_play,0.0
66.5,70.5,leonard brown and now bowden barrett the fullback for the all blacks,normal_play,0.4032
70.0,74.0,blacks what a break from ioanni,normal_play,0.4032
73.5,77.5,ioanni go go,normal_play,0.4032
77.0,81.0,penalty new zealand that was a great running line but,normal_play,0.0
80.5,84.5,running line but it was the pass they had decored runners out the back door and they,normal_play,0.0
84.0,88.0,and they isolated the midfield and they go quick,penalty,0.6128
87.5,91.5,the all blacks looking to force the initiative aaron smith theyve got the penalty advantage,penalty,0.6128
91.0,95.0,penalty advantage as well new zealand theres the ball theres the ball,normal_play,0.0
94.5,98.5,ball balls available,try,1.0
98.0,102.0,moana barrett works the,try,1.0
101.5,105.5,works the cross kick to mark talia sits up for him and,try,1.0
105.0,109.0,up for him and he scores for new zealand,try,1.0
108.5,112.5,what a start for the all blacks,try,1.0
112.0,116.0,a try inside two minutes,try,1.0
115.5,119.5,two minutes in the world cup opener,try,1.0
119.0,123.0,well he made his debut in november last year,try,1.0
122.5,126.5,last year mark talia but hes made himself an integral part of this all black unit,try,1.0
126.0,130.0,all black unit because of situations like this kets his composure waits for,try,1.0
129.5,133.5,composure waits for the bounce under g rest that was a great kick pass from bowdy barrett,normal_play,0.0
133.0,137.0,bowdy barrett to execute it it takes a lot under pressure,normal_play,0.0
136.5,140.5,under pressure to do that what a start new zealand,normal_play,0.0
143.5,147.5,mark talia he hasnt been around all that long as you,normal_play,0.0
147.0,151.0,that long as you say latching on to the cross kick from bowdy barrett,normal_play,0.0
150.5,154.5,from bowdy barrett brilliant from the new zealand fullback,normal_play,0.0
154.0,158.0,fullback been there done it two time world rugby player of the year,normal_play,0.0
157.5,161.5,the year but it was the attitude they got the penalty quickly,normal_play,0.0
161.0,165.0,quickly to new zealand and they took the quick tap they didnt allow the,normal_play,0.0
164.5,168.5,allow the french defence to get set and from there they had another penalty advantage,normal_play,0.0
168.0,172.0,another penalty advantage they went wide straight away because they knew that the french was,normal_play,0.0
171.5,175.5,french was constatated and they were able to execute,normal_play,0.0
175.0,179.0,execute richie moonga,goal_kick,0.8688
178.5,182.5,keeping 75 off the tee in,goal_kick,0.8688
182.0,186.0,the tee in test matches in 2023,goal_kick,0.8688
189.0,193.0,from wide outs,goal_kick,0.8688
192.5,196.5,it just slides by so it will remain,goal_kick,0.8688
196.0,200.0,remain 5 0 look at that bowdy barrett,goal_kick,0.8688
199.5,203.5,that bowdy barrett new head numbers on the outside trying to get it on the full,goal_kick,0.8688
203.0,207.0,on the full bit mark talia was good enough now the slow walk back here for,goal_kick,0.8688
206.5,210.5,back here for france obviously a very long time to go in this game what is their reply,normal_play,0.0
210.0,214.0,is their reply,normal_play,0.0
213.5,217.5,so a response required from france,normal_play,0.0
217.0,221.0,required from france after that early try sam,normal_play,0.0
220.5,224.5,sam whitelock his 20th all time world,kick_off,0.5159
224.0,228.0,world cup game for,kick_off,0.5159
227.5,231.5,for the new zealand greats second row theres sultan popalaiti,normal_play,0.0
231.0,235.0,popalaiti in the seven shirt in the place of sam kane and its a penalty,penalty,0.6128
234.5,238.5,its a penalty to france hes on it march on it was the number two the,penalty,0.6128
238.0,242.0,number two the hooker straight over that ball brilliant work from him thats the response,penalty,0.6128
241.5,245.5,him thats the response that france were wanting i think,normal_play,0.0
245.0,249.0,were wanting i think theyll go for the three points and its a good call by the skip up just,normal_play,0.0
248.5,252.5,up just cool things down a little bit,normal_play,0.0
252.0,256.0,big story,normal_play,0.0
255.5,259.5,big story coming in the absence of the world cup captain sam,normal_play,0.0
259.0,263.0,captain sam kane popalaiti started his test career as an open side flanker,normal_play,0.0
262.5,266.5,flanker heres the kick off beautifully taken by sam,normal_play,0.0
266.0,270.0,by sam whitelock they sent two players around to stop it that was a good low,normal_play,0.0
269.5,273.5,a good low tackle from wadi which allowed the hooker marchand,normal_play,0.0
273.0,277.0,the hooker marchand to get over the ball perfect technique,normal_play,0.0
276.5,280.5,well tomas ramos has been kicking brilliantly,normal_play,0.0
280.0,284.0,kicking brilliantly this year up near 90 percent,normal_play,0.0
283.5,287.5,percent test matches this,normal_play,0.0
287.0,291.0,this season,goal_kick,0.8688
297.5,301.5,ramos to close the gap to two points,goal_kick,0.8688
301.0,305.0,points he bangs it straight down the middle hes got it in the middle,goal_kick,0.8688
308.0,312.0,5 3 new zealand lead france,normal_play,0.0
311.5,315.5,just before the five minute mark thats an indication man we,normal_play,0.0
315.0,319.0,man we are in for one thats for sure both teams have,normal_play,0.0
318.5,322.5,teams have scored each time theyve been in the 22 for the opposition,normal_play,0.0
322.0,326.0,the opposition bodenbarrett gets us back,normal_play,0.0
325.5,329.5,gets us back under way he goes long down to aldridge who gives,normal_play,0.0
329.0,333.0,aldridge who gives it to dupont his captain big kick from the,normal_play,0.0
332.5,336.5,kick from the scrum half but new zealand go quickly heres bodenbarrett,normal_play,0.4032
336.0,340.0,heres bodenbarrett again younger brother jordi unavailable for,normal_play,0.4032
339.5,343.5,unavailable for this game with injury will jordan on the chase,normal_play,0.0
343.0,347.0,the chase both at the ball are you happy with the contest in the air was,normal_play,0.4032
346.5,350.5,air was tomas ramos both in the position to play that ball you heard the voice,normal_play,0.4032
350.0,354.0,heard the voice of the referee both in the position to play it fair collision in the air,normal_play,0.4032
353.5,357.5,the air,normal_play,0.4032
360.5,364.5,so bodenbarrett again slightly shorter high kick this time,normal_play,0.4032
364.0,368.0,this time gavin villiers underneath it for france the ball,normal_play,0.4032
367.5,371.5,ball,normal_play,0.4032
378.0,382.0,the ball back to,normal_play,0.4032
381.5,385.5,to black,normal_play,0.4032
385.0,389.0,no tackle fill in,normal_play,0.4032
388.5,392.5,in,normal_play,0.4032
395.5,399.5,just for a second in the backfield,penalty,0.4629
399.0,403.0,in the backfield,normal_play,0.0
402.5,406.5,aerial contact both players got hands to the ball one thing thats very apparent already is,normal_play,0.0
406.0,410.0,apparent already is the length of exit from the french team going very long and i dont think this,normal_play,0.0
409.5,413.5,long and i dont think this is out hasnt found touch richie,normal_play,0.0
413.0,417.0,touch richie moonger so ramos,normal_play,0.4032
416.5,420.5,straight down the tram lines back to the,normal_play,0.4032
420.0,424.0,back to the all black fly half heres will jordan hes been,normal_play,0.0
423.5,427.5,hes been outstanding in the try scoring departments for new zealand,normal_play,0.0
427.0,431.0,zealand mr prolific for this all black side barrett long,normal_play,0.0
430.5,434.5,barrett long cut out ball its a layer again but its,normal_play,0.0
434.0,438.0,but its drifted forward what,normal_play,0.0
437.5,441.5,what new zealand are trying to do is go edge to edge theyre not wanting to,normal_play,0.0
441.0,445.0,theyre not wanting to kick the ball back long to this french team,normal_play,0.0
444.5,448.5,so looking to expose them in the middle and then get,normal_play,0.0
448.0,452.0,and then get the ball right quickly interesting too carl,normal_play,0.0
451.5,455.5,carl,normal_play,0.0
455.0,459.0,how much bodenbarrett is in the game we often,normal_play,0.0
458.5,462.5,game we often see him come in at first receiver but this double playmaker role,normal_play,0.0
462.0,466.0,role and its his voice too respect the,normal_play,0.0
465.5,469.5,respect the mark that is so integral to this all black team and the gap he knows how,normal_play,0.0
469.0,473.0,how to win these types of games dont,normal_play,0.0
472.5,476.5,dont close the gap vision was there skill execution didnt hit the mark first scrum,normal_play,0.0
476.0,480.0,mark first scrum this will be interesting,normal_play,0.0
479.5,483.5,interesting youve got two old boys at wesley college on,normal_play,0.0
483.0,487.0,on opposite sides here tonight in the front rows napola lala,normal_play,0.0
486.5,490.5,napola lala for the all blacks rune antonio born in,normal_play,0.0
490.0,494.0,born in new zealand for france there he is enormous figure on the tight head side,normal_play,0.0
493.5,497.5,the tight head side standing up well have a reset hes in the group who is,normal_play,0.0
497.0,501.0,the group who is marking him theres no small unit as well,normal_play,0.0
500.5,504.5,well hes been absolutely monstered physically,normal_play,0.0
504.0,508.0,monstered physically this is the battle within the battle now isnt it,normal_play,0.0
507.5,511.5,now isnt it massive part of the french attack,normal_play,0.0
511.0,515.0,we saw they did have a few problems in their,normal_play,0.0
514.5,518.5,problems in their final warm up game a couple of weeks ago here in paris against australia,normal_play,0.0
518.0,522.0,against australia they seem not necessarily known for their dominance,normal_play,0.0
521.5,525.5,for their dominance up front so they would have thought about that would have gone away worked on it,normal_play,0.0
525.0,529.0,it needed good platform here,normal_play,0.0
528.5,532.5,five,scrum,0.3499
532.0,536.0,five six,scrum,0.2172
535.5,539.5,six,scrum,0.2172
539.0,543.0,solid platform for dupont to play but aaron smith,scrum,0.3499
542.5,546.5,hes onto it like a flash good work from the new zealand,normal_play,0.0
546.0,550.0,from the new zealand scrum half ramos kicks again talia cant,normal_play,0.0
549.5,553.5,talia cant hold onto it gone backwards says the referee play on,normal_play,0.4032
553.0,557.0,referee play on and mark talia perhaps a little fortunate,normal_play,0.4032
556.5,560.5,a little fortunate crowd dont like the call comes away with it for new zealand,normal_play,0.4032
560.0,564.0,with it for new zealand barrett again at first receiver will jordan with,normal_play,0.4032
563.5,567.5,jordan with the kicking duties now natsya,normal_play,0.4032
567.0,571.0,natsya jalaba and,normal_play,0.4032
570.5,574.5,and just steady himself and bang that one over,normal_play,0.4032
574.0,578.0,over the sideline i like that contest so,normal_play,0.4032
577.5,581.5,contest so anton dupont versus aaron smith aaron smith takes,normal_play,0.0
581.0,585.0,smith takes round one there,normal_play,0.0
584.5,588.5,yeltsin experienced player for the yorblaks,normal_play,0.0
588.0,592.0,so the new zealand,normal_play,0.0
591.5,595.5,so the new zealand hooker cody taylor going to wipe the ball,normal_play,0.0
595.0,599.0,ball its stifling hot here in paris this,normal_play,0.0
598.5,602.5,in paris this week as julian marchand looks like getting some attention,normal_play,0.0
602.0,606.0,attention the french hooker yeah i think this is,normal_play,0.0
605.5,609.5,is a yes the weather but b the speed of what,normal_play,0.0
609.0,613.0,the speed of what new zealands playing at at the moment this is definitely a tactical thing just,normal_play,0.0
612.5,616.5,thing just wrapping up the leg for marchand ultra,normal_play,0.0
616.0,620.0,ultra quick so far eventually because of the elaborate opening ceremony,normal_play,0.0
619.5,623.5,elaborate opening ceremony we had before kick off tonight players were only allowed,normal_play,0.0
623.0,627.0,were only allowed on the field for about 20 minutes or so had to start their,normal_play,0.0
626.5,630.5,to start their warm up indoors,normal_play,0.0
630.0,634.0,just compromised here and let clean out the marchand,normal_play,0.0
633.5,637.5,the marchand first line up for new zealand was good it went to,normal_play,0.0
637.0,641.0,to sam whitelock does he call his own number again,normal_play,0.0
644.0,648.0,7 titles with the crusaders but,lineout,0.2876
647.5,651.5,crusaders but its the french number 7 olivier who steals it,lineout,0.2876
651.0,655.0,who steals it turnover ball for france,normal_play,0.0
654.5,658.5,dupont works the blindside for,normal_play,0.4032
658.0,662.0,blindside for francois cross jalbert,normal_play,0.4032
661.5,665.5,jalbert cuts out flamont to,normal_play,0.4032
665.0,669.0,flamont to marchand whos back on his feet balls gone forward,normal_play,0.0
668.5,672.5,gone forward though on the floor so thats off for new zealand,normal_play,0.3867
672.0,676.0,for new zealand big taker from scott barrett heres the one that was targeted,normal_play,0.3867
675.5,679.5,one that was targeted at line out time they got in front of him with the jump in line out,normal_play,0.0
679.0,683.0,out did france he just shake of the head there marchand but it was a nice low hit from,normal_play,0.0
682.5,686.5,hit from scott barrett to get that turnover back,normal_play,0.0
686.0,690.0,talked about discipline during the week new zealand of course they had those,normal_play,0.0
689.5,693.5,they had those yellow cards one of which became a red against,normal_play,0.0
693.0,697.0,a red against south africa in their penultimate war the final warm up game,normal_play,0.0
696.5,700.5,game it looks like france might be looking to make a change here yes they,normal_play,0.0
700.0,704.0,here yes they are hes going to try lets go,normal_play,0.0
703.5,707.5,try lets go thats on malvaca whos on the sideline,normal_play,0.0
707.0,711.0,on the sideline waiting to come on but marchand wants to give it another go of course you,normal_play,0.0
710.5,714.5,of course you dont want to come off in a game like this hell try as much as,normal_play,0.0
714.0,718.0,try as much as he can this will be the tester for him they had a pretty solid one,normal_play,0.0
717.5,721.5,solid one first up to france it was their ball now its all black ball,normal_play,0.0
721.0,725.0,ball so theres,normal_play,0.0
724.5,728.5,so theres aaron smith whos just surveying the french defence,normal_play,0.0
728.0,732.0,defence another word to richie molana whos standing directly behind the scrum,scrum,0.3548
731.5,735.5,the scrum bowden barrett to his right leonard graham to his left,scrum,0.3548
735.0,739.0,to his left,scrum,0.1745
738.5,742.5,the early push from the french i think theyll be worried after the first,scrum,0.1745
742.0,746.0,after the first one balls not in lets work he can settle,scrum,0.1745
745.5,749.5,he can settle,normal_play,0.0
749.0,753.0,great though wadi of course no serial buy at the moment,normal_play,0.0
752.5,756.5,buy at the moment for france and that calf injury in a warm up game,normal_play,0.0
756.0,760.0,warm up game to this tournament automatic first choice normally,normal_play,0.0
759.5,763.5,choice normally is buy so its wadi who has to,normal_play,0.0
763.0,767.0,to come in here on the lucid side,normal_play,0.0
766.5,770.5,remember this is a free kick so it cant be,normal_play,0.0
770.0,774.0,so it cant be put out directly so whether new zealand are up and under,normal_play,0.0
773.5,777.5,under and they will make the change marchand,normal_play,0.0
777.0,781.0,marchand disappointment for him the man who started the last,normal_play,0.0
780.5,784.5,started the last 20 consecutive six nations games for france,normal_play,0.0
784.0,788.0,the man from toulouse will be replaced by,normal_play,0.0
787.5,791.5,by another toulouse team mate peto malvaca,normal_play,0.0
791.0,795.0,whos on,normal_play,0.0
794.5,798.5,whos on early for france new zealand go high with,normal_play,0.0
798.0,802.0,with the bomb off the free kick and thats dribbled over the sideline and theres,normal_play,0.0
801.5,805.5,sideline and theres tupovai twice,normal_play,0.0
805.0,809.0,twice have gone to jordan with an up and under hes a supremo in that department,normal_play,0.0
808.5,812.5,in that department penalty yeah i think jordan,normal_play,0.0
812.0,816.0,think jordan was looking at the ball and saw like he took a player out there,normal_play,0.0
815.5,819.5,there unsure contact in there before he can take it,penalty,0.6128
819.0,823.0,he can take it but to be fair is that the responsibility of jordan to pull out of,penalty,0.6128
822.5,826.5,to pull out of that north,normal_play,0.0
826.0,830.0,so both teams with some early opportunities just,normal_play,0.0
829.5,833.5,opportunities just unable to take advantage in field position,normal_play,0.0
833.0,837.0,in field position,normal_play,0.0
836.5,840.5,jalbert he hasnt found touch either,normal_play,0.2923
840.0,844.0,don oruchimawanga there and in his own 22,normal_play,0.2923
843.5,847.5,own 22 he bangs that out in the full deep but dupont will give it,normal_play,0.0
847.0,851.0,dupont will give it back to jalbert stop,normal_play,0.4032
850.5,854.5,heres will jordan again play run five can be brilliant on,normal_play,0.4032
854.0,858.0,be brilliant on the counter attack decides to kick again though weve seen plenty,normal_play,0.4032
857.5,861.5,weve seen plenty of kicking so far in this contest already,normal_play,0.4032
861.0,865.0,already one on the angle from ramos is bodum,normal_play,0.4032
864.5,868.5,ramos is bodum barrett run five play,normal_play,0.0
868.0,872.0,and a nice spiral from barrett that hasnt gone out,normal_play,0.4032
871.5,875.5,hasnt gone out though so ramos just,normal_play,0.4032
875.0,879.0,ramos just about stays in his 22 and puts that one over the sideline thats going to be,normal_play,0.0
878.5,882.5,the sideline thats going to be a line out throw to new zealand huge disappointment for marchand,normal_play,0.0
882.0,886.0,for marchand that left thigh i can see there,normal_play,0.0
885.5,889.5,can see there very despondent doesnt he hopefully its,normal_play,0.0
889.0,893.0,he hopefully its not a tournament ending one for him,normal_play,0.0
892.5,896.5,him i hope there are injury issues paul villamse pulling out late,normal_play,0.0
896.0,900.0,out late of the world cup 33 man squad,lineout,0.4726
899.5,903.5,squad theres will jordan playing up at first receiver and putting his head down,lineout,0.4726
903.0,907.0,putting his head down is anton lennart brown vastly experienced player over,normal_play,0.0
906.5,910.5,experienced player over 50 caps for new zealand nice little short ball there from tupov vahy,normal_play,0.4032
910.0,914.0,tupov vahy they work the,normal_play,0.4032
913.5,917.5,they work the short side adi savaya as,normal_play,0.4032
917.0,921.0,savaya as he often does drives the legs through contact out the back from,normal_play,0.4032
920.5,924.5,the back from whitelock bodum barrett again rikyot yohani,normal_play,0.4032
924.0,928.0,rikyot yohani dummies and goes himself,normal_play,0.4032
927.5,931.5,himself good tackle there,normal_play,0.4032
931.0,935.0,good tackle there from antoine dupont and cody taylor,normal_play,0.4032
934.5,938.5,taylor scott barrett hes hit hard by the new french,normal_play,0.3341
938.0,942.0,by the new french hooker petr malvaka,normal_play,0.3341
941.5,945.5,barrett shifts it onto vahy theres a loose ball will jordans,normal_play,0.3341
945.0,949.0,ball will jordans onto it chest passes it across to mark telaia,normal_play,0.4032
948.5,952.5,slightly off the cuff that from new zealand,normal_play,0.4032
952.0,956.0,from new zealand they do maintain the ball though,normal_play,0.4032
955.5,959.5,though whitelock again,normal_play,0.4032
959.0,963.0,will jordan chips over the top for himself,normal_play,0.0
962.5,966.5,himself his runs been chipped play on says the referee ramos,normal_play,0.4032
966.0,970.0,ramos kicks it down on the new zealand 22,normal_play,0.4032
973.0,977.0,bodum barrett has found some good meters theres no,normal_play,0.0
976.5,980.5,meters theres no one back actually for antoine dupont but,normal_play,0.0
980.0,984.0,dupont but a good kick on that occasion from bodum barrett so much kicking,normal_play,0.0
983.5,987.5,so much kicking so far in this contest yeah but,normal_play,0.0
987.0,991.0,contest yeah but the thing is its been good kicking i think little chips in behind,normal_play,0.0
990.5,994.5,chips in behind weve already seen a nice one from the french saw a second one there from will,normal_play,0.0
994.0,998.0,from will jordan from new zealand finding space and greenery in,normal_play,0.0
997.5,1001.5,in fact,normal_play,0.0
1001.0,1005.0,of course these two sides met here in paris back,normal_play,0.0
1004.5,1008.5,paris back in 2021,lineout,0.3566
1008.0,1012.0,brown scored 40 points on that occasion what a break away here from,lineout,0.3566
1011.5,1015.5,break away here from petr malvaka he chips ahead,normal_play,0.0
1015.0,1019.0,ahead his runs been checked as well,normal_play,0.0
1018.5,1022.5,well passes that home crowd what a decision theyre not going,normal_play,0.0
1022.0,1026.0,decision theyre not going to get it,normal_play,0.0
1025.5,1029.5,what are they going to get though was a goal line drop out,normal_play,0.0
1029.0,1033.0,out what about the set,normal_play,0.0
1032.5,1036.5,about the set move from the front went to dupont he passed the bat,normal_play,0.0
1036.0,1040.0,from malvaka and the chip kick what a replacement,normal_play,0.0
1039.5,1043.5,a replacement hook up great skills,normal_play,0.0
1043.0,1047.0,well he actually scored in that 40 25 victory here two years,normal_play,0.0
1046.5,1050.5,here two years ago petr malvaka moana,kick_off,0.5094
1050.0,1054.0,moana with the line up drop out to jalabeu on half way,kick_off,0.5094
1053.5,1057.5,on half way heres aldridge primary,kick_off,0.5094
1057.0,1061.0,primary ball carrier for france,normal_play,0.0
1060.5,1064.5,jalabeu inside ball to gabon villier,normal_play,0.0
1064.0,1068.0,he tackle from the group the loose head prop balls available for new zealand and theyre,normal_play,0.4032
1067.5,1071.5,new zealand and theyre onto it flicks out by aaron smith,normal_play,0.4032
1071.0,1075.0,by aaron smith slightly dangerous here but moana has it,normal_play,0.0
1074.5,1078.5,gives it to mark sellea hes been busy to try score,normal_play,0.4032
1078.0,1082.0,score goes on one of those angled runs so slippery,normal_play,0.4032
1081.5,1085.5,slippery the balls just gone forward,normal_play,0.4032
1085.0,1089.0,on the floor again well it is,normal_play,0.0
1088.5,1092.5,well it is very sticky it is very humid tellea this is,normal_play,0.0
1092.0,1096.0,this is what hes there for they were shifting the,normal_play,0.0
1095.5,1099.5,were shifting the ball bit of adler rugby from the all blacks and then once mark,normal_play,0.0
1099.0,1103.0,and then once mark tellea gets the ball hes just so good with his footwork so strong,normal_play,0.0
1102.5,1106.5,strong look at this shot put on aldridge hit,normal_play,0.0
1106.0,1110.0,aldridge hit it up cody taylor over the top goes over the ball and its clean out,normal_play,0.0
1109.5,1113.5,its clean out by antonio absolutely brutal,normal_play,0.0
1113.0,1117.0,scott barrett wearing 145kg,normal_play,0.0
1116.5,1120.5,145kg there im going to bring him in you stay there,normal_play,0.0
1120.0,1124.0,there its a tackle from jalabeu,normal_play,0.0
1123.5,1127.5,its great defence from the first five jalabeu and what hes done hes set his team,normal_play,0.0
1127.0,1131.0,hes set his team up a prime attacking position here,normal_play,0.0
1130.5,1134.5,here hes been busy,normal_play,0.0
1134.0,1138.0,been busy mark sellea hasnt he try score one of the actions gone,normal_play,0.0
1137.5,1141.5,over to that far side touchline,normal_play,0.0
1141.0,1145.0,grout,normal_play,0.0
1144.5,1148.5,fine anjelsey set up defensively,normal_play,0.0
1148.0,1152.0,up defensively for new zealand wanga directly behind the scrum stopping the blindside move,scrum,0.4877
1151.5,1155.5,blindside move of franck prenty heres the penalty,scrum,0.4877
1155.0,1159.0,number one number one pulling it down is the call from the referee,penalty,0.6128
1158.5,1162.5,from the referee thats ethan de groot decision,penalty,0.6128
1162.0,1166.0,decision goes against new zealand,penalty,0.6128
1165.5,1169.5,what do you do here for france do you take another shot,normal_play,0.0
1169.0,1173.0,you take another shot i think you have to and take the lead,normal_play,0.0
1172.5,1176.5,lead theyre taking on water already these players its fabien,normal_play,0.0
1176.0,1180.0,its fabien gaultier head coach of,normal_play,0.0
1179.5,1183.5,coach of this french team hes happy with the,normal_play,0.0
1183.0,1187.0,the response from the side after that initial blast from new zealand for the,normal_play,0.0
1186.5,1190.5,new zealand for the first talia try theyve worked themselves back into this contest thats,normal_play,0.0
1190.0,1194.0,contest thats for sure sellea down pretty quickly stop,normal_play,0.0
1193.5,1197.5,stop yeah stop look at that yeah straight away,normal_play,0.0
1197.0,1201.0,that yeah straight away ethan de groots under pressure fair enough too,normal_play,0.0
1200.5,1204.5,yeah okay thank you they just lost this footing early didnt they,normal_play,0.0
1204.0,1208.0,they greg feek scrum coach of this all,normal_play,0.0
1207.5,1211.5,coach of this all black side be looking at that closely,normal_play,0.0
1211.0,1215.0,the players taking on water already there will be official,normal_play,0.0
1214.5,1218.5,there will be official water breaks tonight given its been so warm in,normal_play,0.0
1218.0,1222.0,warm in paris this week over 35 degrees,normal_play,0.0
1221.5,1225.5,35 degrees this week still pushing 30 celsius here,normal_play,0.0
1225.0,1229.0,celsius here past 9 30pm here local,normal_play,0.0
1228.5,1232.5,30pm here local time,normal_play,0.0
1239.0,1243.0,tomas ramos to,goal_kick,0.5573
1242.5,1246.5,to put france into the lead and he does,goal_kick,0.5573
1246.0,1250.0,and he does so france 6,goal_kick,0.5573
1249.5,1253.5,france 6 new zealand 5 thats just a warning for,goal_kick,0.8688
1253.0,1257.0,a warning for new zealand and their ill discipline theyre,goal_kick,0.8688
1256.5,1260.5,discipline theyre going to have to be on in all aspects because ramos is definitely,goal_kick,0.8688
1260.0,1264.0,is definitely on with a kicking radar tonight,goal_kick,0.8688
1267.0,1271.0,theyre back underway barrett again,kick_off,0.2538
1270.5,1274.5,barrett again with the restart its down to,kick_off,0.2538
1274.0,1278.0,to aldridge outside,kick_off,0.2538
1277.5,1281.5,outside lalat got the shoulder in but aldridge picked,normal_play,0.0
1281.0,1285.0,but aldridge picked up another few yards there and new zealand,normal_play,0.4032
1284.5,1288.5,and new zealand two point in no hurry kicks off the base,normal_play,0.4032
1288.0,1292.0,off the base molanga,normal_play,0.4032
1291.5,1295.5,molanga bowden barrett,normal_play,0.4032
1295.0,1299.0,bowden barrett that high kick in midfield will jordan on the chase but ramos,normal_play,0.4032
1298.5,1302.5,chase but ramos times his jump well put on the deck by jordan last,normal_play,0.0
1302.0,1306.0,by jordan last hit theres cameron wokey in the full shirt,normal_play,0.0
1305.5,1309.5,wokey in the full shirt making sure they secure that ball bourne just down the road here,normal_play,0.4032
1309.0,1313.0,down the road here from mustad de france north of the,normal_play,0.4032
1312.5,1316.5,north of the city centre molanga again,normal_play,0.0
1316.0,1320.0,back at the ball ramos has,normal_play,0.0
1319.5,1323.5,ramos has been imperious at the back so far under the high ball for france,normal_play,0.4032
1323.0,1327.0,ball for france and now the home team can try and get some ball carrying going,normal_play,0.4032
1326.5,1330.5,ball carrying going ramos had to play scrum,normal_play,0.4032
1330.0,1334.0,had to play scrum half there flamel dupont to gael fichter,normal_play,0.4032
1333.5,1337.5,gael fichter aggressing 92 here,normal_play,0.4032
1337.0,1341.0,here in the nations capital losing his footing was peto malvaca,normal_play,0.0
1340.5,1344.5,was peto malvaca,normal_play,0.4032
1344.0,1348.0,to wokey its been hacked ahead play on says the referee,normal_play,0.4032
1347.5,1351.5,on says the referee back into new zealand hands heres mark telao again hes going,normal_play,0.0
1351.0,1355.0,again hes going to kick and tom ramos this time,normal_play,0.4032
1354.5,1358.5,ramos this time has knocked the ball on and you dont,normal_play,0.4032
1358.0,1362.0,and you dont see him do this very often,normal_play,0.4032
1361.5,1365.5,tom ramos just got his footwork caught up,normal_play,0.4032
1365.0,1369.0,footwork caught up a little bit there when he was going back into position it,normal_play,0.4032
1368.5,1372.5,into position it wasnt the best kick from telao but it was effective in the end,normal_play,0.0
1372.0,1376.0,in the end i just think the back row of france is,normal_play,0.0
1375.5,1379.5,back row of france is starting to impose himself a little bit gregory aldrito already two,normal_play,0.0
1379.0,1383.0,aldrito already two very good runs you get the guy compliment,normal_play,0.0
1382.5,1386.5,the guy compliment next time he drops the ball ramos,normal_play,0.0
1386.0,1390.0,ramos has had so much catching to do high balls awkward ones that one,normal_play,0.0
1389.5,1393.5,that one just got away from it this is a guilt edged,normal_play,0.0
1393.0,1397.0,guilt edged attacking opportunity for new zealand,normal_play,0.0
1396.5,1400.5,zealand just engaged on the head i just like antonina brown in these situations its so,normal_play,0.0
1400.0,1404.0,situations its so good hes got such a great decision making mind whether they,normal_play,0.0
1403.5,1407.5,whether they use him to hit up and then reform off that richie mwanga,normal_play,0.0
1407.0,1411.0,mwanga again straight behind the scrum in the pocket it,normal_play,0.0
1410.5,1414.5,it will be the back door or the secondary play out to bodum barrett,normal_play,0.0
1414.0,1418.0,barrett new,normal_play,0.0
1417.5,1421.5,new zealand before that lost the spring box in their world cup warm up,normal_play,0.0
1421.0,1425.0,world cup warm up they won 11 tests on a beaten run,normal_play,0.0
1424.5,1428.5,something of a renaissance for,scrum,0.3074
1428.0,1432.0,renaissance for new zealand after a difficult 2022,scrum,0.1921
1435.0,1439.0,smith to leonard brown cuts out ioanni heres,scrum,0.2465
1438.5,1442.5,ioanni heres bodum barrett now good tackle,normal_play,0.0
1442.0,1446.0,good tackle from francois cross good quick hands to mwanga from salvia,normal_play,0.0
1445.5,1449.5,mwanga from salvia new,normal_play,0.0
1449.0,1453.0,new zealand 10 metres out looking for their second try,normal_play,0.0
1452.5,1456.5,second try,normal_play,0.4032
1456.0,1460.0,popalii scott barrett now,normal_play,0.4032
1459.5,1463.5,now thunders through the first tackle good momentum for new zealand,normal_play,0.0
1463.0,1467.0,new zealand thats laulala with,normal_play,0.0
1466.5,1470.5,thats laulala with the ball,normal_play,0.0
1470.0,1474.0,arti salvia,normal_play,0.0
1473.5,1477.5,salvia the new zealand captain,normal_play,0.0
1477.0,1481.0,ethan,normal_play,0.4032
1480.5,1484.5,ethan de groot now big defence required here,normal_play,0.4032
1484.0,1488.0,required here from france the big all black,normal_play,0.4032
1487.5,1491.5,big all black heavies are coming just a couple of metres out new zealand,normal_play,0.4032
1491.0,1495.0,out new zealand crowd getting behind their team here at the,normal_play,0.4032
1494.5,1498.5,team here at the stade de france tupo,normal_play,0.0
1498.0,1502.0,tupo vahey offside france advantage new zealand,normal_play,0.0
1501.5,1505.5,smith to scott,normal_play,0.0
1505.0,1509.0,smith to scott barrett driving low barrett hes over,normal_play,0.0
1508.5,1512.5,hes over the line the balls been lost forward but we will go,normal_play,0.0
1512.0,1516.0,we will go back for the penalty advantage,normal_play,0.0
1515.5,1519.5,salvia thinking about going quickly,normal_play,0.0
1519.0,1523.0,quickly the way new zealand are using these,normal_play,0.0
1522.5,1526.5,using these intricate moves off set piece especially scrum,normal_play,0.0
1526.0,1530.0,its causing confusion for this french team look theres a lot of hands,normal_play,0.0
1529.5,1533.5,a lot of hands on hips from those players the french four pack tap and go,normal_play,0.0
1533.0,1537.0,tap and go here we go just got to go a little further in field,normal_play,0.0
1536.5,1540.5,further in field here onto the mark so cody taylor has it and,normal_play,0.0
1540.0,1544.0,it and arti salvia points to the posts,normal_play,0.0
1543.5,1547.5,posts and they will look,normal_play,0.0
1547.0,1551.0,look to take the lead with the penalty thats,normal_play,0.0
1550.5,1554.5,thats the one i can see its just the speed of play at the moment,normal_play,0.0
1554.0,1558.0,at the moment its really stressing the defence of france were really starting to struggle,normal_play,0.0
1557.5,1561.5,starting to struggle new zealand get quick theres still a lot of hands on hips from them,normal_play,0.0
1561.0,1565.0,from them behind the try line if i develop further ill,normal_play,0.0
1564.5,1568.5,further ill thank you thank you,normal_play,0.0
1568.0,1572.0,yeah water break after this im very impressed by jaco piper so,normal_play,0.0
1571.5,1575.5,jaco piper so far in this game hes been very clear in his communication with,normal_play,0.0
1575.0,1579.0,with both sides i think they need a water break after,normal_play,0.0
1578.5,1582.5,water break after this last action here rupert,normal_play,0.0
1585.5,1589.5,its still very very warm here in paris this,goal_kick,0.8688
1589.0,1593.0,in paris this evening theres the shot clock,goal_kick,0.8688
1592.5,1596.5,well inside that richie mawanga adds,goal_kick,0.8688
1596.0,1600.0,adds three points for new zealand and they will,goal_kick,0.8688
1599.5,1603.5,and they will take a break for water thank you on this stifling night,goal_kick,0.8688
1603.0,1607.0,stifling night in paris with a two point lead in the world cup opener,normal_play,0.0
1606.5,1610.5,world cup opener can we go more as well please,normal_play,0.0
1613.5,1617.5,well 25 minutes in carlton hanna,normal_play,0.0
1617.0,1621.0,weve seen a lot of kicking but theres this heat,normal_play,0.0
1620.5,1624.5,but theres this heat here in paris tonight starting to take its toll on a few of,normal_play,0.0
1624.0,1628.0,toll on a few of those players i think thats what new zealand are hoping,normal_play,0.0
1627.5,1631.5,are hoping will turn to their game plan keeping the ball in play,normal_play,0.0
1631.0,1635.0,in play playing quick shifting it to the edges moving the ball,normal_play,0.0
1634.5,1638.5,moving the ball quick taps and thats what i had to say at the moment rupert,normal_play,0.0
1638.0,1642.0,at the moment rupert its working its a french forward back in particular really,normal_play,0.0
1641.5,1645.5,particular really struggling in this heat not the most mobile back going,normal_play,0.0
1645.0,1649.0,mobile back going along but the new zealand starter got their try and the response from,normal_play,0.0
1648.5,1652.5,the response from frantz lets go sideline with lou rantzen,normal_play,0.0
1652.0,1656.0,thanks rupert its 101 isnt it when youre coming to play at a big stadium with a big,normal_play,0.0
1655.5,1659.5,stadium with a big home crowd you score first and you try and take them out of the game,normal_play,0.0
1659.0,1663.0,of the game and thats what they did for maybe a few moments early on the all,normal_play,0.0
1662.5,1666.5,early on the all blacks but this french crowd down here are just riding,normal_play,0.0
1666.0,1670.0,just riding every single play almost willing them through every,normal_play,0.0
1669.5,1673.5,through every scrum and one resulted in a penalty of course so that,normal_play,0.0
1673.0,1677.0,course so that helped them along and the conditions you guys have mentioned it a little bit,normal_play,0.0
1676.5,1680.5,mentioned it a little bit it is hot it just dropped below 30,normal_play,0.0
1680.0,1684.0,below 30 degrees but the humidity seems to just increase later,normal_play,0.0
1683.5,1687.5,increase later on at night here weve experienced it here all week staying in,normal_play,0.0
1687.0,1691.0,week staying in the french capital and just a quick word on sam kane as well i spoke to the all,normal_play,0.0
1690.5,1694.5,spoke to the all blacks team manager early on tonight and he said before kick,normal_play,0.0
1694.0,1698.0,said before kick off he said kane is out of tonights match due to suffering a back,normal_play,0.0
1697.5,1701.5,suffering a back spasm at training yesterday and that his omission is,normal_play,0.0
1701.0,1705.0,is proportionate,normal_play,0.0
1704.5,1708.5,thanks lou yeah we heard that the absence of brodie ritalik,normal_play,0.0
1708.0,1712.0,brodie ritalik he was fit but wasnt picturism in the 23 as,normal_play,0.0
1711.5,1715.5,in the 23 as well he is on the bench tonight plenty of,normal_play,0.0
1715.0,1719.0,plenty of tackle for france so far double new,normal_play,0.0
1718.5,1722.5,new zealand and they missed a few as well 17 thats the concern rupert,normal_play,0.0
1722.0,1726.0,concern rupert 17 missed tackle from the home side they want to rectify this in this next 20 minutes,normal_play,0.0
1725.5,1729.5,this next 20 minutes were back underway,normal_play,0.0
1729.0,1733.0,after refreshments sam whitelock climbs high again,kick_off,0.3402
1732.5,1736.5,climbs high again for new zealand or the number 8 aldrich was a,kick_off,0.3402
1736.0,1740.0,aldrich was a mile in front of that kick so this is why were going to have the option,normal_play,0.0
1739.5,1743.5,the option from jaco piper yeah he was,normal_play,0.0
1743.0,1747.0,was number 8 is too far in front and he puts pressure,normal_play,0.0
1746.5,1750.5,and he puts pressure scrum here right back on half way yeah,normal_play,0.0
1750.0,1754.0,yeah thats a give back from france not the way you want,normal_play,0.0
1753.5,1757.5,not the way you want to start after a break now new zealand have a midfield scrap,normal_play,0.0
1757.0,1761.0,scrap jaco piper is forced into this call because he had,normal_play,0.0
1760.5,1764.5,because he had an influence on the chase of grigori audra away,normal_play,0.0
1764.0,1768.0,away from the shoulder audra okay top carries in,normal_play,0.0
1767.5,1771.5,top carries in the six nations theres the captain,normal_play,0.0
1771.0,1775.0,theres the captain france in a world cup warm up game against fiji if,normal_play,0.0
1774.5,1778.5,if you come forward theyre going to keep moving come,normal_play,0.0
1778.0,1782.0,moving come to my mark please align the middle there we go,normal_play,0.0
1781.5,1785.5,go,normal_play,0.0
1785.0,1789.0,ill bring him in come forward please,normal_play,0.0
1788.5,1792.5,please they had one hiccup at line out time the french got in,normal_play,0.0
1792.0,1796.0,french got in front and stole that ball away from them but in particular the scrum,normal_play,0.0
1795.5,1799.5,particular the scrum as you spoke about the wallabies tested france two weeks ago,normal_play,0.0
1799.0,1803.0,two weeks ago and new zealand would have known coming into this game this would be,normal_play,0.0
1802.5,1806.5,game this would be an area that they want to really target jason ryan,normal_play,0.0
1806.0,1810.0,jason ryan the coach for the all blacks has been brought in uses this as one of their,normal_play,0.0
1809.5,1813.5,this as one of their cornerstones coach,scrum,0.1754
1813.0,1817.0,fine,scrum,0.1221
1816.5,1820.5,set,scrum,0.1221
1820.0,1824.0,goal,scrum,0.1754
1823.5,1827.5,solid scrum from the all blacks front row is down,scrum,0.1755
1827.0,1831.0,is down penalty france its ethan de groot,scrum,0.1755
1830.5,1834.5,groot hes been penalty once more,penalty,0.6128
1834.0,1838.0,winning that battle at the moment,penalty,0.6128
1837.5,1841.5,at the moment two penalty,normal_play,0.0
1841.0,1845.0,in succession hes not happy with it there ethan,normal_play,0.0
1844.5,1848.5,there ethan de groot and hes going to get out the one wood is thomas,normal_play,0.0
1848.0,1852.0,is thomas romas here we go on this side initially,normal_play,0.0
1851.5,1855.5,side initially the hit is good and there he goes down,normal_play,0.0
1855.0,1859.0,down thats a nalwaka replacement,normal_play,0.0
1858.5,1862.5,nalwaka replacement hooker for france rene,normal_play,0.0
1862.0,1866.0,rene artone born in new zealand attended wesley college in south auckland,normal_play,0.0
1865.5,1869.5,in south auckland as he played rugby with nepo lalala,normal_play,0.0
1869.0,1873.0,at school wesley college the most famous,normal_play,0.0
1872.5,1876.5,college the most famous product out of there would be one jonah long,normal_play,0.0
1876.0,1880.0,theres been a few wonderful,normal_play,0.0
1879.5,1883.5,wonderful rugby nursery,normal_play,0.0
1883.0,1887.0,thomas ramos whats,normal_play,0.0
1886.5,1890.5,whats to lose has a chance from precisely 50,goal_kick,0.8688
1890.0,1894.0,precisely 50 meters out here,goal_kick,0.8688
1893.5,1897.5,hes hit it very well indeed,goal_kick,0.8688
1897.0,1901.0,indeed perfect off the tee so far tonight,goal_kick,0.8688
1900.5,1904.5,so far tonight from ramos and france,goal_kick,0.8688
1904.0,1908.0,france take the lead once more,normal_play,0.0
1907.5,1911.5,its such an efficient kicking style does ramos not a short follow,normal_play,0.0
1911.0,1915.0,a short follow through but man that is effective and powerful by number 15,normal_play,0.0
1914.5,1918.5,15 jonah ramos,normal_play,0.0
1918.0,1922.0,so 9 8s,normal_play,0.0
1921.5,1925.5,9 8s france lead new zealand approaching 30 minutes,kick_off,0.3438
1925.0,1929.0,30 minutes its aldridge so hot tonight,kick_off,0.3438
1928.5,1932.5,hot tonight usually wears the head gear the scrum cap,normal_play,0.0
1932.0,1936.0,taking it off this evening okay thats one no more the collapse,normal_play,0.2006
1935.5,1939.5,the collapse dupont gets,normal_play,0.2006
1939.0,1943.0,dupont gets such good distance from his kicks off,normal_play,0.4032
1942.5,1946.5,kicks off the base of the scrum new zealand go quickly again to bowdoin barrett,normal_play,0.4032
1946.0,1950.0,he kicks it high and hell chase it himself ramos coming back,normal_play,0.4032
1949.5,1953.5,coming back for france but barrett does brilliantly for the all blacks,normal_play,0.4032
1953.0,1957.0,blacks chips ahead by artie sarva behind gavin villier,normal_play,0.0
1956.5,1960.5,gavin villier villier hes got rico ioanni in front,normal_play,0.4032
1960.0,1964.0,ioanni in front of him ioanni does well world rugby,normal_play,0.4032
1963.5,1967.5,world rugby 7s players against each other there scott,normal_play,0.0
1967.0,1971.0,there scott barrett thinks about the long pass holds onto it the big second rower,normal_play,0.4032
1970.5,1974.5,second rower anton leonard brown now,normal_play,0.4032
1974.0,1978.0,leonard brown now cut out borta mawanga gets on,normal_play,0.4032
1977.5,1981.5,mawanga gets on the outside of waukee ritchie mawanga his marks a lier,normal_play,0.0
1981.0,1985.0,lier good attacking opportunity again,normal_play,0.0
1984.5,1988.5,opportunity again for new zealand de groot charges,normal_play,0.4032
1988.0,1992.0,groot charges in the defence and loses possession,normal_play,0.4032
1991.5,1995.5,possession delavanage,normal_play,0.4032
1995.0,1999.0,delavanage theres tami and pena we havent seen much of him so far he kicks the ball,normal_play,0.4032
1998.5,2002.5,kicks the ball in the head and antoine dupont is on the chase for france and,normal_play,0.0
2002.0,2006.0,france and bowdoin barrett just wins the race for,normal_play,0.0
2005.5,2009.5,race for new zealand,normal_play,0.0
2009.0,2013.0,no this,normal_play,0.0
2012.5,2016.5,this i was about to say before penalty is going to be given here bit of,normal_play,0.0
2016.0,2020.0,bit of afters when their ball went over but jeez dupont is quick isnt he,normal_play,0.0
2019.5,2023.5,isnt he leading from the front again what hes done with that,normal_play,0.0
2023.0,2027.0,hes done with that little bit of kick chase has given his team,normal_play,0.0
2026.5,2030.5,given his team a throw in in prime position,normal_play,0.0
2037.0,2041.0,malvaca just hands,normal_play,0.0
2040.5,2044.5,just hands up here theyre calling francois crosshead you can adjust,normal_play,0.0
2044.0,2048.0,you can adjust you can adjust its fine youre,normal_play,0.0
2047.5,2051.5,youre allowed to adjust the line up before the balls come in and now onto a full,normal_play,0.0
2051.0,2055.0,onto a full line out now aldridge joining as well,normal_play,0.0
2054.5,2058.5,as well properly hes just getting used to the extra numbers here from france,normal_play,0.0
2058.0,2062.0,france okay times back on,normal_play,0.0
2061.5,2065.5,on,normal_play,0.0
2065.0,2069.0,wachey wins it at the,lineout,0.2355
2068.5,2072.5,wins it at the front and heres the line out drive,lineout,0.2355
2072.0,2076.0,line out drive malvaca has it under,lineout,0.2835
2075.5,2079.5,malvaca has it under control just breaks up slightly but itll keep on going into,maul,0.5412
2079.0,2083.0,going into the new zealand 22,maul,0.5412
2082.5,2086.5,new zealand trying to put them over the sideline here but dupont,normal_play,0.0
2086.0,2090.0,here but dupont comes away with it to moefana,normal_play,0.0
2089.5,2093.5,moefana whos playing in the inside centre position for france tonight,normal_play,0.0
2093.0,2097.0,for france tonight jonathan donte unavailable,normal_play,0.0
2096.5,2100.5,no get over the top dupont works the short,normal_play,0.4032
2100.0,2104.0,works the short side to moefana to fekou now,normal_play,0.4032
2103.5,2107.5,fekou now gail fekou real,normal_play,0.0
2107.0,2111.0,fekou real star 80 test matches all time for him,normal_play,0.4032
2110.5,2114.5,time for him leave it long and this french team,normal_play,0.4032
2117.5,2121.5,i think there was a turnover there from one of the all blacks and it was,penalty,0.6128
2121.0,2125.0,blacks and it was deemed holding on sikermanen which is sam whitelock,penalty,0.6128
2124.5,2128.5,whitelock they wont,normal_play,0.0
2128.0,2132.0,sam,normal_play,0.0
2131.5,2135.5,sam whitelock there you heard the instruction from the,normal_play,0.0
2135.0,2139.0,from the referee leave it alone,normal_play,0.0
2138.5,2142.5,the most famous all blacks the most vastly experienced player the most caps all black lock of,normal_play,0.0
2142.0,2146.0,lock of all time,normal_play,0.0
2149.0,2153.0,here it is here,normal_play,0.0
2152.5,2156.5,the hands on the ball,normal_play,0.0
2156.0,2160.0,ball from a new zealand player mark tillyard,normal_play,0.0
2159.5,2163.5,mark tillyard so that turnover is fine and the ball,normal_play,0.0
2163.0,2167.0,and the ball is up there told to leave it alone,normal_play,0.0
2166.5,2170.5,its bouncing now,normal_play,0.0
2170.0,2174.0,bouncing now scented opportunity here to add some,normal_play,0.0
2173.5,2177.5,here to add some points off the boot of ramos kicking has,normal_play,0.0
2177.0,2181.0,kicking has been exceptional so far,normal_play,0.0
2180.5,2184.5,perhaps trying to encourage them to kick to,normal_play,0.0
2184.0,2188.0,to kick to the corner there,normal_play,0.0
2187.5,2191.5,normally so far hes been guaranteed,normal_play,0.0
2191.0,2195.0,hes been guaranteed points ramos though,goal_kick,0.8688
2194.5,2198.5,ramos though this is the only decision in this moment,goal_kick,0.8688
2198.0,2202.0,shot clock there just five,goal_kick,0.8688
2201.5,2205.5,just five seconds left on it needs to get a wriggle on,goal_kick,0.8688
2205.0,2209.0,ramos,goal_kick,0.8688
2208.5,2212.5,perhaps hurried by the shot clock there has missed his first,goal_kick,0.8688
2212.0,2216.0,his first kick of the evening i agree with you totally agree with you he,goal_kick,0.8688
2215.5,2219.5,agree with you he knew he was close to the zeros so he,goal_kick,0.8688
2219.0,2223.0,so he just rushed his approach just a little bit still not,goal_kick,0.8688
2222.5,2226.5,still not out of trouble here though new zealand,normal_play,0.0
2226.0,2230.0,yeah shot clock a new innovation,normal_play,0.0
2233.0,2237.0,tess rugby penalty count,kick_off,0.3925
2236.5,2240.5,penalty count five three against the all blacks i want to look,kick_off,0.3925
2240.0,2244.0,blacks i want to look after that discipline area they did have problems of course against south africa,normal_play,0.0
2243.5,2247.5,south africa and that record tess defeat at twickenham a couple of weeks ago,normal_play,0.4032
2247.0,2251.0,ago that was just a warm up though this is the real thing,normal_play,0.4032
2250.5,2254.5,thing slightly hurried by,normal_play,0.0
2254.0,2258.0,by gregory aldridge mwanga finds touch great effort play,normal_play,0.0
2257.5,2261.5,great effort play though from the number eight hes the only one in france he was the only one chasing hard,normal_play,0.0
2261.0,2265.0,chasing hard and hes got the rewarders wasnt the best clearance from richie mwanga,normal_play,0.0
2264.5,2268.5,from richie mwanga and now its their throw out again in great position before on the other side of,normal_play,0.0
2268.0,2272.0,on the other side of the field they went to the driving moor what do they do here,normal_play,0.0
2271.5,2275.5,here theyve got a one point advantage,normal_play,0.0
2275.0,2279.0,one point advantage but its new zealands turned it steal the line out,lineout,0.4726
2278.5,2282.5,the line out sam whitelock perhaps making up,lineout,0.4726
2282.0,2286.0,making up for the penalty that went against him a few moments ago its,lineout,0.4726
2285.5,2289.5,its villier hit hard by dalton popali,normal_play,0.0
2289.0,2293.0,popali,normal_play,0.0
2292.5,2296.5,fuku would scrum half to olyvon,normal_play,0.4032
2296.0,2300.0,olyvon charles olyvon captain france 14 times,normal_play,0.4032
2299.5,2303.5,france 14 times another important leader of this team,normal_play,0.0
2303.0,2307.0,approaching the final five minutes of this first half,normal_play,0.4032
2306.5,2310.5,its been cagey its been tense new zealand with the opening,normal_play,0.4032
2310.0,2314.0,zealand with the opening try france with,normal_play,0.4032
2313.5,2317.5,with the three penalty its bode and barrett up to the halfway line,normal_play,0.4032
2317.0,2321.0,the halfway line heres his brother scott,normal_play,0.4032
2320.5,2324.5,scott excellent ball carrying from big,normal_play,0.0
2324.0,2328.0,carrying from big scott barrett getting good yards for new zealand there carried on,normal_play,0.0
2327.5,2331.5,there carried on by laulala brother casey lived for a long time in,normal_play,0.0
2331.0,2335.0,a long time in paris played for racing 92 heres richie mwanga,normal_play,0.2437
2334.5,2338.5,heres richie mwanga through the hands to ioanni always,normal_play,0.2437
2338.0,2342.0,always looking to find the space riko ioanni,normal_play,0.2437
2341.5,2345.5,ioanni the pick and go from talia once more france,normal_play,0.0
2345.0,2349.0,france have stolen it away heres tami and peno he doesnt want to kick,normal_play,0.0
2348.5,2352.5,kick these mazy runs he goes on gives it to his fullback ramos,normal_play,0.4032
2352.0,2356.0,his fullback ramos,normal_play,0.4032
2355.5,2359.5,long kick over the head of bode and barrett,normal_play,0.4032
2359.0,2363.0,barrett inside,normal_play,0.4032
2362.5,2366.5,inside and a lovely spiral touch finder,normal_play,0.3852
2366.0,2370.0,touch finder from the new zealand fullback and their turn over came from the number eight,normal_play,0.3852
2369.5,2373.5,the number eight again effort player gregory audre he took his,normal_play,0.3852
2373.0,2377.0,he took his medicine when he had to do it but jeez,normal_play,0.0
2376.5,2380.5,jeez talia takes it off the base the number eight comes in look at him goes down,normal_play,0.0
2380.0,2384.0,goes down over the ball gets a shot from papa lehi,normal_play,0.0
2383.5,2387.5,lehi turns the ball over brilliant technique,normal_play,0.0
2387.0,2391.0,six tackle already in the match for that man,normal_play,0.0
2390.5,2394.5,for that man forty two carry meters he is a workhorse of,normal_play,0.0
2394.0,2398.0,workhorse of this french team let him come,normal_play,0.0
2397.5,2401.5,yeah i get it well i think hes been the guy thats,normal_play,0.0
2401.0,2405.0,the guy thats really kept this french team in this first 40 couple of carries when theyre,normal_play,0.0
2404.5,2408.5,carries when theyre under pressure just to get the go forward,normal_play,0.0
2408.0,2412.0,couple of effort plays to put pressure on the kicks from new zealand been,normal_play,0.0
2411.5,2415.5,been effective now hes got a turnover as well still only 26 years,normal_play,0.0
2415.0,2419.0,26 years of age his forty third test cap,normal_play,0.0
2418.5,2422.5,for france that arent so crucial for,normal_play,0.0
2422.0,2426.0,for them malbacher whos impressed since coming off,normal_play,0.0
2425.5,2429.5,since coming off the bench the previous line up didnt work out though this time uncontested,lineout,0.3683
2429.0,2433.0,uncontested waukee brings it down,lineout,0.3683
2432.5,2436.5,dupont just,maul,0.3686
2436.0,2440.0,dupont just runs off the base a few yards then kicks,maul,0.3686
2439.5,2443.5,gets good distance as well,normal_play,0.0
2443.0,2447.0,and again that spiral touch finder,normal_play,0.0
2446.5,2450.5,touch finder from bowdoin barrett ramos has read this one he throws it into himself,normal_play,0.0
2450.0,2454.0,throws it into himself nicely done remember to lose full back,normal_play,0.0
2453.5,2457.5,back on a top 14 title earlier in the year,normal_play,0.0
2457.0,2461.0,earlier in the year wood saluze on this very ground its been a very,normal_play,0.4032
2460.5,2464.5,its been a very different change and take this a second twenty minutes of this,normal_play,0.4032
2464.0,2468.0,minutes of this first half new zealand werent trying to kick it out initially they were trying to,normal_play,0.4032
2467.5,2471.5,trying to play quick go to the edge with ball in hand now theyre happy enough to,normal_play,0.4032
2471.0,2475.0,theyre happy enough to go to the set piece to slow it down a little bit five,normal_play,0.0
2474.5,2478.5,go go,normal_play,0.0
2478.0,2482.0,antoine,normal_play,0.0
2481.5,2485.5,antoine dupont its all back swapping,normal_play,0.0
2485.0,2489.0,its all back swapping no problem flamont at the,lineout,0.4726
2488.5,2492.5,flamont at the front aldridge,lineout,0.4726
2492.0,2496.0,aldridge well read that by ethan de groot good energy from,lineout,0.2634
2495.5,2499.5,from the new zealand loose head had a few difficulties at scum,normal_play,0.0
2499.0,2503.0,at scum time so far this evening,normal_play,0.0
2502.5,2506.5,dupont kicks again,normal_play,0.0
2506.0,2510.0,villier chasing but wont get there in time barrett has,normal_play,0.0
2509.5,2513.5,time barrett has a good tackle on him from francois cross chopped the new zealand,normal_play,0.0
2513.0,2517.0,chopped the new zealand full back to the floor heres talia again just goes,normal_play,0.4032
2516.5,2520.5,just goes looking for work so often coming in off his left wing,normal_play,0.4032
2520.0,2524.0,wing savoia to mawanga bit of space here,normal_play,0.4032
2523.5,2527.5,bit of space here now for mawanga and new zealand beautiful ball over the top,normal_play,0.4032
2527.0,2531.0,over the top to will jordan its dalton popaliki in fact,normal_play,0.4032
2530.5,2534.5,popaliki in fact into the french 22,normal_play,0.4032
2534.0,2538.0,savoia again,normal_play,0.4032
2537.5,2541.5,again whitelock,normal_play,0.4032
2541.0,2545.0,whitelock,normal_play,0.4032
2544.5,2548.5,new zealand would dearly love to score points before half time,normal_play,0.0
2548.0,2552.0,before half time trailing france by a point here,normal_play,0.4032
2551.5,2555.5,they work the blindside leonard brown theres bowden,normal_play,0.4032
2555.0,2559.0,theres bowden barrett again at pace theres will jordan,normal_play,0.0
2558.5,2562.5,will jordan laulala,normal_play,0.4032
2562.0,2566.0,laulala in his 50th test match they,normal_play,0.4032
2565.5,2569.5,they work the blindside again cody taylor down,normal_play,0.4032
2569.0,2573.0,aaron smith to,normal_play,0.4032
2572.5,2576.5,to aris savoia,normal_play,0.4032
2576.0,2580.0,aris savoia again they work the short side quick hands from,normal_play,0.0
2579.5,2583.5,from cody taylor perhaps just losing,normal_play,0.0
2583.0,2587.0,just losing a little patience there again just a shake of the head,normal_play,0.0
2586.5,2590.5,of the head look at that a lot of hands on hips again from this french,normal_play,0.0
2590.0,2594.0,from this french outfit for the all blacks,normal_play,0.0
2593.5,2597.5,through their skill execution its just not there that last,normal_play,0.0
2597.0,2601.0,that last pass didnt hit the mark just releasing the valve a little bit clear,normal_play,0.0
2600.5,2604.5,a little bit clear gap clear gap give me numbers,normal_play,0.0
2604.0,2608.0,three three plus,normal_play,0.0
2607.5,2611.5,plus three plus one,lineout,0.3394
2611.0,2615.0,one well,lineout,0.3394
2614.5,2618.5,well executed no,normal_play,0.0
2618.0,2622.0,no stay there,normal_play,0.0
2621.5,2625.5,and use the knife,normal_play,0.0
2628.5,2632.5,rock no hand,normal_play,0.0912
2632.0,2636.0,rock no hand,normal_play,0.0
2635.5,2639.5,so were at the 40 minute mark this,normal_play,0.0
2639.0,2643.0,this is the final play and with a one point lead,normal_play,0.0
2642.5,2646.5,lead tomas ramos whos kicked all of frances,normal_play,0.0
2646.0,2650.0,of frances points so far puts it over the end line and,normal_play,0.0
2649.5,2653.5,end line and will take us the half time mark taylor open the scoring in,normal_play,0.0
2653.0,2657.0,in just the second minute of the match but its,normal_play,0.0
2656.5,2660.5,match but its the penalty of ramos that,normal_play,0.0
2660.0,2664.0,ramos that has france in the lead they lead new zealand nine points away,normal_play,0.0
2663.5,2667.5,away and itll be mathieu jalabert an enormous responsibility,normal_play,0.0
2667.0,2671.0,enormous responsibility on his shoulders that,kick_off,0.2204
2670.5,2674.5,that fly half for france in this world cup as it goes forward,kick_off,0.2204
2674.0,2678.0,goes forward off new zealand hands and france have it early in the,kick_off,0.2204
2677.5,2681.5,early in the second half heres cameron wocky dynamic second,normal_play,0.0
2681.0,2685.0,dynamic second row and,normal_play,0.0
2684.5,2688.5,and its a one point lead breda wadi from larichelle gets,normal_play,0.0
2688.0,2692.0,larichelle gets away from one tackle and another the bearded loosehead finally,normal_play,0.0
2691.5,2695.5,loosehead finally put on the ground,normal_play,0.0
2695.0,2699.0,charles olyvain now,normal_play,0.4032
2698.5,2702.5,now popoliki looks to the steel doesnt get it,normal_play,0.4032
2702.0,2706.0,it now the back from antonio loose pass,normal_play,0.4032
2705.5,2709.5,loose pass from jalabert in front of fikou and dami and peno though,normal_play,0.4032
2709.0,2713.0,and peno though run cross field he does this a lot,normal_play,0.4032
2712.5,2716.5,this a lot and quite often he finds a way through good tackle there from popoliki,normal_play,0.4032
2716.0,2720.0,from popoliki but still alive for france,normal_play,0.4032
2719.5,2723.5,proud rising to the occasion once more,normal_play,0.0
2723.0,2727.0,and look at aldrich go inside ball brilliant from the number eight,normal_play,0.0
2726.5,2730.5,from the number eight tomo ramos now at scrum half,normal_play,0.0
2730.0,2734.0,scrum half twinkling feet from the toulouse fullback,normal_play,0.0
2733.5,2737.5,fullback and varnier excited alele bla rings,normal_play,0.0
2737.0,2741.0,alele bla rings around stade de france,normal_play,0.4032
2740.5,2744.5,but its a penalty to new zealand,normal_play,0.4032
2744.0,2748.0,yeah from the side i think it was on the opposite side of the,penalty,0.6128
2747.5,2751.5,side of the field this is a call from the assistant referee,penalty,0.6128
2751.0,2755.0,dalton popoliki was the recipient of,normal_play,0.0
2754.5,2758.5,of that shot you can see there his right shoulder is just,normal_play,0.0
2758.0,2762.0,is just down a little bit but,normal_play,0.0
2761.5,2765.5,but aldrich again causing problems for new zealand,normal_play,0.0
2765.0,2769.0,for new zealand aldrich and it was the chase from villier,normal_play,0.0
2768.5,2772.5,i think it was number 16 in fact the replacement,normal_play,0.0
2772.0,2776.0,replacement hoka mowaka it was the one,normal_play,0.0
2775.5,2779.5,it was the one singled out what a start to,normal_play,0.0
2779.0,2783.0,a start to the second half by the home team coming with some venom,normal_play,0.0
2782.5,2786.5,venom lifting energy wasnt it it was francois,lineout,0.4726
2786.0,2790.0,was francois cross who was penalty chip over the top for will jordan,lineout,0.4726
2789.5,2793.5,jordan brilliant skill from jordan another support,lineout,0.4726
2793.0,2797.0,another support runner doesnt find one good tackle from villier they look for the steal now,normal_play,0.0
2796.5,2800.5,the steal now double clutch from mowaka over the top to,normal_play,0.0
2800.0,2804.0,over the top to thalia new zealand looking for another try,try,1.0
2803.5,2807.5,another try thalia has a double,try,1.0
2807.0,2811.0,almost conceding at their own end,try,1.0
2810.5,2814.5,their own end they score first again,try,1.0
2814.0,2818.0,i think it was rico,try,1.0
2817.5,2821.5,think it was rico iwani with the pass and,normal_play,0.0
2821.0,2825.0,and new zealand from defense turned it into a take,normal_play,0.0
2824.5,2828.5,into a take line out was good chipping behind from arisavir to,normal_play,0.0
2828.0,2832.0,arisavir to will jordan jordan was looking for support made the right call,normal_play,0.0
2831.5,2835.5,the right call support players there quickly scott barrett with,normal_play,0.0
2835.0,2839.0,with the clearance and then the double pump from,normal_play,0.0
2838.5,2842.5,from rico iwani out to the try score and thalia will get two,normal_play,0.0
2842.0,2846.0,will get two,normal_play,0.0
2845.5,2849.5,a lot of people wonder what it likes to caleb clarke and,normal_play,0.0
2849.0,2853.0,caleb clarke and lester banga anuku cant,normal_play,0.0
2852.5,2856.5,anuku cant make this all black scene thats why,normal_play,0.0
2856.0,2860.0,why thalia scores try,normal_play,0.0
2859.5,2863.5,scores try,normal_play,0.0
2863.0,2867.0,just to reiterate the tmo has,goal_kick,0.8688
2866.5,2870.5,the tmo has looked at their pass has given it the all clear so,goal_kick,0.8688
2870.0,2874.0,so try stands,goal_kick,0.8688
2873.5,2877.5,13 9,goal_kick,0.8688
2877.0,2881.0,moana looking to add an extra,goal_kick,0.8688
2880.5,2884.5,to add an extra couple of points,goal_kick,0.5536
2884.0,2888.0,difficult kick,goal_kick,0.5536
2887.5,2891.5,the whistles from moana,goal_kick,0.5536
2891.0,2895.0,from moana and they do the job as that one slides by as,kick_off,0.5159
2894.5,2898.5,slides by as well deep breath from the great one richie mccourt,kick_off,0.5159
2898.0,2902.0,mccourt the double heres a double pump heres the flat,kick_off,0.5159
2901.5,2905.5,heres the flat line the crowd just in the replay they do not like it but it,normal_play,0.0
2905.0,2909.0,like it but it was aok the crowd just in the replay the crowd,normal_play,0.0
2908.5,2912.5,crowd just in the replay,normal_play,0.0
2912.0,2916.0,the crowd just in the replay back underway,normal_play,0.0
2915.5,2919.5,13 9 new zealand in front look,kick_off,0.5159
2919.0,2923.0,finding their way over the try line,kick_off,0.5159
2922.5,2926.5,line very early on in each half use,normal_play,0.0
2926.0,2930.0,use it no of course use it taking back,normal_play,0.0
2929.5,2933.5,taking back and aaron smith almost the first time,normal_play,0.4032
2933.0,2937.0,the first time tonight kicks off the base for new zealand,normal_play,0.4032
2936.5,2940.5,will jordans onto him,normal_play,0.4032
2940.0,2944.0,onto him ramos not for the first time either goes in place from half hes ray the wadzee,normal_play,0.4032
2943.5,2947.5,the wadzee he had a lively start to the second half,normal_play,0.4032
2947.0,2951.0,second half jalabea he decides to,normal_play,0.4032
2950.5,2954.5,he decides to chip through play on play on nothing going,normal_play,0.4032
2954.0,2958.0,going ramos,normal_play,0.4032
2957.5,2961.5,ramos sees some space over on the far side but perhaps didnt see,normal_play,0.4032
2961.0,2965.0,didnt see will jordan,normal_play,0.4032
2968.0,2972.0,why play such a defender nothing wrong by,normal_play,0.4032
2971.5,2975.5,by,normal_play,0.4032
2975.0,2979.0,by defence barrett thinks about the quick line,normal_play,0.0
2978.5,2982.5,the quick line out to tilly but holds on now that is,normal_play,0.0
2982.0,2986.0,now that is how you exit jalabea that is an absolutely,normal_play,0.0
2985.5,2989.5,is an absolutely massive kick look thats a metre away from new zealand,normal_play,0.0
2989.0,2993.0,from new zealand 22 im sure theyll pressurise this throw here the french team,normal_play,0.0
2992.5,2996.5,french team,normal_play,0.0
2996.0,3000.0,caps fine 22 metre line to 22 metre line,normal_play,0.0
2999.5,3003.5,22 metre line there from,normal_play,0.0
3003.0,3007.0,jalabea,lineout,0.4726
3006.5,3010.5,savia tupolvati,lineout,0.4726
3010.0,3014.0,tupolvati loses the ball in contact france have it again,lineout,0.4726
3013.5,3017.5,france have it again no big responsibility for,normal_play,0.0
3017.0,3021.0,responsibility for tupolvati tonight and for tupolvati look,normal_play,0.0
3020.5,3024.5,tupolvati look at the big second where we go gets the ball away tupolvati,normal_play,0.0
3024.0,3028.0,tupolvati has it tilly looks for the intercept advantage is,normal_play,0.0
3027.5,3031.5,advantage is coming,normal_play,0.0
3031.0,3035.0,geez they were lucky there the all blacks,normal_play,0.0
3034.5,3038.5,all blacks that was a great set but tupolvati with,normal_play,0.0
3038.0,3042.0,tupolvati with the drop ball tilly goes for the intercept,normal_play,0.0
3041.5,3045.5,the intercept so thats okay it was a genuine attempt,normal_play,0.0
3045.0,3049.0,heres the drop ball he just had a little look,normal_play,0.0
3048.5,3052.5,had a little look over the defensive line didnt he before securing the ball the head numbers look at that,normal_play,0.0
3052.0,3056.0,numbers look at that break good decision here i thought he could have kept it try to give that,normal_play,0.0
3055.5,3059.5,try to give that 50 50 ball but i like the way,normal_play,0.0
3059.0,3063.0,way flamont just changed his angle in line to get yards,normal_play,0.0
3062.5,3066.5,theyve called it a genuine attempt at an intercept there from,normal_play,0.0
3066.0,3070.0,from mark tilly so its just a knock on the referee said before the,normal_play,0.0
3069.5,3073.5,said before the contest theyre going to allow,normal_play,0.0
3073.0,3077.0,allow players to try and intercept the ball if they make a concerted,normal_play,0.0
3076.5,3080.5,a concerted effort it wont be a penalty mark tilly knocked that ball on,normal_play,0.0
3080.0,3084.0,that ball on or just hit it so there was no attempt,normal_play,0.0
3083.5,3087.5,that would have been a very different story but still,normal_play,0.0
3087.0,3091.0,still a very good attacking position here this french team,normal_play,0.0
3090.5,3094.5,team there they are looking for that first,normal_play,0.0
3094.0,3098.0,on to the match,normal_play,0.0
3097.5,3101.5,to the match on to the half look at,normal_play,0.0
3101.0,3105.0,look at that first try of the match front rows are down thats a messy old scrum there,scrum,0.2065
3104.5,3108.5,old scrum there by the reset thats twice it looks like theyre pulling out,scrum,0.2065
3108.0,3112.0,pulling out antonio the number three the hit is good,normal_play,0.0
3111.5,3115.5,the hit is good and then they just fold and go back so its,normal_play,0.0
3115.0,3119.0,so its putting the front row of new zealand look you can,normal_play,0.0
3118.5,3122.5,look you can see theyre just having a talk now hes shifting himself because,normal_play,0.0
3122.0,3126.0,because ethan de groot cant stay there one way he can go and,normal_play,0.0
3125.5,3129.5,way he can go and thats down a bit of trickery from antonio but i think hes been warned,normal_play,0.0
3129.0,3133.0,think hes been warned right now,normal_play,0.0
3132.5,3136.5,i,normal_play,0.0
3136.0,3140.0,i wouldnt mind seeing mufana in this situation we havent caught his number too,normal_play,0.0
3139.5,3143.5,number too much but in jersey number 12 he is very good,normal_play,0.0
3143.0,3147.0,shot on the sideline there its,normal_play,0.0
3146.5,3150.5,its half of the note and now preparing to come on for france,normal_play,0.0
3150.0,3154.0,the watch has hit on this angle this would be a good shot of it,normal_play,0.0
3153.5,3157.5,good shot of it the initial hit is good,scrum,0.4877
3157.0,3161.0,two penalty already against ethan de groot,scrum,0.1743
3160.5,3164.5,and its a free kick to france keep your balance,scrum,0.1743
3164.0,3168.0,that was a balance thing rather than,scrum,0.4877
3167.5,3171.5,than what they were talking about technically hold your,normal_play,0.0
3171.0,3175.0,your balance,normal_play,0.0
3174.5,3178.5,nadi sabir is just going to talk about that fact too,normal_play,0.0
3178.0,3182.0,fact too the french are trying to shift the point,normal_play,0.0
3181.5,3185.5,its just been unstable right from the jump,normal_play,0.0
3185.0,3189.0,and they will make a change it will be cameron,normal_play,0.0
3188.5,3192.5,it will be cameron wocky to the sideline for romain,normal_play,0.0
3192.0,3196.0,for romain tarras and then its half of the note hes just 45th,normal_play,0.0
3195.5,3199.5,45th test cap for france hes missed a few games in the warm up good effort,normal_play,0.0
3199.0,3203.0,up good effort from wocky with the opening 48 odd minutes of this match,normal_play,0.0
3202.5,3206.5,this match very good wocky has done everything hes been asked to do by his coach,normal_play,0.0
3206.0,3210.0,by his coach very good at his core responsibilities,normal_play,0.0
3209.5,3213.5,responsibilities there with paul villamse pulling out of this tournament with a hamstring,normal_play,0.0
3213.0,3217.0,with a hamstring issue big responsibility for wocky dunwell,normal_play,0.0
3216.5,3220.5,dunwell locked so,normal_play,0.0
3220.0,3224.0,locked so more weight in this strut now,normal_play,0.0
3223.5,3227.5,now with big tarr for pernod in there on the tight side of this french,normal_play,0.0
3227.0,3231.0,of this french front eight the home crowd starting to bounce getting them behind,normal_play,0.0
3230.5,3234.5,getting them behind their side,scrum,0.3349
3237.5,3241.5,dupont feeds it theyre going to go blindside not for the first time,scrum,0.1678
3241.0,3245.0,for the first time smiths onto dupont pernod sets,scrum,0.1678
3244.5,3248.5,pernod sets up the breakdown heres aldridge again ball out,scrum,0.3349
3248.0,3252.0,ball out cross reacts well,normal_play,0.4032
3251.5,3255.5,but new zealand have it or do they,normal_play,0.4032
3255.0,3259.0,do they get the ball get the ball get the,normal_play,0.4032
3258.5,3262.5,ball get the ball yeah,normal_play,0.4032
3262.0,3266.0,yeah comes out of that breakdown smith reacts and gives it to,normal_play,0.4032
3265.5,3269.5,and gives it to richie moran a little dummy sees a half gap door closes,normal_play,0.4032
3269.0,3273.0,door closes,normal_play,0.4032
3272.5,3276.5,guilani,normal_play,0.4032
3276.0,3280.0,guilani again after that for,normal_play,0.4032
3279.5,3283.5,for mark telaillat a little while ago referee,normal_play,0.3848
3283.0,3287.0,referee just gets in the way of that ball almost comes loose here,normal_play,0.3848
3286.5,3290.5,comes loose here theyre going to have to set a scrum here the,normal_play,0.0
3290.0,3294.0,the french new zealand team yeah the french team are really pressurising at the breakdown,normal_play,0.0
3293.5,3297.5,the breakdown for getting up quickly they are legally behind the,normal_play,0.0
3297.0,3301.0,behind the highmost foot,normal_play,0.0
3300.5,3304.5,look his head heres,normal_play,0.0
3304.0,3308.0,heres the cling thats something i think theyve,normal_play,0.0
3307.5,3311.5,something i think theyve really been very good at the home team tonight getting line,normal_play,0.0
3311.0,3315.0,getting line speed especially at that breakdown,normal_play,0.0
3318.0,3322.0,basically leon,normal_play,0.0
3321.5,3325.5,romain formerly toulon and perpignan,normal_play,0.0
3325.0,3329.0,and perpignan,normal_play,0.0
3328.5,3332.5,karim ghazal there breakdown,normal_play,0.0
3332.0,3336.0,breakdown coach for france new zealand have given,normal_play,0.0
3335.5,3339.5,zealand have given away two penalty at the scrum in the first half,normal_play,0.0
3339.0,3343.0,first half they can ill afford to give away points here,normal_play,0.0
3342.5,3346.5,scrum coach william sir he patrols,scrum,0.4877
3346.0,3350.0,he patrols the sideline clarks to get up close and personal,scrum,0.4877
3349.5,3353.5,personal boin defensive scrum here,scrum,0.4877
3353.0,3357.0,defensive scrum here for new zealand,scrum,0.4877
3360.0,3364.0,stable enough,scrum,0.1314
3363.5,3367.5,logan barrett that one slices off the side of,scrum,0.164
3367.0,3371.0,of,normal_play,0.0
3370.5,3374.5,of the boots its like,normal_play,0.0
3374.0,3378.0,its like one of the french second roles is down no its the antonio,normal_play,0.0
3377.5,3381.5,its the antonio back play getting,normal_play,0.0
3381.0,3385.0,getting some treatment hes back on his feet,normal_play,0.0
3384.5,3388.5,show your numbers clearly,normal_play,0.0
3388.0,3392.0,clearly,normal_play,0.0
3391.5,3395.5,the french know they,normal_play,0.0
3395.0,3399.0,they need some injection,normal_play,0.0
3412.5,3416.5,lerga blok,normal_play,0.0
3423.0,3427.0,dupont,lineout,0.2653
3426.5,3430.5,malvaca again wipes down no,normal_play,0.0
3430.0,3434.0,losing their feet,normal_play,0.0
3433.5,3437.5,losing their feet temporarily but they go again for us,maul,0.4024
3440.5,3444.5,dupont,maul,0.3588
3444.0,3448.0,dupont out the back for malvaca kick pass for peno,maul,0.3588
3447.5,3451.5,for peno dami n peno reels it in,normal_play,0.0
3451.0,3455.0,in mwanga with the,normal_play,0.0
3454.5,3458.5,with the cover tackle looks like hes put peno over the,normal_play,0.0
3458.0,3462.0,peno over the sideline yeah i think hes got him i think hes got him,normal_play,0.0
3461.5,3465.5,hes got him richie mwanga goes low and takes the legs out of,normal_play,0.0
3465.0,3469.0,of peno he loses the ball forward,normal_play,0.0
3468.5,3472.5,the ball forward well show you one angle to confirm here you go,normal_play,0.0
3472.0,3476.0,great but hes nobody on the kick,tmo_replay,0.85
3475.5,3479.5,heres your best angle yaco,tmo_replay,0.85
3479.0,3483.0,nothing on the big screen for us,tmo_replay,0.85
3482.5,3486.5,big screen for us no he loses,tmo_replay,0.85
3486.0,3490.0,he loses the ball forward before the line weve got one more angle,tmo_replay,0.85
3489.5,3493.5,before the line so,tmo_replay,0.85
3493.0,3497.0,the line so thats one its actually a line out black ball he loses it the ball goes into,tmo_replay,0.85
3496.5,3500.5,it the ball goes into touch,tmo_replay,0.85
3503.5,3507.5,what a tackle from richie,tmo_replay,0.85
3507.0,3511.0,from richie mwanga,tmo_replay,0.85
3514.0,3518.0,dami n peno an outstanding try scorer,tmo_replay,0.85
3517.5,3521.5,try scorer 23 in his last 26 tests theyre denied,tmo_replay,0.85
3521.0,3525.0,theyre denied by the new zealand fly half replacement here,normal_play,0.0
3524.5,3528.5,replacement here for france antonio mwati will,normal_play,0.0
3528.0,3532.0,will go to the sideline they will be replaced by jean baptiste croc who,normal_play,0.0
3531.5,3535.5,baptiste croc who will take his spot on the loose head side of the scrim and dorian aldeguere,normal_play,0.0
3535.0,3539.0,aldeguere you have two changes too for the all blacks mopatunga fasi,normal_play,0.0
3538.5,3542.5,mopatunga fasi will come on the pitch and they will replace ethan de groot and nipola lala,normal_play,0.0
3542.0,3546.0,and nipola lala as well so both coaches i want to see the receiver,normal_play,0.0
3545.5,3549.5,receiver according to some reinforcements up front,normal_play,0.0
3552.5,3556.5,so cody taylor still out there,normal_play,0.0
3556.0,3560.0,still out there the all black hooker opposed to scott barrett they,normal_play,0.0
3559.5,3563.5,barrett they competed with france they were close to stealing that one,lineout,0.4726
3563.0,3567.0,that one new zealand come away with it with savia,lineout,0.4726
3566.5,3570.5,leading by four but theyve,normal_play,0.0
3570.0,3574.0,four but theyve been under a lot of pressure in the last 10 minutes,normal_play,0.0
3573.5,3577.5,last 10 minutes or so most of the actions being down this end,normal_play,0.0
3577.0,3581.0,down this end of the field they did get that,normal_play,0.0
3580.5,3584.5,that second try to taylor,normal_play,0.0
3584.0,3588.0,heres ramos,normal_play,0.0
3587.5,3591.5,heres ramos francois croc theres fletcher newell in number 18,normal_play,0.0
3591.0,3595.0,in number 18 malvaca,normal_play,0.4032
3594.5,3598.5,malvaca through the tackle of tupul vati,normal_play,0.4032
3598.0,3602.0,vati nice one handed cast from jalabea heres,normal_play,0.4032
3601.5,3605.5,jalabea heres fekou dami gail fekou good tackle in the end from,normal_play,0.4032
3605.0,3609.0,tackle in the end from scott barrett dami n penault picks and goes for france offload,normal_play,0.4032
3608.5,3612.5,france offload the ball to dupont ball went backwards,normal_play,0.4032
3612.0,3616.0,he doesnt,normal_play,0.4032
3615.5,3619.5,he doesnt have the ball its a penalty to france yeah it doesnt have the ball,penalty,0.6128
3619.0,3623.0,ball they say newells a push in the back i think somewhere,penalty,0.6128
3622.5,3626.5,think somewhere as dupont was trying to collect that ball maybe,normal_play,0.0
3629.5,3633.5,france motion into the corner here we go well,normal_play,0.0
3633.0,3637.0,well the crowd have been demanding this all night,normal_play,0.0
3636.5,3640.5,night big moment in,normal_play,0.0
3640.0,3644.0,big moment in this match,normal_play,0.0
3650.5,3654.5,france hot on attack but sam,normal_play,0.0
3654.0,3658.0,but sam whitelock climbs high almost steals it for new zealand,normal_play,0.0
3657.5,3661.5,zealand moefana with a carry,lineout,0.4726
3661.0,3665.0,flamont,lineout,0.4726
3664.5,3668.5,francois cross,try,1.0
3668.0,3672.0,to pull up to change direction jalabea,try,1.0
3671.5,3675.5,jalabea martien jalabea dami n penault,try,1.0
3675.0,3679.0,penault,try,1.0
3682.0,3686.0,france take,try,1.0
3685.5,3689.5,france take the lead in paris well,try,1.0
3689.0,3693.0,well it wasnt the original way they wanted to get over the trial line,try,1.0
3692.5,3696.5,the trial line from the line out new zealand,try,1.0
3696.0,3700.0,new zealand competed through sam whitelock they go to the back door they finally,normal_play,0.0
3699.5,3703.5,they finally find the mismatch goes around adi savir,normal_play,0.0
3703.0,3707.0,adi savir but the timing of the pass from jalabea theres the footwork,normal_play,0.0
3706.5,3710.5,the footwork theres the draw on play theres the players emotions and theres that try,normal_play,0.0
3710.0,3714.0,that try denied a few moments earlier,normal_play,0.0
3713.5,3717.5,few moments earlier but he,normal_play,0.0
3717.0,3721.0,but he more often than not comes away with the goods from test matches,normal_play,0.0
3720.5,3724.5,from test matches this dami n penault thats his 24th try,normal_play,0.0
3724.0,3728.0,24th try in his last 27 test matches,normal_play,0.0
3734.5,3738.5,its just a noted try score thats what you want your wingers score,normal_play,0.0
3738.0,3742.0,wingers score in try hes a big unit but jeez hes got great timing,normal_play,0.0
3741.5,3745.5,got great timing,normal_play,0.0
3745.0,3749.0,75 for ramos,goal_kick,0.8688
3748.5,3752.5,ramos so far tonight,goal_kick,0.8688
3752.0,3756.0,tonight,goal_kick,0.8688
3755.5,3759.5,from wide out tom ramos,goal_kick,0.7139
3759.0,3763.0,gets them on their feet once again,goal_kick,0.7139
3762.5,3766.5,again france 16 new zealand,goal_kick,0.8688
3766.0,3770.0,new zealand 13,goal_kick,0.8688
3773.0,3777.0,new zealand with a couple of changes again,goal_kick,0.8688
3776.5,3780.5,of changes again luke jacobson on for the all blacks,normal_play,0.0
3780.0,3784.0,all blacks and also somyoni tokiaho jersey number 16,normal_play,0.0
3783.5,3787.5,number 16,normal_play,0.0
3787.0,3791.0,new zealand go long off the restart down to,normal_play,0.0
3790.5,3794.5,restart down to that man aldrich,normal_play,0.0
3794.0,3798.0,dupont tom,kick_off,0.5159
3797.5,3801.5,dupont tom mawaja goes backwards heres barrett ramos,kick_off,0.5159
3801.0,3805.0,ramos chips high will jordans on the chase,normal_play,0.0
3804.5,3808.5,the chase ramos again climbs high,normal_play,0.0
3808.0,3812.0,climbs high and again he falls to the floor this time it is a penalty,normal_play,0.4032
3811.5,3815.5,a penalty against new zealand that wasnt a,normal_play,0.4032
3815.0,3819.0,that wasnt a fair fight a fair contest in the air says the referee,penalty,0.6128
3818.5,3822.5,okay jaco im about to show you foul play by the new zealand player he needs to go through a tmo,normal_play,0.0
3822.0,3826.0,go through a tmo process here to check the foul play,normal_play,0.0
3825.5,3829.5,okay this will be your best angle jaco,normal_play,0.0
3829.0,3833.0,angle jaco,normal_play,0.0
3832.5,3836.5,jaco,tmo_replay,0.85
3836.0,3840.0,he never gets no he doesnt get off the ground,tmo_replay,0.85
3839.5,3843.5,the ground and he lands on his side yellow card,tmo_replay,0.8327
3843.0,3847.0,yellow card please,tmo_replay,0.8327
3846.5,3850.5,yellow card please im going to say yellow card yellow card bunker,tmo_replay,0.5708
3850.0,3854.0,card bunker yellow card bunker yellow card please,tmo_replay,0.5708
3853.5,3857.5,its number 14,tmo_replay,0.5708
3857.0,3861.0,with your eyes on the ball you also have to get your,tmo_replay,0.85
3860.5,3864.5,also have to get your timing right hes still on the floor he overruns under,tmo_replay,0.85
3864.0,3868.0,overruns under him its a,tmo_replay,0.85
3867.5,3871.5,its a yellow card for will jordan and you saw,card_event,1.0
3871.0,3875.0,and you saw the signal from the referee it will also go,card_event,1.0
3874.5,3878.5,also go to the bunker for review well i think the,normal_play,0.0
3878.0,3882.0,well i think the thing is because will jordan is still on the ground even though he had eyes for the,normal_play,0.0
3881.5,3885.5,had eyes for the ball hes taken out the players legs which is the foul play if he goes,normal_play,0.0
3885.0,3889.0,play if he goes in the air he contests at the next fair contest so its,normal_play,0.0
3888.5,3892.5,so its the right decision so the foul play review official will,normal_play,0.0
3892.0,3896.0,review official will now look at that they have eight minutes to look at,normal_play,0.0
3895.5,3899.5,to look at all the angles and decide whether it should be upgraded to,normal_play,0.0
3899.0,3903.0,be upgraded to a red card this is the moment for france to just come off the,normal_play,0.0
3902.5,3906.5,to just come off the back of a try now theyve got the numerical advantage,normal_play,0.0
3906.0,3910.0,advantage theyre coming in hard so what do the all blacks do now the other ones under,normal_play,0.0
3909.5,3913.5,now the other ones under pressure the other ones are going to have to make some tackle,normal_play,0.0
3916.5,3920.5,so arthur vansong has come,normal_play,0.0
3920.0,3924.0,has come on for france for yoram moefana,lineout,0.4726
3923.5,3927.5,for yoram moefana,lineout,0.4726
3930.5,3934.5,france really feeling it now,maul,0.4804
3934.0,3938.0,it now playing with a man up here,maul,0.4804
3937.5,3941.5,up here go back bringing it down illegally 17,normal_play,0.0
3941.0,3945.0,17 first player and a play on the inside penalty compounding against new zealand,normal_play,0.0
3944.5,3948.5,against new zealand we saw this against south africa a couple,normal_play,0.0
3948.0,3952.0,africa a couple of weeks ago at twickenham itll be interesting the energy i think,normal_play,0.0
3951.5,3955.5,i think you go for the points myself,normal_play,0.0
3955.0,3959.0,theyre feeling the vibe theyre backing themselves,normal_play,0.0
3958.5,3962.5,theyre backing themselves they might go the corner no,normal_play,0.0
3962.0,3966.0,no hes going to have a shot here the skips pointed at the post and i think this is a,normal_play,0.0
3965.5,3969.5,i think this is a smart move shot,normal_play,0.0
3969.0,3973.0,yeah they will keep the post,normal_play,0.0
3972.5,3976.5,sam whitelock this fellow team mate will no,normal_play,0.0
3976.0,3980.0,team mate will no doubt look to him for leadership here,normal_play,0.0
3979.5,3983.5,here after this yes,normal_play,0.0
3983.0,3987.0,the ball goes dead,normal_play,0.0
3986.5,3990.5,ball goes dead yeah tunga fassi was the one,normal_play,0.0
3990.0,3994.0,fassi was the one highlighted pulling that down and thats clear and obvious right,normal_play,0.0
3993.5,3997.5,and obvious right there big kick this one,normal_play,0.0
3997.0,4001.0,yeah hes had some tough kicks tonight,normal_play,0.0
4000.5,4004.5,tough kicks tonight tomo ramos four,goal_kick,0.8688
4004.0,4008.0,four and five but this ones the toughest of the,goal_kick,0.8688
4007.5,4011.5,toughest of the lot so far,goal_kick,0.8688
4011.0,4015.0,as,goal_kick,0.8688
4014.5,4018.5,as we approach through quarter time and just,goal_kick,0.8688
4018.0,4022.0,and just slides by the right hand upright serge blanco,goal_kick,0.8688
4021.5,4025.5,serge blanco drink water two minutes water,goal_kick,0.8688
4025.0,4029.0,water legend serge blanco french and,goal_kick,0.8688
4028.5,4032.5,french and international rugby its a water break okay jaco just to let,goal_kick,0.8688
4032.0,4036.0,jaco just to let you know the yellow card for the new zealand player will remain as a yellow card option two,normal_play,0.0
4035.5,4039.5,card option two degree of danger not high he lands on his side,normal_play,0.0
4039.0,4043.0,side okay ill remind you just,normal_play,0.0
4042.5,4046.5,ill remind you just in case,normal_play,0.0
4053.0,4057.0,so yeah as we approach the 60 minute mark,normal_play,0.0
4056.5,4060.5,60 minute mark players will take a water break its been so hot in,normal_play,0.0
4060.0,4064.0,hot in in france this,normal_play,0.0
4063.5,4067.5,in france this week paris particularly,normal_play,0.0
4067.0,4071.0,i think new zealand probably,normal_play,0.0
4070.5,4074.5,think new zealand probably need this more than the french team do at the moment,normal_play,0.0
4074.0,4078.0,at the moment most definitely,normal_play,0.0
4077.5,4081.5,on the back of the home team new zealand will just have to,normal_play,0.0
4081.0,4085.0,will just have to reset here and get their lines,normal_play,0.0
4088.0,4092.0,could well be,normal_play,0.0
4091.5,4095.5,well be the stars are only walking up around the trial,normal_play,0.0
4095.0,4099.0,the trial heres to them could have had two in,normal_play,0.0
4098.5,4102.5,had two in this second half,normal_play,0.0
4102.0,4106.0,so much of the game has been down the all,normal_play,0.0
4105.5,4109.5,the all blacks enter the field,normal_play,0.0
4109.0,4113.0,just waiting to,normal_play,0.0
4112.5,4116.5,waiting to hear the decision from the bunkers whether that,normal_play,0.0
4116.0,4120.0,whether that will jordan yellow will remain a yellow or,normal_play,0.0
4119.5,4123.5,a yellow or will be upgraded getting the information,normal_play,0.0
4123.0,4127.0,information very shortly captain,normal_play,0.0
4126.5,4130.5,on it,normal_play,0.0
4133.5,4137.5,just feedback from the bunker the yellow,normal_play,0.0
4137.0,4141.0,bunker the yellow card remains a yellow card the level of danger is not high enough for a red card,normal_play,0.0
4140.5,4144.5,red card come down on the side so,normal_play,0.0
4144.0,4148.0,so there you have it will jordan will be allowed to come onto the field hell be very,normal_play,0.0
4147.5,4151.5,be very relieved about that as will the all blacks,normal_play,0.0
4151.0,4155.0,blacks,normal_play,0.0
4158.0,4162.0,a little hush around the stade de france,kick_off,0.4897
4161.5,4165.5,the stade de france after that water break the energy just slightly,kick_off,0.4897
4165.0,4169.0,just slightly sleeping out of the stadium,normal_play,0.0
4168.5,4172.5,stadium as new zealand playing with 14 here,normal_play,0.4032
4172.0,4176.0,14 here will try to come away with it mark tilly,normal_play,0.4032
4175.5,4179.5,theyre going to keep it,normal_play,0.4032
4179.0,4183.0,theyre going to keep it narrow here in new zealand you can understand that and a,normal_play,0.4032
4182.5,4186.5,a great break from scott barrett there big tackle,normal_play,0.0
4186.0,4190.0,tackle penno luke jacobson,normal_play,0.0
4189.5,4193.5,jacobson a right winger on a blindside flanker good quick answer,normal_play,0.4032
4193.0,4197.0,flanker good quick answer heres tokiaho,normal_play,0.4032
4196.5,4200.5,tokiaho a right winger on a blindside flanker pick and go from adi savir,normal_play,0.0
4200.0,4204.0,adi savir lay on tormafasi again,normal_play,0.0
4203.5,4207.5,again,normal_play,0.0
4207.0,4211.0,switch of play back to the short side heres ioani,normal_play,0.3499
4210.5,4214.5,ioani rikko ioani gets away from one,normal_play,0.3499
4214.0,4218.0,one back to the man he beat francois cross,normal_play,0.3499
4217.5,4221.5,francois cross slightly fortunate at that for france,normal_play,0.4032
4221.0,4225.0,and heres ramos he can look to try and spread it with the one player advantage,normal_play,0.4032
4224.5,4228.5,one player advantage and heres alphacoup finds,normal_play,0.352
4228.0,4232.0,alphacoup finds olive on big rangy back row,normal_play,0.352
4231.5,4235.5,rangy back row up to the new zealand 10 metre line theres audre to dupont,normal_play,0.0
4235.0,4239.0,dupont got so much time the french scrum half,normal_play,0.0
4238.5,4242.5,big clear out from talfour fenoua,normal_play,0.0
4242.0,4246.0,dupont decides to kick barretts there,normal_play,0.0
4245.5,4249.5,there and bodum barrett cleverly,normal_play,0.4032
4249.0,4253.0,cleverly off the outside of his boot making good yards puts it in the touch,normal_play,0.4032
4252.5,4256.5,it in the touch thats a great kick from bodum barrett,normal_play,0.0
4256.0,4260.0,check out please,normal_play,0.0
4259.5,4263.5,please come on,normal_play,0.0
4263.0,4267.0,on number,normal_play,0.0
4270.0,4274.0,dwight,normal_play,0.0
4273.5,4277.5,dwight olive on one handed again wins the line out jalbert,normal_play,0.0
4277.0,4281.0,jalbert to varsan audre in midfield,lineout,0.4726
4280.5,4284.5,midfield counter ruck from new zealand looking for the turnover and sabia,lineout,0.4726
4284.0,4288.0,turnover and sabia,normal_play,0.0
4287.5,4291.5,villier,normal_play,0.0
4291.0,4295.0,try to get away from rico yuhani put him over the,normal_play,0.0
4294.5,4298.5,put him over the sideline but the ball remained in field,normal_play,0.0
4298.0,4302.0,release new zealand have possession,normal_play,0.0
4301.5,4305.5,new zealand have possession though theres the ball dont knock it theres the ball,normal_play,0.0
4305.0,4309.0,all the territorys been down this end of the field not feet,normal_play,0.4032
4308.5,4312.5,feet just struggling to find a way to get the,normal_play,0.4032
4312.0,4316.0,get the ball in french territory new zealand trailing,normal_play,0.4032
4315.5,4319.5,trailing by three points,normal_play,0.4032
4319.0,4323.0,jalbert is underneath it for france,normal_play,0.3611
4322.5,4326.5,it for france on the ball,normal_play,0.3611
4326.0,4330.0,ball,normal_play,0.3611
4329.5,4333.5,no,normal_play,0.0
4333.0,4337.0,it will be dupont who will kick this time some space on the near side,normal_play,0.0
4336.5,4340.5,the near side has he overcooked it yes he has a rare mistake from dupont,normal_play,0.0
4340.0,4344.0,mistake from dupont very rare normally so accurate,normal_play,0.0
4343.5,4347.5,normally so accurate maybe a bit of fatigue kicking in,normal_play,0.0
4347.0,4351.0,new zealand wont mind this,normal_play,0.0
4350.5,4354.5,theres a real bolter in this,normal_play,0.0
4354.0,4358.0,bolter in this french squad thats coming on paul boudet on,normal_play,0.0
4357.5,4361.5,boudet on to win just his fourth cap made his debut,normal_play,0.0
4361.0,4365.0,made his debut in the world cup warm ups he replaces,normal_play,0.0
4364.5,4368.5,francois cross for,normal_play,0.0
4368.0,4372.0,for france and a change at scrum half for new zealand finlay christie is out,normal_play,0.0
4371.5,4375.5,christie is out there for aaron smith,lineout,0.4726
4375.0,4379.0,five minutes still remaining on the yellow card for will jordan through the middle,lineout,0.4726
4378.5,4382.5,jordan through the middle,normal_play,0.0
4382.0,4386.0,yes use it now,normal_play,0.0
4385.5,4389.5,savia,maul,0.4377
4389.0,4393.0,savia away theres christie with his first pass,maul,0.4377
4392.5,4396.5,his first pass to barrett good chop tackle and its dislikes possession,normal_play,0.0
4396.0,4400.0,dislikes possession as well and aldridge on to it for france,normal_play,0.0
4399.5,4403.5,flicks it out for dupont danger signs here for the all,normal_play,0.4032
4403.0,4407.0,for the all blacks little scoop ball to,normal_play,0.4032
4406.5,4410.5,scoop ball to ramos back to dupont,normal_play,0.4032
4410.0,4414.0,france keeping the ball alive,normal_play,0.4032
4413.5,4417.5,alive christie just lifting the legs of villier got to be careful doing that,normal_play,0.4032
4417.0,4421.0,not rolling away new zealand penalty,normal_play,0.0
4420.5,4424.5,zealand penalty advantage france jalbert,normal_play,0.0
4424.0,4428.0,jalbert taufe fennur,normal_play,0.3456
4427.5,4431.5,youre in there,normal_play,0.3456
4431.0,4435.0,in there when hes fine youre in there,penalty,0.5546
4434.5,4438.5,you just feel the physicality of this french,penalty,0.5546
4438.0,4442.0,physicality of this french team just starting to weigh on this,penalty,0.5546
4441.5,4445.5,to weigh on this all black outfit both back in his role is that discipline or,normal_play,0.0
4445.0,4449.0,discipline or ill discipline its forcing,normal_play,0.0
4448.5,4452.5,forcing these indiscretions at the moment,normal_play,0.0
4459.0,4463.0,aldridge again,normal_play,0.0
4462.5,4466.5,just making things happen for france,normal_play,0.0
4466.0,4470.0,france theres the tackle for mule then he got,normal_play,0.0
4469.5,4473.5,then he got pings for not rolling away,normal_play,0.0
4473.0,4477.0,number 8 a big left leg of taufe,normal_play,0.0
4476.5,4480.5,leg of taufe fennur perhaps contributing to that,normal_play,0.0
4480.0,4484.0,he was in the striker he was,normal_play,0.0
4483.5,4487.5,the striker he was just exiting this whole game to me the game plan initially,normal_play,0.0
4487.0,4491.0,game plan initially was to go wide to wide keep ball in the hand,normal_play,0.0
4490.5,4494.5,ramos,normal_play,0.0
4494.0,4498.0,ramos from a very kickable position here looking to,normal_play,0.0
4497.5,4501.5,looking to give france their biggest lead of the night,goal_kick,0.8688
4501.0,4505.0,night,goal_kick,0.8688
4508.0,4512.0,ramos,goal_kick,0.8688
4511.5,4515.5,ramos again another three points,goal_kick,0.8688
4515.0,4519.0,france lead new zealand 19,goal_kick,0.8688
4518.5,4522.5,19 13 what that does now new zealand has to,goal_kick,0.8688
4522.0,4526.0,has to get a further try to get into the lead only minutes,goal_kick,0.8688
4525.5,4529.5,only minutes left on this card so france have,goal_kick,0.8688
4529.0,4533.0,so france have been good enough to control that new,normal_play,0.0
4532.5,4536.5,control that new miracle advantage will new zealand kick to compete here,normal_play,0.0
4536.0,4540.0,compete here yes,normal_play,0.0
4539.5,4543.5,yes they do they go short from the restart scott barrett his,kick_off,0.2547
4543.0,4547.0,scott barrett his brother does brilliantly learned that one in the backyard in,kick_off,0.2547
4546.5,4550.5,backyard in taronaki on the dairy farm and,normal_play,0.0
4550.0,4554.0,and away now christie working,normal_play,0.0
4553.5,4557.5,working the blindside to barrett theres jacobson for new zealand,normal_play,0.0
4557.0,4561.0,zealand,normal_play,0.0
4560.5,4564.5,tokiaho,normal_play,0.4032
4564.0,4568.0,moana short ball to papali i cant hold on,normal_play,0.4032
4567.5,4571.5,hold on and ramos is going to send it downtown,normal_play,0.0
4571.0,4575.0,thats a tenth,normal_play,0.4032
4574.5,4578.5,thats a tenth handling error for new zealand in this game,normal_play,0.4032
4578.0,4582.0,playing with 14,normal_play,0.4032
4581.5,4585.5,14 bowdoin barrett will find the security of the sideline once again,normal_play,0.0
4585.0,4589.0,sideline once again,normal_play,0.0
4592.0,4596.0,thats amal bakr thinking,normal_play,0.4032
4595.5,4599.5,thats amal bakr thinking about the quick line out there cubs,normal_play,0.0
4599.0,4603.0,numbos impressive the replacement hooker,normal_play,0.0
4602.5,4606.5,hooker good night for him so far as well you can leave,normal_play,0.0
4606.0,4610.0,well you can leave go play,normal_play,0.0
4609.5,4613.5,this play was so much confidence these days this,normal_play,0.0
4613.0,4617.0,this french team an outstanding record coming in 14,normal_play,0.0
4616.5,4620.5,in 14 straight home wins,normal_play,0.0
4620.0,4624.0,they go to flamont at the front of the line out,lineout,0.2034
4623.5,4627.5,out,lineout,0.2034
4630.5,4634.5,tupom kicks high for,maul,0.5412
4634.0,4638.0,kicks high for the chasing villier moana,maul,0.5412
4637.5,4641.5,moana competes into the hands of sarvea,normal_play,0.0
4641.0,4645.0,does well the new zealand captain david,normal_play,0.4032
4644.5,4648.5,david harveili whos out there for new zealand kick pass for talia,normal_play,0.4032
4648.0,4652.0,pass for talia hes on a hat trick gets put,normal_play,0.4032
4651.5,4655.5,gets put to the ground and then gary in with a turnover,normal_play,0.4032
4655.0,4659.0,its arthur vasson,penalty,0.6128
4658.5,4662.5,thats brilliant from the replacement midfielder,penalty,0.6128
4662.0,4666.0,midfielder great timing wasnt it from number 22,penalty,0.6128
4665.5,4669.5,from number 22 vasson they go quick here france,normal_play,0.0
4669.0,4673.0,quick here france yeah theyre going the far side it was intended,normal_play,0.0
4672.5,4676.5,was intended for villier sarvea fortunately for new zealand had,normal_play,0.0
4676.0,4680.0,zealand had one eye on it gets the ball away from contact back in field to,normal_play,0.0
4679.5,4683.5,in field to tumafasi heres barrett game breaking up slightly here,normal_play,0.0
4683.0,4687.0,slightly here its a wobbly old kick,normal_play,0.0
4686.5,4690.5,wobbly old kick and its into the hands of dami n penao,normal_play,0.4032
4690.0,4694.0,he loses the handle into the hands of finlay christie,normal_play,0.4032
4693.5,4697.5,he try to kick the ball taken by dupont,normal_play,0.4032
4697.0,4701.0,by dupont well go back for the knock off its just been,normal_play,0.0
4700.5,4704.5,its just been unstructured isnt it both teams looking for opportunity but,normal_play,0.0
4704.0,4708.0,opportunity but now new zealand up to their full compliment with jordan,normal_play,0.0
4707.5,4711.5,compliment with jordan beck onto the field,normal_play,0.0
4711.0,4715.0,there he is will jordan,normal_play,0.0
4714.5,4718.5,jordan yellow card remained a yellow on review,normal_play,0.0
4718.0,4722.0,could he be the difference maker hell no doubt want to make a,normal_play,0.0
4721.5,4725.5,want to make a difference having sat down for 10 minutes,normal_play,0.0
4725.0,4729.0,right wouldnt put it past him with his,normal_play,0.0
4728.5,4732.5,past him with his attacking ability just a little bit of a skill there from david harvillie,normal_play,0.0
4732.0,4736.0,david harvillie are you asking for number four hes coming to the second five role for,normal_play,0.0
4735.5,4739.5,five role for the all blacks a little kick pass and heres,normal_play,0.0
4739.0,4743.0,and heres brodie rutalik a late change onto the bench for new zealand,normal_play,0.0
4742.5,4746.5,bench for new zealand but what a player to bring on for sam,normal_play,0.0
4746.0,4750.0,for sam whitelock one world cup winner replacing,normal_play,0.0
4749.5,4753.5,winner replacing another there brodie rutalik will bring some,normal_play,0.0
4753.0,4757.0,rutalik will bring some starts thats for sure could have gone,normal_play,0.0
4756.5,4760.5,in this game in the starting line up,normal_play,0.0
4760.0,4764.0,up the coaches decided to hold him back but under necessity was sam king being,normal_play,0.0
4763.5,4767.5,king being ruled out pre kick off brodie rutalik comes to the bench and now,normal_play,0.0
4767.0,4771.0,bench and now he gets his chance in this opener,normal_play,0.0
4770.5,4774.5,yeah ian foster had coached that during the week that,normal_play,0.0
4774.0,4778.0,that kuzler as his nickname is was not happy with him because he wanted to,normal_play,0.0
4777.5,4781.5,he wanted to play he wanted to start left him out of the 23 he will he gets,normal_play,0.0
4781.0,4785.0,he gets his chance now,normal_play,0.0
4784.5,4788.5,roach five,scrum,0.4128
4788.0,4792.0,six,scrum,0.1442
4795.0,4799.0,slightly unstable scrum there,scrum,0.4128
4802.0,4806.0,a little bit of a contest thought might emanate the scrum,normal_play,0.0
4805.5,4809.5,scrum i guess i should have to say,normal_play,0.0
4809.0,4813.0,say im winning that battle theyve gotten two penalty,normal_play,0.0
4812.5,4816.5,penalty its all in all shape control in this department keep my mark,normal_play,0.0
4816.0,4820.0,my mark starts with you hookers its not every,normal_play,0.0
4819.5,4823.5,its not every day you can take off a,normal_play,0.0
4823.0,4827.0,a 146 odd caps for another,normal_play,0.0
4826.5,4830.5,another tessnacht centurion,normal_play,0.0
4830.0,4834.0,tessnacht centurion thats what new zealand can do with rutalik,normal_play,0.0
4837.0,4841.0,roach,scrum,0.26
4840.5,4844.5,roach roach five this crowd have been magnificent,scrum,0.26
4844.0,4848.0,have been magnificent tonight six they have cheered,scrum,0.1681
4847.5,4851.5,cheered for us all the way the team have got,scrum,0.1681
4851.0,4855.0,the team have got a six point lead christie plays to moana cut out,scrum,0.2055
4854.5,4858.5,cut out to bodum barrett thats a kick pass intended for will jordan well,scrum,0.2055
4858.0,4862.0,jordan well read by gavin villier come on,scrum,0.2055
4861.5,4865.5,come on two point shorter,normal_play,0.0
4865.0,4869.0,point shorter range little box kick off the base there,normal_play,0.4032
4868.5,4872.5,bounces to richie moana,normal_play,0.4032
4872.0,4876.0,avili,normal_play,0.0
4875.5,4879.5,avili flat ball to tokeaho jacobson tunga fassi,normal_play,0.0
4879.0,4883.0,tunga fassi to mark talia a little hitch kick on peno,normal_play,0.3225
4882.5,4886.5,peno,normal_play,0.3225
4886.0,4890.0,france wanted the turnover didnt get it heres scott barrett,normal_play,0.3225
4889.5,4893.5,heres scott barrett again just got for a power work this evening,normal_play,0.4032
4893.0,4897.0,this is brother bodum,normal_play,0.4032
4896.5,4900.5,bodum chip over the top a little long in the ten of the hands of ramos and now,normal_play,0.4032
4900.0,4904.0,ramos and now jalabe stop,normal_play,0.4032
4903.5,4907.5,avili played only 40 minutes of rugby since,normal_play,0.4032
4907.0,4911.0,of rugby since injuring his hamstring in late may its pretty slow,normal_play,0.4032
4910.5,4914.5,its pretty slow chasing that kick as well jalabe takes the mark,normal_play,0.4032
4914.0,4918.0,mark yeah avili though he has got a very long kick thats,normal_play,0.4032
4917.5,4921.5,thats the difference when he comes onto the field no this is just a slow play down you see the,normal_play,0.4032
4921.0,4925.0,down you see the french team dont need to rush this other ones not,normal_play,0.0
4924.5,4928.5,not chasing the game like new zealand,normal_play,0.0
4931.5,4935.5,well,normal_play,0.0
4935.0,4939.0,well they do find touch no they dont,normal_play,0.0
4938.5,4942.5,well its from the free kick,normal_play,0.0
4942.0,4946.0,so he cant get on the floor because hes in the 22 yeah kristoff ridley,normal_play,0.0
4945.5,4949.5,kristoff ridley on the near side said it was out in the full but,normal_play,0.0
4949.0,4953.0,the full but overruled by his,normal_play,0.0
4952.5,4956.5,overruled by his referee,normal_play,0.0
4956.0,4960.0,it did hit the line but he was,normal_play,0.0
4959.5,4963.5,same as the kick off well to do,normal_play,0.0
4963.0,4967.0,well to do that but it will be a new zealand feed to the line out,normal_play,0.0
4966.5,4970.5,out eleven eleven block,normal_play,0.0
4970.0,4974.0,eleven block another change for new zealand that is lester,normal_play,0.0
4973.5,4977.5,new zealand that is lester who will come,normal_play,0.0
4977.0,4981.0,will come onto the field for,normal_play,0.0
4980.5,4984.5,and he scored two try mark celia,normal_play,0.0
4991.0,4995.0,vitalik wins his first line out,lineout,0.233
4994.5,4998.5,out savia again with the carry,lineout,0.233
4998.0,5002.0,last minute,lineout,0.233
5001.5,5005.5,minute flicked on by jacobson to vitalik picked,normal_play,0.0
5005.0,5009.0,vitalik picked up by toki aho a man from the chiefs,normal_play,0.4032
5008.5,5012.5,from the chiefs franchise high kick from,normal_play,0.4032
5012.0,5016.0,high kick from moana will jordans got to be careful here,normal_play,0.0
5015.5,5019.5,here as ramos hits the deck again,normal_play,0.4032
5019.0,5023.0,deck again,normal_play,0.4032
5022.5,5026.5,boudet on just,normal_play,0.4032
5026.0,5030.0,just a penalty laser like pass from dupont to fikou,normal_play,0.4032
5029.5,5033.5,dupont to fikou goes behind malvaka and theyre going to go back and,normal_play,0.4032
5033.0,5037.0,go back and the referee says just a penalty,normal_play,0.0
5036.5,5040.5,but will jordan goodness me having already been in the sim,normal_play,0.0
5040.0,5044.0,been in the sim bin for ten minutes you thought he might just have left that one well,normal_play,0.0
5043.5,5047.5,that one well alone thats mitigation so just a penalty,normal_play,0.0
5047.0,5051.0,well he lived,normal_play,0.0
5050.5,5054.5,it was an interesting one wasnt it i think maybe,normal_play,0.0
5054.0,5058.0,i think maybe just because he lived the year we dont see a deliberate push we say a plan,normal_play,0.0
5057.5,5061.5,say a plan for the youth that are mitigation is going to be on the open,normal_play,0.0
5061.0,5065.0,something ive noticed though in this game,normal_play,0.0
5064.5,5068.5,this game the retreating players from france will stop,normal_play,0.0
5068.0,5072.0,stop decision its a shot,normal_play,0.0
5071.5,5075.5,decision its a shot it creates space for the,normal_play,0.0
5075.0,5079.0,space for the jumper coming through,normal_play,0.0
5078.5,5082.5,watch the shadows i see villiers has stopped in,normal_play,0.0
5082.0,5086.0,has stopped in jordans way and lost his footing theres nothing will jordan can,normal_play,0.0
5085.5,5089.5,will jordan can do about that its more villiers fault than anything,normal_play,0.0
5089.0,5093.0,did villiers change direction exactly 100 and theyve done it twice in this,normal_play,0.0
5092.5,5096.5,twice in this game,normal_play,0.0
5096.0,5100.0,we actually saw,normal_play,0.0
5099.5,5103.5,suleyvon hvalov the australian right winger get a yellow,normal_play,0.0
5103.0,5107.0,a yellow penalty last week for that kind of,goal_kick,0.8688
5106.5,5110.5,for that kind of incident as the penalty is conceded from new zealand 11 to 4,goal_kick,0.8688
5110.0,5114.0,4 disciplines been a problem ramos,goal_kick,0.8688
5113.5,5117.5,ramos from distance,goal_kick,0.8688
5117.0,5121.0,from distance well try and make this,goal_kick,0.8688
5120.5,5124.5,well try and make this a two score game,goal_kick,0.8688
5127.5,5131.5,thomas ramos from long range,goal_kick,0.8688
5131.0,5135.0,from long range adds another three points for france,goal_kick,0.8688
5134.5,5138.5,france 22 13 they lead,normal_play,0.0
5138.0,5142.0,lead in control now of the world cup opener,normal_play,0.0
5141.5,5145.5,opener now new zealand have to play they have to get out of the room then and,normal_play,0.0
5145.0,5149.0,and they have to chance their arm two scores down,normal_play,0.0
5148.5,5152.5,down,kick_off,0.5159
5152.0,5156.0,aldrich as hes done many times tonight,kick_off,0.5159
5155.5,5159.5,runs it back,normal_play,0.0
5159.0,5163.0,17 points for,normal_play,0.0
5162.5,5166.5,for thomas ramos tonight,normal_play,0.0
5166.0,5170.0,tonight in the try to dami and penno,normal_play,0.0
5169.5,5173.5,penno moana cleverly stays in field to take that kick,normal_play,0.3943
5173.0,5177.0,that kick is bowden barrett thinks about dishing it inside but kicks again,normal_play,0.3943
5176.5,5180.5,but kicks again,normal_play,0.0
5180.0,5184.0,these back three players on both teams have done an enormous,normal_play,0.0
5183.5,5187.5,done an enormous amount of kicking this evening but new zealand with work,normal_play,0.375
5187.0,5191.0,zealand with work to do might choose to have a go here heres will jordan,normal_play,0.375
5190.5,5194.5,jordan kristy barrett,normal_play,0.4032
5194.0,5198.0,kristy barrett bowden that is release tarkin looking,normal_play,0.4032
5197.5,5201.5,tarkin looking to strip the ball away,normal_play,0.4032
5201.0,5205.0,popoliti,normal_play,0.4032
5204.5,5208.5,popoliti,normal_play,0.4032
5208.0,5212.0,will jordan,normal_play,0.4032
5211.5,5215.5,france get the penalty,normal_play,0.4032
5215.0,5219.0,penalty new zealand sealing it off and off,normal_play,0.0
5218.5,5222.5,and off to the races as petr malbacher for france,normal_play,0.0
5222.0,5226.0,hes been outstanding since hes come on and he came on early,normal_play,0.0
5225.5,5229.5,came on early no more no dupont,normal_play,0.4032
5229.0,5233.0,dupont flicks it out the back to talfa panua,normal_play,0.4032
5232.5,5236.5,jalabair kicks it through for penno,normal_play,0.0
5236.0,5240.0,penno dami and penno,normal_play,0.0
5239.5,5243.5,balls go forward referees blowing his whistle,normal_play,0.0
5243.0,5247.0,whistle itll be an all black,try,1.0
5246.5,5250.5,an all black speed to the scrum,try,1.0
5250.0,5254.0,ill tell you what petr,try,1.0
5253.5,5257.5,petr malbacher has been a game changer i think since hes been introduced,normal_play,0.0
5257.0,5261.0,since hes been introduced early into this game the confidence of the hooker to take,normal_play,0.0
5260.5,5264.5,the hooker to take that quick tip he was isolated for a very long time was strong,normal_play,0.0
5264.0,5268.0,time was strong enough,normal_play,0.0
5267.5,5271.5,well kristof,normal_play,0.0
5271.0,5275.0,well kristof ridley the assistant on the near side i think he,normal_play,0.0
5274.5,5278.5,he adjudicated that perfectly just a tiny little knock,normal_play,0.0
5278.0,5282.0,tiny little knock on for dami and penno before,normal_play,0.0
5281.5,5285.5,before it went off the hands of the new zealand player,normal_play,0.0
5295.5,5299.5,another change for,normal_play,0.0
5299.0,5303.0,change for france here maxime loukou is going to come on for,normal_play,0.0
5302.5,5306.5,on for antoine dupont and also melvin jaminet in,normal_play,0.0
5306.0,5310.0,jaminet in the 23 shirt he will replace tomas ramos,normal_play,0.0
5309.5,5313.5,ramos and those two dupont,normal_play,0.0
5313.0,5317.0,dupont and ramos to lose teammates and the winner of the 23 shirt is,normal_play,0.0
5316.5,5320.5,and the winner of the 23 shirt is unworthy of this round of applause,normal_play,0.0
5348.0,5352.0,so inside the final five minutes now,normal_play,0.0
5351.5,5355.5,now this pulsating world cup opener here in paris,scrum,0.275
5355.0,5359.0,opener here in paris new zealand,scrum,0.275
5358.5,5362.5,new zealand score right at the start of the match then at the start of the second half but france,scrum,0.275
5362.0,5366.0,half but france have imposed themselves with authority as,scrum,0.275
5365.5,5369.5,as this match has gone on rico ioane,scrum,0.3015
5369.0,5373.0,ioane playing out of their own 22 again new zealand they have to do,scrum,0.3015
5372.5,5376.5,they have to do this a lot tonight odin barrett,normal_play,0.0
5376.0,5380.0,odin barrett kicked it into touch in france with a two score lead,normal_play,0.4032
5379.5,5383.5,lead wont think about going quickly this time,normal_play,0.4032
5383.0,5387.0,the game management has been fantastic this evening the home,normal_play,0.0
5386.5,5390.5,evening the home team obviously dupont has been at the forefront of that,normal_play,0.0
5390.0,5394.0,the forefront of that but ramos also charlie bear hes been,normal_play,0.0
5393.5,5397.5,hes been fantastic in jersey number 10 the first five the 18690,normal_play,0.0
5397.0,5401.0,the 18690 spectators the clock,normal_play,0.0
5400.5,5404.5,the clock tonight we are 78 690,normal_play,0.0
5404.0,5408.0,78 690 spectators and rugby fans,normal_play,0.0
5407.5,5411.5,and rugby fans thank you very much just announced the attendance here full house,normal_play,0.0
5411.0,5415.0,house to shy 79 0 here in the stade de france,normal_play,0.0
5414.5,5418.5,france,lineout,0.3304
5418.0,5422.0,i reckon it might be tough to get a ticket to watch this team,lineout,0.3304
5421.5,5425.5,watch this team play from this point and then close this out against new zealand it was,lineout,0.3304
5425.0,5429.0,zealand it was already a big show this rugby world cup,maul,0.4197
5428.5,5432.5,world cup but if they can finish the job here against new zealand it,maul,0.4197
5432.0,5436.0,it will set the tone for this rugby world cup just the way they want,normal_play,0.0
5435.5,5439.5,the way they want it new zealand have never lost a pool game in a rugby world cup,normal_play,0.0
5439.0,5443.0,a rugby world cup france have never beaten them in pool play now they are on the,normal_play,0.4032
5442.5,5446.5,are on the edge of history here the home team in game one,normal_play,0.4032
5446.0,5450.0,in game one lukaku the finisher at scrum,normal_play,0.4032
5449.5,5453.5,at scrum half kicks it deep well taken,normal_play,0.0
5453.0,5457.0,well taken over the shoulder from bowden barrett hes got support with him should they choose to,normal_play,0.0
5456.5,5460.5,they choose to run and they sort of need to two scores down inside three,try,1.0
5460.0,5464.0,inside three minutes and have lost possession again here and,normal_play,0.3582
5463.5,5467.5,and lukaku just going to dig it in behind melvin jaminet,normal_play,0.3582
5467.0,5471.0,melvin jaminet chasing jaminet,try,1.0
5477.5,5481.5,that should do it,try,1.0
5481.0,5485.0,that should seal it,try,1.0
5484.5,5488.5,france starting their home rugby,try,1.0
5488.0,5492.0,home rugby world cup,normal_play,0.0
5491.5,5495.5,just the way they wanted to,normal_play,0.0
5498.5,5502.5,it has been industrious the second half,normal_play,0.0
5502.0,5506.0,the second half in particular heres the turnover at the breakdown,normal_play,0.0
5505.5,5509.5,at the breakdown from vincent they shifted,normal_play,0.0
5509.0,5513.0,they shifted to the blindside quickly nice recognition for luthu,normal_play,0.0
5512.5,5516.5,for luthu but the dedication to put the body on,normal_play,0.0
5516.0,5520.0,the body on the line and thats the exclamation mark on a fantastic,normal_play,0.0
5519.5,5523.5,on a fantastic opening performance well hes known as a goal kicker,normal_play,0.0
5523.0,5527.0,a goal kicker melvin jaminet he scored 20 points against new zealand when they beat,normal_play,0.0
5526.5,5530.5,when they beat them here two years ago in this stadium thats his first test,normal_play,0.0
5530.0,5534.0,his first test try and what a time to do it,normal_play,0.0
5533.5,5537.5,to do it come on and make an impact,normal_play,0.0
5537.0,5541.0,make an impact say coach yeah im good thats how you finish,normal_play,0.0
5540.5,5544.5,thats how you finish,normal_play,0.0
5544.0,5548.0,well just soak up these images here,normal_play,0.0
5547.5,5551.5,here as the try scorer is jaminet,normal_play,0.0
5554.5,5558.5,well attempt the conversion here to add the extra two,goal_kick,0.8688
5558.0,5562.0,two,goal_kick,0.8688
5565.0,5569.0,well hang,goal_kick,0.8688
5568.5,5572.5,well hang on one flag went up one didnt referee jakob,goal_kick,0.8688
5572.0,5576.0,referee jakob leipert no conversion,goal_kick,0.8688
5575.5,5579.5,conversion,goal_kick,0.8688
5579.0,5583.0,carlton arna theres been some,goal_kick,0.8688
5582.5,5586.5,theres been some great performances from frass tonight whos your player of the match i think he cant,normal_play,0.0
5586.0,5590.0,i think he cant go past gregory aldridge for the first time in his career for the home team in jersey number 8 hes been fantastic,normal_play,0.0
5589.5,5593.5,8 hes been fantastic at the forefront of everything thats been good whether it,kick_off,0.4688
5593.0,5597.0,good whether it be defensively or offensively hes been an absolute monster in jersey,kick_off,0.4688
5596.5,5600.5,monster in jersey number 8 gregory aldridge,normal_play,0.0
5603.5,5607.5,as is that man who really misses out,normal_play,0.0
5607.0,5611.0,really misses out on the action zambia perot aldridge still out,normal_play,0.0
5610.5,5614.5,still out there hes standing in the midfield at the moment what cant he do as,normal_play,0.0
5614.0,5618.0,as retalik wins the line out 29 13 france,normal_play,0.0
5617.5,5621.5,france leading new zealand his big leicester fai nganoku,normal_play,0.0
5621.0,5625.0,nganoku play on toki aho,normal_play,0.0
5624.5,5628.5,toki aho no take the ball,normal_play,0.0
5628.0,5632.0,adi sarvea who led the all blacks out,normal_play,0.0
5631.5,5635.5,all blacks out that has stabbed the france this evening still driving the leg sarvea,normal_play,0.0
5635.0,5639.0,driving the leg sarvea but hes lost the ball and perhaps,normal_play,0.0
5638.5,5642.5,and perhaps that sums it up for new zealand,normal_play,0.0
5645.5,5649.5,that is the final whistle,normal_play,0.0
5649.0,5653.0,whistle france are,normal_play,0.0
5652.5,5656.5,france are up and running at their home world cup,normal_play,0.0
