start,end,text,label
0,5,number one in the world ireland take on the defending champion south africa,1
3,8,number one in the world ireland take on the defending champion south africa its a pull b match which could easily be as tight as a facelift,1
6,11,its a pull b match which could easily be as tight as a facelift welcome to start the france straight away,1
9,14,its a pull b match which could easily be as tight as a facelift welcome to start the france straight away its st louis into the fraiz hes up in it,1
12,17,its st louis into the fraiz hes up in it south africa and theyre white jersey their third strip of this rugby will come back looking to go wide early on,1
15,20,south africa and theyre white jersey their third strip of this rugby will come back looking to go wide early on,1
18,23,their third strip of this rugby will come back looking to go wide early on and its been spilt on that bottom side,1
21,26,and its been spilt on that bottom side black chosen colby and bishops to south africa straight off the start,1
24,29,black chosen colby and bishops to south africa straight off the start,1
27,32,and bishops to south africa straight off the start,1
30,35,and bishops to south africa straight off the start they kick from mind and come straight down the middle i think back to clerk just a little bit of extra nervous energy in that pass,1
33,38,they kick from mind and come straight down the middle i think back to clerk just a little bit of extra nervous energy in that pass,1
36,41,i think back to clerk just a little bit of extra nervous energy in that pass probably overcooked a little bit its going,1
39,44,probably overcooked a little bit its going normally so efficient getting out of this part of the field south africa,1
42,47,its going normally so efficient getting out of this part of the field south africa look hes blind take him off,1
45,50,normally so efficient getting out of this part of the field south africa look hes blind take him off lets go come on come on,1
48,53,lets go come on come on come on come on come on,1
51,56,come on come on come on look at this for a statement of the opening chase,1
54,59,look at this for a statement of the opening chase fums off cali gets water technique in the tackle,1
57,62,fums off cali gets water technique in the tackle drives will answer back,1
60,65,cali gets water technique in the tackle drives will answer back weve got a little bit of an early issue,1
63,68,weve got a little bit of an early issue the josh bandit player heres going to be the treatment,1
66,71,weve got a little bit of an early issue the josh bandit player heres going to be the treatment jockey and other head coach took the role in 2020,1
69,74,the josh bandit player heres going to be the treatment jockey and other head coach took the role in 2020 hes his position off of this world cup to replace to a lancaster as lensdords head coach,1
72,77,jockey and other head coach took the role in 2020 hes his position off of this world cup to replace to a lancaster as lensdords head coach,1
75,80,hes his position off of this world cup to replace to a lancaster as lensdords head coach andy farrell there since 2016 is an assistant but head coach since 2019,1
78,83,andy farrell there since 2016 is an assistant but head coach since 2019,1
81,86,andy farrell there since 2016 is an assistant but head coach since 2019 and hes 33 40 tests and that is an outstanding record,1
84,89,and hes 33 40 tests and that is an outstanding record hes going very smartly indeed but thats the biggest test of all,1
87,92,and hes 33 40 tests and that is an outstanding record hes going very smartly indeed but thats the biggest test of all rugby world cup,1
90,95,hes going very smartly indeed but thats the biggest test of all rugby world cup this crowd is absolutely electric,1
93,98,this crowd is absolutely electric i tell you what,1
96,101,this crowd is absolutely electric i tell you what irelands warm up song today was smoked on the water by deep purple,1
99,104,irelands warm up song today was smoked on the water by deep purple,1
102,107,irelands warm up song today was smoked on the water by deep purple but in this stadium at the moment it is a sea of green,1
105,110,but in this stadium at the moment it is a sea of green theyre expecting around 30 0 irish fans to come to start to pass today,1
108,113,theyre expecting around 30 0 irish fans to come to start to pass today but it certainly sounds like more,1
111,116,theyre expecting around 30 0 irish fans to come to start to pass today but it certainly sounds like more hes absolutely incredible friends you have to pitch side,1
114,119,but it certainly sounds like more hes absolutely incredible friends you have to pitch side that you need his undown staff and will lift your time,1
117,122,friends you have to pitch side that you need his undown staff and will lift your time its a pinch at the line of time for south africa,1
120,125,its a pinch at the line of time for south africa he comes away though,1
123,128,he comes away though for ireland down the right there go gives him park should sit,1
126,131,for ireland down the right there go gives him park should sit forwards looking for some work around the fringes,1
129,134,gives him park should sit forwards looking for some work around the fringes tideburn such experience,1
132,137,forwards looking for some work around the fringes tideburn such experience play puts his head down does the monster man,1
135,140,tideburn such experience play puts his head down does the monster man gives him park here again to the left,1
138,143,play puts his head down does the monster man gives him park here again to the left thats such a garrier ring rose cuts in nicely into the 22,1
141,146,gives him park here again to the left thats such a garrier ring rose cuts in nicely into the 22 its ireland now that are building their phases nicely early on,1
144,149,cuts in nicely into the 22 its ireland now that are building their phases nicely early on burn again for the second carry,1
147,152,its ireland now that are building their phases nicely early on burn again for the second carry sexton finds his full back,1
150,155,burn again for the second carry sexton finds his full back he goes to union and they call the fox such a cunning player,1
153,158,sexton finds his full back he goes to union and they call the fox such a cunning player with advantage due to the irish side now,1
156,161,he goes to union and they call the fox such a cunning player with advantage due to the irish side now for a long turns its in bundy ackie,1
159,164,with advantage due to the irish side now for a long turns its in bundy ackie hes 50th international for his country,1
162,167,hes 50th international for his country ireland go to the right its a big pass and a lot of time,1
165,170,ireland go to the right its a big pass and a lot of time so well come to react on the wrong side,1
168,173,its a big pass and a lot of time so well come to react on the wrong side hell be rolling to number nine well stay with ireland,1
171,176,hell be rolling to number nine well stay with ireland and early look at that ireland attack,1
174,179,and early look at that ireland attack the deception at play is quite fantastic,0
177,182,and early look at that ireland attack the deception at play is quite fantastic were ready weve seen those pass,0
180,185,the deception at play is quite fantastic were ready weve seen those pass its fizzed across the front of players as a defender it looks like theyre going to receive it,1
183,188,its fizzed across the front of players as a defender it looks like theyre going to receive it and then it goes to the next man keeping on their rock speed as well,1
186,191,as a defender it looks like theyre going to receive it and then it goes to the next man keeping on their rock speed as well irelands rock speed so far fastest in the tournament,1
189,194,keeping on their rock speed as well irelands rock speed so far fastest in the tournament,0
192,197,irelands rock speed so far fastest in the tournament less than three seconds for a rock,0
195,200,less than three seconds for a rock and they are here to play,1
198,203,less than three seconds for a rock and they are here to play sexton will pop this one in the corner,1
201,206,sexton will pop this one in the corner cant do me a good space good stood up,1
204,209,sexton will pop this one in the corner cant do me a good space good stood up im sure weve got a two by two one of the 7 0 irish bars around the globe,0
207,212,im sure weve got a two by two one of the 7 0 irish bars around the globe i certainly enjoying this endeavor from the irish side,1
210,215,one of the 7 0 irish bars around the globe i certainly enjoying this endeavor from the irish side,1
213,218,i certainly enjoying this endeavor from the irish side how many lets go 20 tries and theyre hoping to do matches,1
216,221,how many lets go 20 tries and theyre hoping to do matches four more middle more passes in those two games and they did,1
219,224,lets go 20 tries and theyre hoping to do matches four more middle more passes in those two games and they did in the hole of the last rugby rock up to the front,0
222,227,more passes in those two games and they did in the hole of the last rugby rock up to the front they go tygwer and klumpench,0
225,230,in the hole of the last rugby rock up to the front they go tygwer and klumpench lets hoof downfield by colby not out,1
228,233,lets hoof downfield by colby not out left behind from mac hanson,1
231,236,not out left behind from mac hanson whats going backwards in the touch happy new to me,1
234,239,whats going backwards in the touch happy new to me and so im going to go quicky off the clock,0
237,242,and so im going to go quicky off the clock spots a bit of space and its an awkward bounce but its good for south africa,1
240,245,spots a bit of space and its an awkward bounce but its good for south africa currently irelands the hazard look out,1
243,248,and its an awkward bounce but its good for south africa currently irelands the hazard look out reels on the inside big jesse kirlin to the 22,0
246,251,reels on the inside big jesse kirlin to the 22 and a cleanup from dl andy through the legs it goes,1
249,254,big jesse kirlin to the 22 and a cleanup from dl andy through the legs it goes seventh style play there from faf the clack,1
252,257,through the legs it goes seventh style play there from faf the clack game back on just for vissa,1
255,260,seventh style play there from faf the clack game back on just for vissa south africa now theyre chance to attack,1
258,263,just for vissa south africa now theyre chance to attack big step damian bonser,1
261,266,big step damian bonser does one side the 22 i dont think so hes now for the spring box,1
264,269,does one side the 22 i dont think so hes now for the spring box he already got it the clack works the short side to his captain,1
267,272,he already got it the clack works the short side to his captain see it policing,1
270,275,the clack works the short side to his captain see it policing,1
273,278,you got the pinnacle bungie and the nandies,1
276,281,you got the pinnacle bungie and the nandies big carry from the hooker,1
279,284,bungie and the nandies big carry from the hooker vissa again for the second time irelands wall holding strong,1
282,287,big carry from the hooker vissa again for the second time irelands wall holding strong here comes,0
285,290,irelands wall holding strong here comes heres an its event man thats a built like a bulgarian bending machine,0
288,293,heres an its event man thats a built like a bulgarian bending machine to the right it goes again,0
291,296,man thats a built like a bulgarian bending machine to the right it goes again kirl trying to skip through,0
294,299,kirl trying to skip through so its a lot better not bad dude to the point,0
297,302,so its a lot better not bad dude to the point and it will be a penalty for south africa,0
300,305,to the point and it will be a penalty for south africa what an entertaining opening four minutes,1
303,308,what an entertaining opening four minutes,1
306,311,green front of the top off feet to me,1
309,314,green front of the top off feet to me and our shot there detour we just saw him,1
312,317,and our shot there detour we just saw him hes getting some treatment on the ground now he got hit a bit,1
315,320,hes getting some treatment on the ground now he got hit a bit a little bit late yeah i think james ryan went straight through him there,1
318,323,a little bit late yeah i think james ryan went straight through him there thats the one,1
321,326,thats the one,1
324,329,the eyes up to the coaching box to see what kind of,1
327,332,the eyes up to the coaching box to see what kind of shots called two meters,1
330,335,shots called two meters,1
333,338,theres the ambition from south africa,1
336,341,theres the ambition from south africa theres a pretty loose kick did our answer a favor,1
339,344,theres a pretty loose kick did our answer a favor were running,1
342,347,did our answer a favor were running well dished it back inside to kirl who was supporting,1
345,350,well dished it back inside to kirl who was supporting ring rose with the scramble tackle,1
348,353,well dished it back inside to kirl who was supporting ring rose with the scramble tackle and nearly on the pinch,1
351,356,ring rose with the scramble tackle and nearly on the pinch we didnt see anything it was furious wasnt it,1
354,359,we didnt see anything it was furious wasnt it from south africa,0
357,362,it was furious wasnt it from south africa and theres a little look at a bit of afters,1
360,365,and theres a little look at a bit of afters so there we go area which theyve struggled in at this rugby world cup,1
363,368,so there we go area which theyve struggled in at this rugby world cup ten out of 18 kicks if you use moni leboc in picture,0
366,371,ten out of 18 kicks if you use moni leboc in picture its a fast to clay containment,1
369,374,if you use moni leboc in picture its a fast to clay containment its a big pot of winning rugby world cup matches,1
372,377,its a big pot of winning rugby world cup matches,1
375,380,its a big pot of winning rugby world cup matches so the flyer from the stormers,1
378,383,its a big pot of winning rugby world cup matches so the flyer from the stormers,1
381,386,so the flyer from the stormers theres an africas first shot at goal,1
384,389,theres an africas first shot at goal,1
390,395,moni leboc turns the flights go up so the africa have the opening points in this game,1
393,398,moni leboc turns the flights go up so the africa have the opening points in this game they lead out in three nothing after five,1
396,401,so the africa have the opening points in this game they lead out in three nothing after five,1
399,404,they lead out in three nothing after five,1
402,407,nice one for moni leboc to settle himself in,1
405,410,nice one for moni leboc to settle himself in hes been backed by coach and captain,1
408,413,nice one for moni leboc to settle himself in hes been backed by coach and captain hes only on 40 kicking,1
411,416,hes been backed by coach and captain hes only on 40 kicking thats a nice one to get off the board,1
414,419,hes only on 40 kicking thats a nice one to get off the board,1
417,422,thats a nice one to get off the board six step down the middle,1
420,425,six step down the middle africa mustard is there,1
423,428,down the middle africa mustard is there places rugby with the heat in japan,1
426,431,africa mustard is there places rugby with the heat in japan cant use it,1
429,434,places rugby with the heat in japan cant use it fifth gift cap again,1
432,437,cant use it fifth gift cap again scotland during this rugby world cup six season with the spring box,1
435,440,scotland during this rugby world cup six season with the spring box he goes to the net,1
438,443,six season with the spring box he goes to the net colby comes down a bunch of green joes,1
441,446,colby comes down a bunch of green joes hansen does really well theres the right wing up for ireland,1
444,449,hansen does really well theres the right wing up for ireland they have it at the halfway line jamison gibson park,1
447,452,they have it at the halfway line jamison gibson park theres scum off,1
450,455,jamison gibson park theres scum off 11 lenston in,1
453,458,11 lenston in this starting side,1
456,461,this starting side theyre familiar with their team at 16,1
459,464,theyre familiar with their team at 16 just to get away from the collect flowing in,1
462,467,just to get away from the collect flowing in tettle the ireland im just going to carry the right at the moment brendan,1
465,470,tettle the ireland im just going to carry the right at the moment brendan no attempts to catch the ball,1
468,473,im just going to carry the right at the moment brendan no attempts to catch the ball he just hit that on the short pass,1
471,476,he just hit that on the short pass henry only players outside,1
474,479,henry only players outside,1
477,482,henry only players outside,1
480,485,three fascinating little tactical battle,1
483,488,three fascinating little tactical battle ireland playing with that flat attack,1
486,491,three fascinating little tactical battle ireland playing with that flat attack sexton taking it right close to the line,1
489,494,ireland playing with that flat attack sexton taking it right close to the line against the line speed of south africa,0
492,497,sexton taking it right close to the line against the line speed of south africa its a real challenge holds his feet and still to try and play around the line speed,1
495,500,its a real challenge holds his feet and still to try and play around the line speed,1
498,503,holds his feet and still to try and play around the line speed after that it flies off the line doesnt he,1
501,506,after that it flies off the line doesnt he such an acceleration,1
504,509,after that it flies off the line doesnt he such an acceleration as the scum off,1
507,512,such an acceleration as the scum off you know its going to kill her,1
510,515,you know its going to kill her again theyve had a trouble at lionel time,1
513,518,again theyve had a trouble at lionel time two knock ons first by ireland at the line out,1
516,521,two knock ons first by ireland at the line out sexton south africa south africa scrum,1
519,524,sexton south africa south africa scrum two loose ones the battle at scrum and lionel would be fascinating tonight,1
522,527,two loose ones the battle at scrum and lionel would be fascinating tonight i actually thought itd be an area where ireland might get a bit of change,1
525,530,the battle at scrum and lionel would be fascinating tonight i actually thought itd be an area where ireland might get a bit of change south africa lets sit,1
528,533,i actually thought itd be an area where ireland might get a bit of change south africa lets sit james ryan will be making the calls in that,1
531,536,south africa lets sit james ryan will be making the calls in that first scrum stabilia at the bind,1
534,539,james ryan will be making the calls in that first scrum stabilia at the bind good weight to sit last one at the front,1
537,542,good weight to sit last one at the front it was detroit getting up south africa earlier on great speed,1
540,545,it was detroit getting up south africa earlier on great speed and that one would look like it was just an overthrow,1
543,548,and that one would look like it was just an overthrow when youre trying to try it between jumpers its going to be so cool way more cool,1
546,551,when youre trying to try it between jumpers its going to be so cool way more cool and detroit and the likes of them,1
549,554,its going to be so cool way more cool and detroit and the likes of them youve got to be on your money,1
552,557,youve got to be on your money any intriguing matchups we set scrum top,1
555,560,any intriguing matchups we set scrum top scrum,1
558,563,scrum top scrum 34 scrums this year coming into this team,1
561,566,scrum 34 scrums this year coming into this team the battle 34 but they lost it one of their own against lionel and one against scotland,1
564,569,the battle 34 but they lost it one of their own against lionel and one against scotland ireland pulled it back and went early,1
567,572,one of their own against lionel and one against scotland ireland pulled it back and went early next ones a penalty,1
570,575,ireland pulled it back and went early next ones a penalty wait for the spring box,1
573,578,wait for the spring box,0
576,581,scrum you all came in early,1
579,584,scrum you all came in early okay wait for the call im waiting for stabilia then ill call set,1
582,587,okay wait for the call im waiting for stabilia then ill call set ill be loud at it i will,1
585,590,ill be loud at it i will next ones a penalty wait for the time of the call,1
588,593,next ones a penalty wait for the time of the call its up once to go again,1
591,596,wait for the time of the call its up once to go again thats so far i wouldnt mind a bit of that,1
594,599,thats so far i wouldnt mind a bit of that theyll look to rock in this one,1
597,602,theyll look to rock in this one take two,1
600,605,take two,0
606,611,coach,1
609,614,coach bind,1
612,617,bind sit keep it up now,1
615,620,sit keep it up now,1
618,623,keep it up now jason bobby looking behind,1
621,626,jason bobby looking behind thats scrum time bissett picks up,1
624,629,thats scrum time bissett picks up bashes his way up field,0
627,632,bissett picks up bashes his way up field theyre playing looks for peter steph to toy,1
630,635,theyre playing looks for peter steph to toy stabilia has probably played the year three times,1
633,638,looks for peter steph to toy stabilia has probably played the year three times okay use it,1
636,641,stabilia has probably played the year three times okay use it thats how i play,1
639,644,okay use it thats how i play box one high again,1
642,647,thats how i play box one high again another excellent taker,1
645,650,box one high again another excellent taker then absolutely income on the ground,1
648,653,then absolutely income on the ground can you see that yes,1
651,656,can you see that yes we cant see it its just one,1
654,659,we cant see it its just one bind we have the half way line,1
657,662,bind we have the half way line youre on the wrong side you got a real quicker if i want to reward you youre okay,1
660,665,youre on the wrong side you got a real quicker if i want to reward you youre okay its just fours on the wrong side,1
663,668,if i want to reward you youre okay its just fours on the wrong side nice to explain by ben okeefe,1
666,671,nice to explain by ben okeefe the jackal bungey on banambe on the jackal which is legit,1
669,674,the jackal bungey on banambe on the jackal which is legit i was really happy with that call too i thought he was off your arm,1
672,677,i was really happy with that call too i thought he was off your arm i thought your elbow was off your arm but it was even etched the breath,1
675,680,i thought your elbow was off your arm but it was even etched the breath just lying on the wrong side them to be creating a hurdle to be playing,1
678,683,just lying on the wrong side them to be creating a hurdle to be playing were playing guys were going to keep on,1
681,686,them to be creating a hurdle to be playing were playing guys were going to keep on what about last scrum,1
684,689,were playing guys were going to keep on what about last scrum,1
690,695,the irish forwards reckon that they took great confidence from that win against south africa back in november,1
693,698,the irish forwards reckon that they took great confidence from that win against south africa back in november,1
696,701,from that win against south africa back in november even a couple of the backs have attended the scrum sessions this week,1
699,704,even a couple of the backs have attended the scrum sessions this week so some education in the dark arts of course south africa,1
702,707,so some education in the dark arts of course south africa poses such a physical challenge but theyre also technically smart,1
705,710,poses such a physical challenge but theyre also technically smart so this is going to be a huge challenge for ireland,1
708,713,so this is going to be a huge challenge for ireland,1
711,716,yeah now there they look on,1
714,719,yeah now there they look on some of the extras,1
717,722,yeah now there they look on some of the extras the 11 players from ireland 11 from south africa completed in that last game,1
720,725,the 11 players from ireland 11 from south africa completed in that last game well here tonight 1960 was a score there,1
723,728,well here tonight 1960 was a score there ireland winning by three traditionally been very close encounters,1
726,731,well here tonight 1960 was a score there ireland winning by three traditionally been very close encounters over the top though,1
729,734,ireland winning by three traditionally been very close encounters over the top though the fourth line up goes the right for andy farrells side,1
732,737,the fourth line up goes the right for andy farrells side a warring point for them so far in this game,1
735,740,the fourth line up goes the right for andy farrells side a warring point for them so far in this game ok this ones the way up no leave it frank moster is at the back yeah,1
738,743,ok this ones the way up no leave it frank moster is at the back yeah,1
741,746,frank moster is at the back yeah,1
744,749,declack for the touch line this time nice clearance from the scum off,1
747,752,declack for the touch line this time nice clearance from the scum off,1
750,755,nice clearance from the scum off yes lovely techers from fafter clerk there,1
753,758,yes lovely techers from fafter clerk there i managed to get his side up towards the 10 from that position,1
756,761,yes lovely techers from fafter clerk there i managed to get his side up towards the 10 from that position hes admirable lets keep working hard on this,1
759,764,i managed to get his side up towards the 10 from that position hes admirable lets keep working hard on this were all concerned for this ireland line up though,1
762,767,were all concerned for this ireland line up though and perhaps after a wont mind pumping the ball at the side line,1
765,770,and perhaps after a wont mind pumping the ball at the side line he said five continued to put threat theyre going to go for a five man line up,1
768,773,he said five continued to put threat theyre going to go for a five man line up see if they can get it right this time,1
771,776,theyre going to go for a five man line up see if they can get it right this time pressure on caller huh,1
774,779,see if they can get it right this time pressure on caller huh 25 year old,1
777,782,pressure on caller huh 25 year old hes 24th cat for ireland,0
780,785,25 year old hes 24th cat for ireland can he find his mark,0
783,788,can he find his mark yes is the answer pido mani with a great take and hes 100th appearance,0
786,791,yes is the answer pido mani with a great take and hes 100th appearance and now flakball on the middle from sextant,0
789,794,pido mani with a great take and hes 100th appearance and now flakball on the middle from sextant changes direction ring rose throws a dummy,0
792,797,and now flakball on the middle from sextant changes direction ring rose throws a dummy,1
798,803,the carry worth james ryan,0
801,806,the carry worth james ryan flayers play of the eiffrallon in 2019,0
804,809,flayers play of the eiffrallon in 2019 felicia youre real nuisance around the breakdown,0
807,812,felicia youre real nuisance around the breakdown six turn nice dummy,0
810,815,six turn nice dummy couple of fakes and they go over the top,0
813,818,six turn nice dummy couple of fakes and they go over the top here comes ireland now beautiful bit of work kenan,0
816,821,here comes ireland now beautiful bit of work kenan the fox gets very close,0
819,824,beautiful bit of work kenan the fox gets very close does hugo keenan actually was in there as well,1
822,827,does hugo keenan actually was in there as well can i have it all right here comes the irish now,1
825,830,can i have it all right here comes the irish now kenan doris,1
828,833,here comes the irish now kenan doris they get very very close,0
831,836,they get very very close,1
834,839,they get very very close,0
837,842,thats off the back of a fabulous sequence of attack,0
840,845,thats off the back of a fabulous sequence of attack,0
843,848,thats off the back of a fabulous sequence of attack they managed to get the line out right this time,0
846,851,they managed to get the line out right this time and then they were off and running what about the throw over the top,0
849,854,and then they were off and running what about the throw over the top the pump and then that lovely flight ball is kenan with the fan the pirouette and im so close,0
852,857,the pump and then that lovely flight ball is kenan with the fan the pirouette and im so close,0
855,860,and then that lovely flight ball is kenan with the fan the pirouette and im so close guys times all up lets go please,0
858,863,guys times all up lets go please speaking to andy farrill pretty much,0
861,866,speaking to andy farrill pretty much even he wasnt sure if they were going to be able to play that attack,0
864,869,even he wasnt sure if they were going to be able to play that attack and the attractive rugby that they have played in the first two games,0
867,872,and the attractive rugby that they have played in the first two games given the physicality of south african side,0
870,875,and the attractive rugby that they have played in the first two games given the physicality of south african side but its pretty clear the intent is there already as we saw,0
873,878,but its pretty clear the intent is there already as we saw its a lot of things weve got come back into the south african squad officially,0
876,881,its a lot of things weve got come back into the south african squad officially as a replacement for malcolm marks,0
879,884,weve got come back into the south african squad officially as a replacement for malcolm marks,0
888,893,good heart this side,0
891,896,good heart this side a great audience there from the crowd and as you said andre pull up,0
894,899,a great audience there from the crowd and as you said andre pull up,0
897,902,and as you said andre pull up amazing addition for the show i beg your side kick 22 points to the regular club final in 2019 against england,0
900,905,amazing addition for the show i beg your side kick 22 points to the regular club final in 2019 against england,0
903,908,i beg your side kick 22 points to the regular club final in 2019 against england well cover from this call,0
906,911,well cover from this call candy south africa its gun time,0
909,914,candy south africa its gun time its gone again twice its now pinned on a yes,0
912,917,its gone again twice its now pinned on a yes wait for my call please,0
915,920,wait for my call please,0
918,923,another early engagement identification from referee bernadette keith,0
921,926,another early engagement identification from referee bernadette keith i dont think theres a problem when theyre down scrummaging,0
924,929,another early engagement identification from referee bernadette keith i dont think theres a problem when theyre down scrummaging at the moment its just the process,0
927,932,i dont think theres a problem when theyre down scrummaging at the moment its just the process obviously not quite ofa with mr okeeze calls or something,0
930,935,obviously not quite ofa with mr okeeze calls or something but i need you to be able to adapt to a call whichs slow,0
933,938,obviously not quite ofa with mr okeeze calls or something but i need you to be able to adapt to a call whichs slow im waiting for balance and then you can go ok,0
936,941,but i need you to be able to adapt to a call whichs slow im waiting for balance and then you can go ok thats what we felt like they were going into the middle,0
939,944,thats what we felt like they were going into the middle i saw green come first ok please adapt thank you,0
942,947,i saw green come first ok please adapt thank you often its because theyre so desperate to meet the hit against a strong strong scrummaging side,0
945,950,often its because theyre so desperate to meet the hit against a strong strong scrummaging side they dont want to lose that initial hit but at the moment theyre going early,0
948,953,often its because theyre so desperate to meet the hit against a strong strong scrummaging side they dont want to lose that initial hit but at the moment theyre going early,0
951,956,they dont want to lose that initial hit but at the moment theyre going early so everybody get their line with ettebeth in the front,0
954,959,so everybody get their line with ettebeth in the front kaleesi now in midfield with courageous captain,0
957,962,so everybody get their line with ettebeth in the front kaleesi now in midfield with courageous captain,0
960,965,kaleesi now in midfield with courageous captain teckel got his knee on the ground teckel,0
963,968,teckel got his knee on the ground teckel so come on,0
966,971,so come on teckel he pinched up the middle come on and teckel,0
969,974,teckel he pinched up the middle come on and teckel and then ireland lose it,0
972,977,up the middle come on and teckel and then ireland lose it we did well to stop so our captain,0
975,980,we did well to stop so our captain knee was on the ground so teckel then you get a turn over you get a good turn over,0
978,983,knee was on the ground so teckel then you get a turn over you get a good turn over knock on can i get my wrist,0
981,986,knock on can i get my wrist im going to start this off i mean chris well give it a go,0
984,989,im going to start this off i mean chris well give it a go theres a crisp seed from levoc to a skipper,0
987,992,well give it a go theres a crisp seed from levoc to a skipper when he was met pretty smartly by kale and doris,0
990,995,theres a crisp seed from levoc to a skipper when he was met pretty smartly by kale and doris,0
993,998,when he was met pretty smartly by kale and doris theyre trying to do the hold up the venture ends up in a rut he was got off his business all the time,0
996,1001,theyre trying to do the hold up the venture ends up in a rut he was got off his business all the time time off and then bern gets this still and its the off line,0
999,1004,he was got off his business all the time time off and then bern gets this still and its the off line doris i think he might drop one close to the line,0
1002,1007,and then bern gets this still and its the off line doris i think he might drop one close to the line hes sheld another,0
1005,1010,doris i think he might drop one close to the line hes sheld another its not going on ok were doing it it was good defensive work theyve been encouraged by that,0
1008,1013,its not going on ok were doing it it was good defensive work theyve been encouraged by that turn over first phase,0
1011,1016,turn over first phase yeah the bomb squad seven and one split on the bench,0
1014,1019,yeah the bomb squad seven and one split on the bench so much chat about that of course,0
1017,1022,the bomb squad seven and one split on the bench so much chat about that of course since they used it against new zealand in the warmers ok ireland,0
1020,1025,since they used it against new zealand in the warmers ok ireland yeah sitting at a premium on that bench with seven forwards,0
1023,1028,yeah sitting at a premium on that bench with seven forwards taking up all the space,0
1026,1031,yeah sitting at a premium on that bench with seven forwards taking up all the space i hope its ryan at the only lucky back to make the cut,0
1029,1034,taking up all the space i hope its ryan at the only lucky back to make the cut jimmy but i love it darling because i think it reminds us,0
1032,1037,i hope its ryan at the only lucky back to make the cut jimmy but i love it darling because i think it reminds us that rugby is about the skill set,0
1035,1040,but i love it darling because i think it reminds us that rugby is about the skill set not just the number on your back i think thats a useful thing to remind youngsters off,0
1038,1043,not just the number on your back i think thats a useful thing to remind youngsters off you know dont think too much about the position youre playing,0
1041,1046,you know dont think too much about the position youre playing ok so keep this is much just what you bring to the game,0
1044,1049,ok so keep this is much just what you bring to the game you bring that wherever you play ok were ready to go yeah youre right,0
1047,1052,you bring that wherever you play ok were ready to go yeah youre right some opposition fans question to decision,0
1050,1055,some opposition fans question to decision some staff is forward as well but as nervous as the long tailed cad in a room,0
1053,1058,some staff is forward as well but as nervous as the long tailed cad in a room filled with walking chairs,0
1056,1061,but as nervous as the long tailed cad in a room filled with walking chairs but it worked for them in the past,0
1059,1064,but it worked for them in the past i love having innovation,0
1062,1067,i love having innovation its good for the game breaking the mold as youve seen this the africa team do before,0
1065,1070,i love having innovation its good for the game breaking the mold as youve seen this the africa team do before its creative,0
1068,1073,breaking the mold as youve seen this the africa team do before its creative ok lets get set and then ill call it back on well see how it goes open of course in this game,0
1071,1076,ok lets get set and then ill call it back on well see how it goes open of course in this game jacques nineber admit that there was an element of risk to making seven,0
1074,1079,well see how it goes open of course in this game jacques nineber admit that there was an element of risk to making seven,0
1077,1082,jacques nineber admit that there was an element of risk to making seven to picking a seven once split on the bench but theres an element of risk in anything in rugby,0
1080,1085,to picking a seven once split on the bench but theres an element of risk in anything in rugby you could get a red card early,0
1083,1088,but theres an element of risk in anything in rugby you could get a red card early so theres a risk that they were willing to take yeah youre so right man,0
1086,1091,so theres a risk that they were willing to take yeah youre so right man thats true nina arbor and,0
1089,1094,thats true nina arbor and see it he rushes the brains trust,0
1092,1097,see it he rushes the brains trust the spring box of course,0
1095,1100,the spring box of course ok seven again 19,0
1098,1103,ok seven again 19 played in seven of the nine rugby world cups off the clack comes to villainsup,0
1101,1106,played in seven of the nine rugby world cups off the clack comes to villainsup played flaf as well,0
1104,1109,comes to villainsup played flaf as well early in the twin of damienville so it does really well both fullbacks,0
1107,1112,early in the twin of damienville so it does really well both fullbacks having some strong feet here comes the join frame of etzebeth,0
1110,1115,having some strong feet here comes the join frame of etzebeth that takes his shot as well to the ground,0
1113,1118,here comes the join frame of etzebeth that takes his shot as well to the ground the clack wanting a quicker ball for liverpool to attack with,0
1116,1121,the clack wanting a quicker ball for liverpool to attack with,0
1119,1124,wanting a quicker ball for liverpool to attack with here comes umbanami im either on the ball,0
1122,1127,here comes umbanami im either on the ball wide ball from flaf binds arbors up,0
1125,1130,wide ball from flaf binds arbors up the tackle low gets in as well,0
1128,1133,binds arbors up the tackle low gets in as well its ireland lets stop this attack,0
1131,1136,the tackle low gets in as well its ireland lets stop this attack and draw a penalty as well,0
1134,1139,lets stop this attack and draw a penalty as well,0
1140,1145,i want to think back three players get particularly fired up when they get a turnover,0
1143,1148,i want to think back three players get particularly fired up when they get a turnover but james does really good over the ball hes also got an absolute monster boot on him,0
1146,1151,but james does really good over the ball hes also got an absolute monster boot on him,0
1149,1154,hes also got an absolute monster boot on him hes pretty smart with ball in hand as well,0
1152,1157,hes pretty smart with ball in hand as well such a weapon for this irish side,0
1155,1160,such a weapon for this irish side the defence has been good,0
1158,1163,the defence has been good the opening 16 or so minutes of this game,0
1161,1166,the opening 16 or so minutes of this game,0
1167,1172,lets work out on the step here mitch everyone at the front,0
1170,1175,lets work out on the step here mitch everyone at the front i saw the back its in time tonight,0
1173,1178,i saw the back its in time tonight youve got to receive a two metres its in vilum so ill get his naughty feet out,0
1176,1181,youve got to receive a two metres its in vilum so ill get his naughty feet out theres the turnover imagine to get hand on the ball,0
1179,1184,its in vilum so ill get his naughty feet out theres the turnover imagine to get hand on the ball look at that supporting his own weight nice and low,0
1182,1187,look at that supporting his own weight nice and low great technique so here we go,0
1185,1190,great technique so here we go can ronan keller,0
1188,1193,so here we go can ronan keller andrew come down,0
1191,1196,ronan keller andrew come down continue to get lana possession here,0
1194,1199,continue to get lana possession here ok whats that meant to you its an irish side that 127 of 29 games in the last two years,0
1197,1202,ok whats that meant to you its an irish side that 127 of 29 games in the last two years only losing two in england and france,0
1200,1205,its an irish side that 127 of 29 games in the last two years only losing two in england and france did i ever get sit up off the mark,0
1203,1208,only losing two in england and france did i ever get sit up off the mark i managed to work a five man liner earlier with a bit of movement and that was the key,0
1206,1211,i managed to work a five man liner earlier with a bit of movement and that was the key its good now,0
1209,1214,its good now again its moving,0
1212,1217,again its moving this time they come right to the front get her rips it away,0
1215,1220,this time they come right to the front get her rips it away lucky steening in,0
1218,1223,get her rips it away lucky steening in what a bulldozer but does a he is for the irish side,0
1221,1226,what a bulldozer but does a he is for the irish side but its an outbreak up that are all over this one as well,0
1224,1229,but its an outbreak up that are all over this one as well both sides,0
1227,1232,that are all over this one as well both sides 20 breakdown penalties sevens on the good side,0
1230,1235,20 breakdown penalties sevens on the good side nine careful youve got the penalty,0
1233,1238,nine careful youve got the penalty there it is time job the bull,0
1236,1241,there it is time job the bull the wrap on the wrist the faster click for rubbing it in,0
1239,1244,the wrap on the wrist the faster click for rubbing it in were having the penalty here expect nothing less youve got nothing less,0
1242,1247,were having the penalty here expect nothing less youve got nothing less youve got to get the ball,0
1245,1250,youve got nothing less youve got to get the ball got the penalty yeah i agree,0
1248,1253,got the penalty yeah i agree so bondiaki coming on that hard line,0
1251,1256,yeah i agree so bondiaki coming on that hard line i mean he has been ridiculous so far,0
1254,1259,so bondiaki coming on that hard line i mean he has been ridiculous so far theyve had too comfortable games,0
1257,1262,theyve had too comfortable games but in those games hes gone from about 268 meters,0
1260,1265,but in those games hes gone from about 268 meters just top of the tree,0
1263,1268,but in those games hes gone from about 268 meters just top of the tree i think hes been praised by anyone is that him in their fantasy team,0
1266,1271,i think hes been praised by anyone is that him in their fantasy team because hes been scoring points wholesale in that,0
1269,1274,is that him in their fantasy team because hes been scoring points wholesale in that yeah hes a plat,0
1272,1277,because hes been scoring points wholesale in that yeah hes a plat you do not look past,0
1275,1280,yeah hes a plat you do not look past six and also clicking a ton of points for the outside last time,0
1278,1283,six and also clicking a ton of points for the outside last time lebouc finds i dont see a flat ball,0
1281,1286,six and also clicking a ton of points for the outside last time lebouc finds i dont see a flat ball jesse krill comes flying in,0
1284,1289,i dont see a flat ball jesse krill comes flying in the clack again nice ball on the inside,0
1287,1292,the clack again nice ball on the inside peter steph to to it,0
1290,1295,nice ball on the inside peter steph to to it and its the spring box now we find themselves on the front foot,0
1293,1298,and its the spring box now we find themselves on the front foot no no no,0
1296,1301,we find themselves on the front foot no no no theres a number its a bit in there as well,0
1299,1304,theres a number its a bit in there as well lebouc behind the back to dielandie puts one to the ground,0
1302,1307,lebouc behind the back to dielandie puts one to the ground and the inside set up,0
1305,1310,to dielandie puts one to the ground and the inside set up hes a bulky frame as well,0
1308,1313,and the inside set up hes a bulky frame as well the hands down the chain a kick through from damian villamser,0
1311,1316,the hands down the chain a kick through from damian villamser and he has time back to perfection,0
1314,1319,a kick through from damian villamser and he has time back to perfection,0
1317,1322,and he has time back to perfection,0
1323,1328,real celebration,0
1326,1331,real celebration the perfect kick just staying the right side of that flag in the corner,0
1329,1334,the perfect kick just staying the right side of that flag in the corner,0
1332,1337,just staying the right side of that flag in the corner,0
1335,1340,trouble for gary ringrose,0
1338,1343,trouble for gary ringrose hes out of the line out hes out of the line out,0
1341,1346,hes out of the line out hes out of the line out keep going to me line out on,0
1344,1349,keep going to me line out on,0
1350,1355,on his line out five out,0
1353,1358,on his line out five out again shorten numbers to trust secure position,0
1356,1361,again shorten numbers to trust secure position,0
1359,1364,james ryan is accurate kirsten park moves it away,0
1362,1367,james ryan is accurate kirsten park moves it away here comes kellen doris no,0
1365,1370,here comes kellen doris no 25 roll ireland set up okay,0
1368,1373,25 roll ireland set up okay hes in the line kellens to give some points,0
1371,1376,hes in the line kellens to give some points no its not a great pair of ireland in new zealand,0
1374,1379,no its not a great pair of ireland in new zealand and that one charged down,0
1377,1382,and that one charged down he was on side the whole time,0
1380,1385,he was on side the whole time thank you johnny,0
1383,1388,he was on side the whole time thank you johnny,0
1386,1391,thank you johnny,0
1389,1394,thats a big obstacle isnt it,0
1392,1397,thats a big obstacle isnt it when youre trying to box out of there portland i keep the tears off side,0
1395,1400,when youre trying to box out of there portland i keep the tears off side but just about right side of the line,0
1398,1403,portland i keep the tears off side but just about right side of the line its a real nuisance of nine out of time as well as even its a bit,0
1401,1406,but just about right side of the line its a real nuisance of nine out of time as well as even its a bit,0
1404,1409,its a real nuisance of nine out of time as well as even its a bit,0
1407,1412,in accuracy edline out time for ireland could be very costly,0
1410,1415,in accuracy edline out time for ireland could be very costly in this game,0
1413,1418,in this game this is the last attack for south africa,0
1416,1421,this is the last attack for south africa that angle,0
1419,1424,this is the last attack for south africa that angle grills coming on there its really nice,0
1422,1427,grills coming on there its really nice in the slider hands,0
1425,1430,its really nice in the slider hands from marnie lebot thats the one that left gary ringrose feeling a little bit rusty,0
1428,1433,from marnie lebot thats the one that left gary ringrose feeling a little bit rusty,0
1431,1436,thats the one that left gary ringrose feeling a little bit rusty tried to put the big shot on damien dalendi,0
1434,1439,thats the one that left gary ringrose feeling a little bit rusty tried to put the big shot on damien dalendi,0
1437,1442,tried to put the big shot on damien dalendi not easy to do ok 13 green,0
1440,1445,not easy to do ok 13 green sub hia,0
1443,1448,sub hia in fact ringrose is going off from hia,0
1446,1451,in fact ringrose is going off from hia,0
1449,1454,tried to hit the lnn 106 kg or so,0
1452,1457,tried to hit the lnn 106 kg or so,0
1455,1460,106 kg or so in the mould of john de villiers you might say,0
1458,1463,in the mould of john de villiers you might say who sat behind us here in the comtubox,0
1461,1466,in the mould of john de villiers you might say who sat behind us here in the comtubox not a bad replacement in robyn hinchel there as well,0
1464,1469,not a bad replacement in robyn hinchel there as well hes got to carry ringrose,0
1467,1472,not a bad replacement in robyn hinchel there as well hes got to carry ringrose same message timing,0
1470,1475,hes got to carry ringrose same message timing well close it up griner just called the great irish in the team as well,0
1473,1478,well close it up griner just called the great irish in the team as well it didnt bring his boots he said still a rugby world cup record holder with the irish site,0
1476,1481,it didnt bring his boots he said still a rugby world cup record holder with the irish site,0
1479,1484,still a rugby world cup record holder with the irish site weve never got past a quarterfarmers in fact,0
1482,1487,weve never got past a quarterfarmers in fact we wouldnt believe that team could fall with this irish site,0
1485,1490,we wouldnt believe that team could fall with this irish site robyn hinchel coming in and hell need all 70 caps experience,0
1488,1493,robyn hinchel coming in and hell need all 70 caps experience now 71 to defend this scrum,0
1491,1496,robyn hinchel coming in and hell need all 70 caps experience now 71 to defend this scrum hes got to be a good player,0
1494,1499,now 71 to defend this scrum hes got to be a good player hes got to be a good player hes got to be a good player,0
1497,1502,hes got to be a good player hes got to be a good player hes got to be a good player,0
1500,1505,hes got to be a good player hes got to be a good player hes got to be a good player hes got to be a good player,0
1503,1508,hes got to be a good player hes got to be a good player the club fee is for south africa,0
1506,1511,hes got to be a good player the club fee is for south africa there are up three nothing 21 minutes gone,0
1509,1514,there are up three nothing 21 minutes gone dl andy goes up fielders,0
1512,1517,21 minutes gone dl andy goes up fielders daniel dl andy within three metres,0
1515,1520,dl andy goes up fielders daniel dl andy within three metres south africa on the board just scoring,0
1518,1523,south africa on the board just scoring he just stepped to his step,0
1521,1526,he just stepped to his step south africa scrum taken back south africa scrum taken back,0
1524,1529,south africa scrum taken back south africa scrum taken back south africa scrum,0
1527,1532,south africa scrum taken back south africa scrum no its been ripped by greenie liven,0
1530,1535,no its been ripped by greenie liven and its gone back into end goal the line of damien dl andy,0
1533,1538,and its gone back into end goal the line of damien dl andy,0
1536,1541,the line of damien dl andy its taking an ireland player one by one,0
1539,1544,its taking an ireland player one by one who is it,0
1542,1547,who is it jimmy im holding the block pre calling now,0
1545,1550,jimmy im holding the block pre calling now im pretty sure hes saying you come back against the angle he almost pre called the step,0
1548,1553,im pretty sure hes saying you come back against the angle he almost pre called the step running into johnny sexton,0
1551,1556,he almost pre called the step running into johnny sexton he put a sharp good shoulder contact but its come off second best,0
1554,1559,he put a sharp good shoulder contact but its come off second best james lowe in there again doing a bit of back row work,0
1557,1562,but its come off second best james lowe in there again doing a bit of back row work thats why we got time off,0
1560,1565,james lowe in there again doing a bit of back row work thats why we got time off maybe save the one youre playing because you can start afterwards,0
1563,1568,maybe save the one youre playing because you can start afterwards thank you real boring time from johnny sexton to captain ireland,0
1566,1571,because you can start afterwards thank you real boring time from johnny sexton to captain ireland,0
1569,1574,real boring time from johnny sexton to captain ireland one of the most decorated plays in the world,0
1572,1577,one of the most decorated plays in the world hes for frankie world cup,0
1575,1580,hes for frankie world cup yes this guy is for frankie beckham,0
1578,1583,yes this guy is for frankie beckham,0
1581,1586,ok sit down times going back on please,0
1584,1589,ok sit down times going back on please ireland times going back on please,0
1587,1592,ireland times going back on please well on the balls line his game is being played out of place,0
1590,1595,well on the balls line his game is being played out of place,0
1593,1598,well on the balls line his game is being played out of place a great tempo,0
1596,1601,a great tempo i agree but when i have the ball on the back ill say,0
1599,1604,i agree but when i have the ball on the back ill say use it for the contest,0
1602,1607,i agree but when i have the ball on the back ill say use it for the contest you can just go away no no,0
1605,1610,use it for the contest you can just go away no no hes taken back and gone by go ahead shallor lacaster,0
1608,1613,hes taken back and gone by go ahead shallor lacaster i heard you i heard you bondy did you,0
1611,1616,i heard you i heard you bondy did you lets go theres the marcus in the middle l,0
1614,1619,lets go theres the marcus in the middle l,0
1617,1622,l,0
1620,1625,l,0
1623,1628,l see the way marnie laboccus just got his eyes a widened at this area of the park,0
1626,1631,l see the way marnie laboccus just got his eyes a widened at this area of the park,0
1629,1634,see the way marnie laboccus just got his eyes a widened at this area of the park when he knows hes getting the chance to create something,0
1632,1637,see the way marnie laboccus just got his eyes a widened at this area of the park when he knows hes getting the chance to create something just as fast paced energising presence in this south come backline,0
1635,1640,when he knows hes getting the chance to create something just as fast paced energising presence in this south come backline,0
1638,1643,just as fast paced energising presence in this south come backline and hes got venom set behind him here go,0
1641,1646,and hes got venom set behind him here go bones,0
1644,1649,go bones six,0
1647,1652,bones six,0
1650,1655,six,0
1653,1658,the scremble touches both sides,0
1656,1661,the scremble touches both sides two feet the clack,0
1659,1664,two feet the clack short ball jesse krill very close,0
1662,1667,short ball jesse krill very close kaleesi loses it ireland have it,0
1665,1670,kaleesi loses it ireland have it theyre caught,0
1668,1673,ireland have it theyre caught celebrating no bones over,0
1671,1676,celebrating no bones over the way they repel the scremblecks but its not out,0
1674,1679,the way they repel the scremblecks but its not out villains are big step of his left,0
1677,1682,but its not out villains are big step of his left get rid of one does the feedback for south africa,0
1680,1685,big step of his left get rid of one does the feedback for south africa visa skips master goes to stephen kitsoff,0
1683,1688,does the feedback for south africa visa skips master goes to stephen kitsoff the one they call the angry plum,0
1686,1691,skips master goes to stephen kitsoff the one they call the angry plum,0
1689,1694,the one they call the angry plum kaleesi takes goes low downs is out of a couple,0
1692,1697,kaleesi takes goes low downs is out of a couple a school has come in there as well,0
1695,1700,downs is out of a couple a school has come in there as well,0
1698,1703,a school has come in there as well,0
1704,1709,i did not see him move its the same piece,0
1707,1712,i did not see him move its the same piece the screel again piercing through the middle,0
1710,1715,its the same piece the screel again piercing through the middle what a tackle from bundy arkey chopped him down,0
1713,1718,what a tackle from bundy arkey chopped him down eyes on get slow,0
1716,1721,chopped him down eyes on get slow takes the legs that is fabulous,0
1719,1724,takes the legs that is fabulous from both centres,0
1722,1727,from both centres that was going to be a score heres the turn over,0
1725,1730,that was going to be a score heres the turn over just a little knock on in there,0
1728,1733,just a little knock on in there james lose the ireland defence,0
1731,1736,james lose the ireland defence keeping them out just about at the moment,0
1734,1739,keeping them out just about at the moment time is much better ireland,0
1737,1742,at the moment time is much better ireland good patience thats the call,0
1740,1745,good patience thats the call come on get the nice down here,0
1743,1748,come on get the nice down here,0
1755,1760,goad bind,0
1758,1763,goad bind eme,0
1761,1766,bind eme and it doesnt mean passing,0
1764,1769,and it doesnt mean passing that would be difficult,0
1767,1772,that would be difficult yes,0
1770,1775,yes swab left hand side full noise,0
1773,1778,swab left hand side full noise here its that the france sexton yue,0
1776,1781,here its that the france sexton yue utah ha dian fiel,0
1779,1784,utah ha dian fiel kickdown feal by hugo canaan the former sevens international,0
1782,1787,kickdown feal by hugo canaan the former sevens international well done,0
1785,1790,the former sevens international well done world their way up the field bearings yeah thats lifting,0
1788,1793,well done world their way up the field bearings yeah thats lifting yeah theres now its coming,0
1791,1796,yeah thats lifting yeah theres now its coming you must have good space the south come back to where hes starting back to cover the kick,0
1794,1799,you must have good space the south come back to where hes starting back to cover the kick the attack is in the back ireland,0
1797,1802,the attack is in the back ireland the back three of south comes up which then leaves that backfield space,0
1800,1805,the back three of south comes up which then leaves that backfield space i actually think hugo keenan is so skillful,0
1803,1808,which then leaves that backfield space i actually think hugo keenan is so skillful he probably would have wanted that to roll into the 22,0
1806,1811,he probably would have wanted that to roll into the 22 while his own standards hes been so impressive really making that 15 jersey his own,0
1809,1814,while his own standards hes been so impressive really making that 15 jersey his own,0
1812,1817,hes been so impressive really making that 15 jersey his own so there we go,0
1815,1820,so there we go solid with kaleesi,0
1818,1823,solid with kaleesi so tackle no your hands,0
1821,1826,so tackle no your hands no yeah thank you clack,0
1824,1829,no yeah thank you clack money leboc goes to the sky kirtly,0
1827,1832,money leboc goes to the sky kirtly aronsa comes down what a contest that is,0
1830,1835,aronsa comes down what a contest that is aronsa wins it another international sevens player,0
1833,1838,aronsa wins it another international sevens player liding it up yeah at the rugby world cup,0
1836,1841,liding it up yeah at the rugby world cup low thought about a kick and then the danny and hes been had by williamson,0
1839,1844,low thought about a kick and then the danny and hes been had by williamson ireland under pressure in their 22,0
1842,1847,and then the danny and hes been had by williamson ireland under pressure in their 22 josh lander flared in the upstarts there as well,0
1845,1850,ireland under pressure in their 22 josh lander flared in the upstarts there as well well drug your player of the year in 2022,0
1848,1853,josh lander flared in the upstarts there as well well drug your player of the year in 2022,0
1851,1856,well drug your player of the year in 2022 so just,0
1854,1859,so just telling his forwards and back three to go,0
1857,1862,telling his forwards and back three to go no take your step five,0
1860,1865,telling his forwards and back three to go no take your step five five four james and get some park use it,0
1863,1868,five four james and get some park use it man youre stuck take your step on the foot,0
1866,1871,man youre stuck take your step on the foot its a bit gets closed put under,0
1869,1874,its a bit gets closed put under gets close puts under pressure on the ground knocked on by,0
1872,1877,put under gets close puts under pressure on the ground knocked on by,0
1875,1880,gets close puts under pressure on the ground knocked on by south africa,0
1878,1883,gets close puts under pressure on the ground knocked on by south africa it goes forward in the year,0
1881,1886,south africa it goes forward in the year,0
1884,1889,it goes forward in the year almost that must be for gibson park trying to box,0
1887,1892,almost that must be for gibson park trying to box,0
1890,1895,that must be for gibson park trying to box kick under that pressure,0
1893,1898,kick under that pressure hes got a key and potentially playing,0
1896,1901,kick under that pressure hes got a key and potentially playing,0
1899,1904,hes got a key and potentially playing iron sea in the air there,0
1902,1907,hes got a key and potentially playing iron sea in the air there that causes gibson park to have to put,0
1905,1910,that causes gibson park to have to put its got to almost go straight up in the air which is why the,0
1908,1913,that causes gibson park to have to put its got to almost go straight up in the air which is why the ball dropped only about 10 metres ahead of where the rock was,0
1911,1916,its got to almost go straight up in the air which is why the ball dropped only about 10 metres ahead of where the rock was,0
1914,1919,ball dropped only about 10 metres ahead of where the rock was irish chase is able to get up and make a mess of it,0
1917,1922,irish chase is able to get up and make a mess of it thats electric to see,0
1920,1925,irish chase is able to get up and make a mess of it thats electric to see to off tries in 12 games,0
1923,1928,to off tries in 12 games hes been 10 tries,0
1926,1931,to off tries in 12 games hes been 10 tries he scored for his country,0
1929,1934,hes been 10 tries he scored for his country,0
1932,1937,he scored for his country i see a lot of games coming here next year to front to this,0
1935,1940,i see a lot of games coming here next year to front to this,0
1938,1943,i see a lot of games coming here next year to front to this very state thats where we play,0
1941,1946,very state thats where we play inside,0
1944,1949,thats where we play inside start the front were going to rest up the scrum,0
1947,1952,start the front were going to rest up the scrum,0
1950,1955,were going to rest up the scrum ill be here watching the 7th olympics next year,0
1953,1958,ill be here watching the 7th olympics next year,0
1956,1961,ill be here watching the 7th olympics next year no doubt hes going to be kicking off,0
1959,1964,no doubt hes going to be kicking off he needs to come under,0
1962,1967,hes going to be kicking off he needs to come under his feet need to come under your elbow needs to come up,0
1965,1970,his feet need to come under your elbow needs to come up its a message,0
1968,1973,your elbow needs to come up its a message im not in the 22 day i should say,0
1971,1976,im not in the 22 day i should say but he is running the water for south africa,0
1974,1979,i should say but he is running the water for south africa a couple of experienced water carriers out there,0
1977,1982,a couple of experienced water carriers out there i think people are down there as well running water for ireland,0
1980,1985,a couple of experienced water carriers out there i think people are down there as well running water for ireland a couple of useful wise old heads,0
1983,1988,i think people are down there as well running water for ireland a couple of useful wise old heads,0
1986,1991,a couple of useful wise old heads james has got it,0
1989,1994,james has got it lets go,0
1992,1997,james has got it lets go weve been waiting too long who said the scrum,0
1995,2000,weve been waiting too long who said the scrum theres a lot of people in the back,0
1998,2003,who said the scrum theres a lot of people in the back are they going to fall no,0
2001,2006,are they going to fall no theyre going to fall,0
2004,2009,no theyre going to fall were going to fall nearly half an hour play at 3 0,0
2007,2012,were going to fall nearly half an hour play at 3 0 say however goodly ireland,0
2010,2015,nearly half an hour play at 3 0 say however goodly ireland typically low affairs only once in the 117 year history of this fixture,0
2013,2018,typically low affairs only once in the 117 year history of this fixture,0
2016,2021,only once in the 117 year history of this fixture theres a team produced more than 50 points it was back in 2016,0
2019,2024,theres a team produced more than 50 points it was back in 2016 see,0
2022,2027,it was back in 2016 see 3 26 is a sensation in this game into the 22 for ireland,0
2025,2030,3 26 is a sensation in this game into the 22 for ireland,0
2028,2033,is a sensation in this game into the 22 for ireland gibson park,0
2031,2036,is a sensation in this game into the 22 for ireland gibson park so a bunch of watchers hes flying up on the right hand side,0
2034,2039,gibson park so a bunch of watchers hes flying up on the right hand side the right side contact numbers to the left,0
2037,2042,the right side contact numbers to the left porter,0
2040,2045,porter for ireland can they capitalize on their break by bundyaki he carries again delayed ball,0
2043,2048,porter for ireland can they capitalize on their break by bundyaki he carries again delayed ball,0
2046,2051,for ireland can they capitalize on their break by bundyaki he carries again delayed ball you know man hes there,0
2049,2054,for ireland can they capitalize on their break by bundyaki he carries again delayed ball you know man hes there much better from this aru side a second carry again from andrew porter,0
2052,2057,you know man hes there much better from this aru side a second carry again from andrew porter,0
2055,2060,much better from this aru side a second carry again from andrew porter david in 2017,0
2058,2063,david in 2017 sexton crunched as he gives the inside ball to james lowe,0
2061,2066,sexton crunched as he gives the inside ball to james lowe,0
2064,2069,sexton crunched as he gives the inside ball to james lowe porter for the third time,0
2067,2072,porter for the third time its keep coming,0
2070,2075,porter for the third time its keep coming gibson park shifts it to the right as ireland,0
2073,2078,gibson park shifts it to the right as ireland trying to make some progress here in the 22 sexton,0
2076,2081,gibson park shifts it to the right as ireland trying to make some progress here in the 22 sexton,0
2079,2084,trying to make some progress here in the 22 sexton just that wall of white jerseys with the toy again,0
2082,2087,just that wall of white jerseys with the toy again,0
2085,2090,just that wall of white jerseys with the toy again behind the back ball trying to unlock josh van der fleur,0
2088,2093,behind the back ball trying to unlock josh van der fleur,0
2091,2096,behind the back ball trying to unlock josh van der fleur,0
2094,2099,sexton over the topic goes bundyaki yet again,0
2097,2102,sexton over the topic goes bundyaki yet again beautiful balls along the inside,0
2100,2105,sexton over the topic goes bundyaki yet again beautiful balls along the inside needs help,0
2103,2108,beautiful balls along the inside needs help theres monsters all over it dont clear on it its for the aru side,0
2106,2111,needs help theres monsters all over it dont clear on it its for the aru side,0
2109,2114,theres monsters all over it dont clear on it its for the aru side porter nice dummy from the front of the building from then step,0
2112,2117,porter nice dummy from the front of the building from then step,0
2115,2120,nice dummy from the front of the building from then step he play up the outside with it vonage gibson park still got the pinnacle advantage across theyll go the cross kick,0
2118,2123,he play up the outside with it vonage gibson park still got the pinnacle advantage across theyll go the cross kick,0
2121,2126,he play up the outside with it vonage gibson park still got the pinnacle advantage across theyll go the cross kick grant henshaw,0
2124,2129,he play up the outside with it vonage gibson park still got the pinnacle advantage across theyll go the cross kick grant henshaw and ireland will come back,0
2127,2132,grant henshaw and ireland will come back youre always in contact to the tecler goes to ground no clear release,0
2130,2135,and ireland will come back youre always in contact to the tecler goes to ground no clear release,0
2133,2138,youre always in contact to the tecler goes to ground no clear release so even if he stays with his feet as the tackle assistant hes throwing the guy to ground,0
2136,2141,youre always in contact to the tecler goes to ground no clear release so even if he stays with his feet as the tackle assistant hes throwing the guy to ground,0
2139,2144,so even if he stays with his feet as the tackle assistant hes throwing the guy to ground he has to release before he can get on the ball,0
2142,2147,he has to release before he can get on the ball bundyaki have that out for a carry down the middle i thought he was going to go all the way,0
2145,2150,bundyaki have that out for a carry down the middle i thought he was going to go all the way showed a clean set of heels,0
2148,2153,bundyaki have that out for a carry down the middle i thought he was going to go all the way showed a clean set of heels the south can defense got back in numbers and quickly so they could get off the line and start putting their,0
2151,2156,the south can defense got back in numbers and quickly so they could get off the line and start putting their,0
2154,2159,the south can defense got back in numbers and quickly so they could get off the line and start putting their typical shots in there was some brilliant tackles in there friends now over up ending andrew porter amongst many others,0
2157,2162,typical shots in there was some brilliant tackles in there friends now over up ending andrew porter amongst many others,0
2160,2165,there was some brilliant tackles in there friends now over up ending andrew porter amongst many others,0
2163,2168,there was some brilliant tackles in there friends now over up ending andrew porter amongst many others,0
2166,2171,we knew it was going to be a tight affair down weve only got three points on the scoreboard so far,0
2169,2174,we knew it was going to be a tight affair down weve only got three points on the scoreboard so far,0
2172,2177,weve only got three points on the scoreboard so far you get a look at the penalty ball to see he went all never released the tackle player before he then got on the ball,0
2175,2180,you get a look at the penalty ball to see he went all never released the tackle player before he then got on the ball,0
2178,2183,you get a look at the penalty ball to see he went all never released the tackle player before he then got on the ball penalty they could sport and then okay,0
2181,2186,you get a look at the penalty ball to see he went all never released the tackle player before he then got on the ball penalty they could sport and then okay very quick,0
2184,2189,penalty they could sport and then okay very quick theres a good news for ireland gary ring rises past his hia and well return to the good shortly,0
2187,2192,theres a good news for ireland gary ring rises past his hia and well return to the good shortly,0
2190,2195,theres a good news for ireland gary ring rises past his hia and well return to the good shortly that is great news for the irish side theyre crowd loved that they kick for the corner,0
2193,2198,that is great news for the irish side theyre crowd loved that they kick for the corner this here comes cana her now to the front,0
2196,2201,that is great news for the irish side theyre crowd loved that they kick for the corner this here comes cana her now to the front thunderflare peels around its a bad hasnt,0
2199,2204,this here comes cana her now to the front thunderflare peels around its a bad hasnt,0
2202,2207,thunderflare peels around its a bad hasnt,0
2205,2210,bundyaki they most dangerous runner tonight,0
2208,2213,bundyaki they most dangerous runner tonight still the irish wave comes at south africa,0
2211,2216,still the irish wave comes at south africa,0
2214,2219,still the irish wave comes at south africa gips and park to the right,0
2217,2222,gips and park to the right,0
2220,2225,forwards quickly re gathering themselves for the next wave,0
2223,2228,forwards quickly re gathering themselves for the next wave if you dont have many,0
2226,2231,if you dont have many gips and park looks both ways,0
2229,2234,gips and park looks both ways,0
2232,2237,gips and park looks both ways again its thunder flare,0
2235,2240,again its thunder flare ireland inching the way close up to the spring book all right beautiful play,0
2238,2243,ireland inching the way close up to the spring book all right beautiful play sexton throws a dummy,0
2241,2246,ireland inching the way close up to the spring book all right beautiful play sexton throws a dummy he gets so close to,0
2244,2249,sexton throws a dummy he gets so close to,0
2247,2252,to the right,0
2250,2255,to the right,0
2253,2258,to the right,0
2256,2261,hanson,0
2259,2264,hanson,0
2265,2270,why,0
2268,2273,why,0
2271,2276,its a beautiful bit of play johnny sexton gets so close the scramble from south africa and it goes wide into the hands of the,0
2274,2279,its a beautiful bit of play johnny sexton gets so close the scramble from south africa and it goes wide into the hands of the,0
2277,2282,its a beautiful bit of play johnny sexton gets so close the scramble from south africa and it goes wide into the hands of the mastasio at mac hanson who gets over for irelands first score,0
2280,2285,its a beautiful bit of play johnny sexton gets so close the scramble from south africa and it goes wide into the hands of the mastasio at mac hanson who gets over for irelands first score,0
2283,2288,mastasio at mac hanson who gets over for irelands first score seven points,0
2286,2291,seven points if sexton can put this one over,0
2289,2294,if sexton can put this one over what a moment for mac hanson born and bred in canberra australia played super rugby for the brumbies was actually convinced to come playing,0
2292,2297,what a moment for mac hanson born and bred in canberra australia played super rugby for the brumbies was actually convinced to come playing,0
2295,2300,what a moment for mac hanson born and bred in canberra australia played super rugby for the brumbies was actually convinced to come playing ill go play in ireland by connick coach andy friend qualifies for ireland through his irish born mother,0
2298,2303,what a moment for mac hanson born and bred in canberra australia played super rugby for the brumbies was actually convinced to come playing ill go play in ireland by connick coach andy friend qualifies for ireland through his irish born mother,0
2301,2306,ill go play in ireland by connick coach andy friend qualifies for ireland through his irish born mother he has another try on the big stage,0
2304,2309,ill go play in ireland by connick coach andy friend qualifies for ireland through his irish born mother he has another try on the big stage,0
2307,2312,he has another try on the big stage instead of that of this game these type of games its probably everything you dream of growing up,0
2310,2315,instead of that of this game these type of games its probably everything you dream of growing up,0
2313,2318,these type of games its probably everything you dream of growing up well you might have to pitch himself,0
2316,2321,well you might have to pitch himself,0
2319,2324,johnny sexton,0
2322,2327,johnny sexton,0
2325,2330,gave it in 20 and line in dublin for his country,0
2328,2333,gave it in 20 and line in dublin for his country,0
2331,2336,gave it in 20 and line in dublin for his country six nations titles,0
2334,2339,six nations titles and too many other titles to list right now as,0
2337,2342,six nations titles and too many other titles to list right now as lines of the extra two does sexton,0
2340,2345,and too many other titles to list right now as lines of the extra two does sexton,0
2343,2348,lines of the extra two does sexton its right here in the middle its ireland seven south africa three,0
2346,2351,its right here in the middle its ireland seven south africa three,0
2349,2354,its right here in the middle its ireland seven south africa three and the flags are flying at 35 minutes,0
2352,2357,and the flags are flying at 35 minutes its a fist pass to james lowe across the face of the defenders it cut out about three defenders that pass james lowe just holding his feet good hands the catch and pass,0
2355,2360,its a fist pass to james lowe across the face of the defenders it cut out about three defenders that pass james lowe just holding his feet good hands the catch and pass,0
2358,2363,its a fist pass to james lowe across the face of the defenders it cut out about three defenders that pass james lowe just holding his feet good hands the catch and pass,0
2361,2366,its a fist pass to james lowe across the face of the defenders it cut out about three defenders that pass james lowe just holding his feet good hands the catch and pass,0
2364,2369,he felt like they earned that score some brilliant attack really nice with the guys in the emerald green,0
2367,2372,he felt like they earned that score some brilliant attack really nice with the guys in the emerald green,0
2370,2375,he felt like they earned that score some brilliant attack really nice with the guys in the emerald green going for the attacking lineouts as well has paid full value,0
2373,2378,he felt like they earned that score some brilliant attack really nice with the guys in the emerald green going for the attacking lineouts as well has paid full value,0
2376,2381,going for the attacking lineouts as well has paid full value so theres seven points,0
2379,2384,so theres seven points calisi hasnt forced south africa and yelendi puts a kick over the top a one bounce,0
2382,2387,calisi hasnt forced south africa and yelendi puts a kick over the top a one bounce,0
2385,2390,and yelendi puts a kick over the top a one bounce and just like that the spring box,0
2388,2393,and just like that the spring box putting on the pressure against ireland,0
2391,2396,putting on the pressure against ireland,0
2394,2399,weve seen some bullish touches from vlnd with ball in hand,0
2397,2402,weve seen some bullish touches from vlnd with ball in hand that was a delicate one lovely little touch over the top i dont mind that you know youve got currently iron south there hell chase anything and hes quick,0
2400,2405,weve seen some bullish touches from vlnd with ball in hand that was a delicate one lovely little touch over the top i dont mind that you know youve got currently iron south there hell chase anything and hes quick,0
2403,2408,that was a delicate one lovely little touch over the top i dont mind that you know youve got currently iron south there hell chase anything and hes quick,0
2406,2411,that was a delicate one lovely little touch over the top i dont mind that you know youve got currently iron south there hell chase anything and hes quick,0
2409,2414,that was a delicate one lovely little touch over the top i dont mind that you know youve got currently iron south there hell chase anything and hes quick,0
2412,2417,ronan keller,0
2415,2420,ronan keller to the middle and contest it gives him park,0
2418,2423,to the middle and contest it gives him park ireland running up field now doris,0
2421,2426,ireland running up field now doris can on the ireland this will help them get down the field,0
2424,2429,ireland running up field now doris can on the ireland this will help them get down the field,0
2427,2432,can on the ireland this will help them get down the field,0
2430,2435,that can us carry from doris,0
2433,2438,that can us carry from doris theres detour he was,0
2436,2441,theres detour he was lying on the wrong side thats what can happen if you get the dominant carries so you get through the contact like that,0
2439,2444,lying on the wrong side thats what can happen if you get the dominant carries so you get through the contact like that,0
2442,2447,lying on the wrong side thats what can happen if you get the dominant carries so you get through the contact like that often leave tacklers stranded on the wrong side and there was liable to get penalized,0
2445,2450,often leave tacklers stranded on the wrong side and there was liable to get penalized,0
2448,2453,often leave tacklers stranded on the wrong side and there was liable to get penalized the irish forwards on a,0
2451,2456,the irish forwards on a 52 when they gain line success so far in this tournament coming into this game for about gain line success,0
2454,2459,52 when they gain line success so far in this tournament coming into this game for about gain line success,0
2457,2462,52 when they gain line success so far in this tournament coming into this game for about gain line success what a joy to have bundyaki in the centres,0
2460,2465,52 when they gain line success so far in this tournament coming into this game for about gain line success what a joy to have bundyaki in the centres,0
2463,2468,what a joy to have bundyaki in the centres what a joy to be watching him a lovely little change of pace on the width there,0
2466,2471,what a joy to be watching him a lovely little change of pace on the width there,0
2469,2474,what a joy to be watching him a lovely little change of pace on the width there one of the standout performers of this world cup so far bundyaki,0
2472,2477,one of the standout performers of this world cup so far bundyaki what a venue for this cliff hangout,0
2475,2480,what a venue for this cliff hangout on the 15 match win streak currently sexton theres aki again flies into the line,0
2478,2483,what a venue for this cliff hangout on the 15 match win streak currently sexton theres aki again flies into the line,0
2481,2486,on the 15 match win streak currently sexton theres aki again flies into the line,0
2484,2489,on the 15 match win streak currently sexton theres aki again flies into the line doris loops around gets a good ball and a good tackle in from calisi,0
2487,2492,doris loops around gets a good ball and a good tackle in from calisi gifts in park changes direction,0
2490,2495,doris loops around gets a good ball and a good tackle in from calisi gifts in park changes direction thunderflare aki again this time do your lenders there,0
2493,2498,gifts in park changes direction thunderflare aki again this time do your lenders there,0
2496,2501,thunderflare aki again this time do your lenders there two of the bulkier inside centres in world,0
2499,2504,two of the bulkier inside centres in world whos it,0
2502,2507,whos it okay no down there jamison gets some parts,0
2505,2510,okay no down there jamison gets some parts its come off hes just good its a good point its a gone tonga,0
2508,2513,jamison gets some parts its come off hes just good its a good point its a gone tonga,0
2511,2516,its come off hes just good its a good point its a gone tonga arun sir,0
2514,2519,arun sir lets go backwards,0
2517,2522,lets go backwards and damian valimsa is there the full back to tidy up for south africa,0
2520,2525,and damian valimsa is there the full back to tidy up for south africa first receiver,0
2523,2528,first receiver youve an its a bet takes in a couple irish players,0
2526,2531,youve an its a bet takes in a couple irish players,0
2529,2534,takes in a couple irish players money leboc on the left boot down the field,0
2532,2537,money leboc on the left boot down the field transfer a counter here,0
2535,2540,transfer a counter here keenan does really well theres a full back,0
2538,2543,keenan does really well theres a full back so hes up in it ring rose again,0
2541,2546,so hes up in it ring rose again teckel its a bet hasnt such a porous battle at the breakdown,0
2544,2549,teckel its a bet hasnt such a porous battle at the breakdown,0
2547,2552,its a bet hasnt such a porous battle at the breakdown big ball over the top,0
2550,2555,big ball over the top james lowe puts a kick through,0
2553,2558,james lowe puts a kick through and this one will go up the back door,0
2556,2561,and this one will go up the back door options,0
2559,2564,options see,0
2562,2567,see you mentioned it during that passage down the battle at the breakdown,0
2565,2570,you mentioned it during that passage down the battle at the breakdown 22 whos this come,0
2568,2573,22 whos this come its been so good already,0
2571,2576,its been so good already so many strikes in the jackal which means that everyone technically,0
2574,2579,so many strikes in the jackal which means that everyone technically and in terms of their urgency is going to be so good in attack as well,0
2577,2582,and in terms of their urgency is going to be so good in attack as well,0
2580,2585,such a great contest this is what keenan gives it,0
2583,2588,such a great contest this is what keenan gives it theyre roaming mrs good one last run out,0
2586,2591,theyre roaming mrs good one last run out very well really good thats what i want,0
2589,2594,very well really good thats what i want,0
2592,2597,youre watching the best players in the world tonight,0
2595,2600,youre watching the best players in the world tonight,0
2598,2603,youre watching the best players in the world tonight,0
2601,2606,i get this pool eight crosses over,0
2604,2609,i get this pool eight crosses over a pool that includes carlos new zealand italy uruguay and namibia,0
2607,2612,i get this pool eight crosses over a pool that includes carlos new zealand italy uruguay and namibia four of the finals will take place here,0
2610,2615,carlos new zealand italy uruguay and namibia four of the finals will take place here a total of 14 and 15 go,0
2613,2618,four of the finals will take place here a total of 14 and 15 go fine,0
2616,2621,fine see,0
2619,2624,see,0
2625,2630,where the ball is still with south africa it comes on and set,0
2628,2633,where the ball is still with south africa it comes on and set behind the back in the box,0
2631,2636,it comes on and set behind the back in the box close and wide to chess and colby,0
2634,2639,close and wide to chess and colby he spins out to take on him,0
2637,2642,he spins out to take on him score to try and drop your world cup final,0
2640,2645,score to try and drop your world cup final in japan last year for cloud,0
2643,2648,in japan last year for cloud and that breakdown has been won by the final,0
2646,2651,and that breakdown has been won by the final,0
2649,2654,and that comes on im not for let you know that,0
2652,2657,and that comes on im not for let you know that lets use the visa on the carry,0
2655,2660,lets use the visa on the carry,0
2658,2663,im not exactly what you mean i saw saw same picture,0
2661,2666,im not exactly what you mean i saw saw same picture same picture im watching it im watching it,0
2664,2669,same picture im watching it im watching it hes not an easy man its not an easy man to take down by any stretch of the imagination and yet he got shot there,0
2667,2672,hes not an easy man its not an easy man to take down by any stretch of the imagination and yet he got shot there,0
2670,2675,its not an easy man to take down by any stretch of the imagination and yet he got shot there the band of clearing up sneaking in on the field and robbing it,0
2673,2678,the band of clearing up sneaking in on the field and robbing it,0
2676,2681,the band of clearing up sneaking in on the field and robbing it,0
2679,2684,guys at the final team,0
2682,2687,guys at the final team,0
2685,2690,well there he is gets underneath but just before that was a brilliant display attacking the back bro just working together so nicely,0
2688,2693,well there he is gets underneath but just before that was a brilliant display attacking the back bro just working together so nicely,0
2691,2696,well there he is gets underneath but just before that was a brilliant display attacking the back bro just working together so nicely,0
2694,2699,well there he is gets underneath but just before that was a brilliant display attacking the back bro just working together so nicely steven,0
2697,2702,steven its pretty similar to johnny sextons reaction in backplay,0
2700,2705,its pretty similar to johnny sextons reaction in backplay you can just see exactly what it means to irelands leaders peter omani gave them a stirring pump up before the game,0
2703,2708,you can just see exactly what it means to irelands leaders peter omani gave them a stirring pump up before the game,0
2706,2711,you can just see exactly what it means to irelands leaders peter omani gave them a stirring pump up before the game they are here to play today,0
2709,2714,you can just see exactly what it means to irelands leaders peter omani gave them a stirring pump up before the game they are here to play today they really are and so far the scoreboard chose that as well bundyaki,0
2712,2717,they really are and so far the scoreboard chose that as well bundyaki,0
2715,2720,they really are and so far the scoreboard chose that as well bundyaki again goes in that middle channel,0
2718,2723,again goes in that middle channel behind the back port to find a flier,0
2721,2726,behind the back port to find a flier ireland back to the right hand side they go,0
2724,2729,ireland back to the right hand side they go porter is there,0
2727,2732,porter is there just to skip out just with this up gets him far,0
2730,2735,just to skip out just with this up gets him far sexton quick hands,0
2733,2738,just to skip out just with this up gets him far sexton quick hands the ball is there,0
2736,2741,the ball is there james ryan catches forward,0
2739,2744,the ball is there james ryan catches forward well ireland peter step the tour has it,0
2742,2747,james ryan catches forward well ireland peter step the tour has it difficult pass for a police to take and,0
2745,2750,well ireland peter step the tour has it difficult pass for a police to take and my bino just half time ireland coming through yeah and that is,0
2748,2753,difficult pass for a police to take and my bino just half time ireland coming through yeah and that is,0
2751,2756,my bino just half time ireland coming through yeah and that is the first 40 minutes gone,0
2754,2759,the first 40 minutes gone youre in saint danny north of paris,0
2757,2762,youre in saint danny north of paris its the poor b bamble at the 2023 rugby world cup when youd be closer it is a half time score,0
2760,2765,its the poor b bamble at the 2023 rugby world cup when youd be closer it is a half time score,0
2763,2768,its the poor b bamble at the 2023 rugby world cup when youd be closer it is a half time score shes ireland leads an africa 7 3 from a packed start the france,0
2766,2771,shes ireland leads an africa 7 3 from a packed start the france,0
2769,2774,shes ireland leads an africa 7 3 from a packed start the france youre watching the second half between ireland and south africa from studying start the france at the 2023,0
2772,2777,youre watching the second half between ireland and south africa from studying start the france at the 2023,0
2775,2780,youre watching the second half between ireland and south africa from studying start the france at the 2023 rugby world cup ireland on the left lead 7 3 against south africa for bundyaki with a take,0
2778,2783,rugby world cup ireland on the left lead 7 3 against south africa for bundyaki with a take welcome to the thrilling pull b match up,0
2781,2786,7 3 against south africa for bundyaki with a take welcome to the thrilling pull b match up im down the staff at pitch side that you need to use their own side great,0
2784,2789,welcome to the thrilling pull b match up im down the staff at pitch side that you need to use their own side great britain and then good time mitch on here comes bicep or south africa straight away so what pinnody a quick pinch,0
2787,2792,im down the staff at pitch side that you need to use their own side great britain and then good time mitch on here comes bicep or south africa straight away so what pinnody a quick pinch,0
2790,2795,britain and then good time mitch on here comes bicep or south africa straight away so what pinnody a quick pinch mustard pinnody till the line for the spring box,0
2793,2798,britain and then good time mitch on here comes bicep or south africa straight away so what pinnody a quick pinch mustard pinnody till the line for the spring box,0
2796,2801,mustard pinnody till the line for the spring box and hold on,0
2799,2804,and hold on forze on the wrong side to pick the ball coming out its a bet again in trouble for white,0
2802,2807,forze on the wrong side to pick the ball coming out its a bet again in trouble for white,0
2805,2810,forze on the wrong side to pick the ball coming out its a bet again in trouble for white yeah i saw that and the right he was alone the wrong side the ball coming out comes out on your side,0
2808,2813,yeah i saw that and the right he was alone the wrong side the ball coming out comes out on your side we saw that penalized in the first half the tackle line in the wrong side,0
2811,2816,yeah i saw that and the right he was alone the wrong side the ball coming out comes out on your side we saw that penalized in the first half the tackle line in the wrong side,0
2814,2819,we saw that penalized in the first half the tackle line in the wrong side i think you probably is a good call from the referee or from his assistant,0
2817,2822,i think you probably is a good call from the referee or from his assistant,0
2820,2825,i think you probably is a good call from the referee or from his assistant they did disrupt that rugby for ireland,0
2823,2828,they did disrupt that rugby for ireland even thats the best came from a hell of a long way to make that first tackle,0
2826,2831,even thats the best came from a hell of a long way to make that first tackle he started on their own ten meet lines i think he can hit just watching you run its got a different ball,0
2829,2834,he started on their own ten meet lines i think he can hit just watching you run its got a different ball,0
2832,2837,he started on their own ten meet lines i think he can hit just watching you run its got a different ball just im gonna take it quick,0
2835,2840,just im gonna take it quick so hes running up full tilt and he was the first to arrive to make the hit on bundyaki but then,0
2838,2843,so hes running up full tilt and he was the first to arrive to make the hit on bundyaki but then slightly earlier than that okay lets start with your spaces,0
2841,2846,so hes running up full tilt and he was the first to arrive to make the hit on bundyaki but then slightly earlier than that okay lets start with your spaces there he is lying on the wrong side see,0
2844,2849,slightly earlier than that okay lets start with your spaces there he is lying on the wrong side see disrupting the ireland rug,0
2847,2852,there he is lying on the wrong side see disrupting the ireland rug its a bit his ideal holiday isnt to the beaches of greece but to the jump,0
2850,2855,its a bit his ideal holiday isnt to the beaches of greece but to the jump,0
2853,2858,its a bit his ideal holiday isnt to the beaches of greece but to the jump hes coach struck me number looks on,0
2856,2861,hes coach struck me number looks on galahad to the back thats a great line out from ireland i think throws a short bolt to hes stand apart their ring rows,0
2859,2864,galahad to the back thats a great line out from ireland i think throws a short bolt to hes stand apart their ring rows,0
2862,2867,galahad to the back thats a great line out from ireland i think throws a short bolt to hes stand apart their ring rows and then gibson park puts one over the top,0
2865,2870,galahad to the back thats a great line out from ireland i think throws a short bolt to hes stand apart their ring rows and then gibson park puts one over the top its a very good kick from the irish number nine,0
2868,2873,and then gibson park puts one over the top its a very good kick from the irish number nine,0
2871,2876,its a very good kick from the irish number nine and its on africa that i kept in there 22,0
2874,2879,and its on africa that i kept in there 22 lets go please,0
2877,2882,lets go please no changes to either side at halftime so the south african bomb sport theyre lying in weight,0
2880,2885,no changes to either side at halftime so the south african bomb sport theyre lying in weight,0
2883,2888,no changes to either side at halftime so the south african bomb sport theyre lying in weight its never evil,0
2886,2891,no changes to either side at halftime so the south african bomb sport theyre lying in weight its never evil confirmed it doesnt already out,0
2889,2894,its never evil confirmed it doesnt already out,0
2892,2897,confirmed it doesnt already out the suggestion was pizza im on his nose,0
2895,2900,the suggestion was pizza im on his nose,0
2898,2903,the suggestion was pizza im on his nose before it went out,0
2901,2906,before it went out maybe its just a flock of hair,0
2904,2909,maybe its just a flock of hair thats bound to get in the way with puffed the clack,0
2907,2912,thats bound to get in the way with puffed the clack mustard takes is the captain sir colisey,0
2910,2915,mustard takes is the captain sir colisey goes up field,0
2913,2918,mustard takes is the captain sir colisey goes up field so ive got a plan here 20 21,0
2916,2921,so ive got a plan here 20 21 captain sir to the series one of the british irish line some of these players were playing,0
2919,2924,captain sir to the series one of the british irish line some of these players were playing against south africa,0
2922,2927,against south africa and so throws it to his fullback,0
2925,2930,and so throws it to his fullback keenan cuts back in nice either link well and then he runs into his own player was poured up,0
2928,2933,keenan cuts back in nice either link well and then he runs into his own player was poured up that wont count as a tackle,0
2931,2936,keenan cuts back in nice either link well and then he runs into his own player was poured up that wont count as a tackle but ireland still with possession playing on peter omannick,0
2934,2939,that wont count as a tackle but ireland still with possession playing on peter omannick sexton,0
2937,2942,sexton that is a nice kick yet again two in a row from the irish halfbacks,0
2940,2945,that is a nice kick yet again two in a row from the irish halfbacks,0
2943,2948,two in a row from the irish halfbacks and hes saying its touched so he wants a piece of his line out,0
2946,2951,and hes saying its touched so he wants a piece of his line out,0
2949,2954,so he wants a piece of his line out whoever they get it or not threaded that like a needle down the touch line,0
2952,2957,whoever they get it or not threaded that like a needle down the touch line theres not really much on there look at the space hes aimed for there,0
2955,2960,threaded that like a needle down the touch line theres not really much on there look at the space hes aimed for there hes pinned on absolute six points so that bounces out,0
2958,2963,theres not really much on there look at the space hes aimed for there hes pinned on absolute six points so that bounces out,0
2961,2966,hes pinned on absolute six points so that bounces out,0
2964,2969,okay you got to stay out as were seeing yeah they dont have one 65 caps for so now were going to interference close by in the line up,0
2967,2972,okay you got to stay out as were seeing yeah they dont have one 65 caps for so now were going to interference close by in the line up,0
2970,2975,yeah they dont have one 65 caps for so now were going to interference close by in the line up im getting involved now against south africas attack,0
2973,2978,im getting involved now against south africas attack,0
2976,2981,im getting involved now against south africas attack,0
2979,2984,weve got to offset africa through,0
2982,2987,weve got to offset africa through,0
2985,2990,five to cool,0
2988,2993,five to cool its never going to fly,0
2991,2996,its never going to fly and,0
2994,2999,and hes getting up in front of its a better than that case he knows he task,0
2997,3002,hes getting up in front of its a better than that case he knows he task im fighting fire with fire line out time,0
3000,3005,im fighting fire with fire line out time a massive opportunity for the irish yet,0
3003,3008,a massive opportunity for the irish yet master returns the favor,0
3006,3011,master returns the favor peter stifter to it has it for south africa,0
3009,3014,peter stifter to it has it for south africa ever on the ball just a body know what a contest weve seen from the big men,0
3012,3017,ever on the ball just a body know what a contest weve seen from the big men okay use it hold here faster clack plays alongside jesse kruehl in japan,0
3015,3020,ever on the ball just a body know what a contest weve seen from the big men okay use it hold here faster clack plays alongside jesse kruehl in japan,0
3018,3023,okay use it hold here faster clack plays alongside jesse kruehl in japan,0
3021,3026,okay use it hold here faster clack plays alongside jesse kruehl in japan downtown is the kick to the halfway line pinpoint,0
3024,3029,downtown is the kick to the halfway line pinpoint from south africa the side of the half to me,0
3027,3032,downtown is the kick to the halfway line pinpoint from south africa the side of the half to me,0
3033,3038,absolutely masterclass in line out jumping at the moment the way the lifters are getting,0
3036,3041,absolutely masterclass in line out jumping at the moment the way the lifters are getting,0
3039,3044,absolutely masterclass in line out jumping at the moment the way the lifters are getting the speed with which those jumps are getting the eggs the lifters are trying them,0
3042,3047,the speed with which those jumps are getting the eggs the lifters are trying them getting right close together so theyre getting the jumper to the maximum height,0
3045,3050,the speed with which those jumps are getting the eggs the lifters are trying them getting right close together so theyre getting the jumper to the maximum height,0
3048,3053,getting right close together so theyre getting the jumper to the maximum height yeah that those six line outs lost,0
3051,3056,yeah that those six line outs lost thrall and,0
3054,3059,thrall and kela her proves his stats,0
3057,3062,kela her proves his stats hes through the middle,0
3060,3065,hes through the middle im to fly up haki,0
3063,3068,im to fly up haki comes in down to the halfway line for the irish side can i ever again,0
3066,3071,comes in down to the halfway line for the irish side can i ever again,0
3069,3074,comes in down to the halfway line for the irish side can i ever again take some kicks off,0
3072,3077,take some kicks off felicia comes in once the pill stays with the ball,0
3075,3080,felicia comes in once the pill stays with the ball the men in green,0
3078,3083,felicia comes in once the pill stays with the ball the men in green hes it,0
3081,3086,the men in green hes it sex into the right inside heat lets his forwards attack a bit more,0
3084,3089,sex into the right inside heat lets his forwards attack a bit more,0
3087,3092,sex into the right inside heat lets his forwards attack a bit more panel the start africa,0
3090,3095,panel the start africa,0
3096,3101,weve got some changes coming force out africa rg snowmans coming on so to his quagga smith and so is,0
3099,3104,weve got some changes coming force out africa rg snowmans coming on so to his quagga smith and so is,0
3102,3107,weve got some changes coming force out africa rg snowmans coming on so to his quagga smith and so is john klein who has previously played at international level for islands,0
3105,3110,weve got some changes coming force out africa rg snowmans coming on so to his quagga smith and so is john klein who has previously played at international level for islands,0
3108,3113,john klein who has previously played at international level for islands so hes going to be a very interesting experience for him coming up against his old nation,0
3111,3116,john klein who has previously played at international level for islands so hes going to be a very interesting experience for him coming up against his old nation,0
3114,3119,so hes going to be a very interesting experience for him coming up against his old nation,0
3117,3122,three members of the bomb squad about to,0
3120,3125,three members of the bomb squad about to take the field here theres kaleesi getting over it,0
3123,3128,take the field here theres kaleesi getting over it well he just hesitated a little bit on that one because he wasnt sure if he was legal but there was nothing illegal about this,0
3126,3131,well he just hesitated a little bit on that one because he wasnt sure if he was legal but there was nothing illegal about this,0
3129,3134,well he just hesitated a little bit on that one because he wasnt sure if he was legal but there was nothing illegal about this hes hes getting his legs nice and wide to allow himself to get low over that rock,0
3132,3137,hes hes getting his legs nice and wide to allow himself to get low over that rock,0
3135,3140,hes getting his legs nice and wide to allow himself to get low over that rock theres the light you mentioned,0
3138,3143,theres the light you mentioned fath the clack well line up this penalty attempt,0
3141,3146,fath the clack well line up this penalty attempt,0
3144,3149,fath the clack well line up this penalty attempt third most kept so ive been scum off of all time behind the lake us on the best isnt,0
3147,3152,third most kept so ive been scum off of all time behind the lake us on the best isnt,0
3150,3155,third most kept so ive been scum off of all time behind the lake us on the best isnt and for eat to prepare the rugby will cut one up,0
3153,3158,and for eat to prepare the rugby will cut one up from inside hes off tough to clack,0
3156,3161,from inside hes off tough to clack,0
3159,3164,from inside hes off tough to clack was it the uplock its come bouncing back and flying up there was chesson colby for south africa,0
3162,3167,was it the uplock its come bouncing back and flying up there was chesson colby for south africa,0
3165,3170,was it the uplock its come bouncing back and flying up there was chesson colby for south africa somehow the spring box havent kill goes to the right and the numbers there,0
3168,3173,somehow the spring box havent kill goes to the right and the numbers there,0
3171,3176,somehow the spring box havent kill goes to the right and the numbers there this may work out better for the spring box if they do score a try,0
3174,3179,this may work out better for the spring box if they do score a try,0
3177,3182,this may work out better for the spring box if they do score a try just for this up crunches forward the clack finds its a bad whose picture down,0
3180,3185,just for this up crunches forward the clack finds its a bad whose picture down,0
3183,3188,crunches forward the clack finds its a bad whose picture down that is a part real for social media,0
3186,3191,that is a part real for social media yeah thats a bad,0
3189,3194,yeah thats a bad thats been thrown out of the party,0
3192,3197,thats been thrown out of the party,0
3210,3215,the house back up to chaos,0
3213,3218,the house back up to chaos how about this the big tree up rooted,0
3216,3221,how about this the big tree up rooted,0
3219,3224,the big tree up rooted and its going to be his last play of the match because hes coming off,0
3222,3227,and its going to be his last play of the match because hes coming off,0
3225,3230,hes going to be angry hell be very angry about that will you ever add to bed,0
3228,3233,hes going to be angry hell be very angry about that will you ever add to bed but the replacements are on you mentioned that earlier,0
3231,3236,but the replacements are on you mentioned that earlier oxygen chair is also coming on as well,0
3234,3239,but the replacements are on you mentioned that earlier oxygen chair is also coming on as well,0
3237,3242,oxygen chair is also coming on as well thats four replacements on the bench,0
3240,3245,thats four replacements on the bench john claim out of here statement theyve got the smith as well there goes its a bad,0
3243,3248,john claim out of here statement theyve got the smith as well there goes its a bad,0
3246,3251,theyve got the smith as well there goes its a bad the viking they call him out of here slam up places rugby monster,0
3249,3254,the viking they call him out of here slam up places rugby monster can you prop nice and square good hes been left all,0
3252,3257,the viking they call him out of here slam up places rugby monster can you prop nice and square good hes been left all,0
3255,3260,can you prop nice and square good hes been left all it depends whats it attack is off loading tight here,0
3258,3263,it depends whats it attack is off loading tight here made underneath the injury,0
3261,3266,made underneath the injury rj simon since 2019 but made him press the impact on this workup ready theres quite a smith,0
3264,3269,rj simon since 2019 but made him press the impact on this workup ready theres quite a smith,0
3267,3272,since 2019 but made him press the impact on this workup ready theres quite a smith i love watching him play the game and all round up you might seem sort of a few different positions today,0
3270,3275,since 2019 but made him press the impact on this workup ready theres quite a smith i love watching him play the game and all round up you might seem sort of a few different positions today,0
3273,3278,i love watching him play the game and all round up you might seem sort of a few different positions today,0
3276,3281,i love watching him play the game and all round up you might seem sort of a few different positions today you have the olympian caught this man theres kevin kitsoff goes off the field,0
3279,3284,you have the olympian caught this man theres kevin kitsoff goes off the field so now seven most of the two plus and over again five for ireland,0
3282,3287,so now seven most of the two plus and over again five for ireland,0
3285,3290,so now seven most of the two plus and over again five for ireland big shot from the spring blocks ireland pick it up the back,0
3288,3293,big shot from the spring blocks ireland pick it up the back they hit the deck and south africa rewarded with a pounding fiber,0
3291,3296,they hit the deck and south africa rewarded with a pounding fiber,0
3294,3299,they hit the deck and south africa rewarded with a pounding fiber,0
3297,3302,they hit the deck and south africa rewarded with a pounding fiber there it is number 12,0
3300,3305,there it is number 12 sealing hands on the ground,0
3303,3308,sealing hands on the ground,0
3312,3317,were going to go again its gruntime,0
3315,3320,were going to go again its gruntime this is an african engine room find out,0
3318,3323,this is an african engine room find out im in full force,0
3321,3326,this is an african engine room find out im in full force the island pack of roller skates there,0
3324,3329,im in full force the island pack of roller skates there what a hit what a shove,0
3327,3332,the island pack of roller skates there what a hit what a shove theres substitutes for south africa doing the business,0
3330,3335,what a hit what a shove theres substitutes for south africa doing the business,0
3333,3338,theres substitutes for south africa doing the business,0
3348,3353,go,0
3351,3356,go fine see,0
3354,3359,fine see just bought that lead so much for these two countries,0
3357,3362,see just bought that lead so much for these two countries,0
3360,3365,just bought that lead so much for these two countries we see it down far side,0
3363,3368,we see it down far side,0
3366,3371,were down the far side,0
3369,3374,were down the far side were going to move it over here very good very good okay keep that up,0
3372,3377,were going to move it over here very good very good okay keep that up were going to keep the height of the side the both of you,0
3375,3380,were going to move it over here very good very good okay keep that up were going to keep the height of the side the both of you,0
3378,3383,were going to keep the height of the side the both of you,0
3381,3386,were going to keep the height of the side the both of you,0
3384,3389,were going to keep the height of the side the both of you,0
3387,3392,watching the scrubs them being in them,0
3390,3395,watching the scrubs them being in them,0
3393,3398,watching the scrubs them being in them chasin called me right here in front of us in the far touch line but i think the action initially at least its going to be,0
3396,3401,chasin called me right here in front of us in the far touch line but i think the action initially at least its going to be,0
3399,3404,chasin called me right here in front of us in the far touch line but i think the action initially at least its going to be fun for the spring box,0
3402,3407,chasin called me right here in front of us in the far touch line but i think the action initially at least its going to be fun for the spring box,0
3405,3410,fun for the spring box,0
3420,3425,the buns club members on the field,0
3423,3428,the buns club members on the field,0
3429,3434,whats the dry,0
3432,3437,whats the dry,0
3435,3440,whats the dry forget low chilling is electric 24 salmon,0
3438,3443,forget low chilling is electric 24 salmon,0
3441,3446,forget low chilling is electric 24 salmon,0
3453,3458,well we saw we hoped it would come to him eventually,0
3456,3461,well we saw we hoped it would come to him eventually i,0
3459,3464,i know it was money in the box that delivered the goods,0
3462,3467,know it was money in the box that delivered the goods chasin called me the olympian hes magic in open space and there was plenty of it down in this touch line,0
3465,3470,chasin called me the olympian hes magic in open space and there was plenty of it down in this touch line,0
3468,3473,chasin called me the olympian hes magic in open space and there was plenty of it down in this touch line,0
3471,3476,chasin called me the olympian hes magic in open space and there was plenty of it down in this touch line the only easy run into,0
3474,3479,the only easy run into,0
3477,3482,he dots down its a statement score for the spring box after those two scrubs where they absolutely pushed island back towards their own tri line,0
3480,3485,he dots down its a statement score for the spring box after those two scrubs where they absolutely pushed island back towards their own tri line,0
3483,3488,he dots down its a statement score for the spring box after those two scrubs where they absolutely pushed island back towards their own tri line,0
3486,3491,he dots down its a statement score for the spring box after those two scrubs where they absolutely pushed island back towards their own tri line and you called it the wood from colby,0
3489,3494,and you called it the wood from colby just lurking on this left hand touch light so i reckon have the lead now 8 7,0
3492,3497,just lurking on this left hand touch light so i reckon have the lead now 8 7,0
3495,3500,just lurking on this left hand touch light so i reckon have the lead now 8 7,0
3498,3503,if weve been okay sorry pretty proud just lost you just checking something,0
3501,3506,if weve been okay sorry pretty proud just lost you just checking something,0
3504,3509,if weve been okay sorry pretty proud just lost you just checking something,0
3507,3512,thank you all good shot clock back on please,0
3510,3515,thank you all good shot clock back on please all good is the court,0
3513,3518,thank you all good shot clock back on please all good is the court for our ben okeeve,0
3516,3521,for our ben okeeve,0
3519,3524,mine in the box lines just one up,0
3522,3527,mine in the box lines just one up you are seat record point score and try sis in recent times for the stormers from cape town,0
3525,3530,you are seat record point score and try sis in recent times for the stormers from cape town,0
3528,3533,record point score and try sis in recent times for the stormers from cape town,0
3531,3536,record point score and try sis in recent times for the stormers from cape town thank you,0
3534,3539,thank you maybe just history comes to me after this kick,0
3537,3542,maybe just history comes to me after this kick,0
3540,3545,maybe just history comes to me after this kick,0
3543,3548,you,0
3546,3551,you,0
3552,3557,look what taking his time the clock ticks,0
3555,3560,look what taking his time the clock ticks five seconds to take the kick,0
3558,3563,five seconds to take the kick just pulls it for the left hand side,0
3561,3566,just pulls it for the left hand side so there we go on point 8 7,0
3564,3569,so there we go on point 8 7 thanks to this try,0
3567,3572,thanks to this try we can restart,0
3570,3575,we can restart,0
3573,3578,ill take it out of the ball a little bit for the running lines,0
3576,3581,ill take it out of the ball a little bit for the running lines thats the right mind,0
3579,3584,ill take it out of the ball a little bit for the running lines thats the right mind,0
3582,3587,thats the right mind some really big changes for both sides mark events starting to come on for the skippers,0
3585,3590,some really big changes for both sides mark events starting to come on for the skippers they are callisi while in and then she and if both come on for island,0
3588,3593,some really big changes for both sides mark events starting to come on for the skippers they are callisi while in and then she and if both come on for island,0
3591,3596,they are callisi while in and then she and if both come on for island thanks man thats a lot of changes indeed,0
3594,3599,thanks man thats a lot of changes indeed as island look to run it back with their number eight,0
3597,3602,as island look to run it back with their number eight kalen doris studying psychology at university college doublet,0
3600,3605,with their number eight kalen doris studying psychology at university college doublet sexta pull back to us,0
3603,3608,kalen doris studying psychology at university college doublet sexta pull back to us,0
3606,3611,sexta pull back to us well feeled at the indian space ten meters,0
3609,3614,well feeled at the indian space ten meters were going to pull back down on you hold,0
3612,3617,were going to pull back down on you hold i see a callisi will look from the sideline now after being replaced,0
3615,3620,i see a callisi will look from the sideline now after being replaced,0
3618,3623,from the sideline now after being replaced inside,0
3621,3626,inside feels kind of early to make that change,0
3624,3629,feels kind of early to make that change sexta again to the head of the kick his full back chase as you go keenan is there,0
3627,3632,sexta again to the head of the kick his full back chase as you go keenan is there,0
3630,3635,again to the head of the kick his full back chase as you go keenan is there against villain side,0
3633,3638,again to the head of the kick his full back chase as you go keenan is there against villain side the stays with the south african side,0
3636,3641,the stays with the south african side got the clack tries to dig in,0
3639,3644,got the clack tries to dig in finds his fly off under pressure,0
3642,3647,finds his fly off under pressure creel has it jesse creel cuts in does the outside center,0
3645,3650,creel has it jesse creel cuts in does the outside center the clack to oxen chip behind the back he goes,0
3648,3653,the clack to oxen chip behind the back he goes the block finds,0
3651,3656,the clack to oxen chip behind the back he goes the block finds valence of the beautiful step,0
3654,3659,the block finds valence of the beautiful step with some fancy footwork for south africa,0
3657,3662,with some fancy footwork for south africa,0
3660,3665,with some fancy footwork for south africa,0
3666,3671,great presence of mine to let that one go creel on the charge,0
3669,3674,great presence of mine to let that one go creel on the charge thats a boom sir,0
3672,3677,great presence of mine to let that one go creel on the charge thats a boom sir,0
3675,3680,thats a boom sir fancy footwork indeed,0
3678,3683,fancy footwork indeed steps out of it that is beautiful,0
3681,3686,steps out of it that is beautiful you,0
3684,3689,you,0
3687,3692,such a poise for a big man damien villains up,0
3690,3695,such a poise for a big man damien villains up,0
3693,3698,good take in henness at the replacement,0
3696,3701,good take in henness at the replacement gonna clear turns it in beautifully dan sheenet hes rugby world cup debut,0
3699,3704,gonna clear turns it in beautifully dan sheenet hes rugby world cup debut,0
3702,3707,dan sheenet hes rugby world cup debut has him played for ireland since hes put in the warm up game,0
3705,3710,has him played for ireland since hes put in the warm up game gens england but hes on the park,0
3708,3713,gens england but hes on the park on this mammoth stage in this mammoth game,0
3711,3716,on this mammoth stage in this mammoth game josh down is there from out here statement advantage,0
3714,3719,josh down is there from out here statement advantage long with the kick outside play,0
3717,3722,advantage long with the kick outside play offside despite being as tall as the artist out,0
3720,3725,offside despite being as tall as the artist out sorry i just see that offside guys,0
3723,3728,sorry i just see that offside guys,0
3726,3731,perhaps ill then make a couple of those changes dont share any in henderson,0
3729,3734,perhaps ill then make a couple of those changes dont share any in henderson jamison its a big deal down that time dont dummy,0
3732,3737,jamison its a big deal down that time dont dummy get that line out okay you might go the other way,0
3735,3740,its a big deal down that time dont dummy get that line out okay you might go the other way yeah i worked on that occasion they cant go away with it,0
3738,3743,yeah i worked on that occasion they cant go away with it someone stood in someones hand but im seeing it sorry,0
3741,3746,yeah i worked on that occasion they cant go away with it someone stood in someones hand but im seeing it sorry we got the pin on it we got the pin on it here,0
3744,3749,someone stood in someones hand but im seeing it sorry we got the pin on it we got the pin on it here,0
3756,3761,since now 60 more just want to,0
3759,3764,since now 60 more just want to steer this controllers another bit in irelands favor feels like,0
3762,3767,steer this controllers another bit in irelands favor feels like asso off in the case with the spring box when they make those changes,0
3765,3770,asso off in the case with the spring box when they make those changes always does the momentum in their favor,0
3768,3773,asso off in the case with the spring box when they make those changes always does the momentum in their favor i,0
3771,3776,always does the momentum in their favor i live on side on that,0
3774,3779,i live on side on that charge down round though by the rock,0
3777,3782,live on side on that charge down round though by the rock,0
3780,3785,charge down round though by the rock that guy make the catch hats up to him i think you did,0
3783,3788,that guy make the catch hats up to him i think you did prevent a skill from this wonderful crowd,0
3786,3791,prevent a skill from this wonderful crowd to the front for your manny,0
3789,3794,to the front for your manny here come ireland now i see releases sexton an intricate move,0
3792,3797,here come ireland now i see releases sexton an intricate move,0
3795,3800,here come ireland now i see releases sexton an intricate move brings in low that beats one in short space,0
3798,3803,brings in low that beats one in short space my god school plan,0
3801,3806,beats one in short space my god school plan now rugby stop there comes doris again the 25 year old car as well for ireland yeah good counter,0
3804,3809,my god school plan now rugby stop there comes doris again the 25 year old car as well for ireland yeah good counter,0
3807,3812,now rugby stop there comes doris again the 25 year old car as well for ireland yeah good counter and then it counter it,0
3810,3815,and then it counter it put for smith getting heavily involved,0
3813,3818,put for smith getting heavily involved for south africa hes supposed to be some a guy bro rugby can solve any issue can pop up,0
3816,3821,for south africa hes supposed to be some a guy bro rugby can solve any issue can pop up,0
3819,3824,hes supposed to be some a guy bro rugby can solve any issue can pop up weve been accuracy from ireland,0
3822,3827,weve been accuracy from ireland to put the pace down,0
3825,3830,weve been accuracy from ireland to put the pace down this was the set put set peace play with the wrap around the little inside ball but,0
3828,3833,this was the set put set peace play with the wrap around the little inside ball but,0
3831,3836,this was the set put set peace play with the wrap around the little inside ball but southca pretty wise to it,0
3834,3839,southca pretty wise to it james low making a few meters was a carrier for the back of this and doris where the post contact meters,0
3837,3842,james low making a few meters was a carrier for the back of this and doris where the post contact meters,0
3840,3845,james low making a few meters was a carrier for the back of this and doris where the post contact meters then they were inaccurate theyre still a breakdown,0
3843,3848,james low making a few meters was a carrier for the back of this and doris where the post contact meters then they were inaccurate theyre still a breakdown,0
3846,3851,then they were inaccurate theyre still a breakdown big counter up to me and the south going you you really feel now theyve got the fire underneath them,0
3849,3854,big counter up to me and the south going you you really feel now theyve got the fire underneath them,0
3852,3857,big counter up to me and the south going you you really feel now theyve got the fire underneath them one point the difference on the scoreboard plenty of time to go,0
3855,3860,one point the difference on the scoreboard plenty of time to go and thank goodness because im enjoying this,0
3858,3863,and thank goodness because im enjoying this first off shot by,0
3861,3866,first off shot by and the sames continued here this is cool beat,0
3864,3869,and the sames continued here this is cool beat number one and two side in the world,0
3867,3872,number one and two side in the world havent took a lie here its penalty to ireland,0
3870,3875,havent took a lie here its penalty to ireland so back to the scotton what a scotton,0
3873,3878,so back to the scotton what a scotton careful careful careful careful,0
3876,3881,so back to the scotton what a scotton careful careful careful careful,0
3879,3884,careful careful careful careful guys tight hit fully overextended tight hit fully overextended collapsing,0
3882,3887,guys tight hit fully overextended tight hit fully overextended collapsing,0
3885,3890,guys tight hit fully overextended tight hit fully overextended collapsing,0
3888,3893,guys tight hit fully overextended tight hit fully overextended collapsing so you heard from referee,0
3891,3896,so you heard from referee and it keeps the tight head,0
3894,3899,and it keeps the tight head overextending,0
3897,3902,overextending but,0
3900,3905,but,0
3903,3908,but looks like he did go down that,0
3906,3911,looks like he did go down that too long,0
3909,3914,too long his body shape,0
3912,3917,too long his body shape under the pressure there from,0
3915,3920,under the pressure there from,0
3918,3923,under the pressure there from,0
3921,3926,the crowd hashes and as johnny sexted,0
3924,3929,the crowd hashes and as johnny sexted,0
3927,3932,the crowd hashes and as johnny sexted will drive you play every year a few years ago,0
3930,3935,will drive you play every year a few years ago lines up a potential lead for his country,0
3933,3938,lines up a potential lead for his country,0
3948,3953,sexton is a smooth operator,0
3951,3956,sexton is a smooth operator and ireland go back in the lead,0
3954,3959,and ireland go back in the lead 10 8 as we approach the armoff,0
3957,3962,10 8 as we approach the armoff johnny sexton indeed no lights needed from the island coaching box,0
3960,3965,as we approach the armoff johnny sexton indeed no lights needed from the island coaching box,0
3963,3968,johnny sexton indeed no lights needed from the island coaching box you might as well have a coach out there run around the 10 shirt the 38 year old,0
3966,3971,johnny sexton indeed no lights needed from the island coaching box you might as well have a coach out there run around the 10 shirt the 38 year old,0
3969,3974,you might as well have a coach out there run around the 10 shirt the 38 year old so consistent so sharp hes used to winning six nations champion chips at ireland,0
3972,3977,so consistent so sharp hes used to winning six nations champion chips at ireland but boy hed love a world cup you wonder is this a precursor for whats to come for ireland,0
3975,3980,so consistent so sharp hes used to winning six nations champion chips at ireland but boy hed love a world cup you wonder is this a precursor for whats to come for ireland,0
3978,3983,but boy hed love a world cup you wonder is this a precursor for whats to come for ireland yeah unbelievable stat they have never got out of the quarter finals at a rugby world cup,0
3981,3986,yeah unbelievable stat they have never got out of the quarter finals at a rugby world cup,0
3984,3989,yeah unbelievable stat they have never got out of the quarter finals at a rugby world cup nice take from the irish side canvas bd yet,0
3987,3992,nice take from the irish side canvas bd yet 2019 japan the lost two to 48 points to 14 gibson park,0
3990,3995,2019 japan the lost two to 48 points to 14 gibson park,0
3993,3998,2019 japan the lost two to 48 points to 14 gibson park has to pick quickly its good theres the scum off,0
3996,4001,has to pick quickly its good theres the scum off okay thats better than continues here goes your five,0
3999,4004,okay thats better than continues here goes your five,0
4002,4007,okay thats better than continues here goes your five randy,0
4005,4010,randy he relieves it as ian henderson has a goat,0
4008,4013,he relieves it as ian henderson has a goat hes third rugby world cup with experience he brings captain the 78 use at nine,0
4011,4016,hes third rugby world cup with experience he brings captain the 78 use at nine,0
4014,4019,hes third rugby world cup with experience he brings captain the 78 use at nine timing gibson park we just put it right on,0
4017,4022,timing gibson park we just put it right on so villains up damien villains up takes well and drives up field for the spring box,0
4020,4025,gibson park we just put it right on so villains up damien villains up takes well and drives up field for the spring box,0
4023,4028,so villains up damien villains up takes well and drives up field for the spring box,0
4026,4031,so villains up damien villains up takes well and drives up field for the spring box buff the clack throws a dummy,0
4029,4034,buff the clack throws a dummy theyve got numbers wide no handoff,0
4032,4037,theyve got numbers wide no handoff he just left the tweet,0
4035,4040,no handoff he just left the tweet turning around the back was john clay going against his,0
4038,4043,turning around the back was john clay going against his,0
4041,4046,team mates currently,0
4044,4049,team mates currently again he carries hard what a story playing both for ireland and south africa in his career,0
4047,4052,again he carries hard what a story playing both for ireland and south africa in his career,0
4050,4055,what a story playing both for ireland and south africa in his career kirtly arons up with a lot of traffic in front of him,0
4053,4058,kirtly arons up with a lot of traffic in front of him moni leboc finds,0
4056,4061,moni leboc finds willem sirts be left behind by yolendi and thats frustration for south africa,0
4059,4064,moni leboc finds willem sirts be left behind by yolendi and thats frustration for south africa,0
4062,4067,willem sirts be left behind by yolendi and thats frustration for south africa,0
4065,4070,willem sirts be left behind by yolendi and thats frustration for south africa,0
4071,4076,well theres his aerial skill,0
4074,4079,well theres his aerial skill,0
4077,4082,well theres his aerial skill and hes so good you dont expect,0
4080,4085,and hes so good you dont expect errors it and then all tommy then all pump,0
4083,4088,errors it and then all tommy then all pump the yolendi was about to come underneath i think on the cut line i think williamsons pastry with himself the hesitation,0
4086,4091,the yolendi was about to come underneath i think on the cut line i think williamsons pastry with himself the hesitation,0
4089,4094,the yolendi was about to come underneath i think on the cut line i think williamsons pastry with himself the hesitation,0
4092,4097,the yolendi was about to come underneath i think on the cut line i think williamsons pastry with himself the hesitation not got the irish crowd on their feet here theres that to front,0
4095,4100,not got the irish crowd on their feet here theres that to front new crop just timing high another change for south africa trevor in your car,0
4098,4103,not got the irish crowd on their feet here theres that to front new crop just timing high another change for south africa trevor in your car,0
4101,4106,new crop just timing high another change for south africa trevor in your car he has come onto the field for france malhover,0
4104,4109,he has come onto the field for france malhover,0
4107,4112,he has come onto the field for france malhover another forward taking part,0
4110,4115,another forward taking part third regular world cup,0
4113,4118,taking part third regular world cup passing 92 is true in your county,0
4116,4121,passing 92 is true in your county ask me all you know,0
4119,4124,ask me all you know coach,0
4122,4127,ask me all you know coach blind,0
4125,4130,coach blind see,0
4128,4133,see,0
4131,4136,see alans possession is there crowd reset,0
4134,4139,alans possession is there crowd reset you can resound this purine atmosphere weve seen,0
4137,4142,you can resound this purine atmosphere weve seen,0
4140,4145,you can resound this purine atmosphere weve seen we didnt tell you guys,0
4143,4148,we didnt tell you guys,0
4164,4169,the,0
4167,4172,the,0
4176,4181,indie,0
4179,4184,indie,0
4182,4187,you,0
4185,4190,you,0
4188,4193,like,0
4191,4196,like were going to have to do the final round,0
4194,4199,were going to have to do the final round the final round,0
4197,4202,were going to have to do the final round the final round the final round the final round,0
4200,4205,the final round the final round the final round,0
4203,4208,the final round the final round the final round the final round,0
4206,4211,the final round the final round okay times on,0
4209,4214,the final round okay times on we see it what an interlude,0
4212,4217,we see it what an interlude listen to fields of athens rye,0
4215,4220,what an interlude listen to fields of athens rye bring out in this stadium room,0
4218,4223,bring out in this stadium room room,0
4221,4226,room room room room,0
4224,4229,room room let me go,0
4227,4232,room let me go if you get in reed fine,0
4230,4235,if you get in reed fine see it,0
4233,4238,fine see it room rehak beat for four wood,0
4236,4241,room rehak beat for four wood,0
4239,4244,rehak beat for four wood and a spring lock trade,0
4242,4247,and a spring lock trade,0
4245,4250,trade the combo of porter and furlong,0
4248,4253,the combo of porter and furlong,0
4251,4256,the combo of porter and furlong,0
4254,4259,the combo of porter and furlong johns the props of the island scrum,0
4257,4262,the combo of porter and furlong johns the props of the island scrum,0
4260,4265,johns the props of the island scrum hey so water just for the kick and eye now,0
4263,4268,johns the props of the island scrum hey so water just for the kick and eye now being demolished in this occasion,0
4266,4271,hey so water just for the kick and eye now being demolished in this occasion you can see its power get underneath,0
4269,4274,you can see its power get underneath there you go jimmy,0
4272,4277,get underneath there you go jimmy box and chair getting how are you looking sit up now,0
4275,4280,box and chair getting how are you looking sit up now im nervous just there furlong,0
4278,4283,im nervous just there furlong after driving him up and in,0
4281,4286,just there furlong after driving him up and in,0
4284,4289,driving him up and in takes place good peppy,0
4287,4292,takes place good peppy run in the box he will start that with that,0
4290,4295,run in the box he will start that with that for his country watching,0
4293,4298,for his country watching dressed in such brilliant color,0
4296,4301,for his country watching dressed in such brilliant color unbouncing,0
4299,4304,dressed in such brilliant color unbouncing just to take back the lead,0
4302,4307,unbouncing just to take back the lead,0
4305,4310,just to take back the lead staying still,0
4308,4313,just to take back the lead staying still,0
4311,4316,staying still the red number is getting very low,0
4314,4319,staying still the red number is getting very low,0
4317,4322,the red number is getting very low theres marnie lebot looks on,0
4320,4325,theres marnie lebot looks on,0
4323,4328,theres marnie lebot looks on and successful sums,0
4326,4331,and successful sums well a question mark from a,0
4329,4334,sums well a question mark from a sunday goal kick and sref come to the worst goal,0
4332,4337,well a question mark from a sunday goal kick and sref come to the worst goal kick and record at this world cup of any team,0
4335,4340,kick and record at this world cup of any team and two one absolutely,0
4338,4343,and two one absolutely come here its just 10 out of 18 attempts,0
4341,4346,come here its just 10 out of 18 attempts and unfortunately marnie lebot any 40 kicking,0
4344,4349,and unfortunately marnie lebot any 40 kicking come here into this so,0
4347,4352,and unfortunately marnie lebot any 40 kicking come here into this so do you mean i win sums with no the questions about remain,0
4350,4355,do you mean i win sums with no the questions about remain do you see the ball as well please,0
4353,4358,the questions about remain do you see the ball as well please most of changes coming to both sides finlay billham ryan beard and robbie henshaw have all come,0
4356,4361,most of changes coming to both sides finlay billham ryan beard and robbie henshaw have all come,0
4359,4364,finlay billham ryan beard and robbie henshaw have all come onto the field omarnie and ringrose both coming off for ireland,0
4362,4367,onto the field omarnie and ringrose both coming off for ireland while for south africa deon furi has come onto the field,0
4365,4370,omarnie and ringrose both coming off for ireland while for south africa deon furi has come onto the field to talk about me about whats going to happen,0
4368,4373,while for south africa deon furi has come onto the field to talk about me about whats going to happen yeah,0
4371,4376,to talk about me about whats going to happen yeah,0
4374,4379,the big changes are both sides,0
4377,4382,the big changes are both sides who can finish off strongly here comes quachasmith,0
4380,4385,who can finish off strongly here comes quachasmith loves it in green millies hes not scared hes smirked,0
4383,4388,loves it in green millies hes not scared hes smirked no wait wait yeah first touch for deon furi,0
4386,4391,no wait wait yeah first touch for deon furi weve got enough sides we cant be the oldest test,0
4389,4394,first touch for deon furi weve got enough sides we cant be the oldest test if its nothing so theyre going to get a history whos the first cat with nearly 36 years of age,0
4392,4397,if its nothing so theyre going to get a history whos the first cat with nearly 36 years of age and so now we have a penalty,0
4395,4400,whos the first cat with nearly 36 years of age and so now we have a penalty that the halfway line who,0
4398,4403,and so now we have a penalty that the halfway line who,0
4401,4406,ok guys 16 green was offside 16,0
4404,4409,ok guys 16 green was offside 16,0
4407,4412,ok guys 16 green was offside 16 as he runs hes blocking orders,0
4410,4415,as he runs hes blocking orders down the right for phone down the walkie talkie,0
4413,4418,down the right for phone down the walkie talkie should say to the touch sign and we saw the traffic light again,0
4416,4421,should say to the touch sign and we saw the traffic light again,0
4419,4424,and we saw the traffic light again youve got a wonder,0
4422,4427,youve got a wonder look on andrew porters face,0
4425,4430,look on andrew porters face going into that collision,0
4428,4433,on andrew porters face going into that collision lets pack a smith,0
4431,4436,lets pack a smith the grimace the determination,0
4434,4439,the grimace the determination perfect the clerks can need more determination to steer this one,0
4437,4442,the determination perfect the clerks can need more determination to steer this one out right and boy this team could do with it now,0
4440,4445,the clerks can need more determination to steer this one out right and boy this team could do with it now,0
4443,4448,and boy this team could do with it now if anyone youre old,0
4446,4451,if anyone youre old,0
4449,4454,if anyone youre old bands it down field,0
4452,4457,bands it down field and misses,0
4455,4460,and misses thats two different attacks brah,0
4458,4463,thats two different attacks brah south africa keeps on in the lead 10 8 come on,0
4461,4466,south africa keeps on in the lead 10 8 come on shows my point,0
4464,4469,come on shows my point and on the substitution for a pilot,0
4467,4472,and on the substitution for a pilot tom echo,0
4470,4475,tom echo and thats a change of sprub halves for ireland and jefferson park keeps in park,0
4473,4478,and thats a change of sprub halves for ireland and jefferson park keeps in park coming off the field,0
4476,4481,for ireland and jefferson park keeps in park coming off the field on kahnemari the very experienced kahnemaris coming off,0
4479,4484,on kahnemari the very experienced kahnemaris coming off 119 total caps for murrays on the field,0
4482,4487,119 total caps for murrays on the field now here comes kachasmethiett again,0
4485,4490,119 total caps for murrays on the field now here comes kachasmethiett again into the fright nicknamed by his brother,0
4488,4493,into the fright nicknamed by his brother extinct subspecies of zergrenan as the kachasmethiett again,0
4491,4496,nicknamed by his brother extinct subspecies of zergrenan as the kachasmethiett again,0
4494,4499,extinct subspecies of zergrenan as the kachasmethiett again so the electric gaming villain set,0
4497,4502,so the electric gaming villain set,0
4500,4505,such a threat on attack john clay,0
4503,4508,such a threat on attack john clay carries now born in krugerstorp near johannesburg,0
4506,4511,carries now born in krugerstorp near johannesburg do you lendy cut down at the halfway line,0
4509,4514,born in krugerstorp near johannesburg do you lendy cut down at the halfway line pick up four four five to clagdope,0
4512,4517,do you lendy cut down at the halfway line pick up four four five to clagdope the villain set to the sky,0
4515,4520,pick up four four five to clagdope the villain set to the sky low is there for ireland,0
4518,4523,the villain set to the sky low is there for ireland misses it south africa,0
4521,4526,misses it south africa were in their way,0
4524,4529,south africa were in their way were in their way knock on,0
4527,4532,were in their way were in their way knock on,0
4530,4535,this game isnt it,0
4533,4538,this game isnt it i watch it,0
4536,4541,this game isnt it i watch it the name says had a pretty all court game today,0
4539,4544,the name says had a pretty all court game today ive seen him running into contact weve seen him step around it,0
4542,4547,ive seen him running into contact weve seen him step around it on that case youve got boots,0
4545,4550,weve seen him step around it on that case youve got boots like youre doing,0
4548,4553,like youre doing youre probably going to kick youre taking out quite a smith,0
4551,4556,youre probably going to kick youre taking out quite a smith or theyll probably take more than a swinging arm to put,0
4554,4559,youre taking out quite a smith or theyll probably take more than a swinging arm to put everyones there moving forward,0
4557,4562,everyones there moving forward players like smith allowing to do the 7 1 split on the bench,0
4560,4565,players like smith allowing to do the 7 1 split on the bench hes got an outstanding skill set home in the game of 7s,0
4563,4568,hes got an outstanding skill set home in the game of 7s he can carry can pass,0
4566,4571,hes got an outstanding skill set home in the game of 7s he can carry can pass and do one balls goal,0
4569,4574,and do one balls goal ive got a smith feature in the olympic games,0
4572,4577,goal ive got a smith feature in the olympic games six hes going to play to cross from 7s to 15s,0
4575,4580,ive got a smith feature in the olympic games six hes going to play to cross from 7s to 15s one two three,0
4578,4583,hes going to play to cross from 7s to 15s one two three ok ill have to go into your time,0
4581,4586,one two three ok ill have to go into your time dont be world cup champions,0
4584,4589,ill have to go into your time dont be world cup champions can you trail now yeah great work,0
4587,4592,dont be world cup champions can you trail now yeah great work great work the only champion to lose a pool game happened in 2019,0
4590,4595,great work the only champion to lose a pool game happened in 2019 against new zealand they lost,0
4593,4598,the only champion to lose a pool game happened in 2019 against new zealand they lost were only in the stages carried air from oxford and checked,0
4596,4601,were only in the stages carried air from oxford and checked no please in the place of rugby for the sharks,0
4599,4604,carried air from oxford and checked no please in the place of rugby for the sharks ireland good turn over pitch this way,0
4602,4607,ireland good turn over pitch this way thats right there the top side in the world,0
4605,4610,thats right there the top side in the world there are two things like that very good,0
4608,4613,the top side in the world there are two things like that very good very good,0
4611,4616,very good very good good lets go lets go,0
4614,4619,good lets go lets go im watching cherry,0
4617,4622,lets go im watching cherry back time by trevor,0
4620,4625,im watching cherry back time by trevor new county toms off lets go please,0
4623,4628,new county toms off lets go please were good ok were good time back,0
4626,4631,were good ok were good time back back live layers down theres no need for that,0
4629,4634,back live layers down theres no need for that getting in there and hes going to have to clap getting in there,0
4632,4637,getting in there and hes going to have to clap getting in there toronto made the difference for his team charging that one down and deflecting,0
4635,4640,toronto made the difference for his team charging that one down and deflecting it out for this line up ireland will throw in just outside,0
4638,4643,it out for this line up ireland will throw in just outside their 22 and aaron its been problematic in this game,0
4641,4646,their 22 and aaron its been problematic in this game and these are important moments now,0
4644,4649,this game and these are important moments now yeah and she yet,0
4647,4652,yeah and she yet theres well nominated for world rugby breakthrough player of the,0
4650,4655,theres well nominated for world rugby breakthrough player of the year in 2022 lucky is there,0
4653,4658,year in 2022 lucky is there okay thats good now inside their half,0
4656,4661,lucky is there okay thats good now inside their half taken back hold in front,0
4659,4664,inside their half taken back hold in front hold in front finds the boot of james lowe down the throat of damien,0
4662,4667,hold in front finds the boot of james lowe down the throat of damien villains,0
4665,4670,down the throat of damien villains will you kick all you run,0
4668,4673,will you kick all you run throwes the big left foot at,0
4671,4676,will you kick all you run throwes the big left foot at step fast there for a mock of,0
4674,4679,step fast there for a mock of and started so there we go,0
4677,4682,fast there for a mock of and started so there we go working the way upfield,0
4680,4685,so there we go working the way upfield plane the book does well,0
4683,4688,working the way upfield plane the book does well here comes s yes stay there on the bus,0
4686,4691,here comes s yes stay there on the bus the viking sailing towards the 22 so theyre having good numbers,0
4689,4694,the viking sailing towards the 22 so theyre having good numbers on the run inside the book creole,0
4692,4697,on the run inside the book creole peter steph the toy losers possession,0
4695,4700,peter steph the toy losers possession and its a good tackle as well in from conor murray,0
4698,4703,and its a good tackle as well in from conor murray do we not have a knockout and a touch wise,0
4701,4706,do we not have a knockout and a touch wise have ever got well it looked like you knocked that on in the tackle,0
4704,4709,have ever got well it looked like you knocked that on in the tackle guys stop there stop there for a couple of minutes,0
4707,4712,knocked that on in the tackle guys stop there stop there for a couple of minutes it looked like you knocked that,0
4710,4715,stop there for a couple of minutes it looked like you knocked that on in the tackle guys stop there,0
4713,4718,it looked like you knocked that on in the tackle guys stop there stop there for a couple of minutes,0
4716,4721,guys stop there stop there for a couple of minutes stop there for a couple of minutes it was touched by green trees a bit of crap,0
4719,4724,stop there for a couple of minutes it was touched by green trees a bit of crap my eyes are pleased its been a bit late,0
4722,4727,my eyes are pleased its been a bit late im also getting a look over,0
4725,4730,im also getting a look over i touched by green hand in the tackle half timo confirmed it,0
4728,4733,i touched by green hand in the tackle half timo confirmed it great hands from lebot,0
4731,4736,half timo confirmed it great hands from lebot and a great line from simon,0
4734,4739,and a great line from simon the big striding,0
4737,4742,the big striding from the second row,0
4740,4745,from the second row i think the toy was just trying,0
4743,4748,i think the toy was just trying to lift it its always winger outside and was aaron,0
4746,4751,to lift it its always winger outside and was aaron its a really big one,0
4749,4754,its a really big one its party time,0
4752,4757,its party time that directly will come ok were going to restart,0
4755,4760,that directly will come ok were going to restart lets go please party time with the stands its a little bit more tender,0
4758,4763,lets go please party time with the stands its a little bit more tender to the pitch what going into the 10 minutes to go mark,0
4761,4766,to the pitch what going into the 10 minutes to go mark its so important now these players,0
4764,4769,going into the 10 minutes to go mark its so important now these players come into there was a lot of maintenance in this game,0
4767,4772,come into there was a lot of maintenance in this game ive seen the irish management before and they were saying,0
4770,4775,there was a lot of maintenance in this game ive seen the irish management before and they were saying yes there is but the consequences unless they will be in the future in this competition,0
4773,4778,yes there is but the consequences unless they will be in the future in this competition hopefully the players will be able to feel the freedom of play,0
4776,4781,unless they will be in the future in this competition hopefully the players will be able to feel the freedom of play or two points difference on the scoreboard,0
4779,4784,hopefully the players will be able to feel the freedom of play or two points difference on the scoreboard one versus two this is going to be ten,0
4782,4787,or two points difference on the scoreboard one versus two this is going to be ten and its about overbearing to stay in the moment stay processed stay composed,0
4785,4790,and its about overbearing to stay in the moment stay processed stay composed i dont need the full current,0
4788,4793,stay processed stay composed i dont need the full current ten points nine over saturday as well,0
4791,4796,i dont need the full current ten points nine over saturday as well the take,0
4794,4799,ten points nine over saturday as well the take for the spring box sean clay and he had him 40 matches for,0
4797,4802,for the spring box sean clay and he had him 40 matches for munster going against friends in this rugby world cup pool,0
4800,4805,for the spring box sean clay and he had him 40 matches for munster going against friends in this rugby world cup pool,0
4803,4808,munster going against friends in this rugby world cup pool game advantage for the spring box theyre inside the 22,0
4806,4811,munster going against friends in this rugby world cup pool game advantage for the spring box theyre inside the 22,0
4809,4814,game advantage for the spring box theyre inside the 22 after clack pushing a few bodies away,0
4812,4817,after clack pushing a few bodies away the player comes in here comes cochismar hes hit hard,0
4815,4820,after clack pushing a few bodies away the player comes in here comes cochismar hes hit hard,0
4818,4823,the player comes in here comes cochismar hes hit hard no no no over here,0
4821,4826,no no no over here island player island comes around the side changes behind,0
4824,4829,island player island comes around the side changes behind side entry no it was the same all the whole time,0
4827,4832,island player island comes around the side changes behind side entry no it was the same all the whole time,0
4830,4835,side entry no it was the same all the whole time i dont know if it was so bad initially with the infringement,0
4833,4838,i dont know if it was so bad initially with the infringement around the side in the mull but one mull,0
4836,4841,i dont know if it was so bad initially with the infringement around the side in the mull but one mull,0
4839,4844,around the side in the mull but one mull we might see another one roll in the areas,0
4842,4847,around the side in the mull but one mull we might see another one roll in the areas,0
4845,4850,we might see another one roll in the areas and they should have looked like he came through the middle,0
4848,4853,and they should have looked like he came through the middle which would have been fine i actually thought he pulled out perhaps under the referees instruction but he knows,0
4851,4856,which would have been fine i actually thought he pulled out perhaps under the referees instruction but he knows,0
4854,4859,perhaps under the referees instruction but he knows,0
4857,4862,south africas chance with 10 to go,0
4860,4865,south africas chance with 10 to go,0
4863,4868,south africas chance with 10 to go if id need his heart do you want to read,0
4866,4871,if id need his heart do you want to read,0
4869,4874,not accurate,0
4872,4877,not accurate thats great,0
4875,4880,thats great island line up coach paul oconnor was asked before this,0
4878,4883,island line up coach paul oconnor was asked before this whether theyve thought the introduction of the enferu would be,0
4881,4886,island line up coach paul oconnor was asked before this whether theyve thought the introduction of the enferu would be a weakness and he cant have played it down but,0
4884,4889,whether theyve thought the introduction of the enferu would be a weakness and he cant have played it down but three,0
4887,4892,a weakness and he cant have played it down but three is it back row playing yes they do,0
4890,4895,three is it back row playing yes they do im so pleased to be here transferred and gives him that variety,0
4893,4898,im so pleased to be here transferred and gives him that variety,0
4896,4901,transferred and gives him that variety its got plenty of life experience coming to 36 but,0
4899,4904,its got plenty of life experience coming to 36 but not a huge amount of game experience at this level,0
4902,4907,not a huge amount of game experience at this level thats how much i keep at once come on first night today,0
4905,4910,thats how much i keep at once come on first night today fresh up in these moments starting to boil,0
4908,4913,come on first night today fresh up in these moments starting to boil the new would be an issue when malcolm mox was injured,0
4911,4916,fresh up in these moments starting to boil the new would be an issue when malcolm mox was injured,0
4914,4919,the new would be an issue when malcolm mox was injured no longer take part with the south african side of this world cup,0
4917,4922,no longer take part with the south african side of this world cup,0
4920,4925,no longer take part with the south african side of this world cup island coach,0
4923,4928,island coach chartered in to clear the atlantic,0
4926,4931,chartered in to clear the atlantic see,0
4929,4934,see,0
4932,4937,sorry perhaps,0
4935,4940,sorry perhaps big forward pack carling and island,0
4938,4943,big forward pack carling and island and theyre able to kick towards the touch line using james lowe,0
4941,4946,big forward pack carling and island and theyre able to kick towards the touch line using james lowe,0
4944,4949,and theyre able to kick towards the touch line using james lowe,0
4950,4955,that is a stunning kick from the irish wing up,0
4953,4958,that is a stunning kick from the irish wing up,0
4956,4961,that is a stunning kick from the irish wing up that is huge,0
4959,4964,that is huge that was absolute giant,0
4962,4967,that was absolute giant huge change coming for islands here,0
4965,4970,huge change coming for islands here johnny sexton is coming off the field,0
4968,4973,johnny sexton is coming off the field of course he is a fan favorite he is a legend of irish rugby,0
4971,4976,of course he is a fan favorite he is a legend of irish rugby hes been the heart and soul of this team all night,0
4974,4979,he is a legend of irish rugby hes been the heart and soul of this team all night hes going to come off for the last eight minutes,0
4977,4982,hes been the heart and soul of this team all night hes going to come off for the last eight minutes obviously they all bite off jack crowley,0
4980,4985,hes going to come off for the last eight minutes obviously they all bite off jack crowley hes going his replacement,0
4983,4988,obviously they all bite off jack crowley hes going his replacement sexton leaves his country with a lead,0
4986,4991,sexton leaves his country with a lead can they hold on to that,0
4989,4994,can they hold on to that you cant south africa up the middle van staden gets a beautiful ball,0
4992,4997,you cant south africa up the middle van staden gets a beautiful ball from kirtley islandser who had that break,0
4995,5000,van staden gets a beautiful ball from kirtley islandser who had that break for the spring box,0
4998,5003,from kirtley islandser who had that break for the spring box attempts to finish her in for,0
5001,5006,for the spring box attempts to finish her in for beautiful ball back to kotlis mursprung at his name,0
5004,5009,beautiful ball back to kotlis mursprung at his name and he comes to clack the box,0
5007,5012,and he comes to clack the box in check steams up field,0
5010,5015,in check steams up field for south africa,0
5013,5018,steams up field for south africa trevon yekani,0
5016,5021,for south africa trevon yekani with possession,0
5019,5024,trevon yekani with possession thats the clack cant get it island parlin,0
5022,5027,thats the clack cant get it island parlin whos there paul,0
5025,5030,whos there paul and then its been left behind whove done field from ireland,0
5028,5033,and then its been left behind whove done field from ireland a stunning steal,0
5031,5036,whove done field from ireland a stunning steal and they drive back to spring box jesse creel,0
5034,5039,and they drive back to spring box jesse creel feats one,0
5037,5042,jesse creel feats one,0
5040,5045,feats one for south africa weve got turnover at the last break time,0
5043,5048,for south africa weve got turnover at the last break time may have lost it again,0
5046,5051,weve got turnover at the last break time may have lost it again island on attack,0
5049,5054,may have lost it again island on attack here they come paul sputredle left hand side,0
5052,5057,here they come paul sputredle left hand side another look for some magic,0
5055,5060,paul sputredle left hand side another look for some magic keenan the fullback,0
5058,5063,another look for some magic keenan the fullback pulled down inside the 22,0
5061,5066,the fullback pulled down inside the 22 here we go release clown murray,0
5064,5069,here we go release clown murray with his card eugenemon,0
5067,5072,clown murray with his card eugenemon again jack crowley on the field,0
5070,5075,with his card eugenemon again jack crowley on the field the cheers continue,0
5073,5078,jack crowley on the field the cheers continue in henderson the osterman,0
5076,5081,in henderson the osterman behind the back ball,0
5079,5084,the osterman behind the back ball just held on there from hugo keenan,0
5082,5087,just held on there from hugo keenan the fox doing well,0
5085,5090,the fox doing well porter tax is strong hit,0
5088,5093,porter tax is strong hit,0
5091,5096,tax is strong hit theres robbie henshaw looks to attack,0
5094,5099,theres robbie henshaw looks to attack im looking at the options here,0
5097,5102,looks to attack im looking at the options here carries well again,0
5100,5105,im looking at the options here carries well again the urc with munster,0
5103,5108,the urc with munster they go to the pocket,0
5106,5111,they go to the pocket dont success or look to it they need to have a go,0
5109,5114,dont success or look to it they need to have a go go to scrum taken back,0
5112,5117,go to scrum taken back hes going to be a five year scrum hes charged down,0
5115,5120,hes going to be a five year scrum hes charged down being touched in the air scrum do,0
5118,5123,being touched in the air scrum do zdeon,0
5121,5126,scrum do zdeon warm,0
5124,5129,zdeon warm a couple hands on therecible,0
5127,5132,a couple hands on therecible there it is,0
5130,5135,a couple hands on therecible there it is touched to the un,0
5133,5138,touched to the un,0
5136,5141,the counter really drunk up,0
5139,5144,the counter really drunk up riel and another change for ireland and reporter coming off the field hes been instrumental today in that set piece such has been the physicality of this game i think its a well deserved great for him,0
5142,5147,riel and another change for ireland and reporter coming off the field hes been instrumental today in that set piece such has been the physicality of this game i think its a well deserved great for him,0
5145,5150,and another change for ireland and reporter coming off the field hes been instrumental today in that set piece such has been the physicality of this game i think its a well deserved great for him,0
5148,5153,and another change for ireland and reporter coming off the field hes been instrumental today in that set piece such has been the physicality of this game i think its a well deserved great for him,0
5151,5156,and another change for ireland and reporter coming off the field hes been instrumental today in that set piece such has been the physicality of this game i think its a well deserved great for him,0
5154,5159,and another change for ireland and reporter coming off the field hes been instrumental today in that set piece such has been the physicality of this game i think its a well deserved great for him,0
5157,5162,and another change for ireland and reporter coming off the field hes been instrumental today in that set piece such has been the physicality of this game i think its a well deserved great for him,0
5160,5165,and another change for ireland and reporter coming off the field hes been instrumental today in that set piece such has been the physicality of this game i think its a well deserved great for him,0
5163,5168,and another change for ireland and reporter coming off the field hes been instrumental today in that set piece such has been the physicality of this game i think its a well deserved great for him,0
5166,5171,and another change for ireland and reporter coming off the field hes been instrumental today in that set piece such has been the physicality of this game i think its a well deserved great for him,0
5169,5174,and another change for ireland and reporter coming off the field hes been instrumental today in that set piece such has been the physicality of this game i think its a well deserved great for him yeah it really has been a thickibit hes on the clock,0
5172,5177,and another change for ireland and reporter coming off the field hes been instrumental today in that set piece such has been the physicality of this game i think its a well deserved great for him yeah it really has been a thickibit hes on the clock,0
5175,5180,yeah it really has been a thickibit hes on the clock great shot there in the other side its over half horned its composed yourselves in these moments,0
5178,5183,yeah it really has been a thickibit hes on the clock great shot there in the other side its over half horned its composed yourselves in these moments,0
5181,5186,great shot there in the other side its over half horned its composed yourselves in these moments were just on the clock to play there theyre not all breathing in you,0
5184,5189,great shot there in the other side its over half horned its composed yourselves in these moments were just on the clock to play there theyre not all breathing in you,0
5187,5192,were just on the clock to play there theyre not all breathing in you and south africa have made the bottom change in their bench theyre lowering the back,0
5190,5195,and south africa have made the bottom change in their bench theyre lowering the back hes on to the field back to club coming off,0
5193,5198,and south africa have made the bottom change in their bench theyre lowering the back hes on to the field back to club coming off he knew ireland was going to fit on the field at some time he said the only back fan favourite,0
5196,5201,hes on to the field back to club coming off he knew ireland was going to fit on the field at some time he said the only back fan favourite,0
5199,5204,he knew ireland was going to fit on the field at some time he said the only back fan favourite three years of dog has been saved before he moved to bronze,0
5202,5207,he knew ireland was going to fit on the field at some time he said the only back fan favourite three years of dog has been saved before he moved to bronze it was to be interested in the second quickest and rugby world cup mystery behind the one he sent in 2019 against canada,0
5205,5210,three years of dog has been saved before he moved to bronze it was to be interested in the second quickest and rugby world cup mystery behind the one he sent in 2019 against canada,0
5208,5213,it was to be interested in the second quickest and rugby world cup mystery behind the one he sent in 2019 against canada,0
5211,5216,it was to be interested in the second quickest and rugby world cup mystery behind the one he sent in 2019 against canada,0
5214,5219,come on,0
5217,5222,come on,0
5220,5225,can ireland put this game away,0
5223,5228,can ireland put this game away,0
5226,5231,can ireland put this game away,0
5229,5234,can ireland put this game away five minutes to play theyre leads to the africa 10 8,0
5232,5237,can ireland put this game away five minutes to play theyre leads to the africa 10 8,0
5235,5240,five minutes to play theyre leads to the africa 10 8 come up times off straight down dont use your head on the shoulder its your ball dont use your head on the shoulder,0
5238,5243,come up times off straight down dont use your head on the shoulder its your ball dont use your head on the shoulder,0
5241,5246,come up times off straight down dont use your head on the shoulder its your ball dont use your head on the shoulder,0
5244,5249,come up times off straight down dont use your head on the shoulder its your ball dont use your head on the shoulder its recent please tom were ready,0
5247,5252,its recent please tom were ready its tense its head and hands time,0
5250,5255,its recent please tom were ready its tense its head and hands time you can barely watch two points on the scoreboard five minutes to play,0
5253,5258,its tense its head and hands time you can barely watch two points on the scoreboard five minutes to play,0
5256,5261,you can barely watch two points on the scoreboard five minutes to play irelands setting up camp at the scrum five metres off,0
5259,5264,irelands setting up camp at the scrum five metres off south african line the experience of conomer to look into this scrum,0
5262,5267,irelands setting up camp at the scrum five metres off south african line the experience of conomer to look into this scrum,0
5265,5270,south african line the experience of conomer to look into this scrum coach,0
5268,5273,south african line the experience of conomer to look into this scrum coach fine here we go,0
5271,5276,fine here we go thats the worlds first,0
5274,5279,thats the worlds first,0
5277,5282,pell the ireland,0
5280,5285,pell the ireland,0
5283,5288,you can hear the roar,0
5286,5291,you can hear the roar chocol on the line please instability,0
5289,5294,chocol on the line please instability that handsome just came up to this near side to find the crowd up,0
5292,5297,that handsome just came up to this near side to find the crowd up i dont think they need it mac theyre all on their feet theyre loving life,0
5295,5300,i dont think they need it mac theyre all on their feet theyre loving life,0
5298,5303,theyre all on their feet theyre loving life,0
5316,5321,the substitute front row for ireland will be very very pleased to get one over on the bot pack,0
5319,5324,the substitute front row for ireland will be very very pleased to get one over on the bot pack,0
5322,5327,the substitute front row for ireland will be very very pleased to get one over on the bot pack,0
5325,5330,the substitute front row for ireland will be very very pleased to get one over on the bot pack a massive moment in the game,0
5328,5333,a massive moment in the game for ireland jack crowley,0
5331,5336,for ireland jack crowley pivot a roll for the monster side winning the urc this year,0
5334,5339,for ireland jack crowley pivot a roll for the monster side winning the urc this year,0
5337,5342,pivot a roll for the monster side winning the urc this year from close range,0
5340,5345,from close range,0
5343,5348,from close range,0
5346,5351,to make it a five point lead,0
5349,5354,to make it a five point lead,0
5355,5360,pellie has his name in the box,0
5358,5363,pellie has his name in the box its 13 points to rate,0
5361,5366,its 13 points to rate ireland leads south africa were three minutes to play,0
5364,5369,ireland leads south africa were three minutes to play,0
5367,5372,were three minutes to play,0
5370,5375,colby looks to the sky,0
5373,5378,colby looks to the sky is that hint of despair in this african eyes now,0
5376,5381,is that hint of despair in this african eyes now,0
5379,5384,down the middle goes south africa,0
5382,5387,down the middle goes south africa nice lift from ireland,0
5385,5390,down the middle goes south africa nice lift from ireland can they close up this game theyre carrying green,0
5388,5393,can they close up this game theyre carrying green its a big kick yet again,0
5391,5396,theyre carrying green its a big kick yet again two in a row,0
5394,5399,its a big kick yet again two in a row one in a box launches a counter,0
5397,5402,one in a box launches a counter a flash being heard and theres a bunch of green jerseys around it,0
5400,5405,launches a counter a flash being heard and theres a bunch of green jerseys around it no,0
5403,5408,a flash being heard and theres a bunch of green jerseys around it no rhinoc retains position for south africa,0
5406,5411,no rhinoc retains position for south africa,0
5409,5414,rhinoc retains position for south africa,0
5412,5417,magic needed from some to play macus,0
5415,5420,magic needed from some to play macus theres some colby,0
5418,5423,from some to play macus theres some colby cant get free on this occasion to the halfway line,0
5421,5426,cant get free on this occasion to the halfway line two numbers guys i pinch in another steal from ireland,0
5424,5429,two numbers guys i pinch in another steal from ireland,0
5427,5432,i pinch in another steal from ireland two numbers guys and on the other side of the ball low again chips this way,0
5430,5435,two numbers guys and on the other side of the ball low again chips this way,0
5433,5438,and on the other side of the ball low again chips this way whos put them on,0
5436,5441,whos put them on colby hes opposite number,0
5439,5444,colby hes opposite number 90 seconds left,0
5442,5447,hes opposite number 90 seconds left south africas chance with ball in hand,0
5445,5450,south africas chance with ball in hand it hit as well,0
5448,5453,south africas chance with ball in hand it hit as well rhinoc wants position,0
5451,5456,it hit as well rhinoc wants position then she waits the block,0
5454,5459,then she waits the block its just a creel to the halfway line,0
5457,5462,the block its just a creel to the halfway line the tackle is coming from ireland,0
5460,5465,its just a creel to the halfway line the tackle is coming from ireland furniture sick and man hands on,0
5463,5468,furniture sick and man hands on can the advantage for south africa,0
5466,5471,hands on can the advantage for south africa willum sir almost got the toss away,0
5469,5474,can the advantage for south africa willum sir almost got the toss away in the tackle then that eventually,0
5472,5477,almost got the toss away in the tackle then that eventually ok you got two penalty,0
5475,5480,ok you got two penalty one penalty here for feet,0
5478,5483,one penalty here for feet its not a good shot of the league,0
5481,5486,its not a good shot of the league they said coming into this they love the pressure cooker,0
5484,5489,they said coming into this they love the pressure cooker well its done right up now,0
5487,5492,well its done right up now money look back,0
5490,5495,well its done right up now money look back so much celebrate is kicking in this game,0
5493,5498,money look back so much celebrate is kicking in this game and it shocks a goal of being questionable,0
5496,5501,so much celebrate is kicking in this game and it shocks a goal of being questionable its missed a few,0
5499,5504,and it shocks a goal of being questionable its missed a few its not a good shot of the league they said coming into this they love the pressure cooker,0
5502,5507,its not a good shot of the league they said coming into this they love the pressure cooker,0
5505,5510,they said coming into this they love the pressure cooker well its done right up now the goal is missed a few,0
5508,5513,well its done right up now the goal is missed a few thats a nice notch,0
5511,5516,the goal is missed a few thats a nice notch hes given his pack it invite the platform to play here,0
5514,5519,hes given his pack it invite the platform to play here,0
5517,5522,it invite the platform to play here,0
5520,5525,the drama im folding in front of us,0
5523,5528,the drama im folding in front of us it starts to frauds,0
5526,5531,im folding in front of us it starts to frauds final play,0
5529,5534,it starts to frauds final play,0
5532,5537,final play harlan the 13 8 thoree goes to peter steps to tuype,0
5535,5540,final play harlan the 13 8 thoree goes to peter steps to tuype,0
5538,5543,harlan the 13 8 thoree goes to peter steps to tuype,0
5541,5546,harlan the 13 8 thoree goes to peter steps to tuype south africa warning towards the chalant,0
5544,5549,south africa warning towards the chalant yeah lennys in there as well,0
5547,5552,yeah lennys in there as well tuype bern the irish defender on the side,0
5550,5555,tuype bern the irish defender on the side,0
5553,5558,if the fendants in public isnt it,0
5556,5561,if the fendants in public isnt it im going to try to dig this out its there,0
5559,5564,im going to try to dig this out its there as they come out,0
5562,5567,as they come out harlan,0
5565,5570,harlan have done it,0
5568,5573,have done it another one team in the world,0
5571,5576,another one team in the world,0
5574,5579,another one team in the world irish hours are smiling tonight,0
5577,5582,irish hours are smiling tonight,0
5580,5585,irish hours are smiling tonight,0
